ΠΕΡΙΦΕΡΕΙΑ,ΕΚΛΟΓΙΚΟ ΤΜΗΜΑ,ΕΓΓΕΓΡΑΜΜΕΝΟΙ,ΨΗΦΙΣΑΝΤΕΣ,ΑΚΥΡΑ,ΛΕΥΚΑ,ΑΚΥΡΑ & ΛΕΥΚΑ,ΕΓΚΥΡΑ,Νέα Δημοκρατία,ΑΝΔΡΙΑΝΟΣ ΙΩΑΝΝΗΣ του Σωτηρίου,ΔΩΡΟΒΙΝΗΣ ΓΕΩΡΓΙΟΣ του Ανδρέα,ΜΠΟΥΝΟΣ ΙΩΑΝΝΗΣ του Γεωργίου,ΠΑΝΑΓΙΩΤΟΠΟΥΛΟΥ ΕΛΕΝΗ του Ευαγγέλου,ΤΑΝΤΑΡΟΥ-ΚΡΙΓΓΟΥ ΘΕΟΔΟΣΙΑ (ΣΟΝΙΑ) του Δημητρίου,ΣΥΡΙΖΑ,ΓΑΒΡΗΛΟΣ ΓΕΩΡΓΙΟΣ του Νικολάου,ΝΙΚΟΛΟΠΟΥΛΟΥ ΣΤΑΥΡΟΥΛΑ (ΣΠΗΛΙΑ) του Χαράλαμπου,ΠΑΠΑΪΩΑΝΝΟΥ ΠΑΝΑΓΙΩΤΗΣ (ΤΑΚΗΣ) του Γεωργίου,ΣΚΟΥΡΤΗ ΠΑΡΑΣΚΕΥΗ (ΒΙΒΗ) του Δημητρίου,ΣΤΕΡΓΙΟΥ ΓΕΩΡΓΙΟΣ του Χρήστου,ΠΑΣΟΚ-Κίνημα Αλλαγής,ΕΥΑΓΓΕΛΙΝΟΥ ΣΤΑΥΡΟΥΛΑ - ΕΛΕΝΗ του Αργυρίου,ΖΑΧΑΡΙΟΥΔΑΚΗ ΑΙΚΑΤΕΡΙΝΗ του Κωνσταντίνου,ΠΟΥΛΑΣ ΑΝΔΡΕΑΣ του Θεοδοσίου,ΧΕΙΒΙΔΟΠΟΥΛΟΣ ΑΝΑΣΤΑΣΙΟΣ (ΤΑΣΣΟΣ) του Παναγιώτη,ΨΥΧΟΓΥΙΟΣ ΠΑΝΑΓΙΩΤΗΣ του Χρήστου,Κ.Κ.Ε.,ΓΚΟΝΗΣ ΚΩΝΣΤΑΝΤΙΝΟΣ του Γεωργίου,ΓΚΟΥΒΙΣΗ ΣΤΑΥΡΟΥΛΑ (ΒΟΥΛΑ) του Ιωάννη,ΚΟΛΙΖΕΡΑΣ ΑΘΑΝΑΣΙΟΣ του Γεωργίου,ΚΡΟΚΟΣ ΜΙΧΑΗΛ του Φωτίου,ΧΑΤΖΗΑΝΑΣΤΑΣΙΟΥ ΑΓΓΕΛΙΚΗ του Γεωργίου,Ελληνική Λύση - Κ. Βελόπουλος,ΛΥΜΝΙΑΤΗΣ ΣΠΥΡΙΔΩΝ του Νικολάου,ΜΑΛΛΙΑΡΑ ΑΝΔΡΙΑΝΑ- ΧΡΙΣΤΙΝΑ του Φωτίου,ΠΛΕΥΡΙΤΗ ΓΕΩΡΓΙΑ του Ιωάννη,ΠΟΪΚΛΗΣ ΔΗΜΗΤΡΙΟΣ του Ευάγγελου,ΣΑΛΑΠΑΤΑΣ ΔΗΜΗΤΡΙΟΣ του Λεωνίδα,ΜέΡΑ25-ΣΥΜΜΑΧΙΑ ΓΙΑ ΤΗ ΡΗΞΗ,ΓΕΩΡΓΙΟΠΟΥΛΟΥ ΙΟΥΛΙΑ (ΗΛΙΑΝΑ) του Δημητρίου,ΔΑΓΡΕΣ ΞΕΝΟΦΩΝ (ΦΩΝΤΑΣ) του Δημητρίου,ΔΡΟΥΓΚΑΣ ΔΗΜΟΣΘΕΝΗΣ του Κωνσταντίνου,ΜΙΧΑΛΟΠΟΥΛΟΣ ΙΩΑΝΝΗΣ του Διαμαντή,ΣΤΟΓΙΑΝΟΒΙΤΣ ΣΝΕΖΑΝΑ (ΝΕΝΑ) του Ζίβοραντ,ΕΝΩΝΩ ΣΥΜΜΑΧΙΑ ΕΛΕΥΘΕΡΙΑΣ,ΓΟΥΡΝΗ ΕΛΕΝΗ ΕΥΑΓΓΕΛΙΑ του Ιωάννη,Κ.Κ.Ε. (μ-λ),ΤΣΑΧΕΙΡΙΔΗΣ ΗΛΙΑΣ του Μιχαήλ,Ο.Κ.Δ.Ε.,ΝΤΙΝΟΠΟΥΛΟΥ ΣΤΑΜΑΤΙΑ του Παναγιώτη,ΑΝΤ.ΑΡ.ΣΥ.Α.,ΒΕΡΔΕ ΕΛΕΝΗ του Παναγιώτη,ΜΠΟΥΓΙΟΥΚΟΣ ΚΩΝΣΤΑΝΤΙΝΟΣ του Συμεών,ΝΕΖΟΥ ΓΑΡΥΦΑΛΙΑ του Δημητρίου,ΤΟΥΜΠΑΝΟΣ ΠΕΤΡΟΣ του Θεοδώρου,Κίνημα 21,ΜΟΝΑΣΤΗΡΙΩΤΗΣ ΣΤΥΛΙΑΝΟΣ του Αλέξανδρου,ΧΡΥΣΟΣΤΑΛΗ ΚΑΛΛΙΟΠΗ του Κωνσταντίνου,ΕΘΝΙΚΗ ΔΗΜΙΟΥΡΓΙΑ,ΓΚΙΟΞΑΡΗ ΒΑΡΒΑΡΑ του Ελευθερίου,ΚΑΠΛΑΝΗΣ ΝΙΚΟΛΑΟΣ του Ιωάννη,ΣΚΙΚΟΣ ΘΕΟΔΟΣΙΟΣ ΚΩΝΣΤΑΝΤΙΝΟΣ του Αναστασίου,ΝΙΚΗ,ΖΑΧΟΣ ΙΩΑΝΝΗΣ του Βασιλείου,ΚΑΡΑΧΑΛΙΟΣ ΠΑΝΑΓΙΩΤΗΣ του Κωνσταντίνου,ΚΩΤΣΙΟΠΟΥΛΟΥ ΜΑΡΙΑ του Παύλου,κοινωνία αξιών,ΠΕΤΣΙΩΤΗ ΕΥΔΟΚΙΑ του Γεωργίου,ΒΟΡΕΙΑ ΛΕΓΚΑ - ΚΡΑΜΑ,ΓΚΑΝΑ ΠΑΝΑΓΙΩΤΑ του Ευστάθιου,Ο.Α.Κ.Κ.Ε.,ΒΑΣΙΛΕΙΑΔΗΣ ΠΕΤΡΟΣ του Μιχαήλ,Μ-Λ Κ.Κ.Ε.,ΣΑΛΑΠΑΤΑΣ ΛΕΩΝΙΔΑΣ του Ανδρέα,Ελλήνων Συνέλευσις,ΓΙΑΝΝΑΚΑΚΗΣ ΕΥΑΓΓΕΛΟΣ του Μιχαήλ,ΔΑΓΡΕΣ ΕΥΑΓΓΕΛΟΣ του Χρήστου,ΚΑΚΟΥ ΑΝΝΑ του Γεράσιμου,ΚΑΡΑΜΑΝΟΥ ΑΙΚΑΤΕΡΙΝΗ του Αναστάσιου,ΤΖΑΝΟΣ ΑΛΚΙΒΙΑΔΗΣ του Βασιλείου,Ένωση Κεντρώων,ΚΑΡΑΚΩΣΤΗΣ ΜΕΡΚΟΥΡΙΟΣ του Στέργιου,ΚΟΥΡΟΣ ΚΩΝΣΤΑΝΤΙΝΟΣ του Παναγιώτη,ΣΤΑΘΗ ΓΡΗΓΟΡΙΑ του Χαράλαμπου,ΤΩΡΑ ΟΛΟΙ ΜΑΖΙ (Τ.ΟΛ.ΜΑ),ΒΕΡΓΑΔΟΥ ΔΗΜΗΤΡΑ του Γεωργίου,ΣΥΜΜΑΧΙΑ ΑΝΑΤΡΟΠΗΣ,ΙΩΑΝΝΟΥ ΕΥΣΤΑΘΙΟΣ του Ιωάννη,ΚΑΛΟΓΕΡΟΠΟΥΛΟΣ ΠΕΤΡΟΣ του Παύλου,ΣΠΑΡΟΥ ΓΑΡΥΦΑΛΛΙΑ του Νικολάου,ΠΟΛΙΤΙΚΗ ΠΡΩΤΟΒΟΥΛΙΑ ,ΚΟΡΔΑΛΗ ΜΑΡΙΑ του Κυριάκου,ΕΛΕΥΘΕΡΟΙ ΞΑΝΑ,ΣΤΑΪΚΟΣ ΑΛΕΞΑΝΔΡΟΣ του Χρήστου,ΠΝΟΗ ΔΗΜΟΚΡΑΤΙΑΣ,ΚΟΥΦΑΚΟΣ ΘΕΟΔΩΡΟΣ του Ιωάννη,ΕΑΝ...,ΤΣΕΝΤΟΥΡΟΥ ΑΙΜΙΛΙΑ του Αθανασίου,ΕΝΟΤΗΤΑ - ΑΛΗΘΕΙΑ ΕΝ.Α,ΛΙΑΚΗ ΜΑΡΙΑ του Δημητρίου,Πλεύση Ελευθερίας - Ζωή Κωνστ.,ΠΑΝΑΓΙΩΤΑΚΟΠΟΥΛΟΣ ΙΩΑΝΝΗΣ του Περικλή
44 - Αργολίδος,1 E.T. Δήμου Άργους - Μυκηνών,58,14,0,0,0,14,9,4,0,0,0,3,0,0,0,0,0,0,3,0,0,0,0,3,0,0,0,0,0,0,0,0,0,0,0,0,0,0,0,0,0,0,0,0,0,0,0,0,0,0,0,0,0,0,0,0,0,0,0,0,0,0,0,0,0,0,0,0,0,0,0,0,1,0,0,1,0,0,0,0,0,0,0,0,0,0,0,0,0,0,0,0,0,0,0,0,1,0,0,0
44 - Αργολίδος,2 E.T. Δήμου Άργους - Μυκηνών,86,30,0,0,0,30,18,12,0,1,0,2,2,1,0,0,0,0,8,0,0,0,3,4,0,0,0,0,0,0,0,0,0,0,0,0,0,0,0,0,0,0,0,0,0,0,0,0,0,0,0,0,0,0,0,0,0,0,0,0,2,2,0,0,0,0,0,0,0,0,0,0,0,0,0,0,0,0,0,0,0,0,0,0,0,0,0,0,0,0,0,0,0,0,0,0,0,0,0,0
44 - Αργολίδος,3 E.T. Δήμου Άργους - Μυκηνών,177,61,0,0,0,61,32,16,0,0,3,8,11,6,0,0,2,0,6,0,0,0,0,0,1,0,0,1,0,0,2,0,1,0,0,0,0,0,0,0,0,0,3,2,0,0,0,0,0,0,0,0,0,0,0,0,0,0,0,0,0,0,0,0,0,0,0,0,0,0,0,0,0,0,0,0,0,0,1,1,0,0,0,0,0,0,0,0,0,0,1,1,0,0,0,0,0,0,4,1
44 - Αργολίδος,4 E.T. Δήμου Άργους - Μυκηνών,328,61,1,1,2,59,34,10,4,1,7,7,2,0,0,0,1,0,10,0,0,4,0,5,0,0,0,0,0,0,6,2,0,0,3,1,0,0,0,0,0,0,1,1,0,0,0,0,0,0,0,0,0,0,0,0,0,0,0,0,0,0,0,0,0,0,0,0,0,0,0,0,1,0,0,0,0,0,2,0,0,0,0,0,0,0,0,0,0,0,0,0,0,0,1,1,0,0,2,1
44 - Αργολίδος,5 E.T. Δήμου Άργους - Μυκηνών,581,201,3,0,3,198,90,37,6,3,8,27,46,7,1,20,1,1,42,0,2,15,6,16,4,2,0,1,0,0,4,0,2,0,0,1,1,0,0,0,1,0,1,0,0,0,0,0,0,0,0,0,0,1,0,0,0,0,0,0,1,0,1,0,1,1,0,0,0,0,0,0,0,0,0,0,0,0,1,0,1,0,0,0,5,1,0,0,0,0,0,0,0,0,0,0,0,0,1,1
44 - Αργολίδος,6 E.T. Δήμου Άργους - Μυκηνών,153,74,0,0,0,74,34,6,7,6,5,9,6,2,1,0,0,0,10,0,0,1,1,7,2,1,0,0,0,0,3,1,0,0,0,1,1,0,0,0,0,0,0,0,0,0,0,0,0,0,0,0,0,0,0,0,0,0,0,0,7,3,1,0,0,0,1,1,0,0,1,1,0,0,0,0,0,0,0,0,0,0,0,0,1,0,1,0,1,1,1,1,0,0,1,1,0,0,5,4
44 - Αργολίδος,7 E.T. Δήμου Άργους - Μυκηνών,454,307,9,3,12,295,109,30,14,1,31,25,62,18,5,18,1,5,32,0,0,14,4,11,21,6,3,5,2,3,16,6,2,0,0,5,10,5,2,1,0,0,0,0,0,0,0,0,3,1,0,0,1,2,0,0,3,0,2,0,17,9,3,5,1,0,0,0,0,0,0,0,0,0,0,0,0,0,2,0,0,0,0,0,5,0,2,0,2,1,1,0,2,0,0,0,0,0,7,2
44 - Αργολίδος,8 E.T. Δήμου Άργους - Μυκηνών,498,326,4,1,5,321,132,33,14,4,34,41,54,13,4,26,3,2,63,2,1,34,9,11,17,2,4,3,4,2,6,2,0,0,0,4,6,2,2,0,1,0,0,0,0,0,0,0,0,0,0,0,0,3,2,1,6,0,4,0,24,7,9,4,0,0,0,0,0,0,0,0,0,0,0,0,0,0,1,0,1,0,0,0,2,0,1,0,0,0,3,3,1,0,0,0,0,0,3,1
44 - Αργολίδος,9 E.T. Δήμου Άργους - Μυκηνών,477,335,6,1,7,328,152,44,5,5,62,30,55,15,3,26,2,3,44,0,0,13,6,25,8,3,1,1,1,1,10,5,1,1,0,1,19,0,12,0,2,1,1,0,0,0,0,0,1,1,0,0,0,4,2,2,5,1,1,1,13,3,3,1,0,0,0,0,0,0,1,1,1,1,0,0,0,0,1,0,1,0,0,0,2,2,0,0,1,1,2,2,0,0,1,1,0,0,7,5
44 - Αργολίδος,10 E.T. Δήμου Άργους - Μυκηνών,504,313,4,1,5,308,127,40,14,9,31,23,62,11,8,33,3,6,44,2,2,13,8,18,17,1,3,1,1,0,15,2,5,0,0,6,13,0,7,2,2,0,1,0,0,0,0,0,1,0,0,0,0,1,1,0,0,0,0,0,12,6,4,1,0,0,0,0,0,0,0,0,0,0,0,0,0,0,1,0,1,0,2,2,1,0,1,0,0,0,1,1,2,2,0,0,0,0,8,7
44 - Αργολίδος,11 E.T. Δήμου Άργους - Μυκηνών,529,339,4,3,7,332,159,44,13,7,39,51,68,18,7,35,2,1,35,0,0,12,8,14,11,4,2,1,0,0,13,3,3,0,0,5,4,0,0,1,1,0,2,2,0,0,0,0,2,0,1,0,1,1,0,1,1,0,1,0,14,11,3,0,1,1,3,3,0,0,0,0,1,1,0,0,0,0,2,0,0,2,0,0,1,0,0,1,2,1,2,1,2,0,2,0,1,1,5,1
44 - Αργολίδος,12 E.T. Δήμου Άργους - Μυκηνών,438,276,3,1,4,272,112,35,13,1,29,27,55,16,12,16,3,5,39,0,1,20,4,13,7,4,2,0,1,0,10,2,1,0,0,6,11,3,1,0,2,1,0,0,1,1,0,0,2,1,0,0,0,0,0,0,1,0,0,0,15,4,9,1,0,0,0,0,0,0,1,1,0,0,0,0,0,0,1,1,0,0,2,1,0,0,0,0,0,0,1,0,1,0,3,2,0,0,10,7
44 - Αργολίδος,13 E.T. Δήμου Άργους - Μυκηνών,488,308,8,2,10,298,122,32,13,5,30,32,58,10,6,28,6,1,41,2,1,19,5,12,19,5,1,4,0,2,14,1,2,1,0,5,9,1,4,0,1,0,0,0,0,0,1,0,1,0,0,0,1,5,1,2,3,0,2,0,8,2,5,1,0,0,2,2,0,0,0,0,0,0,0,0,0,0,2,0,1,0,0,0,1,1,0,0,0,0,3,2,1,1,0,0,1,1,7,6
44 - Αργολίδος,14 E.T. Δήμου Άργους - Μυκηνών,464,305,4,1,5,300,111,20,4,7,38,33,64,17,8,22,2,1,57,0,0,21,11,20,13,4,2,0,0,3,13,4,1,1,2,3,9,1,5,0,0,1,0,0,0,0,1,0,1,0,0,0,1,1,0,0,1,0,1,0,11,4,5,0,0,0,0,0,0,0,1,1,0,0,0,0,0,0,1,0,0,1,0,0,3,2,1,0,0,0,2,1,2,1,2,1,0,0,7,4
44 - Αργολίδος,15 E.T. Δήμου Άργους - Μυκηνών,461,315,7,2,9,306,115,32,9,4,46,20,58,18,4,25,3,1,47,0,0,15,7,23,22,5,8,3,1,1,11,1,1,1,0,8,13,1,5,1,5,1,2,1,0,0,0,0,3,0,0,1,2,3,2,1,1,0,0,0,10,6,3,0,0,0,0,0,0,0,1,1,0,0,0,0,0,0,1,0,1,0,0,0,3,0,2,1,0,0,3,1,1,1,1,1,3,3,8,5
44 - Αργολίδος,16 E.T. Δήμου Άργους - Μυκηνών,464,321,10,2,12,309,122,37,8,2,39,30,75,17,8,39,1,2,44,0,0,22,7,14,13,2,4,2,0,2,6,3,0,0,0,2,10,0,3,0,1,0,2,0,1,1,0,0,1,0,0,0,0,0,0,0,0,0,0,0,19,8,5,6,1,1,0,0,0,0,0,0,1,0,1,0,0,0,2,1,0,0,1,1,0,0,0,0,1,1,0,0,1,1,0,0,0,0,9,8
44 - Αργολίδος,17 E.T. Δήμου Άργους - Μυκηνών,518,311,8,2,10,301,134,37,8,9,44,30,49,17,6,19,5,1,39,5,0,20,3,9,17,6,4,2,0,2,14,5,1,1,0,6,5,0,3,0,1,0,0,0,1,0,0,0,1,0,0,1,0,2,1,1,2,1,0,0,18,5,8,3,0,0,0,0,0,0,0,0,4,2,2,0,0,0,0,0,0,0,1,0,2,1,0,0,0,0,0,0,3,2,1,0,0,0,8,5
44 - Αργολίδος,18 E.T. Δήμου Άργους - Μυκηνών,457,290,4,0,4,286,109,21,4,1,44,30,42,10,4,20,1,0,49,0,1,16,4,23,27,15,1,1,0,3,5,0,0,1,0,4,6,1,4,0,0,0,0,0,0,0,0,0,1,0,0,0,1,7,5,2,1,0,1,0,16,6,8,2,0,0,0,0,0,0,0,0,8,2,1,0,0,4,1,0,0,1,1,1,2,1,0,0,0,0,1,1,0,0,0,0,2,1,8,5
44 - Αργολίδος,19 E.T. Δήμου Άργους - Μυκηνών,444,275,8,1,9,266,101,31,14,3,22,21,52,15,5,16,7,3,42,2,2,14,11,12,9,4,1,1,0,0,21,7,0,1,0,10,5,0,2,1,2,0,1,1,1,0,0,0,2,0,0,0,1,2,0,2,3,0,1,0,11,2,6,2,0,0,0,0,0,0,0,0,1,0,0,0,1,0,1,0,1,0,3,1,0,0,0,0,0,0,0,0,2,0,1,1,0,0,8,7
44 - Αργολίδος,20 E.T. Δήμου Άργους - Μυκηνών,458,266,7,2,9,257,119,0,0,0,0,0,46,18,1,16,1,3,31,1,0,9,9,11,11,2,0,2,1,2,10,2,0,1,1,5,6,0,1,2,1,0,1,1,0,0,0,0,4,0,1,0,2,4,2,2,0,0,0,0,6,2,0,3,0,0,0,0,0,0,0,0,1,0,1,0,0,0,3,0,0,1,2,2,5,0,1,1,1,1,0,0,2,2,0,0,0,0,5,4
44 - Αργολίδος,21 E.T. Δήμου Άργους - Μυκηνών,452,295,12,2,14,281,118,36,12,7,32,23,46,10,9,19,3,2,47,0,0,16,7,21,11,4,2,0,0,1,5,0,1,0,0,4,7,0,5,0,0,0,1,1,0,0,0,0,1,0,0,1,0,1,1,0,2,0,0,0,16,2,9,4,1,0,0,0,0,0,0,0,0,0,0,0,0,0,0,0,0,0,1,0,0,0,0,0,1,1,0,0,2,1,6,4,5,2,10,6
44 - Αργολίδος,22 E.T. Δήμου Άργους - Μυκηνών,454,302,9,3,12,290,126,40,7,5,31,39,54,15,7,22,4,0,35,0,0,18,2,14,22,5,5,2,0,4,17,3,0,0,0,6,9,2,7,0,0,0,0,0,0,0,0,0,2,0,0,0,0,3,2,0,3,0,2,0,9,3,3,2,1,0,0,0,0,0,0,0,1,0,0,0,1,0,2,0,1,0,0,0,1,0,0,0,0,0,0,0,0,0,0,0,0,0,5,5
44 - Αργολίδος,23 E.T. Δήμου Άργους - Μυκηνών,549,364,10,0,10,354,162,32,9,7,48,52,63,16,3,31,6,2,53,2,1,27,6,12,14,3,0,1,1,3,9,4,0,1,0,3,7,0,5,1,1,0,2,0,1,1,0,0,1,0,0,1,0,2,1,0,3,0,1,1,21,9,6,6,1,0,0,0,0,0,0,0,0,0,0,0,0,0,0,0,0,0,0,0,0,0,0,0,0,0,0,0,3,3,2,2,0,0,10,4
44 - Αργολίδος,24 E.T. Δήμου Άργους - Μυκηνών,546,346,3,2,5,341,148,47,15,2,46,37,52,17,4,23,3,1,54,0,1,14,14,25,12,3,1,3,0,2,22,8,1,1,0,9,10,0,4,0,4,2,2,0,0,0,0,0,2,0,0,0,2,1,0,0,4,0,1,1,10,4,4,1,0,0,0,0,0,0,1,1,1,0,0,0,0,0,2,1,0,0,0,0,6,0,0,1,2,0,0,0,4,4,3,2,0,0,5,2
44 - Αργολίδος,25 E.T. Δήμου Άργους - Μυκηνών,552,358,18,3,21,337,151,45,10,5,38,46,64,8,10,32,6,1,46,2,0,9,7,23,10,0,3,0,1,1,18,2,1,1,0,12,9,1,4,0,2,0,0,0,0,0,0,0,1,0,0,0,1,0,0,0,2,1,0,0,14,7,4,3,0,0,1,1,0,0,3,1,1,0,0,0,0,0,2,0,1,0,2,2,3,0,2,1,0,0,1,0,3,2,0,0,1,0,5,3
44 - Αργολίδος,26 E.T. Δήμου Άργους - Μυκηνών,548,360,5,6,11,349,151,34,15,2,41,45,78,27,4,30,1,4,39,2,0,14,7,11,13,3,5,0,0,1,19,0,3,1,0,13,13,1,9,0,2,0,0,0,0,0,0,0,1,0,0,0,0,2,0,0,1,0,1,0,14,7,3,3,0,0,0,0,0,0,0,0,1,0,1,0,0,0,2,0,1,1,0,0,3,1,0,1,0,0,3,3,0,0,1,0,0,0,8,3
44 - Αργολίδος,27 E.T. Δήμου Άργους - Μυκηνών,561,344,11,2,13,331,156,30,7,3,60,40,59,16,6,21,4,1,49,2,0,17,11,14,10,2,3,3,1,0,7,2,0,1,0,3,13,1,7,1,2,0,1,1,0,0,0,0,6,1,0,0,3,4,0,2,2,0,0,0,9,3,5,1,1,0,0,0,0,0,0,0,1,0,1,0,0,0,1,0,0,0,1,1,1,0,1,0,1,0,3,2,0,0,1,0,1,1,4,4
44 - Αργολίδος,28 E.T. Δήμου Άργους - Μυκηνών,552,325,5,5,10,315,129,26,14,7,49,30,70,17,8,30,4,3,44,2,1,13,4,19,12,0,6,3,0,0,10,2,1,1,0,4,7,2,1,2,1,0,2,1,2,2,0,0,2,0,0,0,1,1,0,1,4,0,1,1,14,4,7,0,0,0,0,0,0,0,0,0,0,0,0,0,0,0,1,0,0,0,0,0,1,0,0,0,1,1,2,1,4,4,1,1,0,0,8,7
44 - Αργολίδος,29 E.T. Δήμου Άργους - Μυκηνών,522,315,6,2,8,307,127,24,5,6,40,47,32,6,6,15,2,2,57,1,0,28,4,19,19,5,3,7,0,0,18,4,4,2,0,6,7,1,4,0,0,0,3,2,0,0,1,1,0,0,0,0,0,3,0,3,6,0,4,0,20,8,9,2,0,0,1,1,0,0,0,0,0,0,0,0,0,0,2,0,1,1,0,0,4,1,1,0,0,0,1,0,2,1,1,1,0,0,3,1
44 - Αργολίδος,30 E.T. Δήμου Άργους - Μυκηνών,534,342,7,3,10,332,166,36,13,13,38,56,58,18,7,21,2,0,43,1,0,14,9,16,9,3,1,1,1,2,6,0,1,0,0,4,11,2,4,1,2,0,1,1,1,1,0,0,0,0,0,0,0,2,0,1,0,0,0,0,11,1,5,4,1,1,0,0,0,0,1,1,1,0,0,0,0,1,1,0,1,0,0,0,5,2,2,0,1,0,3,1,1,1,1,0,0,0,9,6
44 - Αργολίδος,31 E.T. Δήμου Άργους - Μυκηνών,530,349,10,2,12,337,133,26,10,10,34,43,48,14,5,12,4,3,61,1,0,27,11,18,19,2,10,4,0,1,27,7,3,3,0,6,15,1,4,3,2,0,0,0,0,0,0,0,2,0,1,0,1,2,0,0,1,1,0,0,11,1,6,3,0,0,1,1,1,0,1,1,0,0,0,0,0,0,1,0,0,0,0,0,2,0,0,1,1,1,1,1,1,0,0,0,0,0,9,3
44 - Αργολίδος,32 E.T. Δήμου Άργους - Μυκηνών,547,333,3,1,4,329,148,45,8,8,30,49,55,20,10,13,3,2,46,2,0,19,8,17,10,1,2,3,0,1,16,4,4,0,0,5,11,3,3,0,3,1,3,1,2,1,0,0,1,0,1,0,0,3,1,2,6,2,3,0,13,3,3,5,0,0,1,1,0,0,0,0,0,0,0,0,0,0,1,0,1,0,0,0,6,1,3,1,0,0,0,0,1,1,0,0,2,2,4,4
44 - Αργολίδος,33 E.T. Δήμου Άργους - Μυκηνών,544,338,5,2,7,331,126,26,9,6,36,36,67,16,13,22,4,4,54,2,2,21,10,17,14,8,1,2,0,0,8,4,1,0,0,2,11,0,6,4,1,0,1,0,1,0,0,0,4,0,0,0,1,4,1,2,2,0,1,0,19,7,8,2,1,0,0,0,0,0,0,0,0,0,0,0,0,0,1,1,0,0,0,0,2,0,0,0,2,2,0,0,0,0,0,0,0,0,14,8
44 - Αργολίδος,34 E.T. Δήμου Άργους - Μυκηνών,547,341,10,3,13,328,152,33,9,4,54,45,62,19,11,15,9,0,46,2,0,19,15,9,10,1,6,2,0,1,9,2,0,2,0,4,10,1,3,1,3,1,1,0,1,0,0,0,2,0,0,0,1,0,0,0,2,0,0,1,17,2,9,2,0,0,0,0,0,0,0,0,0,0,0,0,0,0,0,0,0,0,2,2,1,0,1,0,1,1,3,3,0,0,0,0,1,1,8,5
44 - Αργολίδος,35 E.T. Δήμου Άργους - Μυκηνών,535,344,8,3,11,333,137,46,13,8,33,29,63,23,12,16,2,1,49,0,0,0,0,0,17,3,3,3,1,1,19,1,1,0,0,11,8,2,4,0,1,0,1,1,0,0,0,0,3,0,0,0,3,6,3,3,0,0,0,0,13,3,9,1,2,2,1,1,0,0,0,0,0,0,0,0,0,0,2,0,0,0,0,0,1,0,0,1,0,0,1,1,0,0,0,0,1,0,9,5
44 - Αργολίδος,36 E.T. Δήμου Άργους - Μυκηνών,531,305,7,1,8,297,116,37,5,4,33,30,51,10,7,16,9,1,50,1,0,14,12,19,11,3,3,1,1,0,12,3,2,0,0,4,11,0,6,0,1,1,2,1,0,0,0,0,2,0,1,0,1,3,2,0,1,0,1,0,16,4,10,2,0,0,0,0,0,0,0,0,0,0,0,0,0,0,0,0,0,0,2,1,2,1,1,0,1,1,3,2,3,2,2,2,2,2,7,4
44 - Αργολίδος,37 E.T. Δήμου Άργους - Μυκηνών,548,325,5,0,5,320,139,36,14,7,33,29,43,14,7,15,1,0,50,2,1,21,8,16,14,2,6,1,0,2,17,5,0,2,0,10,10,3,7,0,0,0,2,0,0,0,2,0,2,0,0,0,2,4,0,4,4,0,1,1,15,5,8,1,0,0,0,0,0,0,0,0,1,0,1,0,0,0,1,0,0,1,1,1,2,0,1,0,0,0,0,0,1,1,3,2,2,1,7,3
44 - Αργολίδος,38 E.T. Δήμου Άργους - Μυκηνών,532,335,7,2,9,326,149,40,13,8,45,37,42,8,9,12,1,1,51,0,1,17,9,19,20,6,2,2,1,3,16,1,4,1,1,6,8,1,1,1,2,0,2,1,0,0,0,0,1,0,0,0,1,2,1,1,6,2,2,1,12,5,4,1,0,0,1,0,0,0,0,0,0,0,0,0,0,0,0,0,0,0,2,1,4,2,1,0,0,0,0,0,4,1,1,1,0,0,5,2
44 - Αργολίδος,39 E.T. Δήμου Άργους - Μυκηνών,548,352,11,2,13,339,136,30,13,5,52,29,53,12,6,23,4,3,47,0,0,25,5,12,20,3,7,3,0,1,15,1,4,1,1,6,17,1,8,0,4,0,2,2,0,0,0,0,5,2,0,0,1,5,1,3,4,1,1,0,11,4,3,3,0,0,1,0,0,0,0,0,3,0,0,0,0,0,4,1,1,0,0,0,3,2,0,1,1,0,2,0,2,2,1,1,1,0,6,3
44 - Αργολίδος,40 E.T. Δήμου Άργους - Μυκηνών,535,344,8,3,11,333,131,37,11,2,36,34,56,18,11,21,0,1,56,1,1,28,4,19,14,1,3,1,1,1,18,4,7,1,0,4,9,0,5,0,0,2,1,0,0,0,0,0,1,0,0,1,0,0,0,0,1,0,0,0,23,7,9,5,0,0,2,1,0,0,0,0,2,1,0,0,0,1,1,0,0,0,0,0,1,0,1,0,1,0,2,2,3,2,1,0,1,0,9,6
44 - Αργολίδος,41 E.T. Δήμου Άργους - Μυκηνών,549,323,11,0,11,312,113,26,17,5,32,28,68,23,17,12,2,1,45,0,0,18,7,16,9,1,3,1,1,1,17,4,3,1,0,6,8,0,4,0,2,0,2,1,0,0,0,0,7,1,0,1,1,2,1,0,1,0,0,0,8,3,2,1,3,1,2,1,0,0,1,1,2,0,1,1,0,0,2,0,0,1,0,0,3,2,1,0,0,0,3,3,1,1,1,1,7,2,7,3
44 - Αργολίδος,42 E.T. Δήμου Άργους - Μυκηνών,544,345,3,1,4,341,135,39,9,5,40,31,71,11,9,31,3,3,42,2,0,16,11,9,14,4,2,2,2,0,24,6,1,1,0,9,16,2,5,4,2,2,4,3,0,0,0,0,1,0,0,0,0,0,0,0,2,1,0,0,16,5,9,0,0,0,0,0,0,0,0,0,2,1,0,0,1,0,3,0,2,0,0,0,2,0,2,0,1,0,0,0,1,1,2,2,0,0,5,3
44 - Αργολίδος,43 E.T. Δήμου Άργους - Μυκηνών,561,323,7,2,9,314,135,34,15,6,36,32,56,14,7,18,3,2,45,1,1,14,8,19,17,5,3,4,0,0,9,5,1,1,0,1,14,2,4,0,4,0,1,1,0,0,0,0,3,2,1,0,0,3,1,1,2,0,1,0,8,1,6,0,1,1,0,0,0,0,0,0,1,0,0,0,1,0,3,1,2,0,1,0,0,0,0,0,0,0,1,0,3,0,0,0,1,1,10,5
44 - Αργολίδος,44 E.T. Δήμου Άργους - Μυκηνών,561,327,1,2,3,324,152,46,15,3,44,34,51,10,13,18,2,1,47,1,1,26,4,12,15,1,5,3,1,2,11,2,5,1,0,2,14,2,4,2,1,1,2,1,1,0,1,0,1,0,0,0,0,2,2,0,0,0,0,0,13,4,6,3,0,0,1,0,0,0,0,0,0,0,0,0,0,0,0,0,0,0,1,0,2,2,0,0,4,2,1,0,0,0,0,0,0,0,5,4
44 - Αργολίδος,45 E.T. Δήμου Άργους - Μυκηνών,366,244,3,0,3,241,129,44,17,8,30,24,36,10,5,9,3,0,37,1,0,10,21,5,4,1,2,0,0,0,7,0,1,1,0,5,7,1,2,0,3,0,0,0,0,0,1,1,0,0,0,0,0,3,2,0,2,0,1,0,4,0,2,2,0,0,2,2,0,0,0,0,2,0,0,0,0,0,0,0,0,0,1,1,2,0,0,0,0,0,1,0,1,0,0,0,0,0,2,2
44 - Αργολίδος,46 E.T. Δήμου Άργους - Μυκηνών,367,260,2,0,2,258,93,32,9,6,28,11,54,20,11,13,2,2,63,0,0,21,31,8,16,2,3,3,3,0,5,2,0,0,0,2,2,1,1,0,0,0,1,0,0,0,0,0,0,0,0,0,0,0,0,0,3,0,0,1,8,1,5,0,0,0,0,0,0,0,0,0,2,0,0,0,0,1,1,0,0,0,2,2,0,0,0,0,0,0,1,0,1,1,0,0,1,1,5,5
44 - Αργολίδος,47 E.T. Δήμου Άργους - Μυκηνών,345,193,4,1,5,188,93,39,9,0,6,34,42,13,9,17,1,0,24,0,0,11,5,5,6,1,3,1,0,0,6,5,0,0,0,0,3,2,1,0,0,0,0,0,0,0,0,0,0,0,0,0,0,0,0,0,1,1,0,0,1,1,0,0,0,0,0,0,0,0,0,0,0,0,0,0,0,0,9,1,7,0,0,0,0,0,0,0,0,0,1,0,0,0,0,0,1,0,1,0
44 - Αργολίδος,48 E.T. Δήμου Άργους - Μυκηνών,311,167,4,2,6,161,75,23,5,3,9,30,24,2,7,11,1,0,31,0,0,16,2,12,5,1,1,1,1,0,3,2,0,0,0,1,2,0,2,0,0,0,2,1,0,0,0,0,0,0,0,0,0,2,0,1,1,1,0,0,1,0,1,0,1,1,0,0,0,0,0,0,0,0,0,0,0,0,10,0,10,0,0,0,0,0,0,0,0,0,1,1,1,1,0,0,0,0,2,1
44 - Αργολίδος,49 E.T. Δήμου Άργους - Μυκηνών,406,299,3,4,7,292,153,44,64,4,17,19,38,14,0,12,5,1,51,2,0,31,7,10,11,1,4,0,3,1,12,5,1,0,0,4,10,0,2,1,1,1,1,1,1,0,0,0,1,0,0,0,0,2,1,1,1,0,0,0,1,0,0,0,1,1,0,0,0,0,0,0,0,0,0,0,0,0,0,0,0,0,0,0,1,1,0,0,0,0,0,0,1,1,2,1,0,0,5,2
44 - Αργολίδος,50 E.T. Δήμου Άργους - Μυκηνών,413,297,4,2,6,291,147,33,31,8,24,35,39,3,8,9,2,4,37,0,0,16,5,14,14,3,3,7,0,0,22,7,2,0,1,2,6,1,2,0,1,1,1,1,0,0,0,0,0,0,0,0,0,0,0,0,3,0,1,2,9,2,6,0,0,0,0,0,0,0,0,0,1,0,0,0,1,0,0,0,0,0,0,0,1,1,0,0,2,2,0,0,2,0,0,0,0,0,7,1
44 - Αργολίδος,51 E.T. Δήμου Άργους - Μυκηνών,400,287,2,0,2,285,133,57,22,3,24,21,42,11,5,17,1,1,48,3,0,23,3,17,19,1,2,9,0,3,11,5,1,0,0,2,1,1,0,0,0,0,4,2,0,0,0,0,0,0,0,0,0,0,0,0,4,0,0,2,5,0,3,1,1,1,0,0,0,0,1,1,0,0,0,0,0,0,0,0,0,0,1,1,2,0,0,1,0,0,5,4,1,0,2,2,3,0,2,2
44 - Αργολίδος,52 E.T. Δήμου Άργους - Μυκηνών,327,221,4,2,6,215,94,32,4,9,14,26,29,7,1,17,0,0,36,1,1,10,9,14,12,1,3,0,3,1,8,2,2,1,0,3,4,1,1,0,0,0,3,1,0,0,0,0,4,0,0,0,3,1,1,0,1,1,0,0,11,1,8,1,1,1,1,1,0,0,0,0,1,1,0,0,0,0,2,0,2,0,1,0,0,0,0,0,0,0,1,1,2,1,1,1,0,0,2,2
44 - Αργολίδος,53 E.T. Δήμου Άργους - Μυκηνών,316,237,8,0,8,229,100,24,5,4,26,37,43,9,8,17,1,2,26,0,0,14,6,6,6,1,1,1,0,0,10,0,0,1,0,5,7,0,2,3,1,0,1,1,1,0,0,0,1,0,0,1,0,4,0,3,0,0,0,0,12,4,5,1,0,0,1,1,0,0,0,0,0,0,0,0,0,0,3,0,2,0,0,0,3,1,2,0,2,1,3,1,0,0,0,0,3,3,3,3
44 - Αργολίδος,54 E.T. Δήμου Άργους - Μυκηνών,301,223,0,2,2,221,69,12,4,4,30,15,50,14,5,22,1,2,49,1,0,23,6,15,24,4,4,3,5,0,9,3,0,0,0,3,4,0,2,0,1,0,0,0,0,0,0,0,1,0,0,0,1,1,0,0,0,0,0,0,6,0,4,1,0,0,0,0,0,0,0,0,1,0,1,0,0,0,0,0,0,0,1,0,0,0,0,0,0,0,0,0,0,0,1,0,0,0,5,4
44 - Αργολίδος,55 E.T. Δήμου Άργους - Μυκηνών,440,280,12,2,14,266,120,32,14,16,30,19,39,13,3,18,1,1,51,0,0,20,22,4,7,4,0,0,0,0,14,1,0,1,0,8,2,0,1,0,0,0,4,1,1,1,0,0,1,0,0,0,0,2,0,0,1,0,0,0,11,5,3,2,0,0,0,0,0,0,0,0,6,3,1,0,2,0,1,0,0,0,0,0,0,0,0,0,1,1,0,0,0,0,0,0,0,0,5,3
44 - Αργολίδος,56 E.T. Δήμου Άργους - Μυκηνών,423,256,4,0,4,252,99,27,5,5,41,12,39,7,2,16,2,6,37,1,0,22,4,9,18,6,1,7,2,1,15,4,0,0,0,9,13,1,7,1,0,1,0,0,0,0,0,0,3,1,0,0,0,0,0,0,2,0,1,0,11,6,3,1,0,0,0,0,0,0,0,0,0,0,0,0,0,0,0,0,0,0,1,1,2,1,1,0,0,0,0,0,0,0,3,3,0,0,9,9
44 - Αργολίδος,57 E.T. Δήμου Άργους - Μυκηνών,523,177,6,2,8,169,96,33,1,6,14,32,27,8,7,2,0,2,15,1,0,2,0,9,9,0,0,0,0,0,5,2,0,1,0,1,1,0,1,0,0,0,1,1,0,0,0,0,2,0,2,0,0,5,1,1,1,0,0,0,4,2,1,0,1,0,0,0,0,0,0,0,0,0,0,0,0,0,0,0,0,0,1,0,0,0,0,0,0,0,0,0,0,0,1,0,0,0,0,0
44 - Αργολίδος,58 E.T. Δήμου Άργους - Μυκηνών,520,162,2,1,3,159,69,29,1,1,6,30,32,10,4,9,1,0,38,2,0,3,1,26,7,3,0,1,0,1,2,0,0,0,0,1,1,0,0,0,0,0,0,0,0,0,0,0,1,0,1,0,0,1,0,1,2,1,1,0,1,0,1,0,0,0,1,1,0,0,0,0,0,0,0,0,0,0,1,0,0,1,0,0,0,0,0,0,0,0,0,0,0,0,1,1,0,0,2,1
44 - Αργολίδος,59 E.T. Δήμου Άργους - Μυκηνών,47,23,1,0,1,22,17,8,0,0,8,1,2,0,0,2,0,0,3,0,0,2,1,0,0,0,0,0,0,0,0,0,0,0,0,0,0,0,0,0,0,0,0,0,0,0,0,0,0,0,0,0,0,0,0,0,0,0,0,0,0,0,0,0,0,0,0,0,0,0,0,0,0,0,0,0,0,0,0,0,0,0,0,0,0,0,0,0,0,0,0,0,0,0,0,0,0,0,0,0
44 - Αργολίδος,60 E.T. Δήμου Άργους - Μυκηνών,427,277,7,0,7,270,157,55,7,8,47,39,24,7,1,10,3,0,40,0,1,19,4,15,3,0,0,0,1,1,8,3,1,1,1,2,7,0,3,2,1,0,1,1,1,1,0,0,1,0,0,0,0,0,0,0,2,0,1,0,17,4,10,1,0,0,0,0,0,0,0,0,0,0,0,0,0,0,0,0,0,0,0,0,0,0,0,0,1,1,3,3,3,2,0,0,1,1,1,1
44 - Αργολίδος,61 E.T. Δήμου Άργους - Μυκηνών,494,330,2,3,5,325,146,46,8,7,24,46,40,16,4,18,1,1,60,1,0,23,2,31,7,2,1,2,0,0,12,8,0,0,1,0,6,0,3,1,1,0,1,1,0,0,0,0,3,0,0,3,0,1,0,1,2,0,1,0,17,4,7,2,0,0,0,0,0,0,1,1,4,0,4,0,0,0,3,0,0,1,0,0,5,1,3,0,2,0,4,2,5,4,2,0,0,0,4,1
44 - Αργολίδος,62 E.T. Δήμου Άργους - Μυκηνών,479,348,1,1,2,346,174,55,24,5,32,44,50,13,8,16,0,4,65,1,0,18,5,35,11,4,2,0,0,0,7,6,0,0,0,1,8,1,3,0,3,0,2,2,1,0,0,0,1,0,0,1,0,2,1,0,1,1,0,0,1,0,1,0,3,1,0,0,0,0,0,0,3,0,1,0,0,2,3,0,0,0,0,0,4,0,1,0,1,1,1,1,2,2,3,3,0,0,3,2
44 - Αργολίδος,63 E.T. Δήμου Άργους - Μυκηνών,473,331,3,3,6,325,157,55,7,9,20,47,41,11,5,11,3,6,49,2,0,18,6,23,16,3,2,1,0,3,13,8,0,0,0,5,8,1,4,1,1,0,1,1,0,0,0,0,8,0,0,7,0,3,2,1,2,1,0,0,11,5,5,1,1,1,0,0,0,0,0,0,2,0,2,0,0,0,2,0,0,1,0,0,0,0,0,0,2,0,1,0,1,0,2,1,2,1,3,1
44 - Αργολίδος,64 E.T. Δήμου Άργους - Μυκηνών,459,332,3,1,4,328,147,54,5,6,32,40,45,16,3,17,3,0,57,3,0,20,5,26,11,1,1,0,2,1,8,3,1,1,0,0,8,2,4,0,0,0,2,2,1,0,0,0,5,0,0,5,0,2,0,0,3,0,0,1,13,4,6,1,1,0,0,0,0,0,1,0,5,2,3,0,0,0,2,0,1,1,2,0,1,0,0,0,3,3,1,1,2,2,3,1,1,1,4,3
44 - Αργολίδος,65 E.T. Δήμου Άργους - Μυκηνών,305,185,2,0,2,183,62,24,5,5,6,19,34,5,5,12,2,1,55,0,0,28,5,21,0,0,0,0,0,0,15,7,0,0,0,7,1,0,0,0,0,0,1,0,0,0,0,0,1,0,0,0,0,0,0,0,0,0,0,0,8,1,4,3,0,0,0,0,0,0,0,0,0,0,0,0,0,0,0,0,0,0,0,0,1,0,0,0,0,0,0,0,1,1,0,0,0,0,4,1
44 - Αργολίδος,66 E.T. Δήμου Άργους - Μυκηνών,297,147,0,0,0,147,51,20,9,5,10,4,9,2,0,6,0,0,46,0,0,18,7,21,3,0,0,0,0,0,17,7,1,0,0,5,8,1,3,3,0,1,0,0,0,0,0,0,1,0,1,0,0,1,0,0,4,0,3,0,1,1,0,0,0,0,0,0,0,0,0,0,0,0,0,0,0,0,2,1,0,0,2,1,1,0,1,0,0,0,0,0,0,0,0,0,1,0,0,0
44 - Αργολίδος,67 E.T. Δήμου Άργους - Μυκηνών,433,267,3,1,4,263,139,53,6,5,34,32,27,7,1,15,0,1,67,0,0,20,5,41,3,2,0,0,0,0,6,2,0,0,0,1,3,0,2,0,0,0,1,0,1,0,0,0,1,0,0,0,0,2,1,1,0,0,0,0,5,0,3,2,0,0,0,0,0,0,0,0,0,0,0,0,0,0,0,0,0,0,1,1,1,1,0,0,0,0,0,0,0,0,0,0,1,0,5,3
44 - Αργολίδος,68 E.T. Δήμου Άργους - Μυκηνών,85,38,0,0,0,38,15,7,0,1,1,6,5,1,0,2,1,0,12,3,4,1,0,3,1,0,0,1,0,0,0,0,0,0,0,0,1,0,0,0,1,0,0,0,0,0,0,0,0,0,0,0,0,0,0,0,0,0,0,0,0,0,0,0,0,0,0,0,0,0,0,0,0,0,0,0,0,0,0,0,0,0,0,0,0,0,0,0,0,0,0,0,1,0,0,0,0,0,3,2
44 - Αργολίδος,69 E.T. Δήμου Άργους - Μυκηνών,456,325,2,1,3,322,130,13,6,2,20,82,46,17,4,16,1,0,86,2,1,44,11,20,22,0,1,1,19,1,9,3,0,1,0,1,3,1,1,0,0,0,0,0,0,0,0,0,2,0,0,1,0,2,2,0,1,0,0,0,6,3,0,1,0,0,0,0,0,0,0,0,0,0,0,0,0,0,1,0,0,0,1,1,2,1,0,1,1,1,0,0,2,0,0,0,0,0,8,6
44 - Αργολίδος,70 E.T. Δήμου Άργους - Μυκηνών,488,323,3,0,3,320,150,23,17,4,18,76,48,29,1,12,0,2,59,0,1,25,9,16,28,1,1,0,24,1,7,0,0,0,0,4,3,0,1,0,1,0,3,2,0,0,0,0,2,1,0,0,0,1,0,0,1,0,0,1,5,1,4,0,0,0,0,0,0,0,0,0,1,0,1,0,0,0,0,0,0,0,2,2,1,0,0,1,1,1,0,0,2,1,0,0,0,0,6,3
44 - Αργολίδος,71 E.T. Δήμου Άργους - Μυκηνών,94,68,2,1,3,65,37,8,3,0,1,24,12,6,0,4,0,0,5,0,0,3,0,0,0,0,0,0,0,0,4,0,2,0,0,0,2,0,2,0,0,0,0,0,0,0,0,0,0,0,0,0,0,0,0,0,0,0,0,0,0,0,0,0,0,0,0,0,0,0,0,0,0,0,0,0,0,0,0,0,0,0,0,0,0,0,0,0,0,0,1,0,2,2,1,1,0,0,1,0
44 - Αργολίδος,72 E.T. Δήμου Άργους - Μυκηνών,571,364,11,3,14,350,166,29,10,11,18,91,69,22,7,23,3,3,53,1,0,25,6,13,16,3,2,0,8,2,6,1,1,0,0,4,3,0,0,0,2,0,2,2,0,0,0,0,2,1,0,0,0,2,1,1,4,0,1,0,10,2,6,1,0,0,1,1,0,0,0,0,0,0,0,0,0,0,0,0,0,0,1,0,1,1,0,0,0,0,0,0,7,5,1,0,0,0,6,5
44 - Αργολίδος,73 E.T. Δήμου Άργους - Μυκηνών,159,130,1,0,1,129,85,15,4,1,17,46,10,2,1,5,0,0,6,0,0,5,1,0,5,0,0,0,3,1,5,1,2,0,0,1,2,2,0,0,0,0,1,1,0,0,0,0,0,0,0,0,0,0,0,0,0,0,0,0,10,2,6,1,0,0,0,0,0,0,0,0,1,0,0,0,1,0,0,0,0,0,0,0,0,0,0,0,0,0,0,0,1,1,1,0,0,0,2,0
44 - Αργολίδος,74 E.T. Δήμου Άργους - Μυκηνών,401,277,0,2,2,275,167,31,9,4,14,97,25,4,1,15,0,1,39,0,0,24,3,9,4,0,0,0,1,0,11,2,0,1,0,2,2,0,0,0,0,0,9,7,0,0,0,0,0,0,0,0,0,0,0,0,2,0,0,0,1,0,0,1,0,0,1,0,0,0,0,0,1,0,1,0,0,0,1,0,1,0,0,0,2,0,1,0,0,0,2,2,0,0,0,0,0,0,8,5
44 - Αργολίδος,75 E.T. Δήμου Άργους - Μυκηνών,400,282,1,1,2,280,124,17,3,3,32,61,61,14,4,33,1,1,64,1,0,37,2,23,6,2,1,0,1,0,6,1,0,2,0,2,2,0,0,0,1,0,1,0,0,0,0,0,0,0,0,0,0,0,0,0,1,0,0,0,3,1,1,1,0,0,0,0,0,0,0,0,1,0,0,0,1,0,0,0,0,0,0,0,2,0,0,1,3,1,1,0,1,0,1,0,2,0,1,1
44 - Αργολίδος,76 E.T. Δήμου Άργους - Μυκηνών,529,255,4,3,7,248,117,29,6,18,14,35,38,14,1,9,5,2,49,1,1,17,1,23,7,0,0,2,0,2,18,0,1,0,0,16,4,0,0,0,0,1,2,2,0,0,0,0,0,0,0,0,0,0,0,0,0,0,0,0,4,2,1,1,1,0,0,0,0,0,0,0,1,0,0,1,0,0,0,0,0,0,1,1,1,0,0,0,0,0,1,1,0,0,1,1,0,0,3,2
44 - Αργολίδος,77 E.T. Δήμου Άργους - Μυκηνών,47,34,0,0,0,34,25,12,1,1,7,0,2,2,0,0,0,0,6,0,0,5,1,0,0,0,0,0,0,0,0,0,0,0,0,0,0,0,0,0,0,0,0,0,0,0,0,0,0,0,0,0,0,0,0,0,0,0,0,0,1,0,0,0,0,0,0,0,0,0,0,0,0,0,0,0,0,0,0,0,0,0,0,0,0,0,0,0,0,0,0,0,0,0,0,0,0,0,0,0
44 - Αργολίδος,78 E.T. Δήμου Άργους - Μυκηνών,294,184,1,0,1,183,87,14,7,8,20,30,20,3,4,7,0,1,54,0,0,7,1,45,3,1,0,0,0,1,6,1,0,0,0,5,4,1,1,0,0,1,0,0,0,0,0,0,0,0,0,0,0,2,1,0,0,0,0,0,2,1,0,1,0,0,0,0,0,0,0,0,1,0,1,0,0,0,0,0,0,0,0,0,0,0,0,0,0,0,2,2,0,0,1,1,0,0,1,1
44 - Αργολίδος,79 E.T. Δήμου Άργους - Μυκηνών,493,252,3,1,4,248,73,13,4,5,31,13,61,15,3,24,3,0,69,3,1,33,26,3,24,9,5,7,1,2,4,0,1,1,0,1,6,0,1,2,1,0,0,0,0,0,0,0,1,0,0,1,0,0,0,0,0,0,0,0,5,1,3,0,0,0,0,0,0,0,1,0,1,0,0,0,0,0,0,0,0,0,0,0,0,0,0,0,0,0,0,0,0,0,0,0,0,0,3,0
44 - Αργολίδος,80 E.T. Δήμου Άργους - Μυκηνών,366,224,2,0,2,222,113,37,10,3,31,28,40,15,3,15,2,1,37,1,0,17,3,15,6,0,2,4,0,0,5,2,1,0,0,1,3,1,0,1,1,0,0,0,1,1,0,0,0,0,0,0,0,1,0,1,3,0,1,1,4,3,0,0,0,0,1,1,0,0,0,0,1,1,0,0,0,0,0,0,0,0,0,0,0,0,0,0,0,0,0,0,1,1,2,2,0,0,4,3
44 - Αργολίδος,81 E.T. Δήμου Άργους - Μυκηνών,261,145,2,0,2,143,78,17,4,6,30,19,24,15,2,6,0,0,23,0,1,10,3,8,2,1,0,0,0,0,5,4,0,0,0,0,3,1,1,0,1,0,1,1,0,0,0,0,0,0,0,0,0,0,0,0,0,0,0,0,2,0,0,2,1,1,0,0,0,0,0,0,1,0,1,0,0,0,1,0,0,0,0,0,0,0,0,0,0,0,0,0,0,0,1,1,1,1,0,0
44 - Αργολίδος,82 E.T. Δήμου Άργους - Μυκηνών,276,118,1,0,1,117,58,27,0,0,9,16,19,1,3,6,1,0,24,0,0,1,3,16,4,0,0,2,0,0,3,0,0,0,0,3,1,0,0,0,0,0,1,1,0,0,0,0,1,0,0,0,0,0,0,0,0,0,0,0,1,0,0,1,0,0,0,0,0,0,0,0,0,0,0,0,0,0,2,0,1,0,0,0,1,1,0,0,0,0,1,0,0,0,0,0,0,0,1,1
44 - Αργολίδος,83 E.T. Δήμου Άργους - Μυκηνών,175,96,0,1,1,95,52,31,2,1,4,13,14,6,0,5,0,1,14,1,0,1,2,8,2,0,0,1,0,1,6,4,0,0,0,2,1,0,1,0,0,0,0,0,0,0,0,0,0,0,0,0,0,0,0,0,3,0,1,1,0,0,0,0,0,0,0,0,0,0,0,0,0,0,0,0,0,0,0,0,0,0,0,0,0,0,0,0,0,0,0,0,0,0,1,1,0,0,2,0
44 - Αργολίδος,84 E.T. Δήμου Άργους - Μυκηνών,498,273,0,2,2,271,133,34,3,23,40,20,32,17,4,6,1,0,51,0,0,19,5,27,17,2,2,5,0,2,3,1,0,0,0,1,8,1,5,0,1,0,1,1,0,0,0,0,0,0,0,0,0,1,0,1,0,0,0,0,6,3,2,1,0,0,0,0,0,0,0,0,2,0,1,0,0,0,2,1,0,1,1,1,0,0,0,0,0,0,4,2,2,1,1,0,0,0,7,6
44 - Αργολίδος,85 E.T. Δήμου Άργους - Μυκηνών,184,60,1,0,1,59,38,22,1,0,2,11,8,7,1,0,0,0,7,0,0,3,0,4,2,0,0,0,0,0,0,0,0,0,0,0,0,0,0,0,0,0,0,0,0,0,0,0,0,0,0,0,0,0,0,0,1,0,0,0,2,0,2,0,0,0,0,0,0,0,0,0,0,0,0,0,0,0,0,0,0,0,0,0,0,0,0,0,0,0,0,0,0,0,0,0,0,0,1,0
44 - Αργολίδος,86 E.T. Δήμου Άργους - Μυκηνών,165,129,1,4,5,124,65,22,0,2,17,15,18,3,0,7,1,1,16,0,1,6,2,7,1,1,0,0,0,0,6,1,0,0,0,3,4,1,0,0,0,1,0,0,0,0,0,0,0,0,0,0,0,0,0,0,1,0,0,0,3,2,0,0,1,1,1,0,0,0,0,0,0,0,0,0,0,0,0,0,0,0,0,0,0,0,0,0,2,2,0,0,0,0,1,1,0,0,5,3
44 - Αργολίδος,87 E.T. Δήμου Άργους - Μυκηνών,287,139,2,1,3,136,65,18,7,2,17,21,24,8,2,11,0,1,29,1,0,22,0,5,4,3,0,0,0,1,3,0,1,0,0,0,4,1,1,1,0,0,0,0,0,0,0,0,0,0,0,0,0,0,0,0,1,1,0,0,3,0,3,0,0,0,0,0,0,0,0,0,0,0,0,0,0,0,0,0,0,0,0,0,0,0,0,0,0,0,0,0,1,1,0,0,0,0,2,2
44 - Αργολίδος,88 E.T. Δήμου Άργους - Μυκηνών,463,246,9,1,10,236,100,33,15,19,9,19,51,2,1,42,0,0,27,1,0,14,8,2,28,2,4,14,1,0,6,1,0,1,0,3,3,0,0,0,1,0,1,1,1,1,0,0,1,0,1,0,0,4,2,0,2,0,0,0,5,0,1,3,0,0,0,0,0,0,0,0,3,1,0,0,1,1,0,0,0,0,0,0,0,0,0,0,0,0,1,1,2,1,0,0,0,0,1,1
44 - Αργολίδος,89 E.T. Δήμου Άργους - Μυκηνών,481,235,1,2,3,232,108,35,11,23,20,17,48,2,1,39,2,1,23,0,0,13,3,3,19,2,1,6,2,0,8,4,1,0,0,0,2,0,0,0,1,0,0,0,0,0,0,0,1,1,0,0,0,7,2,0,4,1,0,1,7,1,1,3,0,0,1,0,1,0,0,0,0,0,0,0,0,0,0,0,0,0,0,0,0,0,0,0,0,0,0,0,0,0,0,0,0,0,3,1
44 - Αργολίδος,90 E.T. Δήμου Άργους - Μυκηνών,308,228,5,3,8,220,109,42,10,8,20,18,18,3,2,3,4,1,56,1,0,35,7,8,10,2,0,2,0,2,3,1,0,0,0,1,4,1,1,0,1,0,0,0,0,0,0,0,1,0,0,1,0,2,2,0,0,0,0,0,7,0,5,0,0,0,0,0,0,0,0,0,0,0,0,0,0,0,1,0,0,1,0,0,3,0,0,1,0,0,2,1,0,0,0,0,0,0,4,1
44 - Αργολίδος,91 E.T. Δήμου Άργους - Μυκηνών,248,179,3,0,3,176,101,52,1,3,20,19,17,7,0,4,1,0,35,0,1,14,0,20,4,1,0,1,0,1,2,1,0,0,0,0,3,0,2,0,0,0,0,0,0,0,0,0,0,0,0,0,0,0,0,0,3,0,1,2,2,1,0,0,0,0,0,0,0,0,0,0,0,0,0,0,0,0,0,0,0,0,0,0,0,0,0,0,0,0,1,0,2,0,2,0,0,0,4,0
44 - Αργολίδος,92 E.T. Δήμου Άργους - Μυκηνών,409,252,2,0,2,250,99,26,10,11,16,27,39,13,2,12,1,2,53,1,1,20,3,27,22,0,0,20,2,0,12,0,1,2,0,7,6,0,2,2,0,0,1,0,1,1,0,0,0,0,0,0,0,3,2,0,1,0,0,0,5,1,2,2,0,0,0,0,0,0,0,0,0,0,0,0,0,0,0,0,0,0,1,1,1,0,0,0,1,1,0,0,0,0,0,0,1,1,4,2
44 - Αργολίδος,93 E.T. Δήμου Άργους - Μυκηνών,477,339,2,0,2,337,123,16,16,25,26,29,53,6,3,8,13,12,85,1,0,41,6,30,10,0,4,2,1,1,9,2,1,0,0,2,15,1,3,7,0,0,1,0,1,1,0,0,5,2,0,0,1,2,1,1,6,4,0,0,9,2,3,1,0,0,1,1,0,0,0,0,1,0,1,0,0,0,1,1,0,0,3,3,3,0,2,1,1,1,2,1,0,0,0,0,0,0,6,4
44 - Αργολίδος,94 E.T. Δήμου Άργους - Μυκηνών,483,271,2,0,2,269,93,31,9,7,16,20,62,5,6,40,2,2,61,1,0,22,6,27,14,6,1,0,0,2,4,1,1,0,0,0,14,1,4,2,1,1,1,0,0,0,0,0,0,0,0,0,0,3,0,0,0,0,0,0,5,1,2,0,0,0,1,0,0,0,0,0,0,0,0,0,0,0,0,0,0,0,0,0,0,0,0,0,0,0,1,1,0,0,2,2,0,0,8,4
44 - Αργολίδος,95 E.T. Δήμου Άργους - Μυκηνών,488,287,10,0,10,277,116,38,2,21,12,31,45,4,0,34,0,0,55,2,0,22,10,16,17,3,1,0,0,1,12,1,1,2,0,5,6,1,0,1,1,1,0,0,1,0,0,0,2,0,0,0,0,4,1,1,0,0,0,0,1,0,1,0,0,0,0,0,0,0,0,0,1,1,0,0,0,0,0,0,0,0,0,0,7,0,2,1,0,0,0,0,2,1,0,0,0,0,8,5
44 - Αργολίδος,96 E.T. Δήμου Άργους - Μυκηνών,419,297,10,1,11,286,98,22,7,10,36,18,47,14,9,11,2,0,56,1,1,34,4,12,40,4,1,15,4,2,17,2,2,1,0,6,6,0,2,1,3,0,1,1,0,0,0,0,2,0,0,0,1,1,1,0,0,0,0,0,5,0,3,1,0,0,1,1,0,0,0,0,0,0,0,0,0,0,0,0,0,0,1,0,1,0,1,0,1,0,2,2,0,0,1,0,1,1,5,5
44 - Αργολίδος,97 E.T. Δήμου Άργους - Μυκηνών,395,266,4,0,4,262,78,25,3,6,19,22,55,5,20,13,5,0,64,2,1,33,4,15,22,1,0,9,0,1,9,2,0,0,0,4,13,2,2,1,6,1,0,0,0,0,1,0,0,0,0,0,0,1,0,0,1,0,1,0,11,1,6,1,0,0,0,0,0,0,1,1,1,1,0,0,0,0,0,0,0,0,1,1,0,0,0,0,0,0,0,0,0,0,0,0,0,0,4,2
44 - Αργολίδος,98 E.T. Δήμου Άργους - Μυκηνών,499,322,11,2,13,309,97,30,3,10,17,30,61,28,5,11,6,1,60,2,1,21,13,19,39,3,4,2,1,26,10,2,3,0,0,2,6,0,1,1,3,0,0,0,2,1,0,0,1,0,0,0,1,5,2,2,3,0,1,0,4,2,1,1,0,0,0,0,1,0,0,0,1,0,0,1,0,0,0,0,0,0,2,1,4,0,2,1,0,0,1,1,2,0,0,0,1,1,9,6
44 - Αργολίδος,99 E.T. Δήμου Άργους - Μυκηνών,516,341,9,1,10,331,101,26,15,6,10,42,77,25,5,27,10,3,61,4,1,23,10,22,55,8,3,5,0,36,9,2,2,0,1,3,2,1,0,0,0,0,4,2,0,0,0,0,1,1,0,0,0,0,0,0,1,0,0,0,1,0,0,1,0,0,1,1,0,0,0,0,3,0,0,1,1,0,0,0,0,0,0,0,1,1,0,0,1,1,0,0,0,0,0,0,0,0,13,8
44 - Αργολίδος,100 E.T. Δήμου Άργους - Μυκηνών,511,370,9,1,10,360,158,60,4,7,22,56,59,19,4,12,4,2,36,1,0,16,4,14,41,0,1,1,0,37,15,3,1,1,0,5,13,2,2,0,4,2,0,0,0,0,0,0,0,0,0,0,0,2,1,0,2,0,0,1,7,3,1,1,2,1,0,0,0,0,0,0,2,1,0,0,0,0,2,1,0,0,2,1,0,0,0,0,0,0,3,2,2,0,2,2,0,0,12,6
44 - Αργολίδος,101 E.T. Δήμου Άργους - Μυκηνών,504,331,7,2,9,322,116,28,9,13,28,28,55,34,1,12,4,1,53,1,1,22,14,14,35,1,0,1,1,23,15,1,4,0,2,6,4,2,0,0,0,0,2,1,1,1,0,0,1,0,0,0,0,0,0,0,1,0,0,0,5,1,1,2,1,0,0,0,0,0,0,0,4,0,0,1,1,0,2,1,1,0,1,1,3,0,0,1,1,0,2,1,6,0,2,1,0,0,12,6
44 - Αργολίδος,102 E.T. Δήμου Άργους - Μυκηνών,496,342,3,1,4,338,148,48,13,8,28,45,44,14,6,12,4,1,58,1,0,31,3,17,28,1,0,3,0,21,18,3,3,0,1,2,6,1,1,0,1,0,2,2,0,0,0,0,5,0,0,1,3,2,1,1,2,1,1,0,10,0,5,1,0,0,0,0,0,0,0,0,0,0,0,0,0,0,3,0,1,1,0,0,2,0,1,0,0,0,1,1,0,0,0,0,0,0,9,4
44 - Αργολίδος,103 E.T. Δήμου Επιδαύρου,430,275,2,1,3,272,153,79,6,28,14,8,21,15,1,2,0,1,28,0,1,13,1,10,14,11,0,0,0,1,17,8,4,0,0,1,3,0,0,0,3,0,1,0,0,0,0,0,1,0,0,0,0,0,0,0,1,0,0,0,27,2,17,2,0,0,0,0,0,0,0,0,0,0,0,0,0,0,0,0,0,0,0,0,0,0,0,0,1,1,1,0,0,0,0,0,1,1,3,0
44 - Αργολίδος,104 E.T. Δήμου Επιδαύρου,449,292,13,1,14,278,150,58,10,19,21,19,38,13,1,10,9,1,22,0,0,16,2,1,8,6,0,0,0,0,9,3,1,0,0,1,5,0,0,1,3,0,2,1,0,0,0,0,0,0,0,0,0,0,0,0,0,0,0,0,30,4,17,2,0,0,0,0,0,0,0,0,1,0,0,0,0,0,0,0,0,0,0,0,3,1,2,0,3,3,2,0,2,2,0,0,0,0,3,3
44 - Αργολίδος,105 E.T. Δήμου Επιδαύρου,486,261,4,4,8,253,105,31,10,14,19,23,42,26,3,0,1,0,39,0,0,29,1,7,7,2,0,1,0,1,7,1,0,0,0,3,7,2,0,0,2,1,0,0,0,0,0,0,2,0,0,0,0,2,0,1,0,0,0,0,6,1,3,0,13,11,0,0,0,0,0,0,17,0,0,0,0,16,0,0,0,0,0,0,0,0,0,0,0,0,0,0,0,0,0,0,1,1,5,4
44 - Αργολίδος,106 E.T. Δήμου Επιδαύρου,379,191,7,0,7,184,85,28,9,6,16,11,34,13,1,8,1,6,28,2,0,22,0,2,8,4,0,0,0,0,9,1,2,0,0,5,5,1,0,1,0,0,2,0,1,0,0,0,1,1,0,0,0,2,1,1,0,0,0,0,0,0,0,0,0,0,1,0,0,0,0,0,1,0,0,0,0,1,0,0,0,0,1,1,1,0,0,0,0,0,0,0,1,1,1,1,0,0,3,3
44 - Αργολίδος,107 E.T. Δήμου Επιδαύρου,531,341,5,0,5,336,153,81,7,10,18,29,59,18,2,18,6,0,50,2,1,29,0,17,7,4,0,0,1,1,6,4,0,0,0,1,12,1,1,2,2,2,4,4,0,0,0,0,0,0,0,0,0,1,0,1,7,1,5,0,14,1,11,2,1,1,0,0,0,0,0,0,4,0,0,0,0,4,1,0,1,0,0,0,4,2,1,0,1,1,1,1,2,2,3,2,0,0,6,1
44 - Αργολίδος,108 E.T. Δήμου Επιδαύρου,529,359,8,1,9,350,167,87,11,6,13,42,58,26,2,12,5,3,58,0,3,27,2,22,13,3,4,0,0,4,16,4,0,0,0,6,11,2,2,0,1,2,0,0,0,0,0,0,1,0,0,0,0,0,0,0,4,1,1,0,8,3,2,1,1,1,1,1,0,0,0,0,1,0,0,0,0,1,1,0,1,0,1,1,1,0,0,1,1,0,0,0,5,1,0,0,0,0,2,2
44 - Αργολίδος,109 E.T. Δήμου Επιδαύρου,494,323,11,4,15,308,125,59,12,9,15,14,57,27,3,7,8,5,56,2,2,27,3,17,9,1,2,0,0,2,13,6,0,3,0,3,11,3,1,0,0,1,0,0,1,0,0,0,0,0,0,0,0,0,0,0,2,0,0,0,17,3,10,3,0,0,0,0,0,0,0,0,1,0,0,0,0,0,0,0,0,0,0,0,2,2,0,0,0,0,3,1,3,1,0,0,1,1,7,5
44 - Αργολίδος,110 E.T. Δήμου Επιδαύρου,514,351,13,0,13,338,163,78,12,9,20,31,53,19,2,14,5,4,55,0,3,36,3,11,14,7,1,0,0,2,6,3,0,0,0,1,5,1,1,0,0,0,2,0,0,0,0,0,2,0,0,0,1,2,1,0,5,0,1,1,15,4,8,1,0,0,0,0,0,0,1,0,2,0,0,0,0,2,0,0,0,0,1,1,5,0,1,1,1,1,2,2,0,0,0,0,0,0,4,1
44 - Αργολίδος,111 E.T. Δήμου Επιδαύρου,518,340,9,1,10,330,152,78,11,11,16,22,59,24,5,15,4,1,51,2,0,19,3,22,13,4,2,1,2,0,14,7,1,2,0,2,5,1,0,0,0,0,1,0,0,0,0,0,1,1,0,0,0,5,1,2,4,0,3,1,9,5,3,1,1,1,0,0,0,0,0,0,1,0,0,0,0,1,1,1,0,0,2,0,2,0,1,1,2,1,1,1,4,1,0,0,0,0,2,1
44 - Αργολίδος,112 E.T. Δήμου Επιδαύρου,239,159,3,0,3,156,56,25,3,5,4,9,31,21,0,4,3,0,45,1,1,26,4,12,10,6,1,0,0,0,5,2,0,0,0,2,0,0,0,0,0,0,1,0,0,0,0,0,0,0,0,0,0,0,0,0,1,0,0,0,2,0,1,1,0,0,0,0,0,0,0,0,0,0,0,0,0,0,1,0,1,0,0,0,0,0,0,0,1,1,1,1,1,1,0,0,0,0,1,0
44 - Αργολίδος,113 E.T. Δήμου Επιδαύρου,100,53,1,1,2,51,31,13,0,4,9,5,4,1,0,2,0,1,5,0,0,5,0,0,2,0,2,0,0,0,2,1,0,0,0,0,0,0,0,0,0,0,0,0,0,0,0,0,0,0,0,0,0,1,1,0,0,0,0,0,5,3,2,0,0,0,0,0,0,0,0,0,0,0,0,0,0,0,0,0,0,0,1,0,0,0,0,0,0,0,0,0,0,0,0,0,0,0,0,0
44 - Αργολίδος,114 E.T. Δήμου Επιδαύρου,529,328,4,2,6,322,149,94,4,8,12,12,37,21,2,5,2,2,57,3,3,25,1,18,20,3,1,0,0,9,9,4,0,0,1,4,16,13,0,0,0,0,0,0,0,0,0,0,2,0,0,1,0,0,0,0,2,0,0,1,10,0,3,3,1,0,0,0,0,0,0,0,0,0,0,0,0,0,1,1,0,0,0,0,3,0,1,0,0,0,0,0,3,1,2,1,0,0,10,8
44 - Αργολίδος,115 E.T. Δήμου Επιδαύρου,551,366,4,2,6,360,193,97,9,10,42,8,55,22,2,8,7,4,36,2,1,14,1,14,22,4,1,0,0,10,16,1,2,0,0,5,12,8,2,1,0,0,0,0,0,0,0,0,0,0,0,0,0,1,0,1,0,0,0,0,13,0,9,2,0,0,1,0,1,0,0,0,1,0,0,0,0,1,0,0,0,0,0,0,2,0,1,0,0,0,0,0,0,0,1,0,0,0,6,2
44 - Αργολίδος,116 E.T. Δήμου Επιδαύρου,539,337,11,2,13,324,145,71,6,14,16,17,65,27,2,15,4,3,36,1,1,15,0,14,30,3,2,2,1,14,6,3,1,0,0,0,11,5,0,1,1,1,0,0,0,0,0,0,0,0,0,0,0,1,0,0,2,2,0,0,7,0,5,0,0,0,0,0,1,0,0,0,0,0,0,0,0,0,1,0,0,0,0,0,4,2,1,1,0,0,3,1,4,4,3,3,0,0,5,2
44 - Αργολίδος,117 E.T. Δήμου Επιδαύρου,500,351,5,3,8,343,235,140,24,10,15,29,17,4,1,3,0,2,28,2,1,11,1,9,6,3,2,0,0,1,10,5,2,1,0,1,9,4,1,1,2,1,6,5,0,0,0,0,0,0,0,0,0,1,1,0,1,1,0,0,16,4,6,2,0,0,0,0,0,0,0,0,0,0,0,0,0,0,0,0,0,0,0,0,1,0,0,0,0,0,2,2,5,4,1,1,2,1,3,2
44 - Αργολίδος,118 E.T. Δήμου Επιδαύρου,542,311,9,6,15,296,181,154,2,3,7,7,47,27,6,3,3,0,21,3,0,5,0,9,10,4,0,0,0,1,6,3,0,0,1,2,0,0,0,0,0,0,3,2,0,0,0,0,2,0,0,1,1,5,1,0,0,0,0,0,6,1,1,0,0,0,0,0,0,0,0,0,0,0,0,0,0,0,0,0,0,0,1,1,3,2,1,0,1,1,0,0,1,1,1,0,0,0,8,5
44 - Αργολίδος,119 E.T. Δήμου Επιδαύρου,559,335,9,3,12,323,194,162,4,3,8,12,60,39,1,4,4,6,14,4,1,2,1,2,13,5,1,0,1,3,13,4,1,1,0,4,2,0,0,1,1,0,1,1,1,1,0,0,0,0,0,0,0,2,0,2,3,1,2,0,6,0,1,0,1,1,0,0,0,0,0,0,0,0,0,0,0,0,1,1,0,0,0,0,2,0,2,0,0,0,0,0,2,2,3,3,0,0,5,3
44 - Αργολίδος,120 E.T. Δήμου Επιδαύρου,441,210,5,1,6,204,101,36,11,14,12,21,21,12,1,1,2,2,44,0,0,18,7,17,4,1,1,0,0,0,6,2,2,1,0,0,3,1,0,0,0,0,0,0,0,0,0,0,0,0,0,0,0,0,0,0,1,0,0,0,0,0,0,0,0,0,1,1,0,0,0,0,13,1,1,0,0,10,0,0,0,0,0,0,1,0,1,0,0,0,1,1,1,1,1,1,0,0,6,4
44 - Αργολίδος,121 E.T. Δήμου Επιδαύρου,202,130,2,0,2,128,53,21,4,6,8,1,20,6,2,5,2,0,15,1,0,4,3,6,10,2,0,0,0,3,6,2,0,0,0,1,0,0,0,0,0,0,0,0,0,0,0,0,1,0,0,0,0,6,3,2,6,1,3,0,3,0,0,3,2,1,0,0,0,0,0,0,2,0,0,0,0,2,1,1,0,0,0,0,0,0,0,0,0,0,0,0,0,0,0,0,0,0,3,3
44 - Αργολίδος,122 E.T. Δήμου Ερμιονίδας,479,299,3,0,3,296,135,57,4,5,26,25,73,6,4,13,44,1,31,0,1,6,8,13,9,0,4,1,0,1,14,5,1,2,0,2,5,0,0,0,1,2,1,0,0,0,0,0,0,0,0,0,0,7,1,6,0,0,0,0,4,1,1,2,0,0,0,0,0,0,0,0,0,0,0,0,0,0,1,0,1,0,0,0,1,0,0,0,0,0,8,4,0,0,0,0,0,0,7,4
44 - Αργολίδος,123 E.T. Δήμου Ερμιονίδας,522,334,8,0,8,326,145,64,6,7,38,22,64,6,2,11,41,0,31,0,0,18,6,4,12,2,0,4,0,2,8,2,2,1,0,0,5,4,0,1,0,0,3,3,0,0,0,0,4,0,0,0,0,11,1,7,2,1,0,0,4,2,1,0,1,1,2,2,0,0,0,0,1,0,0,0,1,0,3,1,1,0,0,0,5,2,0,0,1,1,12,11,2,2,1,1,0,0,9,3
44 - Αργολίδος,124 E.T. Δήμου Ερμιονίδας,510,340,7,0,7,333,155,74,2,18,23,24,59,5,0,7,45,0,46,5,2,21,10,8,5,0,2,0,1,1,11,5,1,2,0,1,10,3,0,2,0,0,6,2,1,1,0,0,1,1,0,0,0,8,0,6,4,2,2,0,2,1,0,1,1,1,0,0,0,0,0,0,1,0,0,1,0,0,0,0,0,0,0,0,3,1,2,0,0,0,8,8,0,0,0,0,0,0,12,10
44 - Αργολίδος,125 E.T. Δήμου Ερμιονίδας,510,334,8,2,10,324,140,45,6,13,26,32,76,4,2,8,50,2,36,1,0,16,11,8,19,0,0,0,0,0,10,2,2,0,0,5,8,1,1,1,1,0,1,0,0,0,0,0,1,0,0,0,0,9,1,8,2,2,0,0,2,0,1,0,0,0,3,3,0,0,0,0,0,0,0,0,0,0,0,0,0,0,0,0,2,0,0,1,0,0,4,4,0,0,2,1,0,0,9,5
44 - Αργολίδος,126 E.T. Δήμου Ερμιονίδας,520,347,4,3,7,340,122,53,2,11,27,25,92,8,0,9,67,2,37,4,2,12,8,10,17,5,0,2,1,0,11,3,1,1,0,4,7,2,1,0,0,0,2,1,0,0,0,0,0,0,0,0,0,9,0,9,4,1,0,1,6,2,3,0,0,0,2,2,0,0,1,1,0,0,0,0,0,0,1,0,0,0,0,0,2,1,0,1,0,0,16,16,0,0,0,0,0,0,11,9
44 - Αργολίδος,127 E.T. Δήμου Ερμιονίδας,282,184,9,1,10,174,52,22,3,9,6,5,45,17,1,3,21,1,29,2,1,11,8,6,19,4,5,2,2,2,3,0,2,0,0,1,0,0,0,0,0,0,3,3,0,0,0,0,0,0,0,0,0,5,3,2,2,0,1,0,0,0,0,0,1,0,0,0,1,0,0,0,0,0,0,0,0,0,1,0,0,0,0,0,8,2,2,3,0,0,0,0,1,0,0,0,0,0,4,4
44 - Αργολίδος,128 E.T. Δήμου Ερμιονίδας,297,194,3,1,4,190,83,53,4,2,10,8,43,16,2,4,13,1,21,0,0,15,0,4,3,0,1,0,0,1,5,0,2,1,0,2,3,0,1,0,0,1,4,4,0,0,0,0,0,0,0,0,0,2,0,2,0,0,0,0,4,1,2,0,1,0,1,1,1,0,1,0,0,0,0,0,0,0,2,2,0,0,0,0,4,0,0,4,0,0,3,3,5,5,0,0,0,0,4,4
44 - Αργολίδος,129 E.T. Δήμου Ερμιονίδας,329,207,7,1,8,199,128,56,4,9,17,35,28,1,0,7,18,0,12,1,0,2,0,6,3,0,0,0,0,1,5,1,1,1,1,0,0,0,0,0,0,0,0,0,1,0,1,0,0,0,0,0,0,6,1,5,2,0,1,0,4,1,1,1,0,0,0,0,0,0,0,0,0,0,0,0,0,0,0,0,0,0,0,0,2,1,0,0,0,0,1,0,0,0,0,0,1,0,5,3
44 - Αργολίδος,130 E.T. Δήμου Ερμιονίδας,307,222,6,4,10,212,138,57,0,11,17,40,31,4,0,4,18,2,15,0,0,3,2,9,1,0,0,0,0,1,5,1,1,0,0,1,2,0,0,1,0,0,4,2,0,0,0,0,0,0,0,0,0,5,1,3,1,1,0,0,3,0,1,2,0,0,0,0,0,0,0,0,0,0,0,0,0,0,1,0,1,0,1,1,0,0,0,0,0,0,4,4,0,0,0,0,0,0,1,1
44 - Αργολίδος,131 E.T. Δήμου Ερμιονίδας,508,299,3,3,6,293,114,42,7,16,11,18,59,25,3,8,16,1,41,3,3,20,2,9,13,1,1,6,0,2,9,2,3,1,0,1,8,2,1,1,0,1,0,0,0,0,1,1,0,0,0,0,0,6,1,5,6,2,0,1,10,2,6,1,1,1,0,0,0,0,0,0,1,1,0,0,0,0,2,0,0,1,0,0,4,0,0,1,0,0,7,5,0,0,0,0,0,0,11,7
44 - Αργολίδος,132 E.T. Δήμου Ερμιονίδας,535,308,1,2,3,305,135,55,3,11,14,27,50,15,1,8,20,1,31,1,0,17,3,8,17,5,1,6,0,3,13,1,2,0,0,6,6,2,1,0,0,0,2,1,0,0,0,0,4,1,0,0,1,3,0,2,4,0,4,0,7,1,1,2,0,0,0,0,0,0,0,0,0,0,0,0,0,0,3,1,0,0,0,0,11,4,3,3,0,0,3,2,2,2,1,0,0,0,13,11
44 - Αργολίδος,133 E.T. Δήμου Ερμιονίδας,537,318,20,1,21,297,127,44,5,17,15,28,45,6,2,11,15,3,27,2,2,10,1,6,20,4,1,3,0,3,16,3,1,2,0,7,9,6,1,1,0,0,1,0,2,1,0,0,1,0,0,0,0,7,1,5,2,0,1,0,8,2,2,2,3,2,1,1,0,0,0,0,2,0,0,0,1,0,0,0,0,0,0,0,4,0,1,1,2,1,4,3,2,1,0,0,1,1,13,9
44 - Αργολίδος,134 E.T. Δήμου Ερμιονίδας,527,299,2,2,4,295,122,54,2,13,23,21,48,8,3,7,19,2,28,2,1,14,3,6,16,3,0,5,0,3,22,4,0,0,0,13,6,0,0,0,0,0,3,2,0,0,0,0,1,1,0,0,0,2,2,0,3,3,0,0,13,4,5,1,0,0,0,0,0,0,0,0,0,0,0,0,0,0,4,1,0,2,0,0,4,0,0,4,0,0,6,6,1,1,2,1,3,1,11,8
44 - Αργολίδος,135 E.T. Δήμου Ερμιονίδας,447,259,9,3,12,247,111,54,4,5,23,16,44,9,3,5,17,1,22,3,0,7,4,7,7,0,0,4,1,2,7,0,2,1,0,4,3,2,0,1,0,0,3,3,0,0,0,0,0,0,0,0,0,6,3,1,6,2,1,2,13,1,7,2,0,0,0,0,0,0,0,0,1,1,0,0,0,0,0,0,0,0,0,0,4,1,0,0,2,2,1,1,0,0,2,1,4,1,11,6
44 - Αργολίδος,136 E.T. Δήμου Ερμιονίδας,458,275,12,2,14,261,103,41,7,13,11,18,47,16,4,6,15,1,38,2,1,16,3,13,13,1,2,5,0,3,16,4,3,0,0,3,2,1,0,0,0,1,1,0,2,2,0,0,1,0,0,0,1,2,1,1,3,1,0,0,4,1,2,1,0,0,0,0,0,0,0,0,0,0,0,0,0,0,0,0,0,0,0,0,6,2,1,2,0,0,3,2,5,3,1,1,0,0,14,8
44 - Αργολίδος,137 E.T. Δήμου Ερμιονίδας,450,272,8,1,9,263,110,41,5,11,14,20,51,7,0,7,22,1,29,2,1,11,6,4,14,2,1,8,1,0,8,4,0,0,2,1,5,1,1,0,2,0,7,4,0,0,0,0,0,0,0,0,0,4,1,2,0,0,0,0,3,0,0,0,2,1,2,2,0,0,1,0,0,0,0,0,0,0,0,0,0,0,1,1,5,1,1,3,0,0,3,3,2,2,1,0,1,1,14,10
44 - Αργολίδος,138 E.T. Δήμου Ερμιονίδας,446,258,4,3,7,251,95,50,1,6,11,16,51,11,1,4,30,4,35,0,0,11,4,13,8,2,1,4,1,0,8,2,0,0,0,3,5,0,1,1,0,0,4,1,1,0,1,0,1,0,0,0,1,6,1,5,2,0,1,1,2,0,0,1,0,0,1,1,0,0,1,0,0,0,0,0,0,0,1,0,1,0,0,0,2,0,0,2,0,0,11,7,1,0,0,0,4,2,11,6
44 - Αργολίδος,139 E.T. Δήμου Ερμιονίδας,445,276,7,0,7,269,92,38,8,7,10,21,48,10,1,9,20,3,49,4,0,17,8,16,14,3,2,4,0,3,15,5,5,1,0,1,7,1,1,0,0,0,2,2,1,1,0,0,1,0,1,0,0,3,1,2,2,1,0,0,5,2,0,2,1,1,0,0,0,0,0,0,2,0,1,0,0,1,2,0,0,0,1,1,3,0,0,3,0,0,6,6,3,3,1,1,2,1,9,5
44 - Αργολίδος,140 E.T. Δήμου Ερμιονίδας,484,301,5,1,6,295,112,61,13,5,19,8,52,24,1,8,5,0,84,0,0,59,6,15,8,2,1,0,2,2,8,1,0,1,1,1,3,0,0,0,1,0,3,1,0,0,0,0,1,0,1,0,0,6,1,5,3,0,1,0,0,0,0,0,0,0,0,0,0,0,2,2,1,1,0,0,0,0,0,0,0,0,2,1,1,0,0,0,0,0,0,0,0,0,1,1,0,0,8,5
44 - Αργολίδος,141 E.T. Δήμου Ερμιονίδας,504,328,11,2,13,315,129,47,22,9,12,28,50,17,2,9,14,1,87,2,0,57,1,23,14,2,3,1,0,3,5,0,1,0,0,0,2,2,0,0,0,0,1,1,0,0,0,0,3,0,0,2,1,1,1,0,1,0,0,1,2,0,0,0,0,0,0,0,0,0,0,0,2,0,0,0,0,0,3,1,1,0,0,0,5,0,1,4,1,1,0,0,3,3,0,0,0,0,6,4
44 - Αργολίδος,142 E.T. Δήμου Ερμιονίδας,166,106,4,1,5,101,42,17,0,5,6,8,15,1,0,8,6,0,16,0,0,14,0,2,0,0,0,0,0,0,10,3,0,2,0,1,2,0,1,0,0,0,1,1,0,0,0,0,1,0,0,1,0,0,0,0,1,0,0,0,4,1,0,1,0,0,1,0,0,0,0,0,1,0,1,0,0,0,0,0,0,0,0,0,0,0,0,0,0,0,3,3,1,1,1,1,0,0,2,1
44 - Αργολίδος,143 E.T. Δήμου Ερμιονίδας,69,46,2,0,2,44,14,5,0,1,2,0,11,3,1,0,2,0,2,0,0,0,1,1,2,0,0,0,0,2,11,1,1,0,0,1,0,0,0,0,0,0,0,0,0,0,0,0,0,0,0,0,0,0,0,0,0,0,0,0,0,0,0,0,0,0,0,0,0,0,0,0,0,0,0,0,0,0,0,0,0,0,0,0,0,0,0,0,0,0,0,0,0,0,2,1,0,0,2,2
44 - Αργολίδος,144 E.T. Δήμου Ερμιονίδας,378,221,5,0,5,216,91,54,0,9,14,9,25,10,2,2,8,0,49,3,0,18,14,11,13,3,0,6,0,3,9,5,0,0,0,2,4,1,2,0,0,0,2,1,0,0,0,0,1,0,0,0,0,5,0,5,0,0,0,0,1,1,0,0,0,0,0,0,0,0,0,0,1,0,1,0,0,0,0,0,0,0,0,0,2,0,0,1,0,0,6,6,3,2,1,0,0,0,3,3
44 - Αργολίδος,145 E.T. Δήμου Ερμιονίδας,389,253,0,1,1,252,119,64,3,12,9,14,30,6,2,4,8,0,51,0,0,12,16,21,6,4,0,0,0,1,11,3,3,0,0,0,12,1,7,1,0,0,0,0,0,0,0,0,1,0,0,0,0,0,0,0,1,0,1,0,3,3,0,0,1,0,0,0,0,0,0,0,0,0,0,0,0,0,0,0,0,0,0,0,2,0,0,2,0,0,2,1,2,1,0,0,0,0,11,7
44 - Αργολίδος,146 E.T. Δήμου Ερμιονίδας,370,221,4,0,4,217,114,51,1,14,15,21,28,5,3,6,11,1,37,0,0,11,12,11,10,3,1,1,0,0,6,1,2,0,0,2,6,1,1,0,1,0,2,0,0,0,0,0,0,0,0,0,0,1,0,0,0,0,0,0,2,0,1,0,0,0,1,1,0,0,0,0,0,0,0,0,0,0,0,0,0,0,2,2,0,0,0,0,0,0,2,1,1,1,1,1,0,0,4,4
44 - Αργολίδος,147 E.T. Δήμου Ερμιονίδας,530,312,5,1,6,306,157,82,4,22,13,13,55,11,5,8,15,2,26,1,3,7,2,7,7,0,0,1,0,0,13,7,1,2,0,1,9,3,2,1,0,2,2,1,0,0,0,0,2,1,0,0,0,3,0,2,2,0,0,0,4,2,2,0,1,0,1,1,0,0,0,0,1,0,1,0,0,0,1,0,0,0,4,1,1,0,0,1,0,0,1,0,6,1,1,1,0,0,9,5
44 - Αργολίδος,148 E.T. Δήμου Ερμιονίδας,536,319,5,4,9,310,148,74,5,25,4,16,56,15,5,4,13,4,40,4,1,19,3,8,5,0,0,1,0,0,16,5,1,2,0,4,4,1,2,1,0,0,3,3,0,0,0,0,0,0,0,0,0,2,2,0,3,1,1,0,3,0,2,1,0,0,0,0,0,0,0,0,2,2,0,0,0,0,1,0,0,1,2,1,10,1,1,8,0,0,2,2,1,1,3,1,0,0,9,4
44 - Αργολίδος,149 E.T. Δήμου Ερμιονίδας,532,327,7,2,9,318,168,87,9,4,11,22,47,15,2,0,20,4,37,1,2,10,10,12,8,1,1,0,0,3,11,1,0,0,0,5,9,3,1,0,0,1,1,1,1,1,0,0,2,1,0,0,0,4,1,1,2,1,0,0,0,0,0,0,0,0,1,1,0,0,0,0,3,0,0,0,1,0,2,0,0,1,1,1,7,0,0,7,0,0,5,5,2,0,0,0,0,0,7,5
44 - Αργολίδος,150 E.T. Δήμου Ερμιονίδας,383,266,2,2,4,262,75,33,4,3,7,15,69,20,14,9,18,2,47,2,0,12,2,30,20,1,2,4,3,3,8,2,1,0,0,2,5,0,1,3,0,1,1,1,0,0,0,0,3,0,0,2,0,4,1,2,0,0,0,0,2,0,0,0,1,1,0,0,0,0,0,0,0,0,0,0,0,0,0,0,0,0,1,1,5,2,1,2,0,0,6,3,3,3,2,2,0,0,10,7
44 - Αργολίδος,151 E.T. Δήμου Ναυπλιέων,527,357,4,0,4,353,178,52,20,27,38,24,79,71,1,4,0,2,37,1,0,18,1,16,14,5,3,2,0,2,13,1,0,4,0,3,6,2,1,1,1,0,1,1,0,0,0,0,2,0,0,0,0,2,2,0,3,0,2,1,5,1,4,0,1,0,0,0,0,0,0,0,2,1,0,0,0,0,0,0,0,0,0,0,0,0,0,0,0,0,1,0,1,0,0,0,0,0,8,3
44 - Αργολίδος,152 E.T. Δήμου Ναυπλιέων,516,352,8,1,9,343,166,37,19,49,26,24,72,57,1,6,2,3,50,1,0,24,5,18,9,4,0,0,1,3,10,2,0,0,0,6,11,1,2,2,4,1,0,0,0,0,0,0,3,0,2,0,1,2,1,0,2,0,1,1,7,1,2,1,2,2,0,0,0,0,0,0,0,0,0,0,0,0,1,0,1,0,1,1,0,0,0,0,0,0,0,0,1,0,0,0,1,1,5,3
44 - Αργολίδος,153 E.T. Δήμου Ναυπλιέων,530,339,5,1,6,333,138,36,20,31,22,18,78,69,1,1,4,1,62,4,1,34,3,18,9,1,1,2,0,1,13,2,1,0,0,8,10,1,1,1,3,0,1,1,1,0,0,0,0,0,0,0,0,2,0,0,1,0,0,0,2,1,1,0,0,0,0,0,0,0,0,0,3,0,0,1,1,0,2,1,0,1,1,1,1,0,1,0,0,0,2,1,0,0,0,0,0,0,7,4
44 - Αργολίδος,154 E.T. Δήμου Ναυπλιέων,456,304,2,4,6,298,137,42,17,38,13,15,68,42,2,15,4,0,32,0,1,19,3,6,10,2,0,0,0,1,10,2,1,0,0,4,9,1,1,0,5,0,4,3,1,0,0,0,0,0,0,0,0,1,1,0,1,1,0,0,2,0,1,0,0,0,1,0,0,0,0,0,2,0,0,0,0,0,4,1,1,2,1,1,5,0,0,5,1,1,2,1,0,0,1,1,1,1,5,5
44 - Αργολίδος,155 E.T. Δήμου Ναυπλιέων,453,301,5,3,8,293,140,43,8,25,22,23,51,32,1,13,2,0,40,1,1,27,0,8,10,3,1,1,0,1,14,0,2,1,0,9,5,1,0,0,1,1,2,2,0,0,0,0,0,0,0,0,0,2,0,1,1,0,1,0,3,2,1,0,0,0,1,1,0,0,1,0,5,0,1,0,0,1,1,0,0,0,0,0,1,0,0,0,0,0,2,1,0,0,1,1,0,0,13,7
44 - Αργολίδος,156 E.T. Δήμου Ναυπλιέων,156,114,1,1,2,112,40,16,2,4,7,5,18,14,1,1,0,0,26,0,0,22,0,4,2,0,0,0,0,0,2,1,0,0,0,1,10,1,1,1,6,0,0,0,0,0,0,0,1,1,0,0,0,2,1,0,0,0,0,0,3,1,1,0,0,0,0,0,0,0,0,0,0,0,0,0,0,0,2,0,0,1,0,0,1,0,1,0,0,0,0,0,1,1,0,0,0,0,4,1
44 - Αργολίδος,157 E.T. Δήμου Ναυπλιέων,383,258,3,2,5,253,114,21,4,28,40,14,49,39,0,4,1,2,51,0,0,36,2,12,3,1,0,0,0,0,9,1,1,1,0,1,6,2,0,0,0,2,1,1,0,0,0,0,0,0,0,0,0,2,0,1,1,0,0,0,6,1,3,1,0,0,0,0,0,0,0,0,0,0,0,0,0,0,2,0,1,1,1,1,1,0,0,0,0,0,0,0,1,0,0,0,0,0,6,1
44 - Αργολίδος,158 E.T. Δήμου Ναυπλιέων,396,271,0,1,1,270,94,24,9,25,21,6,63,39,1,12,1,4,60,1,0,28,10,17,11,2,3,2,0,1,7,2,1,0,0,3,3,1,1,0,0,1,4,4,0,0,1,1,0,0,0,0,0,1,1,0,2,0,0,1,7,0,4,1,0,0,0,0,0,0,0,0,0,0,0,0,0,0,0,0,0,0,2,2,2,1,1,0,0,0,0,0,5,5,1,1,0,0,7,7
44 - Αργολίδος,159 E.T. Δήμου Ναυπλιέων,216,97,1,1,2,95,46,13,2,14,8,3,20,16,0,3,0,0,5,1,0,2,0,1,8,2,0,0,1,1,6,1,3,0,0,1,4,0,1,0,1,0,0,0,0,0,0,0,0,0,0,0,0,0,0,0,0,0,0,0,0,0,0,0,0,0,0,0,0,0,0,0,1,1,0,0,0,0,0,0,0,0,0,0,0,0,0,0,0,0,0,0,0,0,1,0,2,0,2,1
44 - Αργολίδος,160 E.T. Δήμου Ναυπλιέων,377,276,2,1,3,273,159,52,17,25,33,23,49,22,1,19,3,1,23,0,0,8,2,13,6,1,1,0,1,2,8,1,0,0,0,1,5,1,3,0,1,0,1,1,0,0,0,0,1,0,1,0,0,3,1,2,1,1,0,0,1,1,0,0,0,0,1,1,0,0,1,1,3,0,0,1,2,0,1,0,0,0,0,0,2,0,0,1,0,0,0,0,2,1,1,1,0,0,5,2
44 - Αργολίδος,161 E.T. Δήμου Ναυπλιέων,375,231,4,1,5,226,133,54,12,15,27,16,30,9,5,12,1,0,23,1,0,14,0,7,4,0,0,2,0,0,5,1,0,0,0,3,11,0,1,0,5,1,0,0,1,0,0,0,1,0,0,0,1,0,0,0,1,0,0,0,3,0,3,0,0,0,2,2,0,0,0,0,1,0,0,0,0,0,1,0,0,0,1,1,0,0,0,0,0,0,3,3,0,0,1,1,0,0,5,4
44 - Αργολίδος,162 E.T. Δήμου Ναυπλιέων,382,249,4,2,6,243,140,45,11,22,34,20,34,22,2,6,3,1,28,2,0,22,1,2,10,2,0,1,0,0,5,0,1,0,0,1,4,2,1,0,1,0,1,1,0,0,0,0,2,1,0,1,0,0,0,0,1,0,0,0,4,1,3,0,1,0,2,1,0,0,0,0,0,0,0,0,0,0,1,0,0,0,0,0,1,0,0,0,0,0,0,0,3,3,1,0,0,0,5,1
44 - Αργολίδος,163 E.T. Δήμου Ναυπλιέων,456,262,6,0,6,256,99,22,3,35,24,6,42,15,3,14,4,5,44,0,0,36,1,6,9,1,7,1,0,0,9,2,0,0,1,3,22,0,1,10,8,0,0,0,0,0,0,0,1,0,1,0,0,2,0,0,1,0,0,0,5,0,3,1,0,0,0,0,0,0,0,0,14,12,0,0,2,0,0,0,0,0,3,3,0,0,0,0,0,0,0,0,2,2,0,0,0,0,3,2
44 - Αργολίδος,164 E.T. Δήμου Ναυπλιέων,442,268,10,0,10,258,98,30,10,21,22,12,60,24,3,19,2,6,40,0,0,34,2,2,10,2,1,3,1,1,5,2,2,0,0,1,18,0,0,15,2,0,0,0,0,0,0,0,0,0,0,0,0,0,0,0,0,0,0,0,10,4,3,1,1,0,2,2,0,0,0,0,4,4,0,0,0,0,1,0,0,0,1,0,1,0,0,1,0,0,2,2,2,2,1,1,0,0,2,2
44 - Αργολίδος,165 E.T. Δήμου Ναυπλιέων,444,272,4,1,5,267,88,38,5,14,13,11,45,19,0,17,1,3,63,0,0,48,4,8,8,1,2,1,0,1,17,3,1,0,0,10,10,1,0,8,1,0,1,1,0,0,0,0,1,1,0,0,0,3,1,1,1,1,0,0,13,4,3,2,1,1,0,0,0,0,0,0,3,2,0,0,0,0,1,0,1,0,0,0,3,0,2,0,0,0,0,0,3,3,3,0,0,0,3,3
44 - Αργολίδος,166 E.T. Δήμου Ναυπλιέων,355,246,7,0,7,239,71,20,6,18,17,6,67,3,5,8,6,40,39,2,0,18,10,6,8,2,2,0,1,0,11,2,1,1,0,4,9,1,0,4,1,0,2,0,1,0,0,0,1,0,0,0,0,1,1,0,0,0,0,0,6,2,3,1,0,0,0,0,0,0,0,0,9,4,0,0,5,0,1,0,0,1,2,2,0,0,0,0,1,0,0,0,0,0,0,0,2,1,8,2
44 - Αργολίδος,167 E.T. Δήμου Ναυπλιέων,347,244,5,2,7,237,83,28,10,11,12,11,70,16,0,12,5,33,33,0,0,15,2,13,26,4,3,3,12,0,5,1,0,0,0,2,7,0,0,0,6,0,0,0,0,0,0,0,1,0,0,0,1,0,0,0,1,0,0,1,4,0,3,0,1,0,0,0,0,0,0,0,2,1,0,0,0,0,0,0,0,0,0,0,0,0,0,0,1,1,0,0,0,0,0,0,0,0,3,0
44 - Αργολίδος,168 E.T. Δήμου Ναυπλιέων,379,230,3,2,5,225,131,67,28,11,8,7,36,7,2,17,2,2,24,1,0,15,1,7,4,3,0,0,0,0,15,1,4,0,0,6,4,1,0,3,0,0,0,0,0,0,0,0,1,0,0,0,0,2,1,1,0,0,0,0,4,0,4,0,0,0,1,1,0,0,0,0,0,0,0,0,0,0,0,0,0,0,0,0,0,0,0,0,0,0,2,1,0,0,0,0,1,1,0,0
44 - Αργολίδος,169 E.T. Δήμου Ναυπλιέων,359,208,6,3,9,199,110,52,16,8,18,10,15,3,1,1,4,3,17,0,0,11,3,2,5,1,1,0,0,1,12,4,2,0,0,5,5,0,0,0,2,1,1,1,0,0,0,0,1,0,0,1,0,6,3,2,0,0,0,0,18,2,7,7,0,0,1,0,0,0,1,1,1,0,0,0,1,0,1,1,0,0,1,0,1,0,0,0,1,0,0,0,1,0,0,0,0,0,1,1
44 - Αργολίδος,170 E.T. Δήμου Ναυπλιέων,370,227,5,2,7,220,127,75,15,8,12,9,13,2,1,3,3,2,37,0,0,14,7,10,2,1,0,0,0,0,18,6,2,0,0,4,0,0,0,0,0,0,2,1,0,0,0,0,0,0,0,0,0,2,2,0,0,0,0,0,13,0,10,1,1,1,0,0,0,0,0,0,0,0,0,0,0,0,1,0,0,0,0,0,0,0,0,0,0,0,2,1,0,0,2,0,0,0,0,0
44 - Αργολίδος,171 E.T. Δήμου Ναυπλιέων,521,356,6,1,7,349,135,36,9,25,31,24,64,13,3,32,2,7,70,0,0,38,16,13,21,12,4,0,2,0,16,1,1,1,1,10,8,1,0,3,1,1,1,0,0,0,0,0,0,0,0,0,0,1,0,1,3,0,3,0,4,2,0,1,0,0,0,0,0,0,0,0,3,2,0,0,1,0,2,0,1,0,1,1,4,1,1,1,0,0,0,0,0,0,3,2,2,0,11,5
44 - Αργολίδος,172 E.T. Δήμου Ναυπλιέων,142,114,2,0,2,112,46,9,0,10,15,8,35,3,2,8,2,15,19,0,0,13,4,2,7,2,1,1,0,2,0,0,0,0,0,0,1,0,0,1,0,0,0,0,0,0,0,0,0,0,0,0,0,1,0,0,0,0,0,0,1,0,1,0,0,0,0,0,0,0,0,0,0,0,0,0,0,0,0,0,0,0,0,0,0,0,0,0,0,0,0,0,1,1,0,0,0,0,1,0
44 - Αργολίδος,173 E.T. Δήμου Ναυπλιέων,312,229,4,1,5,224,62,11,2,34,4,11,33,10,0,6,0,15,68,1,0,56,5,6,20,5,2,3,7,3,4,4,0,0,0,0,21,0,0,21,0,0,3,3,2,2,0,0,2,0,2,0,0,0,0,0,0,0,0,0,3,1,1,1,0,0,1,1,0,0,0,0,1,0,0,0,1,0,0,0,0,0,0,0,1,0,1,0,0,0,0,0,0,0,0,0,0,0,3,3
44 - Αργολίδος,174 E.T. Δήμου Ναυπλιέων,331,245,3,0,3,242,74,19,1,34,7,6,42,14,1,12,3,7,44,3,1,27,0,11,26,7,1,11,0,0,11,2,1,1,0,4,19,0,1,15,0,1,2,1,1,0,0,0,0,0,0,0,0,0,0,0,0,0,0,0,8,0,6,2,0,0,1,1,0,0,0,0,8,2,0,0,4,2,0,0,0,0,0,0,2,1,0,0,0,0,0,0,0,0,0,0,0,0,4,3
44 - Αργολίδος,175 E.T. Δήμου Ναυπλιέων,479,330,1,0,1,329,53,10,2,15,20,1,83,27,2,34,1,5,96,0,0,88,6,2,62,9,6,4,31,2,4,0,0,1,0,2,14,1,0,7,1,0,0,0,0,0,0,0,2,0,0,0,0,2,2,0,2,0,0,0,1,1,0,0,0,0,0,0,0,0,0,0,0,0,0,0,0,0,1,0,0,0,0,0,0,0,0,0,0,0,0,0,0,0,1,0,4,0,4,1
44 - Αργολίδος,176 E.T. Δήμου Ναυπλιέων,170,133,2,2,4,129,40,7,0,9,8,13,8,1,1,1,0,0,31,0,0,26,0,5,41,7,2,10,14,1,1,1,0,0,0,0,2,0,0,2,0,0,0,0,1,1,0,0,1,0,0,0,0,0,0,0,0,0,0,0,0,0,0,0,0,0,0,0,0,0,1,1,0,0,0,0,0,0,1,1,0,0,0,0,0,0,0,0,0,0,0,0,0,0,0,0,0,0,2,1
44 - Αργολίδος,177 E.T. Δήμου Ναυπλιέων,349,263,3,0,3,260,91,5,5,68,2,11,35,22,1,3,3,3,89,0,0,82,2,5,13,3,1,1,1,0,4,0,0,0,0,2,6,0,1,4,0,0,0,0,0,0,0,0,0,0,0,0,0,0,0,0,1,0,0,0,7,1,2,3,0,0,0,0,0,0,0,0,1,0,0,0,0,1,0,0,0,0,1,0,1,0,0,0,0,0,0,0,2,2,0,0,0,0,9,6
44 - Αργολίδος,178 E.T. Δήμου Ναυπλιέων,325,238,4,0,4,234,74,7,1,60,5,1,43,9,2,14,1,5,79,1,0,73,1,2,4,2,0,0,1,0,11,1,1,0,0,7,6,0,1,4,0,0,1,1,0,0,0,0,0,0,0,0,0,0,0,0,0,0,0,0,1,0,0,0,0,0,0,0,0,0,0,0,2,0,0,0,1,1,0,0,0,0,0,0,0,0,0,0,0,0,1,0,2,2,3,3,0,0,7,1
44 - Αργολίδος,179 E.T. Δήμου Ναυπλιέων,512,363,4,1,5,358,81,22,10,21,6,15,59,35,1,12,0,4,144,2,1,92,18,28,13,3,2,2,2,2,8,0,0,0,0,4,11,1,4,5,0,1,2,1,0,0,0,0,2,1,0,0,0,2,2,0,2,1,1,0,15,7,5,2,0,0,0,0,0,0,0,0,7,3,0,0,2,2,0,0,0,0,0,0,3,2,0,1,0,0,0,0,1,0,1,1,1,1,6,5
44 - Αργολίδος,180 E.T. Δήμου Ναυπλιέων,368,268,4,1,5,263,113,39,12,19,12,18,43,21,2,8,1,0,43,1,0,32,3,1,21,8,1,5,0,1,5,0,0,0,0,2,1,0,0,0,0,1,4,2,0,0,0,0,2,0,0,0,0,2,2,0,0,0,0,0,5,1,4,0,4,0,0,0,0,0,0,0,1,0,0,0,0,0,2,0,0,1,1,0,0,0,0,0,3,1,2,0,0,0,1,0,0,0,10,5
44 - Αργολίδος,181 E.T. Δήμου Ναυπλιέων,365,231,7,1,8,223,89,28,4,20,14,12,51,22,3,10,1,1,24,0,0,19,1,2,7,3,0,2,0,1,10,1,1,2,0,2,7,0,1,2,2,2,3,2,0,0,0,0,1,0,0,0,0,2,0,2,3,1,1,0,6,0,2,0,0,0,0,0,0,0,0,0,7,1,0,0,1,4,1,0,0,0,2,1,0,0,0,0,1,0,0,0,0,0,0,0,1,1,8,7
44 - Αργολίδος,182 E.T. Δήμου Ναυπλιέων,464,338,12,0,12,326,150,42,18,23,23,23,60,26,6,15,4,1,35,1,3,23,3,4,21,8,1,4,1,2,11,1,3,0,0,6,17,1,2,5,9,0,1,0,0,0,0,0,2,0,1,1,0,5,3,1,2,0,1,1,10,5,2,2,0,0,1,1,0,0,0,0,1,0,0,0,1,0,1,1,0,0,1,1,0,0,0,0,0,0,0,0,1,1,0,0,0,0,7,4
44 - Αργολίδος,183 E.T. Δήμου Ναυπλιέων,496,316,6,1,7,309,128,43,11,24,20,24,61,26,1,15,5,5,30,0,0,22,3,2,25,9,1,3,1,0,3,0,1,0,0,1,21,2,3,6,2,1,0,0,0,0,0,0,6,3,1,1,0,6,0,5,3,0,1,0,10,3,3,2,1,1,0,0,0,0,0,0,0,0,0,0,0,0,1,0,0,1,0,0,3,0,0,0,1,1,0,0,3,1,1,0,0,0,6,5
44 - Αργολίδος,184 E.T. Δήμου Ναυπλιέων,501,321,7,2,9,312,113,29,17,11,22,20,68,36,4,12,2,2,35,1,0,25,2,6,20,4,4,4,3,1,12,1,2,1,0,5,13,0,2,3,4,1,1,1,0,0,0,0,3,1,1,0,0,5,2,2,1,0,0,0,10,2,5,1,1,1,0,0,0,0,2,1,1,0,0,0,0,0,0,0,0,0,2,1,4,0,2,0,0,0,3,2,1,1,1,0,0,0,16,11
44 - Αργολίδος,185 E.T. Δήμου Ναυπλιέων,488,323,5,1,6,317,124,34,16,24,19,17,60,24,1,17,10,1,26,2,0,16,0,4,30,11,0,3,0,4,7,0,1,0,0,3,26,2,3,6,4,0,0,0,0,0,0,0,3,0,1,0,0,8,2,4,1,0,0,0,7,2,3,2,0,0,2,2,0,0,0,0,0,0,0,0,0,0,1,1,0,0,2,2,3,0,0,1,0,0,2,1,2,1,1,0,0,0,12,8
44 - Αργολίδος,186 E.T. Δήμου Ναυπλιέων,501,371,9,0,9,362,145,32,10,25,31,33,82,32,7,19,7,3,48,2,1,31,5,6,25,11,1,2,0,1,11,3,1,2,0,3,11,0,0,3,2,4,0,0,0,0,0,0,0,0,0,0,0,5,1,2,2,0,1,0,8,0,4,2,0,0,0,0,0,0,0,0,4,1,0,0,1,1,0,0,0,0,0,0,5,2,0,1,1,0,0,0,1,1,1,1,0,0,13,6
44 - Αργολίδος,187 E.T. Δήμου Ναυπλιέων,573,344,7,2,9,335,166,60,27,29,18,12,61,27,3,7,10,2,30,3,0,16,5,4,12,5,0,2,0,0,14,3,0,2,0,3,11,3,2,0,3,1,2,2,0,0,0,0,4,0,1,0,0,6,1,3,2,0,0,1,14,4,7,1,1,1,0,0,0,0,0,0,0,0,0,0,0,0,0,0,0,0,0,0,1,0,0,1,1,1,2,1,2,1,1,1,0,0,5,1
44 - Αργολίδος,188 E.T. Δήμου Ναυπλιέων,526,356,5,1,6,350,152,45,12,29,27,29,67,25,3,20,6,3,38,2,2,23,3,6,18,6,1,0,0,6,16,3,5,0,0,8,14,1,0,5,4,0,5,4,0,0,0,0,2,1,0,0,0,5,1,3,3,1,0,0,9,1,5,1,0,0,0,0,0,0,0,0,1,0,0,0,0,1,1,1,0,0,0,0,5,0,3,0,1,1,2,2,1,1,3,1,0,0,7,4
44 - Αργολίδος,189 E.T. Δήμου Ναυπλιέων,527,310,8,1,9,301,118,47,10,7,23,17,74,31,1,23,8,4,28,0,0,18,4,4,28,7,7,4,2,1,3,1,1,0,0,0,12,2,0,4,3,0,2,2,0,0,0,0,2,0,1,0,0,5,1,2,2,1,1,0,12,3,7,0,1,0,0,0,0,0,0,0,0,0,0,0,0,0,0,0,0,0,0,0,4,2,1,1,0,0,1,1,0,0,0,0,1,1,8,5
44 - Αργολίδος,190 E.T. Δήμου Ναυπλιέων,530,350,5,2,7,343,150,52,6,19,28,30,55,20,3,10,6,4,37,2,0,25,5,3,24,8,2,7,1,2,14,2,2,0,0,4,21,1,0,0,10,1,1,1,2,2,1,1,0,0,0,0,0,4,0,2,3,0,1,1,11,1,8,1,0,0,0,0,0,0,0,0,4,1,0,0,1,1,2,0,0,1,1,0,0,0,0,0,0,0,1,1,3,0,0,0,0,0,9,6
44 - Αργολίδος,191 E.T. Δήμου Ναυπλιέων,524,360,3,1,4,356,150,44,20,24,30,23,59,25,0,14,5,0,38,1,1,23,2,8,20,5,3,1,1,2,13,3,2,1,0,5,22,1,1,3,10,0,1,0,1,1,0,0,2,0,1,0,1,1,0,0,5,3,0,0,10,2,5,0,0,0,0,0,0,0,0,0,3,1,1,1,0,0,0,0,0,0,1,1,4,0,1,1,4,4,0,0,3,3,1,1,3,1,15,7
44 - Αργολίδος,192 E.T. Δήμου Ναυπλιέων,522,347,12,1,13,334,166,52,21,27,24,19,50,24,5,5,5,4,48,2,0,31,1,8,15,2,1,1,3,5,15,5,1,0,0,4,8,1,0,1,3,0,0,0,1,0,0,0,2,1,0,0,0,0,0,0,5,2,1,0,10,2,5,2,0,0,0,0,0,0,0,0,0,0,0,0,0,0,0,0,0,0,0,0,1,0,1,0,1,1,1,1,4,2,1,0,1,1,5,2
44 - Αργολίδος,193 E.T. Δήμου Ναυπλιέων,507,327,8,0,8,319,144,49,21,12,15,16,53,28,6,8,4,0,50,1,1,33,4,6,19,10,0,0,0,3,10,2,3,0,0,2,11,1,1,2,2,0,2,2,0,0,0,0,2,0,1,1,0,2,1,0,1,0,0,0,9,3,3,1,0,0,0,0,0,0,0,0,0,0,0,0,0,0,0,0,0,0,2,2,0,0,0,0,0,0,1,0,2,2,1,1,2,0,8,2
44 - Αργολίδος,194 E.T. Δήμου Ναυπλιέων,503,337,4,2,6,331,151,52,20,30,18,20,57,30,5,8,7,1,38,2,3,25,0,4,15,5,3,3,0,0,14,3,6,0,0,3,19,7,0,7,1,1,1,1,1,0,0,0,7,1,3,1,0,3,0,3,2,0,1,0,5,1,1,0,0,0,0,0,0,0,0,0,0,0,0,0,0,0,2,0,0,1,0,0,1,0,1,0,0,0,0,0,3,2,0,0,0,0,12,3
44 - Αργολίδος,195 E.T. Δήμου Ναυπλιέων,506,330,0,0,0,330,143,40,24,17,20,21,60,29,0,13,9,1,51,3,1,32,7,7,22,7,0,2,0,1,6,1,1,0,0,2,14,2,1,0,6,1,1,0,0,0,0,0,3,0,3,0,0,1,0,1,1,0,1,0,12,2,7,1,0,0,1,1,0,0,0,0,0,0,0,0,0,0,0,0,0,0,2,1,2,1,0,0,1,0,0,0,2,0,1,1,0,0,7,5
44 - Αργολίδος,196 E.T. Δήμου Ναυπλιέων,522,338,7,0,7,331,146,41,20,22,23,19,63,22,5,20,3,4,34,1,1,26,2,2,12,2,0,2,1,0,17,2,3,1,0,8,16,1,0,5,7,1,0,0,0,0,0,0,6,0,2,0,0,5,2,0,3,0,1,1,5,2,2,1,1,1,0,0,0,0,0,0,0,0,0,0,0,0,1,1,0,0,0,0,1,1,0,0,0,0,5,4,2,2,2,1,3,2,9,6
44 - Αργολίδος,197 E.T. Δήμου Ναυπλιέων,529,351,9,4,13,338,152,41,20,30,31,16,64,20,0,22,6,3,37,1,1,22,5,4,28,11,5,4,0,3,5,0,0,0,0,4,20,3,1,7,7,0,1,1,0,0,0,0,2,0,1,1,0,2,1,1,1,0,1,0,5,0,4,0,3,1,0,0,0,0,0,0,1,0,0,1,0,0,0,0,0,0,0,0,1,0,1,0,0,0,0,0,3,1,1,1,0,0,12,7
44 - Αργολίδος,198 E.T. Δήμου Ναυπλιέων,498,329,5,0,5,324,164,35,29,25,34,27,41,12,3,16,5,1,39,2,1,24,4,6,20,6,0,2,0,8,7,1,0,0,0,3,20,1,2,2,6,2,1,1,0,0,0,0,1,0,1,0,0,6,3,2,0,0,0,0,9,1,4,2,1,1,0,0,0,0,0,0,1,0,0,1,0,0,2,0,0,1,0,0,1,0,0,0,0,0,0,0,1,1,0,0,0,0,10,7
44 - Αργολίδος,199 E.T. Δήμου Ναυπλιέων,493,328,3,1,4,324,124,39,13,22,20,23,69,29,2,22,8,1,33,1,0,20,4,4,25,6,3,3,0,4,11,0,0,1,0,6,14,0,2,4,4,2,1,1,0,0,0,0,3,1,1,0,0,1,0,1,8,3,2,1,12,1,4,1,0,0,0,0,1,1,0,0,4,1,0,2,1,0,1,0,0,1,3,2,3,1,1,1,0,0,1,1,0,0,1,1,1,0,8,4
44 - Αργολίδος,200 E.T. Δήμου Ναυπλιέων,511,340,8,3,11,329,154,48,18,30,23,15,63,26,3,14,2,3,43,0,1,31,3,5,24,7,4,6,0,0,9,2,1,1,0,3,9,1,1,1,0,1,0,0,0,0,0,0,0,0,0,0,0,1,0,0,0,0,0,0,8,0,5,3,0,0,0,0,0,0,1,0,0,0,0,0,0,0,2,0,0,1,2,1,1,0,1,0,0,0,0,0,1,1,1,1,0,0,10,8
44 - Αργολίδος,201 E.T. Δήμου Ναυπλιέων,481,300,2,4,6,294,125,48,11,11,32,11,60,26,2,14,9,1,40,4,1,27,3,4,21,11,2,2,0,2,10,3,1,0,0,3,10,0,2,3,2,0,0,0,0,0,0,0,2,1,0,0,0,0,0,0,1,0,0,0,7,1,4,2,0,0,0,0,0,0,0,0,0,0,0,0,0,0,3,3,0,0,2,1,3,1,1,0,2,2,1,0,1,1,1,1,2,2,3,1
44 - Αργολίδος,202 E.T. Δήμου Ναυπλιέων,512,334,5,3,8,326,119,34,12,28,22,16,82,42,3,18,5,4,45,1,0,34,6,2,17,6,1,4,0,3,6,2,0,0,0,2,10,2,0,2,2,1,3,2,1,1,0,0,2,1,0,0,0,3,1,2,4,1,0,0,14,1,7,3,0,0,1,0,0,0,1,0,0,0,0,0,0,0,0,0,0,0,1,1,0,0,0,0,0,0,2,2,4,3,0,0,0,0,11,7
44 - Αργολίδος,203 E.T. Δήμου Ναυπλιέων,504,325,9,3,12,313,115,35,21,15,12,17,52,22,2,4,6,4,53,2,1,28,7,11,22,9,1,6,0,1,6,1,0,0,0,4,16,0,1,2,4,5,3,1,1,1,0,0,4,1,0,0,1,3,1,1,3,0,0,1,13,2,6,2,1,1,1,1,0,0,0,0,2,0,0,0,0,1,0,0,0,0,0,0,3,0,0,1,1,0,0,0,0,0,1,0,0,0,13,7
44 - Αργολίδος,204 E.T. Δήμου Ναυπλιέων,476,315,4,2,6,309,128,42,9,14,37,14,51,26,2,7,4,4,32,1,0,27,1,3,31,7,1,5,1,7,11,2,3,0,0,6,20,0,4,1,9,2,1,0,0,0,0,0,2,0,0,1,0,1,1,0,3,0,0,0,8,2,5,1,1,1,0,0,0,0,0,0,0,0,0,0,0,0,2,0,1,1,3,1,4,1,2,0,0,0,0,0,0,0,1,1,0,0,10,3
44 - Αργολίδος,205 E.T. Δήμου Ναυπλιέων,481,320,4,1,5,315,140,39,18,20,22,23,49,25,2,8,2,6,30,0,0,14,3,10,23,11,0,3,1,2,17,3,5,5,0,3,12,1,0,1,1,3,1,0,0,0,0,0,1,0,1,0,0,4,0,4,4,0,1,0,5,0,4,0,0,0,0,0,0,0,2,1,6,1,0,5,0,0,1,0,0,1,0,0,2,0,1,0,3,2,2,2,2,1,2,0,0,0,9,6
44 - Αργολίδος,206 E.T. Δήμου Ναυπλιέων,458,305,3,2,5,300,114,34,15,30,14,14,64,28,2,14,6,8,45,4,0,29,4,4,23,10,2,4,0,3,12,1,1,0,1,6,7,1,1,0,1,2,2,1,0,0,0,0,1,0,0,1,0,6,2,1,3,1,2,0,5,1,4,0,0,0,0,0,0,0,0,0,0,0,0,0,0,0,2,0,0,1,0,0,1,1,0,0,0,0,0,0,2,0,0,0,2,2,11,6
44 - Αργολίδος,207 E.T. Δήμου Ναυπλιέων,425,308,6,2,8,300,148,44,15,39,16,25,44,30,3,3,2,0,33,5,0,20,0,5,14,5,0,4,0,1,13,2,1,1,1,6,11,2,1,2,3,2,0,0,0,0,0,0,0,0,0,0,0,1,1,0,1,0,1,0,18,2,13,1,1,1,3,3,0,0,0,0,1,0,0,1,0,0,1,0,0,0,0,0,0,0,0,0,1,0,0,0,0,0,1,1,0,0,9,4
44 - Αργολίδος,208 E.T. Δήμου Ναυπλιέων,468,312,5,1,6,306,131,30,16,26,27,23,61,27,4,8,9,5,45,1,0,36,2,4,13,4,0,6,0,0,16,2,3,1,0,5,9,1,0,2,3,1,0,0,0,0,0,0,2,0,0,0,0,1,1,0,2,1,0,0,15,5,9,1,2,1,0,0,0,0,0,0,0,0,0,0,0,0,1,1,0,0,1,0,0,0,0,0,1,1,1,1,1,0,1,0,0,0,3,2
44 - Αργολίδος,209 E.T. Δήμου Ναυπλιέων,474,345,6,0,6,339,145,48,13,17,24,23,59,24,3,17,2,5,38,0,2,29,2,3,15,3,1,3,0,2,12,1,2,2,0,5,10,1,2,2,1,0,4,2,0,0,0,0,2,1,0,0,0,7,3,4,1,1,0,0,7,5,0,2,0,0,1,0,0,0,0,0,4,1,0,0,1,2,2,0,0,0,1,0,5,0,1,2,3,3,2,1,3,1,5,1,3,2,10,7
44 - Αργολίδος,210 E.T. Δήμου Ναυπλιέων,472,312,8,0,8,304,113,28,16,19,17,19,57,30,4,6,2,5,47,1,0,27,1,11,12,2,0,3,0,2,14,1,2,2,1,1,17,3,0,9,3,0,6,5,0,0,0,0,1,0,0,0,0,5,0,3,1,0,0,1,7,1,2,1,1,0,0,0,0,0,0,0,0,0,0,0,0,0,3,0,0,2,0,0,3,0,0,1,2,2,3,2,0,0,1,1,0,0,11,8
44 - Αργολίδος,211 E.T. Δήμου Ναυπλιέων,506,323,5,0,5,318,131,53,1,20,16,26,64,30,2,12,5,3,41,2,0,31,1,3,31,4,0,3,5,3,10,8,1,0,0,0,14,2,0,6,2,0,0,0,0,0,2,0,0,0,0,0,0,4,2,1,1,1,0,0,4,1,1,2,1,0,0,0,0,0,1,1,1,1,0,0,0,0,0,0,0,0,1,1,2,0,0,0,0,0,0,0,2,1,0,0,1,0,7,3
44 - Αργολίδος,212 E.T. Δήμου Ναυπλιέων,475,320,12,3,15,305,104,42,2,24,13,16,76,43,2,14,3,4,48,2,1,39,1,2,21,6,3,0,4,1,5,0,1,1,0,3,21,0,1,0,9,5,0,0,0,0,0,0,2,1,0,0,0,1,1,0,1,0,0,0,8,3,4,1,0,0,0,0,0,0,1,0,2,0,0,0,0,2,2,0,0,0,0,0,3,1,2,0,2,1,0,0,1,0,0,0,0,0,7,3
44 - Αργολίδος,213 E.T. Δήμου Ναυπλιέων,125,102,0,0,0,102,55,30,4,6,7,1,6,4,0,1,0,0,21,0,0,11,0,10,3,0,1,0,0,0,4,1,0,1,1,1,2,1,0,1,0,0,0,0,0,0,0,0,1,0,0,0,0,0,0,0,0,0,0,0,6,0,5,0,0,0,0,0,0,0,0,0,0,0,0,0,0,0,1,0,0,0,1,1,0,0,0,0,0,0,0,0,1,0,0,0,0,0,1,1
44 - Αργολίδος,214 E.T. Δήμου Ναυπλιέων,519,395,4,1,5,390,159,60,10,26,43,15,56,36,1,2,2,6,90,1,0,74,2,6,10,5,1,0,1,1,14,4,1,0,0,8,27,1,0,2,24,0,1,0,0,0,0,0,0,0,0,0,0,6,2,2,0,0,0,0,10,0,7,2,0,0,0,0,0,0,0,0,2,0,0,0,1,0,1,0,0,0,1,0,1,0,0,0,1,1,0,0,0,0,3,1,1,0,7,6
44 - Αργολίδος,215 E.T. Δήμου Ναυπλιέων,540,325,3,1,4,321,135,46,11,18,24,20,46,19,3,9,5,5,72,1,0,54,3,12,13,4,1,5,0,0,7,1,1,0,0,5,17,5,2,3,1,0,0,0,0,0,0,0,0,0,0,0,0,2,1,1,3,0,3,0,9,1,3,0,0,0,0,0,0,0,0,0,5,1,1,1,1,1,0,0,0,0,3,2,0,0,0,0,0,0,1,0,2,1,0,0,0,0,6,5
44 - Αργολίδος,216 E.T. Δήμου Ναυπλιέων,539,354,8,1,9,345,149,57,5,33,18,25,65,30,6,16,2,1,72,2,0,61,2,6,15,5,0,4,1,1,7,1,0,0,0,3,8,1,2,2,2,0,2,2,0,0,0,0,1,0,0,0,1,2,0,2,3,2,1,0,6,2,3,0,1,0,0,0,0,0,0,0,1,0,0,0,0,1,1,0,0,0,0,0,2,1,0,0,1,1,0,0,0,0,0,0,1,1,8,7
44 - Αργολίδος,217 E.T. Δήμου Ναυπλιέων,555,363,1,0,1,362,140,39,10,22,25,32,71,30,2,12,4,9,94,3,0,78,3,4,17,5,0,1,1,0,6,0,0,0,0,3,12,0,0,3,4,1,0,0,0,0,0,0,1,0,0,0,0,3,1,1,0,0,0,0,2,1,0,1,0,0,0,0,0,0,0,0,1,0,0,0,1,0,0,0,0,0,0,0,0,0,0,0,0,0,3,0,0,0,1,1,1,1,10,7
44 - Αργολίδος,Ετερ. Αργολίδος (από Εφετείο Θεσσαλονίκης),43,32,0,1,1,31,4,2,0,0,2,0,9,2,0,4,0,0,2,0,0,0,0,1,6,0,0,4,0,0,0,0,0,0,0,0,3,0,1,0,1,0,0,0,0,0,0,0,2,0,1,0,0,0,0,0,0,0,0,0,3,0,1,1,0,0,0,0,0,0,0,0,0,0,0,0,0,0,1,0,0,0,0,0,0,0,0,0,0,0,1,0,0,0,0,0,0,0,0,0
44 - Αργολίδος,Ετερ. Αργολίδος (από 16ο Ε.Τ. Νομ. Αττικης-Αθηνών),486,331,2,1,3,328,139,46,8,9,28,18,71,14,15,19,10,1,34,7,1,7,4,9,34,5,2,8,1,1,5,0,0,1,1,1,6,1,0,0,1,2,1,1,0,0,0,0,4,0,3,0,0,4,0,2,3,1,0,0,10,2,3,4,0,0,0,0,0,0,3,2,0,0,0,0,0,0,2,0,1,0,0,0,1,0,0,0,0,0,1,1,1,1,0,0,0,0,9,7
44 - Αργολίδος,Ετερ. Αργολίδος (από Εφετείο Πειραιώς),74,47,0,1,1,46,26,10,2,1,5,1,7,0,0,3,2,0,4,0,0,0,0,2,2,1,0,0,0,0,0,0,0,0,0,0,0,0,0,0,0,0,0,0,0,0,0,0,1,0,0,1,0,0,0,0,0,0,0,0,5,2,1,1,0,0,0,0,0,0,0,0,0,0,0,0,0,0,0,0,0,0,0,0,1,0,1,0,0,0,0,0,0,0,0,0,0,0,0,0
44 - Αργολίδος,Ε.Τ. ΑΓΡΟΤΙΚΟΥ ΚΑΤΑΣΤΗΜΑΤΟΣ ΚΡΑΤΗΣΗΣ ΕΝΗΛΙΚΩΝ ΤΙΡΥΝΘΑΣ,45,35,2,0,2,33,23,22,0,0,0,0,8,4,0,0,1,0,0,0,0,0,0,0,0,0,0,0,0,0,1,0,0,0,0,0,1,0,0,0,0,0,0,0,0,0,0,0,0,0,0,0,0,0,0,0,0,0,0,0,0,0,0,0,0,0,0,0,0,0,0,0,0,0,0,0,0,0,0,0,0,0,0,0,0,0,0,0,0,0,0,0,0,0,0,0,0,0,0,0
44 - Αργολίδος,Ε.Τ. ΚΑΤΑΣΤΗΜΑΤΟΣ ΚΡΑΤΗΣΗΣ ΝΑΥΠΛΙΟΥ,245,221,19,1,20,201,40,27,0,0,7,2,150,67,14,10,5,2,3,2,1,0,0,0,3,0,0,0,0,0,1,0,0,0,0,0,0,0,0,0,0,0,0,0,0,0,1,0,0,0,0,0,0,0,0,0,0,0,0,0,1,0,1,0,0,0,0,0,0,0,1,0,0,0,0,0,0,0,0,0,0,0,0,0,0,0,0,0,0,0,0,0,0,0,0,0,0,0,1,1
Σύνολο,,94116,59682,1128,296,1424,58258,25360,8602,2006,2640,4747,5095,10342,3602,774,2762,1173,515,9083,252,105,4623,1032,2444,2980,686,334,467,232,425,2112,497,243,112,28,735,1705,226,339,296,337,96,279,174,55,30,16,5,284,40,43,44,51,491,151,218,370,71,107,40,1662,417,742,247,95,55,75,58,8,1,40,24,278,66,35,21,44,70,210,35,59,39,126,82,385,76,95,95,104,70,301,214,281,172,177,108,111,59,1328,802
