ΠΕΡΙΦΕΡΕΙΑ,ΕΚΛΟΓΙΚΟ ΤΜΗΜΑ,ΕΓΓΕΓΡΑΜΜΕΝΟΙ,ΨΗΦΙΣΑΝΤΕΣ,ΑΚΥΡΑ,ΛΕΥΚΑ,ΑΚΥΡΑ & ΛΕΥΚΑ,ΕΓΚΥΡΑ,Νέα Δημοκρατία,ΚΥΡΙΑΚΙΔΟΥ ΦΩΤΕΙΝΗ (ΦΑΙΗ) του Δημοσθένη,ΠΑΠΑΔΗΜΗΤΡΙΟΥ ΚΩΝΣΤΑΝΤΙΝΟΣ (ΝΤΙΝΟΣ) του Ευαγγέλου,ΣΚΟΥΤΕΡΗ ΦΩΤΕΙΝΗ του Κωνσταντίνου,ΣΤΥΛΙΟΣ ΓΕΩΡΓΙΟΣ του Δημοσθένη,ΣΥΡΙΖΑ,ΒΛΑΡΑΣ ΓΡΗΓΟΡΙΟΣ του Δημητρίου,ΓΕΡΟΒΑΣΙΛΗ ΟΛΓΑ του Βασιλείου,ΜΠΟΥΡΑΝΤΑ ΜΑΡΓΑΡΙΤΑ του Χρήστου,ΤΣΙΡΚΑΣ ΒΑΣΙΛΕΙΟΣ του Δημητρίου,ΠΑΣΟΚ-Κίνημα Αλλαγής,ΓΚΟΚΑΣ ΧΡΗΣΤΟΣ του Ναπολέοντα,ΜΑΡΕΤΗ ΧΡΙΣΤΙΝΑ του Σωτηρίου,ΜΕΓΑΣ ΧΡΗΣΤΟΣ του Περικλή,ΡΙΖΟΥ ΑΙΚΑΤΕΡΙΝΗ του Πέτρου,Κ.Κ.Ε.,ΑΛΙΦΤΗΡΑΣ ΓΕΩΡΓΙΟΣ του Βασιλείου,ΠΕΣΛΗΣ ΧΑΡΑΛΑΜΠΟΣ (ΜΠΑΜΠΗΣ) του Δημητρίου,ΣΚΟΡΙΛΑ ΛΑΜΠΡΙΝΗ του Λάμπρου,ΤΣΩΛΑ ΣΟΦΙΑ του Μιχαήλ,Ελληνική Λύση - Κ. Βελόπουλος,ΜΠΑΓΚΑΤΟΥΡΙΔΟΥ ΣΟΦΙΑ του Θεοδώρου,ΠΑΡΙΟΡΙΤΣΑΣ ΚΩΝΣΤΑΝΤΙΝΟΣ του Δημητρίου,ΠΕΤΡΙΔΗΣ ΣΤΥΛΙΑΝΟΣ του Σταύρου,ΜέΡΑ25-ΣΥΜΜΑΧΙΑ ΓΙΑ ΤΗ ΡΗΞΗ,ΘΕΟΔΩΡΟΥ ΕΛΕΝΗ του Χρήστου,ΠΙΣΤΙΩΛΗΣ ΣΤΑΥΡΟΣ του Δημητρίου,ΣΚΟΥΡΑ ΛΟΥΙΖΑ του Θεοφάνη,ΣΤΑΜΟΥΛΗΣ ΔΗΜΗΤΡΙΟΣ του Θεοφάνη,ΕΝΩΝΩ ΣΥΜΜΑΧΙΑ ΕΛΕΥΘΕΡΙΑΣ,ΔΟΥΛΗ ΠΑΡΑΣΚΕΥΗ του Ανδρέα,ΚΑΡΠΟΥΖΗΣ ΓΕΩΡΓΙΟΣ του Γεράσιμου,Κ.Κ.Ε. (μ-λ),ΚΡΑΨΙΤΗΣ ΝΙΚΟΛΑΟΣ του Ιωάννη,ΜΑΤΣΟΥΚΑΣ ΓΡΗΓΟΡΙΟΣ του Νικολάου,ΤΣΩΛΗ ΝΙΚΟΛΕΤΑ του Χρήστου,Ο.Κ.Δ.Ε.,ΜΠΡΕΝΤΑΣ ΑΛΕΞΙΟΣ του Αποστόλου,ΑΝΤ.ΑΡ.ΣΥ.Α.,ΒΡΑΤΣΙΣΤΑΣ ΓΕΩΡΓΙΟΣ του Κωνσταντίνου,ΚΑΝΕΛΛΟΥ ΑΡΕΤΗ του Παντελή,ΣΤΑΥΡΟΥΛΑΚΗΣ ΑΝΑΡΓΥΡΟΣ του Μιχαήλ,Κίνημα 21,ΚΟΥΜΟΥΤΖΑΚΗ ΑΡΤΕΜΗΣΙΑ του Κωνσταντίνου,ΕΘΝΙΚΗ ΔΗΜΙΟΥΡΓΙΑ,ΓΑΛΑΝΟΠΟΥΛΟΣ ΝΙΚΟΛΑΟΣ του Δημητρίου,ΣΤΑΣΙΝΟΥ ΕΛΕΝΗ του Νικολάου,ΝΙΚΗ,ΚΟΥΤΣΙΟΥΚΗ ΒΑΣΙΛΙΚΗ του Αθανασίου,ΡΙΖΟΣ ΙΩΑΝΝΗΣ του Νικολάου,ΣΒΟΡΩΝΟΣ ΔΗΜΗΤΡΙΟΣ του Μιχαήλ,κοινωνία αξιών,ΑΣΗΜΑΚΟΠΟΥΛΟΥ ΕΥΑΓΓΕΛΙΑ του Χρήστου,ΒΟΡΕΙΑ ΛΕΓΚΑ - ΚΡΑΜΑ,ΧΑΡΟΥ ΕΛΕΝΗ του Γεωργίου,Ο.Α.Κ.Κ.Ε.,ΜΑΝΤΖΑΣ ΕΛΕΥΘΕΡΙΟΣ του Βασιλείου,Μ-Λ Κ.Κ.Ε.,ΚΡΙΚΑΣ ΑΘΑΝΑΣΙΟΣ του Παναγιώτη,Ελλήνων Συνέλευσις,ΚΑΡΑΧΡΗΣΤΟΣ ΕΥΘΥΜΙΟΣ του Γεωργίου,ΧΕΛΗ ΑΓΓΕΛΙΚΗ του Γεωργίου,Ένωση Κεντρώων,ΚΑΛΑΝΤΖΗΣ ΧΑΡΑΛΑΜΠΟΣ του Γεωργίου,ΛΥΣΙΜΑΧΟΥ ΑΓΓΕΛΙΚΗ του Νικολάου,ΤΥΡΟΛΟΓΟΣ ΦΩΤΙΟΣ του Γεωργίου,ΤΩΡΑ ΟΛΟΙ ΜΑΖΙ (Τ.ΟΛ.ΜΑ),ΜΙΓΔΟΥ ΣΤΥΛΙΑΝΗ του Παναγιώτη,ΣΥΜΜΑΧΙΑ ΑΝΑΤΡΟΠΗΣ,ΚΑΡΒΕΛΛΑ ΚΩΝΤΣΤΑΝΤΙΝΑ του Αθανασίου,ΤΣΙΩΛΗΣ ΧΡΗΣΤΟΣ του Κωνσταντίνου,ΠΝΟΗ ΔΗΜΟΚΡΑΤΙΑΣ,ΓΙΑΝΝΑΚΟΠΟΥΛΟΣ ΑΛΕΞΑΝΔΡΟΣ - ΔΗΜΗΤΡΙΟΣ του Χρήστου,ΠΡΑΣΙΝΟ ΚΙΝΗΜΑ,ΓΙΑΝΝΙΝΑ ΙΩΑΝΝΑ του Κωνσταντίνου,ΠΑΠΑΓΕΩΡΓΙΟΥ ΓΕΩΡΓΙΟΣ του Ευαγγέλου,ΕΑΝ...,ΚΟΜΠΟΓΙΑΝΝΗΣ ΑΘΑΝΑΣΙΟΣ του Θεοφάνη,ΕΝΟΤΗΤΑ - ΑΛΗΘΕΙΑ ΕΝ.Α,ΤΣΙΓΚΑ ΣΤΥΛΙΑΝΗ του Δημοσθένης,Πλεύση Ελευθερίας - Ζωή Κωνστ.,ΣΙΛΙΩΝΗΣ ΠΕΤΡΟΣ του Κωνσταντίνου
19 - Αρτας,1 E.T. Δήμου Αρταίων,472,297,7,1,8,289,78,16,13,5,35,72,6,33,0,24,34,8,9,11,3,63,0,0,0,0,5,2,0,0,10,2,1,3,2,1,1,0,0,0,0,0,0,0,0,0,0,0,2,0,0,0,0,12,4,6,2,0,0,0,0,0,0,1,1,0,0,0,0,0,0,0,0,0,0,0,0,1,1,1,0,0,0,0,0,0,9,5
19 - Αρτας,2 E.T. Δήμου Αρταίων,492,278,3,2,5,273,56,11,9,3,28,104,6,51,1,36,50,13,10,15,4,41,5,2,1,25,6,1,0,1,3,2,0,1,0,1,0,1,0,0,0,0,0,0,0,0,0,0,2,1,0,0,0,2,0,1,1,1,1,0,0,0,0,0,0,0,0,0,1,0,1,0,1,1,0,0,0,0,0,1,0,0,2,1,0,0,2,2
19 - Αρτας,3 E.T. Δήμου Αρταίων,517,295,7,3,10,285,91,27,20,6,29,102,3,50,4,39,34,10,6,11,2,32,3,1,1,23,5,1,1,0,3,1,1,0,0,0,0,0,1,0,0,0,0,0,0,0,0,0,0,0,0,0,0,8,3,4,0,0,0,0,0,0,0,0,0,0,0,0,0,0,0,0,1,0,0,0,0,4,1,0,0,0,0,0,0,0,4,3
19 - Αρτας,4 E.T. Δήμου Αρταίων,215,124,1,1,2,122,19,2,9,1,3,49,1,33,1,11,16,4,0,5,3,27,4,0,1,17,4,3,1,0,2,0,0,0,2,0,0,0,0,0,0,0,0,0,1,0,0,0,0,0,0,0,0,1,0,0,0,0,0,0,0,0,0,0,0,0,0,0,2,0,0,0,0,0,0,0,0,0,0,1,1,0,0,0,0,0,0,0
19 - Αρτας,5 E.T. Δήμου Αρταίων,449,290,5,2,7,283,130,19,32,5,57,90,13,40,2,25,25,2,4,12,4,8,2,2,0,3,10,3,1,1,2,1,0,0,0,1,0,0,0,0,0,0,0,0,0,0,0,0,3,3,4,1,1,4,0,3,0,0,0,0,0,0,0,0,0,1,1,0,0,0,0,0,0,0,1,1,0,0,0,1,0,0,0,0,0,0,3,1
19 - Αρτας,6 E.T. Δήμου Αρταίων,399,271,2,6,8,263,86,17,17,5,39,84,13,43,0,14,45,11,6,15,7,25,3,2,12,7,2,0,0,1,4,1,0,1,1,2,0,0,0,0,0,0,0,0,1,0,0,0,0,0,0,0,0,3,0,1,1,0,0,0,0,0,0,0,0,0,0,0,3,3,0,0,0,0,2,1,0,0,0,0,0,0,1,0,1,0,4,3
19 - Αρτας,7 E.T. Δήμου Αρταίων,521,348,9,2,11,337,126,17,19,1,77,93,2,56,2,25,64,25,11,17,7,21,3,1,3,13,7,1,0,3,1,1,0,0,0,0,0,0,0,0,0,0,0,0,1,0,1,0,1,0,0,0,0,10,0,5,1,1,1,0,0,0,0,1,1,3,1,2,0,0,0,0,0,0,4,3,1,0,0,0,0,0,0,0,1,1,3,1
19 - Αρτας,8 E.T. Δήμου Αρταίων,234,149,4,2,6,143,77,4,13,5,44,23,2,11,2,3,5,3,0,0,1,9,5,1,2,0,4,0,1,0,0,0,0,0,0,2,0,0,1,0,0,0,0,0,1,0,1,0,0,0,0,0,0,5,1,0,0,0,0,0,0,0,0,1,0,0,0,0,1,0,0,0,0,0,2,1,0,1,1,0,0,0,5,0,2,2,4,2
19 - Αρτας,9 E.T. Δήμου Αρταίων,491,341,17,2,19,322,103,11,35,2,39,91,5,45,2,21,34,11,5,9,5,48,3,18,4,14,1,0,0,0,13,3,4,0,2,1,0,0,1,0,0,1,0,0,1,0,1,0,2,1,1,0,1,4,0,3,0,0,0,0,0,0,0,1,1,1,0,0,0,0,0,0,0,0,3,2,1,0,0,2,0,0,1,1,1,1,13,8
19 - Αρτας,10 E.T. Δήμου Αρταίων,311,203,11,2,13,190,47,13,8,0,22,50,3,23,1,17,35,4,10,6,14,25,2,3,6,9,8,2,2,0,1,0,0,1,0,3,0,2,0,0,0,0,0,0,0,0,0,0,1,1,1,0,0,7,2,4,0,0,0,1,0,0,0,1,1,1,0,1,0,0,0,0,0,0,1,0,1,0,0,3,1,0,1,0,0,0,4,3
19 - Αρτας,11 E.T. Δήμου Αρταίων,313,206,4,2,6,200,66,8,12,1,38,47,1,16,3,16,32,8,5,3,8,24,1,10,3,6,10,3,1,1,3,0,0,2,1,0,0,0,1,0,0,0,0,0,1,0,0,0,2,1,3,2,1,6,1,3,2,0,0,0,0,0,0,0,0,0,0,0,1,0,1,0,0,0,2,0,1,0,0,2,0,1,0,0,0,0,0,0
19 - Αρτας,12 E.T. Δήμου Αρταίων,216,148,3,0,3,145,49,1,17,0,29,49,2,24,0,14,25,2,2,7,11,5,0,2,0,2,5,1,0,0,8,2,1,4,1,0,0,0,0,0,0,0,0,0,0,0,0,0,0,0,1,1,0,2,0,2,0,0,0,0,0,0,0,1,1,0,0,0,0,0,0,0,0,0,0,0,0,0,0,0,0,0,0,0,0,0,0,0
19 - Αρτας,13 E.T. Δήμου Αρταίων,259,158,0,1,1,157,60,5,13,5,33,48,3,15,1,25,30,0,3,16,10,7,1,1,3,1,3,2,0,1,3,1,0,0,0,1,0,1,0,0,0,0,0,0,0,0,0,0,0,0,0,0,0,0,0,0,0,0,0,0,0,0,0,0,0,0,0,0,0,0,0,0,1,0,0,0,0,0,0,1,1,0,0,0,0,0,3,3
19 - Αρτας,14 E.T. Δήμου Αρταίων,509,309,11,1,12,297,83,1,17,6,48,91,4,47,3,25,36,8,10,6,9,36,2,5,8,11,17,6,4,3,10,4,2,1,2,0,0,0,2,0,0,0,0,0,4,1,1,0,2,0,1,0,0,5,0,2,2,0,0,0,0,0,0,0,0,0,0,0,0,0,0,0,0,0,1,0,1,2,1,0,0,0,1,0,0,0,6,3
19 - Αρτας,15 E.T. Δήμου Αρταίων,515,333,8,0,8,325,103,7,37,3,45,121,8,63,0,37,30,12,7,5,6,15,0,3,9,1,14,4,6,0,15,3,2,4,1,1,0,0,0,0,0,0,0,0,2,1,0,0,0,0,0,0,0,4,1,1,2,1,1,0,0,0,0,0,0,0,0,0,0,0,0,0,0,0,3,2,1,3,2,1,1,0,0,0,2,0,10,6
19 - Αρτας,16 E.T. Δήμου Αρταίων,514,329,9,0,9,320,123,6,36,3,63,109,3,55,4,34,27,8,4,5,1,9,2,1,4,1,9,5,2,0,13,4,2,2,0,1,0,1,0,0,0,0,0,0,1,0,0,1,3,2,0,0,0,8,1,4,0,0,0,1,1,0,0,0,0,1,0,0,0,0,0,0,0,0,1,0,0,2,1,2,2,0,0,0,1,0,9,5
19 - Αρτας,17 E.T. Δήμου Αρταίων,505,324,5,3,8,316,111,13,28,3,56,92,2,56,2,20,36,18,6,9,0,22,3,1,4,7,12,5,1,1,12,3,2,2,2,2,0,1,1,0,0,1,0,0,2,0,2,0,2,2,1,0,1,10,2,5,1,1,1,2,1,0,0,0,0,0,0,0,2,0,0,0,0,0,2,1,0,0,0,0,0,0,2,2,1,0,3,2
19 - Αρτας,18 E.T. Δήμου Αρταίων,518,316,8,0,8,308,97,8,36,1,47,124,9,61,1,43,23,6,4,3,6,21,3,0,5,7,6,1,2,2,10,6,2,0,0,3,1,2,2,2,0,0,0,0,5,0,2,2,0,0,2,0,0,9,1,4,2,0,0,0,0,0,0,0,0,1,0,0,0,0,0,0,0,0,0,0,0,0,0,0,0,0,0,0,3,0,2,1
19 - Αρτας,19 E.T. Δήμου Αρταίων,513,315,8,3,11,304,110,5,37,1,59,104,5,49,0,31,34,6,11,8,3,17,1,1,4,7,14,2,3,2,8,0,1,1,0,1,0,0,0,0,0,0,1,0,0,0,0,0,0,0,1,0,0,3,1,0,0,1,0,0,0,0,0,0,0,0,0,0,0,0,0,0,2,1,1,0,1,1,1,0,0,0,1,1,0,0,5,4
19 - Αρτας,20 E.T. Δήμου Αρταίων,514,332,10,1,11,321,90,4,28,1,50,124,10,75,1,29,31,20,3,4,4,33,5,5,8,4,11,2,1,3,10,6,2,0,0,3,0,2,0,0,0,0,0,0,0,0,0,0,1,1,3,0,1,5,1,4,0,1,1,0,0,0,0,0,0,0,0,0,2,0,0,0,0,0,0,0,0,1,1,0,0,0,1,0,0,0,5,4
19 - Αρτας,21 E.T. Δήμου Αρταίων,513,297,10,1,11,286,105,11,42,7,41,85,3,35,2,21,34,13,4,9,3,20,3,0,9,4,8,2,1,0,10,5,2,1,1,0,0,0,0,0,0,0,0,0,7,2,3,1,0,0,0,0,0,4,0,2,1,0,0,0,0,0,0,0,0,0,0,0,1,0,0,0,1,1,4,3,1,0,0,1,0,0,1,1,0,0,5,3
19 - Αρτας,22 E.T. Δήμου Αρταίων,507,334,2,1,3,331,120,11,36,3,58,98,6,44,9,30,34,11,7,7,3,22,6,6,3,3,11,5,5,1,11,4,3,2,0,3,2,0,1,0,0,0,0,0,3,2,1,0,4,3,1,1,0,11,2,8,0,0,0,0,0,0,0,0,0,0,0,0,2,0,0,1,1,1,0,0,0,1,0,2,0,1,0,0,2,1,4,3
19 - Αρτας,23 E.T. Δήμου Αρταίων,513,325,9,2,11,314,85,0,25,2,51,111,3,64,3,32,35,13,4,2,7,23,5,0,9,2,9,3,3,0,11,0,1,0,7,1,0,0,2,0,1,0,0,0,1,0,0,0,0,0,4,2,0,15,4,10,0,1,0,0,0,0,0,0,0,0,0,0,1,0,0,0,1,0,1,0,1,2,1,0,0,0,0,0,1,1,10,8
19 - Αρτας,24 E.T. Δήμου Αρταίων,504,316,5,1,6,310,89,3,29,0,46,103,8,41,5,31,36,14,2,10,3,32,5,2,10,9,9,2,4,0,9,6,0,1,0,2,2,0,2,0,2,0,0,0,1,1,0,0,3,3,0,0,0,9,1,6,1,0,0,0,0,0,0,1,0,0,0,0,0,0,0,0,0,0,1,1,0,0,0,0,0,0,1,0,2,0,10,8
19 - Αρτας,25 E.T. Δήμου Αρταίων,523,345,3,1,4,341,133,18,39,6,56,127,12,62,1,46,27,8,5,8,2,15,4,2,0,4,10,3,3,0,6,2,2,0,2,2,1,1,2,0,1,1,0,0,0,0,0,0,0,0,2,2,0,8,3,1,0,0,0,0,0,0,0,2,2,0,0,0,0,0,0,0,0,0,1,1,0,1,0,0,0,0,1,0,0,0,4,4
19 - Αρτας,26 E.T. Δήμου Αρταίων,329,272,4,1,5,267,103,11,40,2,41,113,3,48,2,48,15,5,7,1,1,13,1,1,3,1,3,1,0,0,3,2,0,0,0,4,0,3,2,0,1,0,0,0,0,0,0,0,0,0,1,0,1,3,1,0,1,1,0,0,0,0,0,1,0,0,0,0,0,0,0,0,0,0,2,0,1,0,0,0,0,0,0,0,0,0,3,2
19 - Αρτας,27 E.T. Δήμου Αρταίων,552,398,6,3,9,389,137,13,36,8,62,124,4,68,3,33,33,7,7,8,7,37,4,6,12,9,7,1,1,1,16,5,3,3,0,0,0,0,2,0,0,0,0,0,0,0,0,0,1,0,7,1,3,6,0,4,0,0,0,0,0,0,0,0,0,0,0,0,4,1,1,0,0,0,1,0,1,3,0,0,0,0,1,1,1,1,9,6
19 - Αρτας,28 E.T. Δήμου Αρταίων,535,346,4,2,6,340,129,8,32,8,72,114,3,64,1,33,40,12,8,8,6,17,5,2,2,2,7,2,1,2,8,3,0,2,0,3,2,1,1,1,0,0,0,0,0,0,0,0,3,1,3,2,1,4,1,3,0,0,0,0,0,0,0,0,0,0,0,0,3,2,0,0,1,1,0,0,0,1,1,1,1,0,0,0,0,0,5,3
19 - Αρτας,29 E.T. Δήμου Αρταίων,543,368,9,2,11,357,126,8,53,4,50,113,1,59,2,34,35,16,3,8,4,30,7,1,8,8,8,3,1,1,13,3,2,1,1,3,2,1,2,0,1,0,0,0,3,1,0,1,3,3,4,1,1,5,1,3,0,1,1,0,0,0,0,0,0,0,0,0,1,0,0,0,0,0,0,0,0,1,1,2,2,0,2,0,1,1,4,2
19 - Αρτας,30 E.T. Δήμου Αρταίων,559,366,4,1,5,361,114,10,37,7,52,121,4,63,1,45,37,11,4,16,4,43,12,3,13,5,4,0,1,0,14,3,2,3,4,2,2,0,2,0,2,0,0,0,11,6,3,0,0,0,2,0,2,1,0,0,1,0,0,0,0,0,0,0,0,1,1,0,0,0,0,0,0,0,3,1,0,2,1,0,0,0,0,0,0,0,4,3
19 - Αρτας,31 E.T. Δήμου Αρταίων,559,369,9,1,10,359,120,8,43,9,41,108,5,60,1,28,36,16,6,6,5,37,5,5,15,4,12,3,0,3,12,7,0,2,2,2,0,2,3,1,0,1,0,0,1,1,0,0,0,0,2,0,1,13,1,9,0,0,0,1,0,0,0,1,0,1,1,0,0,0,0,0,0,0,3,0,0,0,0,0,0,0,1,1,0,0,6,4
19 - Αρτας,32 E.T. Δήμου Αρταίων,547,377,4,1,5,372,149,15,43,6,69,105,7,54,1,30,45,18,5,9,8,26,10,2,5,4,3,3,0,0,25,10,4,3,4,2,1,1,1,0,0,1,1,0,2,0,2,0,3,3,1,0,0,4,1,1,0,0,0,0,0,0,0,0,0,0,0,0,0,0,0,0,1,1,2,0,1,0,0,0,0,0,1,1,0,0,1,0
19 - Αρτας,33 E.T. Δήμου Αρταίων,549,349,2,0,2,347,144,16,44,6,67,109,7,68,0,23,26,13,4,7,1,24,5,2,9,2,4,3,0,0,13,3,3,1,6,0,0,0,0,0,0,0,0,0,1,1,0,0,3,2,3,1,1,7,0,6,0,0,0,0,0,0,0,0,0,0,0,0,0,0,0,0,0,0,3,1,0,3,3,0,0,0,0,0,1,1,6,4
19 - Αρτας,34 E.T. Δήμου Αρταίων,534,367,10,2,12,355,122,5,34,6,71,116,5,65,2,38,24,8,6,6,2,48,5,2,11,14,5,1,1,0,13,5,1,4,0,1,0,1,1,0,0,1,0,0,1,0,0,0,3,1,3,1,2,7,0,5,2,0,0,0,0,0,0,0,0,3,0,1,0,0,0,0,0,0,1,1,0,3,2,2,2,0,0,0,0,0,2,1
19 - Αρτας,35 E.T. Δήμου Αρταίων,556,369,3,2,5,364,115,6,38,7,60,109,5,47,6,39,37,14,10,5,3,40,3,8,9,7,5,0,0,0,23,8,4,3,7,2,0,2,0,0,0,0,0,0,2,1,1,0,5,5,2,0,1,10,0,6,1,0,0,0,0,0,0,0,0,0,0,0,0,0,0,0,1,1,1,0,0,3,2,1,1,0,0,0,0,0,8,5
19 - Αρτας,36 E.T. Δήμου Αρταίων,528,353,4,1,5,348,120,13,36,6,52,125,4,63,3,44,38,8,9,3,7,18,2,1,3,4,6,1,0,3,15,5,2,2,2,3,1,2,3,0,1,0,0,0,6,5,0,0,1,0,4,0,1,3,0,1,2,0,0,0,0,0,0,0,0,0,0,0,1,0,0,0,2,1,0,0,0,0,0,0,0,0,0,0,0,0,3,1
19 - Αρτας,37 E.T. Δήμου Αρταίων,530,385,5,1,6,379,93,6,28,2,51,135,11,78,0,33,45,13,11,10,10,44,12,4,7,11,12,4,3,0,11,6,1,0,3,2,0,2,1,0,0,0,0,0,2,0,0,0,1,1,2,1,1,11,2,6,2,0,0,0,0,0,0,1,0,0,0,0,0,0,0,0,0,0,2,1,1,3,1,2,1,1,0,0,2,2,10,7
19 - Αρτας,38 E.T. Δήμου Αρταίων,523,394,12,3,15,379,112,8,21,5,68,124,7,66,5,30,37,11,12,8,3,40,12,1,10,5,5,1,1,1,18,9,0,2,2,10,6,0,1,0,0,0,0,0,4,2,0,0,0,0,4,1,2,11,1,7,3,0,0,0,0,0,0,0,0,0,0,0,2,0,1,1,0,0,1,0,1,1,1,1,0,0,0,0,1,1,7,4
19 - Αρτας,39 E.T. Δήμου Αρταίων,541,407,11,1,12,395,97,8,24,2,54,150,4,86,6,31,40,9,13,10,2,33,8,3,13,4,8,3,2,0,22,13,1,2,0,4,4,0,0,0,0,0,0,0,8,3,0,4,3,0,2,1,0,8,2,2,2,0,0,0,0,1,0,1,1,1,0,0,0,0,0,0,0,0,0,0,0,2,1,3,1,0,0,0,2,0,10,4
19 - Αρτας,40 E.T. Δήμου Αρταίων,539,378,5,2,7,371,81,15,23,3,34,162,12,81,3,46,39,21,2,5,4,37,15,4,7,4,9,1,4,0,11,4,2,1,1,2,0,2,3,1,0,2,0,0,2,0,0,0,1,1,3,0,2,4,0,3,0,0,0,0,0,0,0,0,0,0,0,0,1,0,1,0,0,0,2,0,0,0,0,0,0,0,3,1,0,0,11,10
19 - Αρτας,41 E.T. Δήμου Αρταίων,522,401,10,1,11,390,125,14,28,6,60,143,9,84,2,26,46,18,8,9,5,28,4,4,8,6,8,1,2,1,16,8,2,1,3,1,0,1,3,0,1,0,0,0,1,0,0,1,3,2,1,1,0,9,4,3,0,0,0,0,0,0,0,0,0,0,0,0,0,0,0,0,0,0,0,0,0,0,0,0,0,0,2,0,2,1,2,0
19 - Αρτας,42 E.T. Δήμου Αρταίων,545,384,7,4,11,373,116,11,30,11,52,127,5,77,1,28,38,12,8,8,2,31,12,5,5,3,6,1,1,0,16,11,1,2,0,2,0,2,6,1,0,2,0,0,1,1,0,0,4,1,4,0,2,11,4,5,0,0,0,0,0,0,0,0,0,1,1,0,2,1,0,0,0,0,0,0,0,2,1,2,1,1,0,0,0,0,4,1
19 - Αρτας,43 E.T. Δήμου Αρταίων,557,391,11,0,11,380,107,7,34,4,47,141,11,70,3,36,39,9,4,9,11,33,11,0,5,5,4,2,1,0,24,8,2,5,4,2,2,0,1,0,0,1,0,0,4,0,1,1,1,0,1,0,1,5,1,1,1,0,0,0,0,0,0,1,1,0,0,0,3,0,0,1,2,1,1,0,0,4,2,2,1,1,0,0,1,0,4,3
19 - Αρτας,44 E.T. Δήμου Αρταίων,529,398,9,2,11,387,111,9,37,3,48,137,15,75,0,34,36,18,5,7,3,39,14,3,11,5,5,2,2,0,20,8,2,4,2,2,1,1,1,0,0,0,0,0,1,0,1,0,0,0,1,0,0,9,1,8,0,0,0,0,0,0,0,0,0,0,0,0,1,0,0,1,0,0,1,0,1,2,2,2,1,1,1,1,3,1,15,14
19 - Αρτας,45 E.T. Δήμου Αρταίων,535,389,3,2,5,384,100,4,35,9,44,152,7,82,3,47,45,17,8,12,3,28,5,2,11,4,12,3,3,2,19,8,7,2,1,1,0,1,3,0,1,2,0,0,5,0,0,4,2,0,1,0,1,6,2,4,0,0,0,0,0,0,0,0,0,0,0,0,1,0,0,0,0,0,0,0,0,1,1,1,0,0,3,1,0,0,4,3
19 - Αρτας,46 E.T. Δήμου Αρταίων,514,391,7,1,8,383,113,4,18,9,73,132,8,57,2,46,42,12,9,9,7,33,8,3,6,8,8,2,2,2,13,1,0,1,1,6,2,4,4,1,1,2,0,0,2,1,0,0,1,1,2,0,1,10,2,5,1,1,0,0,0,0,0,1,1,0,0,0,0,0,0,0,0,0,4,0,3,5,3,1,1,0,0,0,1,1,4,1
19 - Αρτας,47 E.T. Δήμου Αρταίων,401,280,3,0,3,277,109,27,13,7,55,95,7,49,1,27,28,3,11,4,6,15,0,2,2,3,5,1,1,0,9,6,0,1,0,0,0,0,3,1,0,2,0,0,0,0,0,0,1,1,1,0,0,5,0,4,0,0,0,0,0,0,0,0,0,1,0,1,1,0,0,0,0,0,1,1,0,0,0,1,0,0,1,1,0,0,1,1
19 - Αρτας,48 E.T. Δήμου Αρταίων,345,235,3,1,4,231,75,8,19,10,36,77,8,35,2,20,20,9,3,3,4,17,6,1,5,1,8,2,3,0,9,4,0,1,2,1,0,0,1,0,0,0,0,0,3,0,0,0,4,2,0,0,0,5,0,5,0,0,0,0,0,0,0,0,0,0,0,0,0,0,0,0,1,1,2,0,1,2,0,3,0,1,1,0,0,0,2,1
19 - Αρτας,49 E.T. Δήμου Αρταίων,331,221,4,1,5,216,57,8,15,3,25,88,8,39,0,25,30,13,8,2,6,11,2,4,1,2,4,2,0,2,5,1,0,1,2,1,1,0,0,0,0,0,0,0,1,0,0,0,0,0,0,0,0,12,2,7,2,0,0,0,0,0,0,0,0,0,0,0,1,0,0,1,0,0,1,1,0,0,0,0,0,0,0,0,1,0,4,3
19 - Αρτας,50 E.T. Δήμου Αρταίων,500,363,2,6,8,355,128,21,34,1,62,126,8,56,3,39,24,7,5,6,4,17,4,1,1,3,21,7,1,1,7,4,1,1,0,7,2,5,1,0,0,0,0,0,2,1,0,0,0,0,1,0,0,12,0,8,3,0,0,0,0,0,0,0,0,0,0,0,1,0,0,0,1,0,0,0,0,0,0,2,0,0,1,1,0,0,4,2
19 - Αρτας,51 E.T. Δήμου Αρταίων,489,332,8,1,9,323,139,9,36,3,76,94,8,57,3,17,35,6,9,7,6,12,4,2,0,3,11,4,2,1,6,2,0,3,0,4,1,1,1,0,0,1,0,0,2,0,0,2,1,1,5,1,3,6,2,2,2,0,0,0,0,0,0,0,0,0,0,0,0,0,0,0,1,0,0,0,0,1,1,2,1,1,1,1,0,0,2,2
19 - Αρτας,52 E.T. Δήμου Αρταίων,482,318,2,4,6,312,94,8,30,0,42,96,8,56,2,16,46,16,6,4,11,40,12,10,3,7,8,4,1,2,4,2,0,0,0,1,1,0,4,3,0,0,0,0,3,0,0,2,3,1,0,0,0,4,0,0,2,0,0,1,0,0,0,0,0,0,0,0,0,0,0,0,1,1,0,0,0,0,0,0,0,0,0,0,4,3,3,1
19 - Αρτας,53 E.T. Δήμου Αρταίων,479,341,3,0,3,338,136,3,42,4,72,91,5,55,0,18,32,5,1,15,7,24,1,9,2,3,6,3,1,0,15,7,3,4,1,2,0,1,2,1,0,0,0,0,2,0,1,0,4,3,1,0,1,3,1,2,0,0,0,0,0,0,0,0,0,0,0,0,2,1,0,0,1,0,4,0,1,0,0,0,0,0,2,1,3,1,8,4
19 - Αρτας,54 E.T. Δήμου Αρταίων,339,199,4,0,4,195,92,7,20,4,51,48,2,27,1,13,8,2,2,2,0,14,0,2,11,0,6,2,1,0,2,1,0,0,0,2,1,1,0,0,0,0,0,0,0,0,0,0,6,4,1,0,0,5,2,3,0,1,0,0,0,0,0,0,0,4,3,1,1,0,0,0,0,0,0,0,0,1,0,0,0,0,0,0,0,0,4,0
19 - Αρτας,55 E.T. Δήμου Αρταίων,399,292,10,0,10,282,131,15,19,7,84,80,4,60,1,11,10,0,1,4,4,17,4,0,2,7,9,3,1,2,15,0,3,11,0,2,0,2,2,0,0,0,0,0,1,0,1,0,1,0,0,0,0,7,0,3,2,0,0,0,0,0,0,1,0,0,0,0,0,0,0,0,0,0,1,1,0,0,0,1,0,0,0,0,0,0,4,3
19 - Αρτας,56 E.T. Δήμου Αρταίων,409,290,4,2,6,284,120,13,51,0,49,85,5,47,2,18,19,5,2,9,2,26,2,4,3,15,6,3,0,1,19,2,1,15,0,2,1,0,0,0,0,0,0,0,1,1,0,0,0,0,0,0,0,1,0,0,0,1,1,0,0,0,0,0,0,1,0,0,0,0,0,0,1,0,0,0,0,0,0,1,1,0,0,0,0,0,1,1
19 - Αρτας,57 E.T. Δήμου Αρταίων,462,308,6,1,7,301,125,14,36,3,55,67,3,35,3,14,38,14,5,5,10,17,1,3,2,9,4,1,0,0,27,2,0,20,0,5,1,2,0,0,0,0,0,0,2,0,0,0,1,0,2,1,0,8,0,7,0,0,0,0,0,0,0,0,0,1,1,0,0,0,0,0,1,1,0,0,0,1,1,1,1,0,0,0,0,0,1,0
19 - Αρτας,58 E.T. Δήμου Αρταίων,439,300,3,3,6,294,116,8,36,1,71,93,8,25,5,36,30,7,5,9,5,9,0,0,4,3,8,2,1,0,5,0,0,3,0,3,1,1,0,0,0,0,0,0,1,0,1,0,1,0,4,0,1,9,3,4,0,0,0,1,0,0,0,1,1,2,1,0,0,0,0,0,0,0,0,0,0,0,0,1,0,0,2,0,1,0,7,5
19 - Αρτας,59 E.T. Δήμου Αρταίων,283,198,6,0,6,192,46,3,16,0,25,58,9,26,2,14,55,10,1,40,2,15,5,1,4,2,7,2,2,0,2,1,0,1,0,1,0,1,1,0,1,0,0,0,0,0,0,0,0,0,1,1,0,1,0,0,0,0,0,0,0,0,0,0,0,0,0,0,0,0,0,0,1,0,0,0,0,0,0,1,0,0,2,1,0,0,1,1
19 - Αρτας,60 E.T. Δήμου Αρταίων,291,219,1,0,1,218,86,7,27,1,37,54,2,35,0,14,57,22,8,23,0,4,2,1,0,1,3,2,0,0,4,0,0,0,0,0,0,0,0,0,0,0,0,0,0,0,0,0,5,5,0,0,0,1,0,0,0,0,0,0,0,0,0,0,0,0,0,0,0,0,0,0,0,0,1,0,0,0,0,1,0,0,0,0,0,0,2,1
19 - Αρτας,61 E.T. Δήμου Αρταίων,311,193,4,0,4,189,81,8,12,3,46,49,5,33,1,7,22,6,0,9,1,9,3,0,1,2,4,2,2,0,6,1,0,4,0,2,1,1,0,0,0,0,0,0,0,0,0,0,3,0,1,0,0,7,2,5,0,0,0,0,0,0,0,0,0,0,0,0,0,0,0,0,1,1,0,0,0,2,2,0,0,0,1,1,0,0,1,1
19 - Αρτας,62 E.T. Δήμου Αρταίων,266,148,2,0,2,146,77,8,13,2,44,29,7,14,0,5,11,2,0,6,0,3,0,0,1,1,6,2,1,2,5,2,1,1,0,3,1,0,0,0,0,0,0,0,0,0,0,0,0,0,2,0,2,5,0,4,0,0,0,0,0,0,0,0,0,0,0,0,1,0,0,0,1,0,0,0,0,0,0,1,1,0,0,0,0,0,2,2
19 - Αρτας,63 E.T. Δήμου Αρταίων,280,196,6,1,7,189,113,14,10,4,69,34,3,21,0,7,16,2,1,13,0,3,1,0,1,0,6,2,3,0,3,0,0,2,0,3,1,2,0,0,0,0,0,0,0,0,0,0,4,2,0,0,0,0,0,0,0,0,0,0,0,0,0,0,0,1,1,0,1,0,1,0,0,0,1,0,0,1,0,1,1,0,1,1,0,0,1,1
19 - Αρτας,64 E.T. Δήμου Αρταίων,291,177,4,1,5,172,105,6,14,4,67,17,2,9,1,2,17,9,0,5,1,0,0,0,0,0,12,6,5,0,4,0,0,3,0,6,0,3,0,0,0,0,0,0,0,0,0,0,0,0,2,1,0,1,0,1,0,1,0,1,0,0,0,0,0,0,0,0,2,0,0,0,0,0,1,0,0,0,0,1,0,1,0,0,1,0,1,0
19 - Αρτας,65 E.T. Δήμου Αρταίων,465,285,6,1,7,278,80,9,23,2,35,74,42,14,1,10,75,32,2,32,5,11,2,0,5,1,3,1,1,0,13,3,2,3,3,2,0,2,0,0,0,0,1,1,1,1,0,0,1,0,0,0,0,5,0,4,0,0,0,0,0,0,0,0,0,0,0,0,0,0,0,0,0,0,2,1,0,1,1,0,0,0,0,0,1,1,8,7
19 - Αρτας,66 E.T. Δήμου Αρταίων,484,285,3,0,3,282,94,12,34,6,34,62,29,17,0,8,80,26,1,52,1,17,3,2,1,5,4,1,1,1,10,2,1,1,2,3,0,1,0,0,0,0,1,1,2,0,1,0,1,0,0,0,0,2,1,1,0,0,0,0,0,0,0,0,0,0,0,0,0,0,0,0,0,0,0,0,0,0,0,0,0,0,1,0,1,1,4,3
19 - Αρτας,67 E.T. Δήμου Αρταίων,327,233,6,0,6,227,60,11,14,0,25,30,9,14,0,2,105,54,5,45,0,6,0,0,0,3,4,2,1,1,2,1,0,1,0,1,0,1,0,0,0,0,0,0,2,0,2,0,6,4,1,0,0,3,0,3,0,0,0,0,0,0,0,0,0,0,0,0,0,0,0,0,0,0,4,3,0,1,1,0,0,0,1,1,1,0,0,0
19 - Αρτας,68 E.T. Δήμου Αρταίων,187,103,1,2,3,100,33,2,11,1,14,23,3,14,1,1,30,15,0,13,1,9,1,0,1,1,1,0,0,0,1,0,0,1,0,0,0,0,0,0,0,0,0,0,0,0,0,0,2,1,0,0,0,0,0,0,0,0,0,0,0,0,0,0,0,0,0,0,0,0,0,0,0,0,0,0,0,0,0,0,0,0,0,0,0,0,1,0
19 - Αρτας,69 E.T. Δήμου Αρταίων,496,275,3,2,5,270,64,5,12,0,38,91,21,32,0,19,53,15,8,19,6,27,5,0,3,9,4,1,1,0,1,0,1,0,0,1,0,1,5,2,2,1,0,0,1,0,0,1,0,0,1,0,1,9,0,8,0,0,0,1,0,0,0,1,0,1,1,0,0,0,0,0,0,0,0,0,0,1,1,2,1,0,0,0,0,0,7,6
19 - Αρτας,70 E.T. Δήμου Αρταίων,489,276,6,3,9,267,71,6,29,2,26,62,9,28,2,9,44,6,0,28,7,55,4,5,11,18,6,3,2,0,6,2,0,2,2,3,0,2,1,0,1,0,0,0,1,0,0,0,0,0,1,0,1,5,0,4,0,0,0,0,0,0,0,3,1,1,1,0,0,0,0,0,0,0,1,1,0,0,0,0,0,0,0,0,1,1,6,3
19 - Αρτας,71 E.T. Δήμου Αρταίων,445,257,5,1,6,251,112,33,19,0,54,67,5,35,0,11,30,7,2,16,1,7,1,2,0,1,10,4,2,1,6,2,1,0,0,7,0,2,0,0,0,0,0,0,0,0,0,0,1,0,1,0,0,4,0,4,0,1,1,0,0,0,0,1,0,0,0,0,0,0,0,0,2,0,1,0,0,0,0,1,0,0,0,0,0,0,0,0
19 - Αρτας,72 E.T. Δήμου Αρταίων,145,77,3,1,4,73,29,4,5,1,18,23,1,16,0,3,5,3,0,2,0,6,1,0,1,1,0,0,0,0,2,1,0,0,0,0,0,0,0,0,0,0,0,0,0,0,0,0,0,0,4,0,2,3,2,1,0,0,0,1,1,0,0,0,0,0,0,0,0,0,0,0,0,0,0,0,0,0,0,0,0,0,0,0,0,0,0,0
19 - Αρτας,73 E.T. Δήμου Αρταίων,248,146,5,0,5,141,63,5,19,2,29,35,1,20,0,5,20,13,0,2,2,7,2,1,0,1,3,1,0,0,2,1,0,1,0,0,0,0,0,0,0,0,0,0,0,0,0,0,2,2,1,0,1,2,1,0,0,0,0,0,0,0,0,0,0,0,0,0,0,0,0,0,0,0,1,0,0,1,0,0,0,0,1,1,1,0,2,1
19 - Αρτας,74 E.T. Δήμου Αρταίων,332,180,0,0,0,180,79,5,25,4,35,29,1,17,0,9,14,6,1,5,0,14,1,1,3,4,12,1,2,4,5,2,0,0,0,1,1,0,0,0,0,0,0,0,3,0,0,0,0,0,3,0,0,6,1,2,1,0,0,0,0,0,0,0,0,1,0,0,3,0,2,0,0,0,1,0,1,1,0,2,1,1,0,0,0,0,6,2
19 - Αρτας,75 E.T. Δήμου Αρταίων,265,156,1,1,2,154,84,12,20,2,40,26,2,11,0,8,15,4,2,5,4,10,1,0,2,1,8,3,0,1,5,0,2,1,1,1,1,0,1,0,1,0,0,0,0,0,0,0,0,0,0,0,0,0,0,0,0,1,0,0,0,0,0,0,0,0,0,0,0,0,0,0,0,0,0,0,0,0,0,0,0,0,0,0,0,0,3,2
19 - Αρτας,76 E.T. Δήμου Αρταίων,101,49,0,0,0,49,36,3,17,4,10,3,0,3,0,0,4,1,1,1,0,3,2,0,0,0,1,0,0,0,0,0,0,0,0,1,0,0,0,0,0,0,0,0,0,0,0,0,0,0,0,0,0,0,0,0,0,0,0,0,0,0,0,0,0,0,0,0,1,0,0,0,0,0,0,0,0,0,0,0,0,0,0,0,0,0,0,0
19 - Αρτας,77 E.T. Δήμου Αρταίων,241,127,1,1,2,125,50,5,9,1,28,36,1,26,0,5,14,6,2,4,0,12,2,1,1,2,3,0,0,0,3,2,0,1,0,0,0,0,0,0,0,0,0,0,2,0,1,0,0,0,0,0,0,3,0,3,0,0,0,0,0,0,0,0,0,0,0,0,0,0,0,0,0,0,0,0,0,0,0,0,0,0,0,0,0,0,2,1
19 - Αρτας,78 E.T. Δήμου Αρταίων,167,95,1,1,2,93,40,1,11,2,19,21,4,14,0,1,22,5,0,15,0,2,0,0,0,0,2,1,0,0,1,1,0,0,0,2,1,0,0,0,0,0,0,0,0,0,0,0,1,0,0,0,0,0,0,0,0,0,0,0,0,0,0,0,0,0,0,0,0,0,0,0,0,0,1,0,0,0,0,0,0,0,0,0,0,0,1,1
19 - Αρτας,79 E.T. Δήμου Αρταίων,508,327,1,1,2,325,107,7,22,2,62,75,1,44,1,16,57,6,6,5,36,55,0,2,1,50,10,4,0,0,4,3,0,0,1,2,0,2,0,0,0,0,0,0,0,0,0,0,1,1,0,0,0,8,0,7,0,0,0,0,0,0,0,0,0,0,0,0,1,0,0,0,0,0,1,0,0,0,0,0,0,0,0,0,0,0,4,1
19 - Αρτας,80 E.T. Δήμου Αρταίων,488,304,10,1,11,293,101,9,27,2,53,66,1,36,2,11,45,6,1,5,30,42,0,0,1,39,7,2,0,1,2,2,0,0,0,2,2,0,0,0,0,0,0,0,1,0,0,0,3,3,0,0,0,14,0,14,0,1,0,1,0,0,0,0,0,0,0,0,1,0,1,0,0,0,0,0,0,2,0,0,0,0,1,1,1,0,3,2
19 - Αρτας,81 E.T. Δήμου Αρταίων,467,294,5,1,6,288,79,7,23,2,40,69,4,37,2,13,49,3,1,6,36,51,3,0,1,45,4,0,1,0,3,0,1,1,0,4,1,2,1,0,0,0,0,0,1,0,0,0,1,1,1,0,1,16,1,15,0,0,0,1,0,0,0,0,0,1,0,1,0,0,0,0,0,0,1,1,0,0,0,1,1,0,1,1,0,0,4,2
19 - Αρτας,82 E.T. Δήμου Αρταίων,387,245,2,2,4,241,98,5,28,2,46,47,2,21,1,14,22,4,1,1,13,30,0,1,2,27,5,3,0,1,7,3,0,2,0,1,0,0,2,0,0,1,0,0,2,1,1,0,1,0,0,0,0,9,1,8,0,0,0,0,0,0,0,0,0,2,1,0,2,2,0,0,5,4,0,0,0,1,0,2,0,1,0,0,1,1,4,1
19 - Αρτας,83 E.T. Δήμου Αρταίων,383,268,7,1,8,260,87,4,21,0,57,71,3,46,0,12,34,0,0,4,30,37,3,0,0,29,7,0,2,3,1,0,0,0,0,0,0,0,0,0,0,0,0,0,0,0,0,0,6,1,0,0,0,8,0,8,0,0,0,0,0,0,0,0,0,0,0,0,0,0,0,0,1,1,0,0,0,0,0,2,1,0,1,0,1,1,4,2
19 - Αρτας,84 E.T. Δήμου Αρταίων,394,267,6,1,7,260,91,8,23,2,53,91,4,52,3,24,38,3,0,3,28,20,0,0,1,15,2,1,0,1,2,1,0,0,1,4,0,2,2,0,1,0,0,0,0,0,0,0,1,0,0,0,0,5,1,4,0,0,0,1,0,0,0,0,0,0,0,0,0,0,0,0,0,0,0,0,0,0,0,0,0,0,1,1,0,0,2,2
19 - Αρτας,85 E.T. Δήμου Αρταίων,412,284,6,0,6,278,89,11,31,2,41,110,2,51,1,48,21,5,2,5,9,30,3,2,1,18,6,2,0,1,4,0,0,1,0,5,1,4,1,0,0,1,0,0,2,1,0,0,1,1,1,0,1,1,1,0,0,0,0,0,0,0,0,3,2,0,0,0,1,0,0,0,0,0,1,0,0,0,0,0,0,0,0,0,0,0,2,1
19 - Αρτας,86 E.T. Δήμου Αρταίων,403,244,7,1,8,236,76,7,18,2,36,64,2,28,2,20,21,4,4,5,4,42,3,1,2,31,4,3,0,1,4,1,0,2,0,1,0,0,3,0,0,1,0,0,0,0,0,0,0,0,0,0,0,2,0,2,0,0,0,0,0,0,0,11,7,0,0,0,0,0,0,0,0,0,2,0,2,0,0,2,0,0,1,0,0,0,3,0
19 - Αρτας,87 E.T. Δήμου Αρταίων,421,271,6,0,6,265,98,13,30,4,45,95,0,40,0,41,25,9,0,3,7,33,3,3,2,20,3,0,2,0,3,2,0,0,0,0,0,0,1,0,0,0,0,0,1,1,0,0,2,0,0,0,0,1,0,0,0,0,0,0,0,0,0,0,0,0,0,0,0,0,0,0,0,0,2,0,2,0,0,0,0,0,0,0,0,0,1,0
19 - Αρτας,88 E.T. Δήμου Αρταίων,332,190,3,0,3,187,99,27,22,3,35,34,0,19,0,10,19,3,1,3,12,8,2,1,0,4,2,1,0,0,8,0,1,1,0,4,0,3,1,0,0,0,0,0,0,0,0,0,0,0,0,0,0,3,1,1,0,0,0,0,0,0,0,0,0,1,1,0,5,1,0,1,0,0,0,0,0,0,0,0,0,0,1,1,0,0,2,0
19 - Αρτας,89 E.T. Δήμου Αρταίων,351,191,3,1,4,187,79,23,16,3,27,49,2,25,1,13,33,2,3,12,12,7,2,0,0,4,6,3,0,1,4,1,0,1,1,0,0,0,1,1,0,0,0,0,0,0,0,0,1,0,0,0,0,3,0,2,0,0,0,0,0,0,0,0,0,0,0,0,0,0,0,0,0,0,0,0,0,0,0,2,0,0,1,1,0,0,1,1
19 - Αρτας,90 E.T. Δήμου Αρταίων,293,167,2,2,4,163,51,3,14,0,27,47,2,31,2,10,37,13,2,10,9,16,4,0,0,9,3,0,0,0,0,0,0,0,0,0,0,0,0,0,0,0,0,0,0,0,0,0,1,1,0,0,0,1,0,1,0,0,0,0,0,0,0,1,1,1,0,0,0,0,0,0,0,0,1,1,0,0,0,0,0,0,0,0,1,0,3,3
19 - Αρτας,91 E.T. Δήμου Αρταίων,274,194,9,1,10,184,84,4,13,5,54,43,3,29,0,8,28,10,3,2,13,12,0,2,0,8,3,2,0,1,0,0,0,0,0,3,1,1,1,0,0,0,0,0,2,0,0,0,0,0,0,0,0,1,0,1,0,0,0,0,0,0,0,2,1,0,0,0,0,0,0,0,0,0,2,1,1,0,0,0,0,0,0,0,0,0,3,2
19 - Αρτας,92 E.T. Δήμου Αρταίων,293,178,0,0,0,178,55,3,8,4,31,67,5,33,6,12,32,9,3,4,13,7,1,0,0,4,9,1,0,0,2,1,1,0,0,1,0,1,0,0,0,0,0,0,0,0,0,0,0,0,0,0,0,1,0,1,0,0,0,0,0,0,0,1,0,0,0,0,0,0,0,0,0,0,0,0,0,0,0,0,0,0,0,0,1,1,2,2
19 - Αρτας,93 E.T. Δήμου Αρταίων,322,210,2,0,2,208,92,8,25,3,50,47,9,20,3,7,22,7,1,5,8,13,0,6,1,5,5,2,1,0,5,2,0,0,1,1,0,0,0,0,0,0,0,0,1,1,0,0,4,4,0,0,0,2,0,2,0,0,0,0,0,0,0,0,0,1,0,0,3,0,1,0,1,1,1,1,0,2,1,2,1,0,1,0,0,0,5,3
19 - Αρτας,94 E.T. Δήμου Αρταίων,299,212,3,1,4,208,96,8,25,2,55,41,4,18,0,12,22,3,0,1,15,20,1,1,1,14,3,1,1,0,4,1,1,2,0,5,0,5,0,0,0,0,0,0,4,0,4,0,0,0,1,0,1,5,0,4,0,0,0,0,0,0,0,0,0,1,1,0,0,0,0,0,0,0,0,0,0,2,1,1,0,1,1,0,0,0,2,2
19 - Αρτας,95 E.T. Δήμου Γεωργίου Καραϊσκάκη,465,228,2,1,3,225,74,7,25,1,38,100,6,62,2,22,21,7,1,7,4,12,3,5,1,1,5,2,1,0,3,1,1,0,0,3,1,0,1,0,0,1,0,0,3,2,1,0,1,1,0,0,0,0,0,0,0,0,0,0,0,0,0,0,0,0,0,0,0,0,0,0,0,0,0,0,0,0,0,0,0,0,1,1,0,0,1,1
19 - Αρτας,96 E.T. Δήμου Γεωργίου Καραϊσκάκη,477,262,5,0,5,257,78,3,12,6,49,109,13,60,1,25,32,10,4,9,8,10,1,2,2,1,2,2,0,0,2,1,0,0,0,0,0,0,0,0,0,0,1,0,0,0,0,0,3,1,0,0,0,5,3,1,1,0,0,5,4,0,0,0,0,0,0,0,1,0,0,0,2,2,1,0,0,0,0,0,0,0,1,0,1,0,4,1
19 - Αρτας,97 E.T. Δήμου Γεωργίου Καραϊσκάκη,268,115,0,1,1,114,56,7,26,0,20,30,3,14,2,10,4,2,0,0,0,2,1,0,1,0,5,2,0,1,3,1,0,2,0,2,0,0,0,0,0,0,0,0,0,0,0,0,0,0,1,0,0,5,0,1,0,0,0,0,0,0,0,0,0,2,1,0,0,0,0,0,0,0,0,0,0,0,0,3,1,0,0,0,0,0,1,1
19 - Αρτας,98 E.T. Δήμου Γεωργίου Καραϊσκάκη,188,120,0,1,1,119,60,0,14,2,43,33,0,25,1,4,9,3,1,2,2,9,6,0,2,0,3,2,1,0,2,0,0,0,1,0,0,0,0,0,0,0,0,0,0,0,0,0,1,0,1,1,0,0,0,0,0,1,1,0,0,0,0,0,0,0,0,0,0,0,0,0,0,0,0,0,0,0,0,0,0,0,0,0,0,0,0,0
19 - Αρτας,99 E.T. Δήμου Γεωργίου Καραϊσκάκη,412,206,2,1,3,203,80,5,18,0,52,76,5,48,1,9,29,9,13,2,1,5,0,1,2,0,5,0,2,1,0,0,0,0,0,0,0,0,0,0,0,0,0,0,0,0,0,0,0,0,0,0,0,4,0,4,0,0,0,0,0,0,0,0,0,0,0,0,0,0,0,0,0,0,0,0,0,0,0,0,0,0,0,0,0,0,4,1
19 - Αρτας,100 E.T. Δήμου Γεωργίου Καραϊσκάκη,326,171,5,4,9,162,55,7,18,0,26,70,6,42,0,17,13,0,2,1,8,6,0,0,2,3,7,1,1,0,2,1,0,0,0,3,3,0,0,0,0,0,0,0,1,0,0,1,0,0,0,0,0,0,0,0,0,0,0,0,0,0,0,0,0,0,0,0,1,1,0,0,1,0,0,0,0,0,0,0,0,0,0,0,0,0,3,1
19 - Αρτας,101 E.T. Δήμου Γεωργίου Καραϊσκάκη,177,82,1,0,1,81,23,1,2,1,18,34,3,17,1,9,7,0,1,1,2,2,0,0,0,0,2,0,2,0,2,2,0,0,0,3,1,1,0,0,0,0,0,0,0,0,0,0,1,1,0,0,0,5,0,5,0,0,0,0,0,0,0,0,0,0,0,0,1,0,0,0,0,0,0,0,0,0,0,0,0,0,0,0,1,0,0,0
19 - Αρτας,102 E.T. Δήμου Γεωργίου Καραϊσκάκη,305,178,2,3,5,173,48,0,11,2,30,59,2,20,1,32,18,12,1,2,1,24,6,3,5,3,3,1,1,0,4,3,0,0,0,2,2,0,0,0,0,0,0,0,0,0,0,0,1,1,1,0,0,0,0,0,0,1,0,0,0,0,0,0,0,0,0,0,1,0,0,0,0,0,1,1,0,0,0,0,0,0,1,1,0,0,9,3
19 - Αρτας,103 E.T. Δήμου Γεωργίου Καραϊσκάκη,290,175,4,0,4,171,49,3,23,1,21,70,2,35,1,30,12,8,0,0,0,25,14,6,3,2,5,2,0,0,3,1,0,0,0,0,0,0,0,0,0,0,0,0,0,0,0,0,1,0,0,0,0,1,0,1,0,0,0,0,0,0,0,0,0,1,0,0,0,0,0,0,0,0,0,0,0,1,0,0,0,0,0,0,0,0,3,2
19 - Αρτας,104 E.T. Δήμου Γεωργίου Καραϊσκάκη,470,262,9,3,12,250,108,15,7,0,76,88,2,56,5,5,17,13,1,2,1,13,4,0,2,2,5,2,0,1,0,0,0,0,0,8,0,8,0,0,0,0,0,0,2,0,2,0,1,1,0,0,0,1,0,1,0,0,0,0,0,0,0,0,0,0,0,0,0,0,0,0,0,0,0,0,0,1,1,0,0,0,1,1,1,1,4,1
19 - Αρτας,105 E.T. Δήμου Γεωργίου Καραϊσκάκη,165,105,5,3,8,97,36,3,8,0,20,42,2,29,2,7,9,5,1,1,2,2,1,1,0,0,1,0,0,1,2,1,0,0,0,0,0,0,0,0,0,0,0,0,0,0,0,0,0,0,0,0,0,1,0,1,0,0,0,0,0,0,0,0,0,0,0,0,0,0,0,0,0,0,0,0,0,1,1,0,0,0,0,0,0,0,3,3
19 - Αρτας,106 E.T. Δήμου Γεωργίου Καραϊσκάκη,452,258,6,2,8,250,117,5,23,0,68,69,0,38,1,21,20,13,2,2,3,14,0,0,13,1,11,4,1,3,4,0,0,0,0,0,0,0,1,0,0,1,0,0,0,0,0,0,1,1,2,0,0,4,0,2,0,0,0,1,1,0,0,0,0,0,0,0,0,0,0,0,0,0,2,1,1,2,0,1,0,1,0,0,0,0,1,0
19 - Αρτας,107 E.T. Δήμου Γεωργίου Καραϊσκάκη,449,250,3,2,5,245,121,5,10,1,93,69,1,41,1,17,25,7,3,7,4,2,0,1,0,1,7,0,1,1,5,0,0,4,1,1,0,1,0,0,0,0,0,0,1,0,0,0,1,1,0,0,0,2,0,0,0,1,0,0,0,0,0,0,0,0,0,0,0,0,0,0,2,1,0,0,0,4,3,1,0,0,2,1,0,0,1,1
19 - Αρτας,108 E.T. Δήμου Γεωργίου Καραϊσκάκη,342,193,3,0,3,190,89,6,9,0,65,66,11,32,0,17,6,1,0,3,0,3,0,1,0,0,1,1,0,0,3,2,0,0,0,5,0,2,3,0,0,0,1,1,0,0,0,0,1,0,0,0,0,5,0,4,0,1,0,1,0,0,0,0,0,1,0,0,0,0,0,0,1,1,0,0,0,1,0,0,0,0,0,0,0,0,2,0
19 - Αρτας,109 E.T. Δήμου Γεωργίου Καραϊσκάκη,439,227,3,1,4,223,83,4,9,0,56,81,2,39,1,27,18,3,0,10,2,15,0,0,11,2,4,1,1,1,7,1,0,0,1,3,1,1,1,0,0,0,0,0,1,0,1,0,1,1,0,0,0,0,0,0,0,0,0,0,0,0,0,0,0,0,0,0,2,1,0,1,3,1,1,1,0,1,0,0,0,0,0,0,1,0,1,1
19 - Αρτας,110 E.T. Δήμου Γεωργίου Καραϊσκάκη,203,99,3,0,3,96,46,1,9,2,29,28,0,7,0,18,8,1,2,3,1,4,1,0,2,1,4,2,1,0,0,0,0,0,0,0,0,0,0,0,0,0,0,0,0,0,0,0,0,0,0,0,0,2,0,0,0,0,0,1,1,0,0,0,0,0,0,0,0,0,0,0,0,0,1,0,0,0,0,0,0,0,0,0,0,0,2,1
19 - Αρτας,111 E.T. Δήμου Γεωργίου Καραϊσκάκη,206,87,1,0,1,86,26,2,11,2,8,31,3,13,3,6,12,2,0,6,2,6,2,0,2,0,0,0,0,0,1,0,0,1,0,0,0,0,2,0,0,0,0,0,0,0,0,0,1,1,0,0,0,2,0,1,0,0,0,0,0,0,0,1,0,0,0,0,0,0,0,0,0,0,0,0,0,0,0,1,0,0,0,0,0,0,3,1
19 - Αρτας,112 E.T. Δήμου Γεωργίου Καραϊσκάκη,351,179,1,0,1,178,90,13,21,3,43,58,5,39,3,4,8,3,0,2,2,3,0,0,1,2,5,3,1,1,1,0,0,1,0,1,0,0,0,0,0,0,0,0,0,0,0,0,0,0,0,0,0,3,0,1,0,1,0,0,0,0,0,0,0,2,0,2,0,0,0,0,1,1,0,0,0,0,0,4,0,0,0,0,0,0,1,0
19 - Αρτας,113 E.T. Δήμου Γεωργίου Καραϊσκάκη,350,166,5,1,6,160,72,2,43,0,18,54,2,24,0,18,14,6,3,2,1,7,0,0,2,3,2,1,0,1,5,1,0,2,1,1,0,1,0,0,0,0,0,0,1,0,0,1,0,0,0,0,0,4,0,3,0,0,0,0,0,0,0,0,0,0,0,0,0,0,0,0,0,0,0,0,0,0,0,0,0,0,0,0,0,0,0,0
19 - Αρτας,114 E.T. Δήμου Γεωργίου Καραϊσκάκη,417,233,3,2,5,228,127,7,73,3,32,53,2,35,2,7,19,7,3,4,3,8,3,0,1,2,2,1,1,0,3,0,0,0,1,1,1,0,0,0,0,0,0,0,2,2,0,0,0,0,0,0,0,10,0,6,0,0,0,0,0,0,0,0,0,1,0,0,0,0,0,0,0,0,0,0,0,1,0,0,0,0,0,0,0,0,1,1
19 - Αρτας,115 E.T. Δήμου Γεωργίου Καραϊσκάκη,249,99,5,0,5,94,35,9,3,1,21,35,1,6,2,18,10,8,0,2,0,7,2,0,2,1,0,0,0,0,0,0,0,0,0,1,1,0,0,0,0,0,0,0,0,0,0,0,1,1,0,0,0,2,0,2,0,0,0,0,0,0,0,0,0,0,0,0,0,0,0,0,1,1,0,0,0,1,1,0,0,0,0,0,1,1,0,0
19 - Αρτας,116 E.T. Δήμου Γεωργίου Καραϊσκάκη,283,126,2,0,2,124,53,8,14,0,27,41,2,21,4,11,12,5,1,2,1,5,0,0,1,0,2,2,0,0,2,2,0,0,0,0,0,0,0,0,0,0,0,0,0,0,0,0,2,0,0,0,0,1,0,1,0,0,0,0,0,0,0,0,0,0,0,0,0,0,0,0,0,0,3,1,1,1,1,0,0,0,0,0,0,0,2,2
19 - Αρτας,117 E.T. Δήμου Γεωργίου Καραϊσκάκη,332,153,2,1,3,150,49,6,9,0,19,40,4,12,2,14,42,18,13,6,1,6,0,0,2,1,2,1,0,1,0,0,0,0,0,7,0,7,2,0,0,1,0,0,0,0,0,0,0,0,0,0,0,0,0,0,0,0,0,0,0,0,0,0,0,0,0,0,1,1,0,0,0,0,0,0,0,1,1,0,0,0,0,0,0,0,0,0
19 - Αρτας,118 E.T. Δήμου Γεωργίου Καραϊσκάκη,346,178,0,0,0,178,44,4,5,1,29,62,1,32,2,11,41,22,3,8,2,15,1,2,5,1,3,0,0,0,2,1,0,1,0,5,1,3,0,0,0,0,0,0,1,0,0,0,1,0,0,0,0,0,0,0,0,0,0,0,0,0,0,0,0,0,0,0,0,0,0,0,0,0,0,0,0,0,0,0,0,0,1,1,1,1,2,1
19 - Αρτας,119 E.T. Δήμου Γεωργίου Καραϊσκάκη,256,113,1,0,1,112,52,3,16,0,27,40,1,28,3,5,10,1,7,2,0,2,0,2,0,0,1,0,0,1,0,0,0,0,0,0,0,0,0,0,0,0,0,0,0,0,0,0,1,0,1,0,1,0,0,0,0,0,0,0,0,0,0,0,0,0,0,0,1,0,0,1,0,0,0,0,0,0,0,3,0,0,1,0,0,0,0,0
19 - Αρτας,120 E.T. Δήμου Γεωργίου Καραϊσκάκη,262,103,0,0,0,103,43,7,12,1,17,40,0,33,2,3,12,3,7,1,1,0,0,0,0,0,2,0,0,0,0,0,0,0,0,0,0,0,0,0,0,0,0,0,0,0,0,0,0,0,0,0,0,2,0,1,1,0,0,0,0,0,0,0,0,0,0,0,0,0,0,0,0,0,0,0,0,0,0,1,1,0,0,0,1,1,2,1
19 - Αρτας,121 E.T. Δήμου Γεωργίου Καραϊσκάκη,288,125,0,2,2,123,58,1,2,0,41,36,0,24,0,7,11,4,2,1,0,4,0,0,1,2,1,0,1,0,4,2,0,0,0,1,0,1,0,0,0,0,0,0,0,0,0,0,1,0,0,0,0,3,1,0,0,0,0,0,0,0,0,2,1,0,0,0,0,0,0,0,0,0,0,0,0,0,0,0,0,0,1,0,0,0,1,1
19 - Αρτας,122 E.T. Δήμου Γεωργίου Καραϊσκάκη,263,98,1,0,1,97,39,3,5,1,28,31,0,18,0,8,10,2,2,2,2,5,0,1,0,0,2,1,0,1,3,0,1,2,0,0,0,0,0,0,0,0,0,0,0,0,0,0,2,2,1,0,0,0,0,0,0,0,0,0,0,0,0,0,0,1,1,0,1,1,0,0,0,0,0,0,0,1,1,0,0,0,0,0,0,0,1,1
19 - Αρτας,123 E.T. Δήμου Γεωργίου Καραϊσκάκη,244,126,0,0,0,126,63,8,17,0,35,37,3,21,0,12,17,4,3,9,0,1,1,0,0,0,2,2,0,0,1,1,0,0,0,1,0,1,0,0,0,0,0,0,0,0,0,0,1,0,1,0,1,0,0,0,0,0,0,1,1,0,0,0,0,0,0,0,0,0,0,0,0,0,1,0,0,0,0,0,0,0,0,0,0,0,0,0
19 - Αρτας,124 E.T. Δήμου Γεωργίου Καραϊσκάκη,272,118,0,1,1,117,43,6,8,1,27,50,2,37,0,6,10,6,0,1,2,6,5,1,0,0,1,0,0,0,0,0,0,0,0,1,0,0,0,0,0,0,0,0,0,0,0,0,0,0,0,0,0,0,0,0,0,0,0,0,0,0,0,0,0,0,0,0,0,0,0,0,0,0,3,0,0,0,0,0,0,0,1,0,0,0,2,0
19 - Αρτας,125 E.T. Δήμου Κεντρικών Τζουμέρκων,319,190,3,0,3,187,53,3,6,3,33,69,11,44,4,6,34,25,1,3,3,15,1,0,0,1,5,1,2,1,2,1,0,1,0,1,0,1,0,0,0,0,0,0,3,0,0,1,0,0,0,0,0,1,0,0,0,0,0,0,0,0,0,0,0,0,0,0,0,0,0,0,0,0,1,0,1,1,1,0,0,0,1,1,0,0,1,0
19 - Αρτας,126 E.T. Δήμου Κεντρικών Τζουμέρκων,318,190,2,0,2,188,51,5,13,1,27,66,8,39,2,13,28,19,2,2,3,15,2,1,1,1,13,3,0,2,6,2,2,0,0,0,0,0,0,0,0,0,1,0,0,0,0,0,1,1,2,1,0,1,1,0,0,1,0,0,0,0,0,0,0,0,0,0,0,0,0,0,0,0,0,0,0,0,0,0,0,0,1,1,0,0,2,2
19 - Αρτας,127 E.T. Δήμου Κεντρικών Τζουμέρκων,160,87,1,0,1,86,7,1,2,0,3,54,0,33,0,17,7,3,0,3,0,7,0,0,0,0,2,1,1,0,3,0,1,0,1,0,0,0,0,0,0,0,0,0,0,0,0,0,1,1,0,0,0,3,0,3,0,0,0,0,0,0,0,0,0,1,1,0,1,0,1,0,0,0,0,0,0,0,0,0,0,0,0,0,0,0,0,0
19 - Αρτας,128 E.T. Δήμου Κεντρικών Τζουμέρκων,252,137,2,2,4,133,71,2,16,0,42,37,1,22,0,9,8,1,0,6,0,7,0,0,1,4,3,2,0,0,5,3,0,0,1,0,0,0,0,0,0,0,0,0,0,0,0,0,0,0,1,1,0,0,0,0,0,0,0,0,0,0,0,1,0,0,0,0,0,0,0,0,0,0,0,0,0,0,0,0,0,0,0,0,0,0,0,0
19 - Αρτας,129 E.T. Δήμου Κεντρικών Τζουμέρκων,146,67,1,0,1,66,20,0,2,0,17,26,0,12,0,10,6,2,0,2,2,10,6,1,0,2,0,0,0,0,2,1,0,0,0,0,0,0,0,0,0,0,0,0,0,0,0,0,0,0,0,0,0,1,0,0,0,0,0,0,0,0,0,0,0,0,0,0,1,1,0,0,0,0,0,0,0,0,0,0,0,0,0,0,0,0,0,0
19 - Αρτας,130 E.T. Δήμου Κεντρικών Τζουμέρκων,195,101,0,2,2,99,33,4,8,0,18,31,0,16,0,8,15,2,0,11,1,8,1,0,4,1,5,2,0,1,1,0,0,1,0,1,0,0,0,0,0,0,0,0,0,0,0,0,0,0,0,0,0,2,0,2,0,0,0,0,0,0,0,0,0,0,0,0,0,0,0,0,0,0,0,0,0,0,0,0,0,0,0,0,0,0,3,1
19 - Αρτας,131 E.T. Δήμου Κεντρικών Τζουμέρκων,472,253,4,1,5,248,56,1,21,1,27,126,4,72,4,31,13,2,2,5,3,17,4,2,0,6,10,6,0,2,2,0,0,0,0,2,1,0,0,0,0,0,0,0,1,1,0,0,2,2,1,0,0,10,2,4,2,0,0,0,0,0,0,0,0,1,1,0,0,0,0,0,0,0,1,1,0,0,0,0,0,0,0,0,0,0,6,2
19 - Αρτας,132 E.T. Δήμου Κεντρικών Τζουμέρκων,164,162,2,1,3,159,47,3,13,1,23,56,2,26,0,24,36,13,3,7,5,8,1,0,1,1,0,0,0,0,3,1,0,0,0,0,0,0,2,0,0,0,0,0,0,0,0,0,2,2,1,1,0,0,0,0,0,0,0,0,0,0,0,0,0,0,0,0,1,0,1,0,0,0,0,0,0,0,0,0,0,0,1,1,1,0,1,0
19 - Αρτας,133 E.T. Δήμου Κεντρικών Τζουμέρκων,223,104,0,1,1,103,53,2,4,1,43,25,1,7,1,11,13,4,0,5,0,2,0,1,0,0,1,1,0,0,0,0,0,0,0,0,0,0,0,0,0,0,0,0,0,0,0,0,0,0,0,0,0,3,0,0,0,0,0,0,0,0,0,0,0,0,0,0,1,0,0,0,0,0,1,0,0,0,0,0,0,0,0,0,1,1,3,2
19 - Αρτας,134 E.T. Δήμου Κεντρικών Τζουμέρκων,191,98,2,1,3,95,19,0,0,0,0,45,2,25,0,11,13,9,0,1,1,5,3,0,0,1,2,1,0,0,0,0,0,0,0,1,0,1,0,0,0,0,0,0,3,1,0,0,0,0,1,0,0,3,2,0,0,0,0,0,0,0,0,0,0,0,0,0,1,0,0,0,0,0,0,0,0,0,0,0,0,0,0,0,0,0,2,2
19 - Αρτας,135 E.T. Δήμου Κεντρικών Τζουμέρκων,293,148,0,1,1,147,56,3,8,0,41,45,4,35,1,2,9,3,1,1,2,17,10,0,1,2,3,2,1,0,4,1,1,0,0,0,0,0,2,1,0,0,1,0,2,1,0,0,0,0,0,0,0,2,1,0,0,0,0,1,1,0,0,0,0,1,0,1,0,0,0,0,0,0,2,1,1,0,0,0,0,0,0,0,0,0,2,2
19 - Αρτας,136 E.T. Δήμου Κεντρικών Τζουμέρκων,233,132,5,0,5,127,53,6,9,0,33,28,2,17,1,5,23,2,1,18,0,4,2,0,0,1,4,0,1,1,8,1,0,3,0,0,0,0,0,0,0,0,0,0,2,1,0,0,0,0,0,0,0,3,2,0,0,0,0,0,0,0,0,0,0,0,0,0,0,0,0,0,0,0,0,0,0,0,0,0,0,0,0,0,0,0,2,1
19 - Αρτας,137 E.T. Δήμου Κεντρικών Τζουμέρκων,471,251,6,0,6,245,98,12,21,7,48,85,28,32,4,14,19,2,2,14,0,14,6,0,0,0,9,3,0,1,4,3,0,1,0,3,0,1,0,0,0,0,0,0,2,0,0,1,0,0,1,0,0,3,0,1,0,0,0,0,0,0,0,0,0,0,0,0,0,0,0,0,1,0,0,0,0,0,0,0,0,0,1,0,0,0,5,2
19 - Αρτας,138 E.T. Δήμου Κεντρικών Τζουμέρκων,357,213,5,1,6,207,106,3,12,2,83,58,1,31,2,18,18,2,3,5,2,5,3,0,0,1,1,1,0,0,1,0,0,0,0,8,1,6,0,0,0,0,0,0,2,0,2,0,1,0,0,0,0,0,0,0,0,0,0,0,0,0,0,0,0,0,0,0,2,0,1,0,0,0,0,0,0,2,1,1,0,0,1,1,0,0,1,0
19 - Αρτας,139 E.T. Δήμου Κεντρικών Τζουμέρκων,379,239,1,1,2,237,138,9,31,1,79,56,2,31,0,18,8,0,2,1,1,5,2,0,0,0,1,0,0,1,5,2,2,0,1,8,2,6,0,0,0,0,0,0,0,0,0,0,1,0,4,2,2,1,0,0,0,0,0,0,0,0,0,0,0,1,1,0,0,0,0,0,0,0,0,0,0,2,2,0,0,0,0,0,0,0,7,2
19 - Αρτας,140 E.T. Δήμου Κεντρικών Τζουμέρκων,312,194,1,2,3,191,56,1,16,1,28,80,1,28,4,44,6,1,2,1,1,12,2,1,0,8,10,1,1,2,2,1,0,1,0,6,0,4,0,0,0,0,1,0,1,1,0,0,1,1,0,0,0,4,1,1,0,1,1,0,0,0,0,0,0,0,0,0,0,0,0,0,1,1,0,0,0,3,3,0,0,0,0,0,3,2,4,2
19 - Αρτας,141 E.T. Δήμου Κεντρικών Τζουμέρκων,321,182,0,1,1,181,78,2,24,1,45,80,1,35,4,33,4,0,1,2,0,5,1,1,0,2,1,1,0,0,2,0,1,0,0,0,0,0,0,0,0,0,0,0,0,0,0,0,0,0,1,0,1,7,4,0,1,0,0,0,0,0,0,0,0,1,0,1,0,0,0,0,0,0,1,1,0,0,0,0,0,0,0,0,0,0,1,1
19 - Αρτας,142 E.T. Δήμου Κεντρικών Τζουμέρκων,353,185,0,0,0,185,70,4,18,1,44,86,3,36,4,37,8,2,1,3,0,7,1,0,1,0,3,2,0,0,0,0,0,0,0,0,0,0,0,0,0,0,0,0,1,0,0,0,1,1,0,0,0,4,1,3,0,1,0,0,0,0,0,0,0,0,0,0,0,0,0,0,0,0,0,0,0,0,0,0,0,0,3,1,0,0,1,1
19 - Αρτας,143 E.T. Δήμου Κεντρικών Τζουμέρκων,231,126,1,0,1,125,48,6,19,0,19,35,0,7,2,22,8,0,0,8,0,12,3,3,4,2,4,0,1,1,2,0,0,1,1,1,0,0,0,0,0,0,0,0,0,0,0,0,3,1,2,0,0,3,1,1,0,0,0,0,0,0,0,0,0,0,0,0,1,0,0,0,0,0,0,0,0,0,0,1,1,0,1,0,0,0,4,1
19 - Αρτας,144 E.T. Δήμου Κεντρικών Τζουμέρκων,225,104,0,0,0,104,39,3,10,0,22,39,1,22,0,13,11,3,3,3,1,7,0,0,2,3,2,1,0,0,0,0,0,0,0,1,0,1,0,0,0,0,0,0,0,0,0,0,0,0,2,0,1,1,0,0,0,0,0,0,0,0,0,0,0,0,0,0,0,0,0,0,1,0,1,0,0,0,0,0,0,0,0,0,0,0,0,0
19 - Αρτας,145 E.T. Δήμου Κεντρικών Τζουμέρκων,316,167,4,2,6,161,59,3,12,1,40,73,2,15,0,50,9,6,1,1,1,1,0,0,1,0,4,0,0,1,1,0,0,0,0,1,0,1,1,1,0,0,0,0,4,2,1,0,0,0,0,0,0,1,0,1,0,0,0,0,0,0,0,1,1,0,0,0,1,0,0,0,0,0,0,0,0,1,1,0,0,0,2,2,0,0,2,2
19 - Αρτας,146 E.T. Δήμου Κεντρικών Τζουμέρκων,285,174,2,2,4,170,60,4,10,1,42,66,0,17,2,42,24,8,2,9,1,5,3,0,0,0,2,1,0,0,1,0,0,1,0,3,0,3,0,0,0,0,1,1,0,0,0,0,0,0,1,1,0,1,0,1,0,0,0,0,0,0,0,1,1,0,0,0,0,0,0,0,0,0,0,0,0,0,0,0,0,0,1,1,1,0,3,2
19 - Αρτας,147 E.T. Δήμου Κεντρικών Τζουμέρκων,179,101,1,0,1,100,30,2,4,0,17,55,7,26,0,14,8,2,0,2,1,2,0,0,1,1,0,0,0,0,0,0,0,0,0,1,0,1,0,0,0,0,0,0,0,0,0,0,0,0,0,0,0,0,0,0,0,0,0,0,0,0,0,0,0,0,0,0,0,0,0,0,3,3,0,0,0,0,0,0,0,0,0,0,0,0,1,1
19 - Αρτας,148 E.T. Δήμου Κεντρικών Τζουμέρκων,180,77,1,0,1,76,43,1,11,1,29,18,0,12,0,6,5,3,2,0,0,2,1,0,0,0,0,0,0,0,1,0,0,0,0,2,0,2,0,0,0,0,0,0,0,0,0,0,0,0,0,0,0,1,1,0,0,0,0,0,0,0,0,0,0,0,0,0,0,0,0,0,0,0,2,0,0,0,0,0,0,0,0,0,0,0,2,2
19 - Αρτας,149 E.T. Δήμου Κεντρικών Τζουμέρκων,138,78,2,1,3,75,40,6,10,3,18,19,3,7,0,6,3,0,0,2,0,8,0,1,1,1,0,0,0,0,0,0,0,0,0,0,0,0,0,0,0,0,0,0,0,0,0,0,0,0,0,0,0,0,0,0,0,0,0,0,0,0,0,0,0,0,0,0,3,0,0,0,0,0,0,0,0,0,0,2,1,0,0,0,0,0,0,0
19 - Αρτας,150 E.T. Δήμου Κεντρικών Τζουμέρκων,184,109,0,0,0,109,53,0,9,1,38,35,4,11,1,18,7,0,0,7,0,6,0,0,0,4,1,0,1,0,2,0,0,1,0,0,0,0,0,0,0,0,0,0,2,0,0,0,0,0,0,0,0,0,0,0,0,0,0,0,0,0,0,0,0,1,0,1,0,0,0,0,0,0,0,0,0,0,0,0,0,0,0,0,0,0,2,1
19 - Αρτας,151 E.T. Δήμου Κεντρικών Τζουμέρκων,307,136,0,2,2,134,40,6,10,0,16,58,7,14,1,29,15,6,5,3,0,8,1,0,3,1,1,0,0,0,1,0,1,0,0,2,0,2,0,0,0,0,1,0,1,0,0,0,0,0,0,0,0,4,2,2,0,0,0,0,0,0,0,0,0,0,0,0,0,0,0,0,0,0,3,2,1,0,0,0,0,0,0,0,0,0,0,0
19 - Αρτας,152 E.T. Δήμου Κεντρικών Τζουμέρκων,299,142,2,0,2,140,34,4,10,1,14,50,4,8,2,27,8,1,0,3,0,24,4,1,11,4,5,3,0,1,3,1,1,0,0,2,0,2,0,0,0,0,1,1,0,0,0,0,0,0,0,0,0,3,1,2,0,0,0,0,0,0,0,0,0,0,0,0,1,0,0,0,0,0,2,0,0,0,0,0,0,0,0,0,1,1,6,4
19 - Αρτας,153 E.T. Δήμου Κεντρικών Τζουμέρκων,163,86,0,1,1,85,35,7,4,0,18,28,5,12,0,7,14,5,1,5,0,5,0,0,2,2,1,1,0,0,0,0,0,0,0,0,0,0,0,0,0,0,0,0,0,0,0,0,0,0,1,0,0,0,0,0,0,0,0,0,0,0,0,0,0,0,0,0,0,0,0,0,0,0,0,0,0,0,0,0,0,0,0,0,0,0,1,1
19 - Αρτας,154 E.T. Δήμου Κεντρικών Τζουμέρκων,426,209,1,0,1,208,92,1,21,1,66,50,0,32,3,15,27,23,2,0,1,6,0,0,2,1,5,2,1,1,1,0,0,1,0,4,0,1,0,0,0,0,0,0,2,0,2,0,1,0,0,0,0,5,3,2,0,0,0,0,0,0,0,0,0,0,0,0,1,0,0,1,1,0,1,0,0,0,0,0,0,0,8,7,0,0,4,3
19 - Αρτας,155 E.T. Δήμου Κεντρικών Τζουμέρκων,369,195,1,2,3,192,99,7,19,0,68,49,1,29,0,14,10,0,4,3,1,2,0,0,1,1,11,2,1,4,0,0,0,0,0,8,2,3,1,0,1,0,0,0,0,0,0,0,1,1,1,0,0,4,0,1,2,0,0,0,0,0,0,0,0,0,0,0,1,0,0,1,0,0,1,1,0,0,0,1,0,0,1,1,0,0,2,1
19 - Αρτας,156 E.T. Δήμου Κεντρικών Τζουμέρκων,345,197,6,3,9,188,96,1,17,0,71,54,1,23,3,21,15,2,5,6,0,1,0,0,1,0,7,2,1,0,0,0,0,0,0,6,3,2,0,0,0,0,0,0,0,0,0,0,1,0,0,0,0,2,1,0,0,0,0,1,1,0,0,0,0,0,0,0,1,0,0,0,0,0,0,0,0,0,0,0,0,0,2,2,1,0,1,0
19 - Αρτας,157 E.T. Δήμου Κεντρικών Τζουμέρκων,365,190,7,1,8,182,51,1,10,0,36,80,1,60,1,11,27,15,4,5,1,4,0,2,0,2,5,2,0,2,3,3,0,0,0,1,0,1,0,0,0,0,0,0,1,0,0,0,0,0,0,0,0,0,0,0,0,0,0,0,0,0,0,0,0,0,0,0,1,0,0,1,0,0,0,0,0,1,0,3,1,0,0,0,2,1,3,2
19 - Αρτας,158 E.T. Δήμου Κεντρικών Τζουμέρκων,325,173,3,0,3,170,49,1,8,0,35,71,1,44,0,14,20,12,5,3,0,4,2,0,2,0,2,1,0,0,2,2,0,0,0,5,1,4,1,0,1,0,0,0,0,0,0,0,2,2,1,1,0,5,1,2,0,0,0,0,0,0,0,0,0,0,0,0,0,0,0,0,0,0,1,1,0,1,0,0,0,0,0,0,0,0,6,2
19 - Αρτας,159 E.T. Δήμου Κεντρικών Τζουμέρκων,361,183,4,0,4,179,64,0,32,0,30,62,2,34,0,21,13,6,0,3,4,9,2,1,2,3,4,1,0,0,2,1,0,0,0,5,1,4,2,0,1,0,0,0,0,0,0,0,1,0,0,0,0,2,1,0,1,0,0,0,0,0,0,1,1,1,1,0,2,1,0,1,1,1,3,1,0,0,0,1,1,0,1,1,0,0,5,3
19 - Αρτας,160 E.T. Δήμου Κεντρικών Τζουμέρκων,376,189,2,0,2,187,72,2,30,5,33,81,3,47,2,14,8,3,0,3,0,12,5,2,2,1,4,1,0,0,2,1,0,0,0,0,0,0,1,0,0,0,0,0,0,0,0,0,1,0,1,1,0,1,0,1,0,0,0,0,0,0,0,1,0,0,0,0,1,0,1,0,0,0,1,0,0,0,0,0,0,0,0,0,0,0,1,1
19 - Αρτας,161 E.T. Δήμου Κεντρικών Τζουμέρκων,258,124,2,0,2,122,47,0,19,0,26,38,0,17,3,15,13,7,1,5,0,12,2,0,4,2,1,0,0,1,3,2,1,0,0,3,2,1,1,0,0,1,0,0,0,0,0,0,0,0,0,0,0,3,1,2,0,0,0,0,0,0,0,0,0,0,0,0,0,0,0,0,0,0,0,0,0,0,0,0,0,0,0,0,1,0,0,0
19 - Αρτας,162 E.T. Δήμου Κεντρικών Τζουμέρκων,249,116,0,0,0,116,31,2,6,0,14,45,6,24,0,9,9,9,0,0,0,17,4,0,10,1,3,1,1,1,3,1,1,0,1,2,0,2,0,0,0,0,0,0,1,1,0,0,0,0,0,0,0,0,0,0,0,0,0,0,0,0,0,0,0,0,0,0,0,0,0,0,0,0,1,0,0,0,0,1,1,0,0,0,0,0,3,1
19 - Αρτας,163 E.T. Δήμου Νικολάου Σκουφά,449,249,2,0,2,247,129,24,30,2,63,66,3,45,6,6,14,5,5,1,2,12,1,0,1,7,7,2,1,1,5,4,0,0,1,1,1,0,0,0,0,0,0,0,0,0,0,0,0,0,0,0,0,6,1,4,0,0,0,1,0,0,0,0,0,0,0,0,0,0,0,0,1,0,0,0,0,1,0,0,0,0,0,0,2,0,2,0
19 - Αρτας,164 E.T. Δήμου Νικολάου Σκουφά,438,237,10,0,10,227,106,16,21,3,60,55,1,32,3,12,22,6,9,3,1,11,0,1,2,5,8,2,1,3,4,2,0,0,2,0,0,0,0,0,0,0,0,0,0,0,0,0,1,1,3,1,0,6,1,2,0,0,0,0,0,0,0,0,0,0,0,0,0,0,0,0,0,0,0,0,0,0,0,2,1,0,0,0,6,2,3,0
19 - Αρτας,165 E.T. Δήμου Νικολάου Σκουφά,442,235,3,3,6,229,110,22,20,2,56,46,6,22,6,8,18,3,7,3,3,12,1,1,3,3,9,4,0,1,5,2,0,1,2,3,1,1,1,0,0,1,1,1,2,1,0,0,0,0,1,1,0,9,0,7,1,0,0,0,0,0,0,0,0,0,0,0,2,0,0,0,2,1,5,2,1,0,0,1,0,0,0,0,0,0,2,2
19 - Αρτας,166 E.T. Δήμου Νικολάου Σκουφά,434,232,5,0,5,227,115,12,22,3,64,54,1,41,2,6,18,7,2,6,0,13,0,0,2,7,7,0,0,0,2,0,0,0,0,1,0,0,0,0,0,0,0,0,1,0,1,0,0,0,0,0,0,8,1,6,0,0,0,0,0,0,0,0,0,0,0,0,1,1,0,0,0,0,1,0,1,0,0,2,1,1,1,1,1,0,2,0
19 - Αρτας,167 E.T. Δήμου Νικολάου Σκουφά,416,241,5,0,5,236,117,18,30,3,55,42,0,23,4,6,26,4,10,3,4,12,2,3,2,3,5,1,2,0,8,5,0,1,2,1,0,0,0,0,0,0,1,1,1,0,1,0,0,0,0,0,0,10,1,8,0,1,1,0,0,0,0,0,0,0,0,0,1,0,0,0,1,1,3,0,0,2,1,1,1,0,0,0,1,0,3,1
19 - Αρτας,168 E.T. Δήμου Νικολάου Σκουφά,335,230,4,3,7,223,89,21,25,9,25,76,1,52,2,8,31,12,7,5,4,12,1,1,1,5,1,0,0,0,2,0,0,1,1,1,0,0,0,0,0,0,1,0,0,0,0,0,0,0,0,0,0,1,0,0,1,0,0,0,0,1,0,0,0,0,0,0,0,0,0,0,0,0,0,0,0,1,0,0,0,0,2,1,0,0,5,3
19 - Αρτας,169 E.T. Δήμου Νικολάου Σκουφά,314,202,3,0,3,199,99,38,15,4,31,46,1,27,2,10,32,5,8,8,7,3,0,0,2,0,3,2,0,0,3,0,1,0,0,3,0,2,1,0,1,0,0,0,1,0,0,0,0,0,2,0,2,0,0,0,0,0,0,0,0,0,0,0,0,0,0,0,1,0,1,0,0,0,2,0,1,0,0,0,0,0,1,0,0,0,2,1
19 - Αρτας,170 E.T. Δήμου Νικολάου Σκουφά,288,179,0,1,1,178,80,8,28,1,31,37,1,21,4,7,19,1,2,7,5,10,2,1,2,3,5,1,0,0,1,0,0,1,0,6,1,1,1,0,0,0,0,0,3,1,1,1,0,0,0,0,0,6,2,2,1,0,0,0,0,0,0,0,0,0,0,0,0,0,0,0,2,0,2,0,0,2,0,0,0,0,0,0,1,1,3,2
19 - Αρτας,171 E.T. Δήμου Νικολάου Σκουφά,280,190,6,1,7,183,70,12,11,4,35,55,2,33,1,8,26,14,3,6,1,6,0,1,2,1,10,2,2,2,3,1,0,1,0,0,0,0,0,0,0,0,0,0,0,0,0,0,0,0,1,1,0,6,0,2,1,0,0,0,0,0,0,0,0,0,0,0,1,0,1,0,1,1,3,2,1,0,0,0,0,0,1,1,0,0,0,0
19 - Αρτας,172 E.T. Δήμου Νικολάου Σκουφά,252,132,1,0,1,131,53,7,18,3,18,36,0,18,1,12,17,4,8,3,1,9,3,0,0,3,2,1,0,1,3,0,1,0,2,0,0,0,0,0,0,0,0,0,0,0,0,0,2,2,0,0,0,0,0,0,0,1,0,0,0,0,0,0,0,0,0,0,0,0,0,0,0,0,2,1,0,3,2,0,0,0,0,0,0,0,3,2
19 - Αρτας,173 E.T. Δήμου Νικολάου Σκουφά,253,159,3,1,4,155,79,12,16,1,17,36,3,11,0,10,16,3,3,6,2,6,0,0,3,1,3,2,0,0,1,0,0,0,0,2,0,1,0,0,0,0,1,0,0,0,0,0,0,0,5,0,3,2,1,0,1,0,0,0,0,0,0,0,0,0,0,0,0,0,0,0,0,0,0,0,0,0,0,1,0,0,0,0,0,0,3,1
19 - Αρτας,174 E.T. Δήμου Νικολάου Σκουφά,411,270,6,4,10,260,122,9,42,3,58,82,1,60,6,7,22,6,0,7,6,7,2,0,0,3,3,1,0,0,1,0,0,0,0,1,1,0,2,0,1,1,0,0,0,0,0,0,1,1,3,0,2,10,4,4,0,0,0,0,0,0,0,0,0,0,0,0,1,0,1,0,1,1,0,0,0,1,0,1,1,0,1,1,0,0,1,0
19 - Αρτας,175 E.T. Δήμου Νικολάου Σκουφά,269,137,2,0,2,135,60,9,19,2,23,36,5,19,0,10,19,6,1,5,3,6,0,2,0,4,3,0,0,0,1,0,0,0,0,1,1,0,0,0,0,0,0,0,1,1,0,0,1,1,0,0,0,1,0,1,0,0,0,0,0,0,0,0,0,0,0,0,0,0,0,0,0,0,3,1,2,0,0,1,1,0,0,0,0,0,2,0
19 - Αρτας,176 E.T. Δήμου Νικολάου Σκουφά,251,135,3,0,3,132,67,10,11,4,34,29,0,16,2,10,19,9,3,4,1,5,0,1,1,2,1,0,1,0,7,1,1,2,1,0,0,0,0,0,0,0,0,0,2,0,0,0,0,0,1,0,1,1,0,0,0,0,0,0,0,0,0,0,0,0,0,0,0,0,0,0,0,0,0,0,0,0,0,0,0,0,0,0,0,0,0,0
19 - Αρτας,177 E.T. Δήμου Νικολάου Σκουφά,436,297,4,0,4,293,63,8,14,9,26,79,1,47,10,18,50,17,7,20,4,35,6,5,7,11,7,2,2,2,4,1,0,0,2,3,0,2,4,0,4,0,0,0,4,1,0,1,9,4,1,1,0,4,0,4,0,1,0,1,1,0,0,0,0,0,0,0,1,0,1,0,0,0,1,1,0,0,0,2,0,1,0,0,0,0,24,24
19 - Αρτας,178 E.T. Δήμου Νικολάου Σκουφά,274,157,4,1,5,152,53,7,12,9,23,63,0,0,0,0,9,0,0,0,0,12,3,2,1,4,5,0,0,2,2,1,0,0,1,0,0,0,0,0,0,0,0,0,0,0,0,0,2,2,1,0,1,0,0,0,0,0,0,1,0,0,0,0,0,0,0,0,0,0,0,0,0,0,2,0,2,0,0,0,0,0,0,0,0,0,2,0
19 - Αρτας,179 E.T. Δήμου Νικολάου Σκουφά,255,162,0,1,1,161,45,8,4,6,21,75,5,32,8,24,14,0,3,5,3,6,0,0,0,3,4,2,0,0,6,2,2,0,1,1,0,0,0,0,0,0,0,0,2,0,0,0,0,0,1,1,0,1,0,1,0,0,0,0,0,0,0,0,0,0,0,0,1,0,0,0,0,0,0,0,0,0,0,2,0,1,0,0,0,0,3,2
19 - Αρτας,180 E.T. Δήμου Νικολάου Σκουφά,365,218,2,2,4,214,92,5,27,2,52,58,4,24,1,24,27,8,4,7,7,7,0,1,1,2,4,1,1,0,4,2,0,0,2,4,0,3,0,0,0,0,0,0,3,1,0,1,1,1,0,0,0,4,1,2,0,0,0,0,0,0,0,0,0,0,0,0,1,0,0,0,0,0,1,1,0,1,0,1,0,0,2,2,1,1,3,1
19 - Αρτας,181 E.T. Δήμου Νικολάου Σκουφά,373,239,2,6,8,231,90,9,23,8,34,59,2,28,3,20,24,6,5,3,9,12,1,2,4,2,11,2,2,1,5,1,0,0,2,5,0,1,0,0,0,0,0,0,2,0,0,0,2,0,3,0,0,4,1,2,1,0,0,0,0,1,1,0,0,0,0,0,3,0,0,0,1,0,0,0,0,1,1,3,2,0,1,0,0,0,4,2
19 - Αρτας,182 E.T. Δήμου Νικολάου Σκουφά,467,304,2,1,3,301,140,17,18,3,82,84,0,35,28,7,17,3,1,7,2,28,9,5,6,4,12,3,2,2,4,0,0,1,2,1,1,0,1,0,0,0,0,0,0,0,0,0,1,0,0,0,0,3,0,2,0,0,0,0,0,0,0,0,0,0,0,0,0,0,0,0,0,0,2,0,0,0,0,1,0,0,2,0,0,0,5,5
19 - Αρτας,183 E.T. Δήμου Νικολάου Σκουφά,453,277,9,2,11,266,82,13,13,1,47,97,1,46,27,17,29,9,3,3,4,21,9,3,2,4,7,2,1,1,2,0,0,1,0,0,0,0,0,0,0,0,0,0,3,2,1,0,0,0,0,0,0,14,1,11,0,0,0,0,0,0,0,0,0,1,0,1,2,0,0,2,4,1,1,0,0,0,0,0,0,0,0,0,0,0,3,2
19 - Αρτας,184 E.T. Δήμου Νικολάου Σκουφά,453,288,10,0,10,278,120,6,31,4,65,68,4,32,26,1,28,13,3,4,3,17,4,0,3,4,7,4,0,1,3,0,0,0,2,2,0,1,1,0,0,0,0,0,0,0,0,0,0,0,4,2,1,9,4,3,0,0,0,0,0,0,0,0,0,1,1,0,2,1,1,0,0,0,2,2,0,0,0,3,0,0,3,1,0,0,8,4
19 - Αρτας,185 E.T. Δήμου Νικολάου Σκουφά,466,270,4,2,6,264,94,6,19,5,54,80,2,35,29,6,27,3,1,9,8,21,8,0,2,1,2,0,0,0,10,6,0,1,2,2,0,0,0,0,0,0,0,0,4,1,0,0,3,0,1,0,0,5,2,1,0,0,0,0,0,0,0,0,0,0,0,0,0,0,0,0,0,0,5,2,1,1,1,2,1,1,0,0,0,0,7,5
19 - Αρτας,186 E.T. Δήμου Νικολάου Σκουφά,437,251,5,3,8,243,77,6,10,2,49,88,2,52,18,6,15,5,3,3,3,20,2,0,2,6,4,1,1,1,12,3,0,4,3,5,0,3,0,0,0,0,0,0,1,1,0,0,4,2,3,1,1,3,0,3,0,0,0,0,0,0,0,0,0,1,0,0,0,0,0,0,0,0,1,0,0,1,0,1,0,0,1,1,0,0,6,3
19 - Αρτας,187 E.T. Δήμου Νικολάου Σκουφά,352,235,6,1,7,228,98,12,19,5,53,52,3,25,16,7,15,7,2,4,1,18,5,4,2,4,7,4,1,0,7,3,0,2,1,1,0,0,3,0,0,0,0,0,0,0,0,0,7,2,0,0,0,3,1,1,0,0,0,0,0,0,0,1,1,0,0,0,2,0,0,0,0,0,2,0,1,1,0,0,0,0,0,0,5,1,6,3
19 - Αρτας,188 E.T. Δήμου Νικολάου Σκουφά,323,194,2,0,2,192,61,7,8,3,34,60,1,29,11,13,22,10,7,2,0,30,10,9,6,3,6,5,1,0,3,0,0,1,0,3,0,3,0,0,0,0,0,0,0,0,0,0,1,0,0,0,0,2,1,0,0,0,0,0,0,0,0,0,0,0,0,0,0,0,0,0,0,0,0,0,0,0,0,1,0,0,1,1,0,0,2,1
19 - Αρτας,189 E.T. Δήμου Νικολάου Σκουφά,345,180,3,3,6,174,61,6,22,2,27,67,3,51,2,8,12,2,1,5,1,7,2,1,3,0,2,0,1,0,2,0,0,1,0,0,0,0,1,0,0,0,0,0,5,3,1,1,2,1,0,0,0,1,0,1,0,0,0,0,0,0,0,0,0,7,0,1,0,0,0,0,0,0,2,0,0,0,0,1,0,0,2,1,0,0,2,2
19 - Αρτας,190 E.T. Δήμου Νικολάου Σκουφά,460,293,1,3,4,289,111,5,57,3,44,77,4,46,6,13,17,9,2,1,3,34,2,14,5,7,8,3,1,2,6,3,0,1,0,3,1,1,1,0,0,1,2,1,3,1,1,1,3,2,3,0,0,8,0,6,1,0,0,0,0,0,0,0,0,0,0,0,3,0,0,2,1,0,1,1,0,1,1,1,1,0,1,1,0,0,5,3
19 - Αρτας,191 E.T. Δήμου Νικολάου Σκουφά,468,318,2,0,2,316,97,2,51,2,33,108,3,71,5,18,24,5,2,4,7,42,2,26,4,3,3,1,1,0,7,2,1,1,2,4,1,0,0,0,0,0,0,0,5,0,1,0,1,0,2,0,0,8,0,8,0,1,1,0,0,0,0,0,0,1,1,0,0,0,0,0,0,0,3,0,0,0,0,1,0,0,0,0,2,1,7,4
19 - Αρτας,192 E.T. Δήμου Νικολάου Σκουφά,478,308,2,1,3,305,101,2,64,1,31,111,7,70,2,23,26,9,0,5,6,29,2,18,3,2,6,3,1,0,5,3,1,0,0,2,1,1,1,0,0,0,0,0,0,0,0,0,2,2,1,0,1,6,1,2,0,0,0,0,0,0,0,1,0,0,0,0,0,0,0,0,0,0,4,2,1,0,0,0,0,0,0,0,0,0,10,7
19 - Αρτας,193 E.T. Δήμου Νικολάου Σκουφά,479,295,5,1,6,289,63,2,33,1,25,121,3,74,3,20,30,15,1,4,7,34,3,22,1,2,7,2,2,2,7,0,1,0,1,1,0,1,0,0,0,0,0,0,3,2,0,0,2,1,2,0,0,7,3,2,0,0,0,0,0,0,0,1,0,2,1,1,0,0,0,0,1,1,2,0,1,0,0,2,1,0,0,0,0,0,4,2
19 - Αρτας,194 E.T. Δήμου Νικολάου Σκουφά,479,352,7,2,9,343,122,5,46,1,59,133,6,73,4,32,24,8,3,8,1,18,3,9,3,1,11,2,5,2,8,3,1,0,2,5,3,2,0,0,0,0,0,0,1,1,0,0,3,2,0,0,0,7,1,3,1,1,1,0,0,0,0,0,0,0,0,0,0,0,0,0,0,0,2,1,0,2,2,1,0,0,1,0,1,1,3,3
19 - Αρτας,195 E.T. Δήμου Νικολάου Σκουφά,480,362,3,1,4,358,130,16,45,1,52,109,6,60,4,28,27,8,8,3,5,29,2,21,2,1,16,8,3,1,12,3,4,3,0,4,0,3,1,0,0,0,0,0,1,1,0,0,0,0,1,0,1,8,1,2,2,1,1,0,0,0,0,0,0,0,0,0,0,0,0,0,0,0,11,3,2,2,2,2,2,0,1,0,1,0,2,1
19 - Αρτας,196 E.T. Δήμου Νικολάου Σκουφά,137,104,1,0,1,103,10,1,0,2,4,47,0,15,1,24,13,3,1,2,5,31,6,9,4,1,0,0,0,0,1,0,0,0,0,0,0,0,0,0,0,0,0,0,0,0,0,0,0,0,0,0,0,0,0,0,0,0,0,0,0,0,0,0,0,0,0,0,0,0,0,0,0,0,0,0,0,0,0,0,0,0,0,0,0,0,1,0
19 - Αρτας,197 E.T. Δήμου Νικολάου Σκουφά,425,271,3,3,6,265,94,8,29,4,46,84,3,52,7,10,20,9,4,2,5,14,4,4,3,0,11,3,1,1,12,5,2,1,1,1,0,1,2,0,0,2,1,1,1,1,0,0,2,1,1,1,0,7,1,1,1,0,0,0,0,1,0,0,0,1,0,1,1,0,0,0,3,2,2,0,1,1,1,2,0,0,2,1,0,0,2,1
19 - Αρτας,198 E.T. Δήμου Νικολάου Σκουφά,273,136,3,1,4,132,60,1,14,1,39,44,4,20,4,10,18,10,0,4,4,2,0,0,0,0,1,0,0,0,3,0,0,1,2,0,0,0,0,0,0,0,0,0,0,0,0,0,0,0,0,0,0,1,0,0,1,0,0,0,0,0,0,0,0,0,0,0,0,0,0,0,0,0,0,0,0,0,0,0,0,0,1,0,0,0,2,1
19 - Αρτας,199 E.T. Δήμου Νικολάου Σκουφά,159,93,1,2,3,90,24,0,5,1,16,41,0,27,0,13,16,6,0,4,1,8,0,4,2,1,0,0,0,0,0,0,0,0,0,0,0,0,0,0,0,0,0,0,1,0,0,0,0,0,0,0,0,0,0,0,0,0,0,0,0,0,0,0,0,0,0,0,0,0,0,0,0,0,0,0,0,0,0,0,0,0,0,0,0,0,0,0
19 - Αρτας,200 E.T. Δήμου Νικολάου Σκουφά,193,110,0,0,0,110,44,3,15,2,18,42,3,11,2,22,8,4,2,0,2,2,0,0,0,0,4,2,0,1,5,1,1,0,1,1,0,0,0,0,0,0,0,0,1,0,0,0,1,1,0,0,0,1,0,0,0,0,0,0,0,0,0,0,0,0,0,0,0,0,0,0,0,0,0,0,0,0,0,0,0,0,0,0,1,0,0,0
19 - Αρτας,201 E.T. Δήμου Νικολάου Σκουφά,413,222,1,1,2,220,74,3,12,3,46,72,4,35,4,19,23,10,4,7,0,15,4,6,0,3,11,3,2,3,4,1,1,1,1,0,0,0,0,0,0,0,0,0,2,0,1,0,2,2,1,0,1,8,2,3,0,0,0,0,0,0,0,0,0,1,0,1,1,1,0,0,0,0,0,0,0,2,2,0,0,0,0,0,2,2,2,2
19 - Αρτας,Ετερ. Αρτας (από 2ο Ε.Τ. Νομ. Θεσσαλονικης),136,110,2,0,2,108,62,6,14,2,31,13,1,6,1,2,5,1,0,1,2,8,2,0,3,1,5,1,0,2,2,0,0,2,0,0,0,0,0,0,0,0,0,0,0,0,0,0,1,0,2,0,1,4,0,4,0,0,0,0,0,0,0,0,0,0,0,0,0,0,0,0,0,0,1,0,1,1,0,0,0,0,1,0,0,0,3,2
19 - Αρτας,Ετερ. Αρτας (από Εφετείο Θεσσαλονίκης),48,37,0,1,1,36,22,1,5,0,15,5,0,4,0,0,0,0,0,0,0,3,0,0,0,2,0,0,0,0,0,0,0,0,0,0,0,0,0,0,0,0,0,0,0,0,0,0,0,0,0,0,0,6,3,1,0,0,0,0,0,0,0,0,0,0,0,0,0,0,0,0,0,0,0,0,0,0,0,0,0,0,0,0,0,0,0,0
19 - Αρτας,Ετερ. Αρτας (από Εφετείο Ιωαννίνων),70,52,2,0,2,50,34,2,9,1,18,10,0,7,1,2,2,1,1,0,0,0,0,0,0,0,0,0,0,0,0,0,0,0,0,0,0,0,0,0,0,0,0,0,1,0,1,0,1,1,1,0,0,0,0,0,0,0,0,0,0,0,0,0,0,0,0,0,0,0,0,0,0,0,1,0,0,0,0,0,0,0,0,0,0,0,0,0
19 - Αρτας,Ετερ. Αρτας (από Εφετείο Πάτρας),71,49,0,1,1,48,21,4,4,1,8,13,1,4,0,7,5,1,2,1,1,5,0,1,0,0,0,0,0,0,3,2,0,0,1,0,0,0,0,0,0,0,0,0,1,0,0,0,0,0,0,0,0,0,0,0,0,0,0,0,0,0,0,0,0,0,0,0,0,0,0,0,0,0,0,0,0,0,0,0,0,0,0,0,0,0,0,0
19 - Αρτας,Ετερ. Αρτας (από 22ο Ε.Τ. Νομ. Αττικης-Αθηνών),509,381,1,2,3,378,141,13,30,9,77,145,5,77,5,39,19,3,2,9,2,26,8,0,2,6,9,5,2,2,8,1,2,2,0,0,0,0,1,0,0,0,0,0,1,0,1,0,0,0,1,1,0,10,1,4,0,0,0,0,0,0,0,0,0,1,0,0,1,0,0,1,0,0,3,2,0,3,3,0,0,0,0,0,0,0,9,4
19 - Αρτας,Ετερ. Αρτας (από 23ο Ε.Τ. Νομ. Αττικης-Αθηνών),516,379,2,1,3,376,152,6,27,5,97,126,6,69,7,23,39,8,5,17,8,21,10,2,1,0,10,6,1,1,3,1,0,0,1,1,0,1,0,0,0,0,0,0,1,0,0,1,2,2,5,1,1,8,3,1,1,0,0,0,0,0,0,0,0,0,0,0,4,2,0,0,1,1,1,0,0,0,0,0,0,0,0,0,0,0,2,1
19 - Αρτας,Ετερ. Αρτας (από 24ο Ε.Τ. Νομ. Αττικης-Αθηνών),512,368,1,2,3,365,130,11,27,6,64,117,2,76,5,24,36,11,5,11,3,22,7,0,3,5,14,5,2,3,5,1,1,1,0,1,0,0,2,0,0,1,0,0,3,0,1,0,1,1,5,0,3,9,6,1,0,0,0,0,0,0,0,0,0,0,0,0,0,0,0,0,1,0,10,4,3,5,4,0,0,0,0,0,0,0,4,2
19 - Αρτας,Ετερ. Αρτας (από 25ο Ε.Τ. Νομ. Αττικης-Αθηνών),523,407,3,2,5,402,143,14,31,11,65,125,4,72,9,24,38,9,11,8,7,45,11,1,6,7,8,1,3,1,15,6,0,2,1,0,0,0,0,0,0,0,0,0,5,3,0,0,1,1,1,0,0,6,1,3,2,0,0,0,0,0,0,0,0,0,0,0,1,0,0,0,0,0,2,1,0,3,2,0,0,0,1,0,0,0,8,5
19 - Αρτας,Ετερ. Αρτας (από 26ο Ε.Τ. Νομ. Αττικης-Αθηνών),513,384,3,1,4,380,138,15,30,5,69,125,2,70,13,21,25,9,2,6,5,46,10,3,8,12,7,2,1,2,11,0,0,4,2,2,0,2,0,0,0,0,0,0,2,0,0,0,2,2,6,1,1,4,3,1,0,0,0,0,0,0,0,0,0,0,0,0,0,0,0,0,0,0,3,0,0,1,1,0,0,0,0,0,0,0,8,7
19 - Αρτας,Ετερ. Αρτας (από 27ο Ε.Τ. Νομ. Αττικης-Αθηνών),517,377,0,0,0,377,135,9,27,10,72,125,3,71,5,38,42,11,5,14,6,29,7,5,4,1,9,4,1,2,8,1,0,2,0,0,0,0,0,0,0,0,0,0,1,0,1,0,5,2,5,2,2,8,0,4,4,0,0,0,0,0,0,0,0,0,0,0,1,0,1,0,0,0,1,0,0,1,0,0,0,0,0,0,0,0,7,3
19 - Αρτας,Ετερ. Αρτας (από 28ο Ε.Τ. Νομ. Αττικης-Αθηνών),519,405,4,2,6,399,162,21,26,11,93,129,2,80,6,23,33,10,4,15,3,36,12,1,5,4,9,3,0,2,7,0,2,3,0,0,0,0,3,0,0,2,0,0,0,0,0,0,1,0,1,0,0,7,3,1,2,0,0,0,0,0,0,1,0,0,0,0,2,1,0,1,0,0,3,2,1,0,0,1,0,0,0,0,1,0,3,3
19 - Αρτας,Ετερ. Αρτας (από 3ο Ε.Τ. Νομ. Αττικης-Πειραιώς),127,90,0,4,4,86,29,7,7,1,9,32,1,21,5,2,4,2,0,0,0,10,3,0,1,2,2,0,1,0,3,1,0,0,1,1,0,1,0,0,0,0,0,0,1,1,0,0,0,0,1,0,0,1,0,1,0,0,0,0,0,0,0,0,0,0,0,0,0,0,0,0,0,0,0,0,0,0,0,0,0,0,0,0,0,0,2,0
19 - Αρτας,Ετερ. Αρτας (από Εφετείο Ναυπλίου),45,34,0,0,0,34,12,1,3,0,5,12,2,7,1,2,5,4,1,0,0,5,0,1,2,1,0,0,0,0,0,0,0,0,0,0,0,0,0,0,0,0,0,0,0,0,0,0,0,0,0,0,0,0,0,0,0,0,0,0,0,0,0,0,0,0,0,0,0,0,0,0,0,0,0,0,0,0,0,0,0,0,0,0,0,0,0,0
Σύνολο,,78047,48316,789,243,1032,47284,17325,1639,4455,570,8879,15013,872,7861,564,3855,5184,1646,712,1372,854,3546,620,435,609,972,1141,366,183,147,1146,372,122,228,139,384,86,192,138,17,27,34,19,9,242,70,53,30,246,138,212,46,72,905,155,495,73,30,14,27,13,4,1,52,28,66,25,17,124,23,20,18,73,40,216,72,51,139,81,132,47,17,116,62,95,43,709,428
