ΠΕΡΙΦΕΡΕΙΑ,ΕΚΛΟΓΙΚΟ ΤΜΗΜΑ,ΕΓΓΕΓΡΑΜΜΕΝΟΙ,ΨΗΦΙΣΑΝΤΕΣ,ΑΚΥΡΑ,ΛΕΥΚΑ,ΑΚΥΡΑ & ΛΕΥΚΑ,ΕΓΚΥΡΑ,Νέα Δημοκρατία,ΚΩΤΣΗΡΑΣ ΓΕΩΡΓΙΟΣ του Αναστασίου,ΛΙΑΚΟΣ ΕΥΑΓΓΕΛΟΣ του Γεωργίου,ΜΠΑΡΑ ΕΥΓΕΝΙΑ του Γεωργίου,ΜΠΟΥΡΑΣ ΑΘΑΝΑΣΙΟΣ του Κωνσταντίνου,ΠΑΝΟΗΛΙΑ ΜΑΡΙΑ του Χρήστου,ΠΟΥΛΗΣ ΣΤΑΜΑΤΙΟΣ του Κυριάκου,ΣΥΡΙΖΑ,ΒΟΥΤΥΡΑΚΟΥ ΔΙΑΛΕΚΤΗ ΑΘΗΝΑ (ΔΙΑΝΑ) του Κωνσταντίνου,ΝΕΦΕΛΟΥΔΗΣ ΑΝΔΡΕΑΣ του Παύλου,ΠΑΝΤΖΑΣ ΓΕΩΡΓΙΟΣ του Σπυρίδωνα Αριστοτέλη,ΠΑΠΠΑ ΠΑΝΑΓΙΩΤΑ του Χαράλαμπου,ΣΤΕΦΑΤΟΥ ΔΙΟΝΥΣΙΑ του Παναγή,ΤΣΙΠΡΑΣ ΓΕΩΡΓΙΟΣ του Ηρακλή,ΠΑΣΟΚ-Κίνημα Αλλαγής,ΑΚΑΜΙΩΤΑΚΗ ΜΑΡΓΑΡΙΤΑ του Κωνσταντίνου,ΒΟΥΓΙΑΝΤΖΗΣ ΧΡΗΣΤΟΣ του Ιωάννη,ΠΕΡΟΥΚΙΔΟΥ ΚΥΡΙΑΚΗ (ΚΙΚΗ) του Παντελή,ΣΤΑΜΟΥ ΔΗΜΗΤΡΙΟΣ του Σπυρίδωνος,ΥΨΗΛΑΝΤΗΣ ΑΝΤΩΝΙΟΣ του Γεωργίου,ΧΑΤΖΗΛΕΡΗΣ ΚΥΡΙΑΚΟΣ του Γεωργίου,Κ.Κ.Ε.,ΓΚΙΝΗΣ ΕΥΑΓΓΕΛΟΣ του Παναγιώτη,ΘΕΟΔΩΡΟΥ ΧΑΡΑΛΑΜΠΟΣ (ΜΠΑΜΠΗΣ) του Παναγιώτη,ΜΕΝΙΔΙΑΤΗ ΑΛΕΞΑΝΔΡΑ (ΑΛΕΚΑ) του Ιωάννη,ΠΑΠΑΔΑΤΟΥ ΑΓΓΕΛΙΚΗ του Γεωργίου,ΠΑΠΑΣΤΑΥΡΟΥ ΚΥΡΙΛΛΟΣ του Χρυσοστόμου,ΤΣΟΚΑΝΗΣ ΧΡΗΣΤΟΣ του Νικολάου,Ελληνική Λύση - Κ. Βελόπουλος,ΚΑΡΑΚΑΤΣΑΝΗΣ ΔΗΜΗΤΡΙΟΣ του Στέλιου,ΛΥΚΟΠΟΥΛΟΣ ΠΕΤΡΟΣ του Χαράλαμπου,ΣΑΒΒΙΔΟΥ ΔΕΣΠΟΙΝΑ του Χρήστου,ΤΑΜΗΛΙΑΣ ΣΠΥΡΟΣ του Αλέξανδρου,ΤΑΤΜΙΧΑΛΗΣ ΑΝΔΡΕΑΣ του Φίλιππου,ΤΟΛΗ ΧΡΥΣΟΥΛΑ του Ιωάννη,ΜέΡΑ25-ΣΥΜΜΑΧΙΑ ΓΙΑ ΤΗ ΡΗΞΗ,ΑΓΙΟΜΥΡΓΙΑΝΝΑΚΗΣ ΔΗΜΗΤΡΙΟΣ του Νικολάου,ΕΛΕΝΗ ΔΗΜΗΤΡΑ του Αναστασίου,ΚΑΛΥΒΑΣ ΕΥΑΓΓΕΛΟΣ του Βασιλείου,ΚΛΩΚΑ ΜΑΡΙΑΝΕΛΛΑ του Γεωργίου,ΠΟΛΥΧΡΟΝΗΣ ΒΑΣΙΛΕΙΟΣ του Πολυχρόνη,ΕΝΩΝΩ ΣΥΜΜΑΧΙΑ ΕΛΕΥΘΕΡΙΑΣ,ΒΑΠΟΡΙΔΗΣ ΔΗΜΗΤΡΙΟΣ του Μιχαήλ,ΚΑΡΥΑΝΔΗ ΑΘΗΝΑ του Αντωνίου,ΛΑΜΠΡΟΥ ΜΙΧΑΗΛ του Νικολάου,Κ.Κ.Ε. (μ-λ),ΛΑΜΠΡΟΠΟΥΛΟΣ ΑΝΑΣΤΑΣΙΟΣ του Δημητρίου,ΣΟΓΙΑ ΜΑΡΙΝΑ του Γεωργίου,ΤΣΟΠΕΛΑΚΗΣ ΗΡΑΚΛΗΣ του Νικολάου,Ο.Κ.Δ.Ε.,ΜΠΑΡΔΑΚΑΣ ΓΕΩΡΓΙΟΣ του Ηλία,ΑΝΤ.ΑΡ.ΣΥ.Α.,ΓΚΙΟΚΑΣ ΑΓΓΕΛΟΣ του Αναργύρου,ΔΗΜΗΤΡΑΚΟΠΟΥΛΟΥ ΒΑΣΙΛΙΚΗ (ΒΑΛΙΑ) του Γεωργίου,ΖΟΥΠΑ ΣΤΥΛΙΑΝΗ του Δημητρίου,ΚΑΤΑΡΑΧΙΑΣ ΒΑΣΙΛΕΙΟΣ του Νικολάου,ΠΟΛΥΔΩΡΟΣ  ΚΩΝΣΤΑΝΤΙΝΟΣ του Γεωργίου,ΤΡΙΧΙΑΣ ΚΩΝΣΤΑΝΤΙΝΟΣ του Παύλου,Κίνημα 21,ΘΩΜΟΠΟΥΛΟΣ ΣΤΑΥΡΟΣ του Ιωάννη,ΚΙΝΗΜΑ ΦΤΩΧΩΝ ΕΛΛΑΔΟΣ,ΚΟΝΤΟΓΙΑΝΝΙΔΟΥ ΑΛΑΤΑ ΧΡΙΣΤΙΝΑ ΕΛΕΝΗ του Παύλου,ΕΘΝΙΚΗ ΔΗΜΙΟΥΡΓΙΑ,ΑΘΑΝΑΣΙΑΔΗ ΤΑΤΙΑΝΑ του Ιωάννη,ΜΠΟΥΣΜΠΟΥΚΕΑ ΑΙΚΑΤΕΡΙΝΗ του Γεωργίου,ΠΟΝΗΡΕΑΣ ΠΑΝΑΓΙΩΤΗΣ του Κωνσταντίνου,ΦΩΚΑΣ ΙΩΑΝΝΗΣ του Κοσμά,ΝΙΚΗ,ΑΜΠΑΔΟΓΙΑΝΝΗ ΕΥΑΝΘΙΑ του Νικολάου,ΚΟΤΣΟΧΕΙΛΗΣ ΧΡΗΣΤΟΣ του Κωνσταντίνου,ΝΙΚΟΛΟΥ ΓΕΩΡΓΙΑ του Ευάγγελου,ΠΑΛΑΙΤΣΑΚΗΣ ΓΙΩΡΓΟΣ του Ιωάννη,ΣΥΜΠΟΥΡΑΣ ΚΩΝΣΤΑΝΤΙΝΟΣ του Ανδρέα,ΕΛΛΗΝΙΚΟ ΟΡΑΜΑ,ΤΣΑΝΕΚΛΙΔΗΣ ΑΝΑΣΤΑΣΙΟΣ του Κωνσταντίνου,κοινωνία αξιών,ΚΑΛΟΓΕΡΑΚΗΣ ΓΕΩΡΓΙΟΣ του Κωνσταντίνου,ΒΟΡΕΙΑ ΛΕΓΚΑ - ΚΡΑΜΑ,ΠΡΩΪΜΟΠΟΥΛΟΥ ΤΟΥΡΦΑΝΤΟΓΛΟΥ ΑΙΚΑΤΕΡΙΝΗ του Γρηγορίου,Ο.Α.Κ.Κ.Ε.,ΓΟΥΡΝΑΣ ΠΙΕΡΡΟΣ του Διονυσίου,Μ-Λ Κ.Κ.Ε.,ΑΡΓΥΡΑΚΗΣ ΠΑΝΑΓΙΩΤΗΣ του Αργυρίου,Ελλήνων Συνέλευσις,ΜΑΥΡΟΥΔΗΣ ΑΝΑΣΤΑΣΙΟΣ του Συμεών,ΠΑΠΑΓΕΩΡΓΙΟΥ ΕΛΕΝΗ του Γεωργίου,ΠΡΙΦΤΗ ΕΥΓΕΝΙΑ του Ευάγγελου,ΡΕΝΤΟΥΜΗΣ ΚΩΝΣΤΑΝΤΙΝΟΣ του Δημητρίου,ΤΣΟΛΕΡΙΔΗΣ ΑΘΑΝΑΣΙΟΣ του Χαράλαμπου,Ένωση Κεντρώων,ΚΟΚΚΙΝΑΣ ΝΙΚΟΛΑΟΣ του Τιμόθεου,ΜΕΝΤΕΣΙΔΟΥ ΕΡΑΣΜΙΑ του Κυριάκου,ΠΑΠΑΘΕΟΥ ΑΛΕΞΑΝΔΡΑ του Νικολάου,ΤΩΡΑ ΟΛΟΙ ΜΑΖΙ (Τ.ΟΛ.ΜΑ),ΑΓΑΛΙΩΤΗΣ ΝΙΚΟΣ του Στυλιανού,ΣΥΜΜΑΧΙΑ ΑΝΑΤΡΟΠΗΣ,ΑΘΑΝΑΣΑΚΗ ΜΑΡΙΑ του Κωνσταντίνου,ΑΡΕΤΑ ΛΗΤΩ του Αθανασίου,ΔΕΔΕΣ ΚΩΝΣΤΑΝΤΙΝΟΣ του Ανδρέα,ΜΠΙΝΙΩΡΗΣ ΑΛΕΞΑΝΔΡΟΣ του Χρήστου,ΦΡΑΝΤΖΗΣ ΚΩΝΣΤΑΝΤΙΝΟΣ του Αποστόλου,ΠΟΛΙΤΙΚΗ ΠΡΩΤΟΒΟΥΛΙΑ ,ΚΩΝΣΤΑΝΤΑ ΕΥΑΓΓΕΛΙΑ του Μηνά,ΕΛΕΥΘΕΡΟΙ ΞΑΝΑ,ΑΝΝΙΝΟΣ ΔΗΜΗΤΡΙΟΣ του Παναγιώτη,ΠΝΟΗ ΔΗΜΟΚΡΑΤΙΑΣ,ΚΑΚΑΝΙΑΡΗΣ ΑΝΤΩΝΙΟΣ του Στυλιανού,ΠΡΑΣΙΝΟ ΚΙΝΗΜΑ,ΓΚΟΚΤΣΗ ΕΛΕΝΗ του Νικολάου,ΔΗΜΗΤΡΙΑΔΗΣ ΠΑΥΛΟΣ του Γεωργίου,ΚΡΙΕΚΟΥΚΗ ΑΝΑΣΤΑΣΙΑ του Θεοδώρου,ΝΤΟΥΡΟΣ ΝΙΚΟΛΑΟΣ του Σωτηρίου,ΤΑΝΤΟΥΡΗΣ ΣΤΥΛΙΑΝΟΣ του Ιωσήφ,Οικολόγοι Πράσινοι,ΠΑΠΑΔΟΥΚΑΣ ΓΕΩΡΓΙΟΣ του Παναγιώτη,ΕΑΝ...,ΠΑΪΤΕΡΗΣ ΒΑΣΙΛΕΙΟΣ του Αλέξανδρου,ΕΝΟΤΗΤΑ - ΑΛΗΘΕΙΑ ΕΝ.Α,ΔΗΜΗΤΡΙΑΔΟΥ ΜΑΡΙΑ του Σάββα,ΚΑΡΑΓΙΑΝΝΟΠΟΥΛΟΣ ΝΕΚΤΑΡΙΟΣ του Παρασκευά,Πλεύση Ελευθερίας - Ζωή Κωνστ.,ΠΑΡΙΤΣΗ ΑΝΑΣΤΑΣΙΑ του Σάββα,ΦΟΥΦΟΠΟΥΛΟΣ ΔΗΜΗΤΡΙΟΣ του Αντωνίου
64 - Β' Δυτικής Αττικής,1 E.T. Δήμου Ασπροπύργου,483,313,9,1,10,303,96,31,59,5,19,14,13,42,12,11,8,6,6,14,26,9,2,7,1,0,9,52,5,2,3,4,20,40,36,6,18,17,5,4,2,0,0,0,0,0,0,3,1,1,2,2,0,0,0,0,0,0,0,0,0,0,0,0,4,2,3,0,5,1,1,0,1,2,2,1,0,0,1,0,0,3,1,0,0,1,0,1,0,3,1,0,0,0,1,0,0,0,0,0,0,7,6,1,1,1,1,1,0,0,0,1,1,1,0,0,0,0,0,2,2,2,1,3,2,2,7,5,4
64 - Β' Δυτικής Αττικής,2 E.T. Δήμου Ασπροπύργου,516,293,11,1,12,281,109,37,74,1,22,9,10,35,6,5,10,7,7,19,19,6,1,6,4,2,6,48,4,2,1,4,14,44,33,12,10,15,1,0,5,3,0,0,1,1,0,2,0,2,2,0,0,0,0,1,0,0,0,0,0,0,0,0,2,1,1,0,4,0,1,1,0,8,3,1,0,0,1,0,0,0,0,0,0,0,0,0,0,1,0,1,0,1,0,0,0,0,0,0,0,0,0,0,0,0,0,0,0,2,1,0,0,1,0,0,1,0,0,3,2,1,0,2,2,2,6,5,4
64 - Β' Δυτικής Αττικής,3 E.T. Δήμου Ασπροπύργου,514,328,11,2,13,315,138,41,93,3,40,13,26,54,12,8,16,7,8,25,16,2,1,10,1,3,2,38,4,2,3,5,12,27,31,11,9,16,2,4,5,3,1,0,0,1,1,5,2,1,0,1,0,0,0,0,0,0,0,0,0,0,0,0,2,1,3,2,0,0,0,0,0,5,2,2,1,2,1,0,0,0,0,0,0,0,0,0,0,0,0,0,0,0,0,0,0,0,0,2,1,3,3,0,1,0,1,0,0,0,0,1,1,0,0,0,0,0,0,2,2,1,1,5,5,4,5,3,3
64 - Β' Δυτικής Αττικής,4 E.T. Δήμου Ασπροπύργου,504,445,12,8,20,425,197,97,111,13,39,21,32,61,6,10,10,9,12,28,22,6,6,5,2,3,2,27,4,1,3,2,10,21,38,9,17,15,0,0,3,13,3,3,0,3,4,10,4,4,3,3,2,1,2,0,0,1,0,0,0,0,0,0,3,3,1,1,1,0,0,0,0,13,5,2,3,2,1,0,0,0,0,0,0,0,0,0,0,1,0,0,0,0,0,2,1,0,1,2,2,3,1,1,1,1,0,3,1,2,1,5,3,1,0,0,0,0,0,4,2,2,1,1,1,1,9,6,4
64 - Β' Δυτικής Αττικής,5 E.T. Δήμου Ασπροπύργου,503,345,9,3,12,333,132,67,89,5,65,10,17,45,9,8,9,10,7,23,27,10,1,8,8,5,6,35,4,3,1,3,8,29,37,8,15,16,2,1,5,3,0,1,0,1,0,2,2,1,1,1,1,0,0,0,0,5,1,1,0,0,0,0,6,5,4,0,4,2,0,2,2,4,3,0,1,2,0,0,0,0,0,0,0,0,0,1,0,4,1,2,1,0,2,2,1,1,1,2,1,3,3,2,0,0,1,0,0,1,0,0,0,0,0,0,0,0,0,1,0,2,1,2,2,1,10,5,4
64 - Β' Δυτικής Αττικής,6 E.T. Δήμου Ασπροπύργου,500,356,9,0,9,347,145,55,97,5,33,11,15,67,15,9,13,15,6,38,15,4,1,6,4,0,1,38,3,2,1,3,13,32,39,5,20,18,2,0,1,1,0,1,0,1,0,1,1,0,0,0,0,0,0,1,1,0,0,0,0,0,0,0,4,1,1,1,2,1,1,0,0,9,2,1,0,3,1,0,0,0,0,0,0,0,0,0,0,1,0,1,0,1,0,1,0,0,0,2,1,2,0,0,1,0,1,1,0,2,1,0,0,0,0,0,0,0,0,2,0,2,2,0,0,0,11,5,4
64 - Β' Δυτικής Αττικής,7 E.T. Δήμου Ασπροπύργου,505,321,13,2,15,306,111,23,72,7,28,18,19,61,8,11,8,10,6,25,20,2,3,6,4,3,7,39,6,4,3,3,11,31,26,9,15,13,4,1,2,3,1,2,0,1,1,3,1,1,2,2,0,1,1,1,0,3,1,0,0,0,0,0,2,1,1,1,0,0,0,0,0,8,4,3,4,2,0,0,0,1,0,0,0,0,0,1,0,1,0,0,0,0,0,1,0,0,0,1,1,0,0,0,0,0,0,0,0,4,4,1,1,2,1,0,1,1,0,1,1,1,0,1,1,1,11,7,6
64 - Β' Δυτικής Αττικής,8 E.T. Δήμου Ασπροπύργου,516,353,15,2,17,336,143,67,97,10,42,14,21,52,10,14,6,10,2,22,17,2,4,7,3,3,3,44,2,0,6,3,14,42,21,3,11,10,2,1,2,8,3,2,0,2,0,8,0,5,4,2,2,1,0,0,0,0,0,0,0,0,0,0,2,2,1,1,4,2,1,2,1,7,5,1,2,2,0,0,0,0,0,1,1,0,0,4,0,1,1,0,0,1,0,1,0,0,0,2,1,1,0,0,0,0,0,0,0,4,2,5,5,0,0,0,0,0,0,0,0,2,1,0,0,0,6,3,2
64 - Β' Δυτικής Αττικής,9 E.T. Δήμου Ασπροπύργου,506,310,10,1,11,299,101,42,56,7,33,9,11,37,6,6,6,8,8,15,25,13,2,13,7,3,5,50,6,0,8,5,14,41,38,8,10,19,0,3,8,3,0,1,0,0,0,1,0,0,0,3,2,2,2,0,0,2,0,1,1,0,0,0,1,1,0,0,5,2,0,1,0,3,2,1,0,1,0,0,0,3,2,1,0,0,0,0,0,1,0,1,1,0,0,0,0,0,0,0,0,2,2,0,1,1,0,1,1,4,3,1,0,3,2,2,1,1,0,4,2,0,0,0,0,0,10,9,8
64 - Β' Δυτικής Αττικής,10 E.T. Δήμου Ασπροπύργου,503,284,7,4,11,273,81,28,49,5,16,9,11,63,15,14,10,13,10,35,15,2,3,7,2,0,6,40,5,1,3,4,9,32,27,12,13,16,1,0,3,2,0,0,0,1,1,3,0,2,2,0,0,0,0,0,0,0,0,0,0,0,0,0,3,1,2,2,6,4,1,2,4,4,0,0,0,0,0,0,0,0,0,0,0,0,0,1,0,1,0,0,0,0,1,1,1,0,1,0,0,1,1,1,0,0,0,0,0,2,1,2,1,1,0,0,0,0,0,2,0,2,2,3,3,2,11,10,10
64 - Β' Δυτικής Αττικής,11 E.T. Δήμου Ασπροπύργου,535,356,9,2,11,345,146,37,92,9,56,15,21,53,13,9,7,8,12,35,18,6,1,9,2,3,3,54,1,0,6,8,16,46,26,6,12,14,1,4,4,3,1,2,0,2,0,3,3,1,2,1,1,0,0,0,0,0,0,0,0,0,0,0,1,1,5,2,3,1,0,0,1,4,1,3,2,1,0,0,0,0,0,0,0,0,0,1,1,3,0,0,0,1,3,0,0,0,0,3,1,3,0,0,1,1,2,0,0,1,1,6,3,0,0,0,0,0,0,2,1,0,0,0,0,0,9,6,6
64 - Β' Δυτικής Αττικής,12 E.T. Δήμου Ασπροπύργου,515,334,8,2,10,324,153,33,108,10,42,14,33,47,8,12,8,10,9,23,17,3,1,5,5,0,3,41,2,3,4,4,14,36,19,7,7,3,1,1,4,6,1,2,1,2,0,2,1,2,1,3,1,1,0,0,0,1,0,0,0,0,0,0,2,1,1,0,1,0,0,0,0,8,2,2,3,2,3,0,0,0,0,0,0,0,0,0,0,1,1,0,0,0,0,1,1,0,1,1,1,2,1,0,1,0,0,1,0,0,0,2,0,1,1,0,1,0,0,1,0,0,0,0,0,0,13,5,7
64 - Β' Δυτικής Αττικής,13 E.T. Δήμου Ασπροπύργου,503,324,4,5,9,315,116,33,77,13,33,9,19,45,16,11,5,6,8,24,19,11,6,3,3,3,3,37,4,0,2,2,15,32,42,6,15,25,2,2,5,4,1,2,0,1,0,4,1,1,1,1,0,0,0,0,0,0,0,0,0,0,0,0,6,4,2,1,3,1,0,0,1,3,2,0,2,0,0,0,0,0,0,0,0,0,0,2,1,2,2,0,0,0,1,0,0,0,0,3,2,2,1,1,0,0,0,0,0,0,0,2,1,3,1,0,1,1,0,2,0,1,0,1,1,1,15,9,9
64 - Β' Δυτικής Αττικής,14 E.T. Δήμου Ασπροπύργου,507,330,8,1,9,321,117,35,59,8,32,8,26,59,11,9,10,11,8,24,21,11,4,5,2,2,3,45,2,2,3,4,12,42,30,10,11,15,2,1,3,4,1,2,0,2,1,0,0,0,0,0,0,0,0,0,0,0,0,0,0,0,0,0,3,2,4,3,2,0,2,0,2,2,2,0,0,1,1,0,0,0,0,0,0,0,0,0,0,3,1,0,1,1,2,1,0,0,0,8,7,3,3,2,1,0,0,1,1,0,0,0,0,1,0,0,0,0,0,0,0,1,1,1,1,0,15,8,7
64 - Β' Δυτικής Αττικής,15 E.T. Δήμου Ασπροπύργου,501,293,10,0,10,283,134,41,91,15,39,12,14,40,7,5,5,10,6,15,12,2,2,5,2,2,4,54,4,3,2,0,18,48,17,8,9,8,1,1,3,2,0,0,0,1,1,0,0,0,0,2,0,0,0,0,0,0,0,0,0,0,0,0,0,0,1,0,2,1,0,0,0,2,2,1,0,0,0,0,0,0,0,0,0,0,0,0,0,0,0,0,0,0,0,0,0,0,0,0,0,2,1,0,0,0,0,0,0,1,1,0,0,0,0,0,0,0,0,1,1,3,1,1,1,1,9,5,5
64 - Β' Δυτικής Αττικής,16 E.T. Δήμου Ασπροπύργου,499,305,6,5,11,294,127,41,86,7,43,13,16,41,11,4,5,6,9,25,9,2,1,3,2,0,1,59,8,2,6,5,19,55,26,14,13,10,2,2,4,3,0,0,1,0,1,2,2,1,0,1,1,1,0,0,0,0,0,0,0,0,0,0,0,0,5,3,0,0,0,0,0,3,1,0,1,1,1,0,0,0,0,0,0,0,0,0,0,1,1,0,0,0,1,1,1,1,0,0,0,1,1,0,0,0,0,1,0,0,0,0,0,0,0,0,0,0,0,5,5,2,1,1,1,1,6,4,3
64 - Β' Δυτικής Αττικής,17 E.T. Δήμου Ασπροπύργου,518,337,14,1,15,322,134,32,98,12,34,15,20,58,12,11,3,12,4,29,24,7,2,6,4,3,6,36,4,0,3,4,11,31,33,9,15,19,0,2,1,5,2,4,0,2,0,1,0,0,0,1,1,0,1,0,0,1,0,0,1,0,0,0,0,0,7,7,2,2,1,1,0,3,2,0,2,1,1,0,0,0,0,2,2,0,0,1,1,0,0,0,0,0,0,0,0,0,0,0,0,2,1,1,0,0,0,2,2,0,0,0,0,4,3,0,4,1,0,0,0,0,0,0,0,0,6,6,5
64 - Β' Δυτικής Αττικής,18 E.T. Δήμου Ασπροπύργου,515,331,19,1,20,311,108,32,76,7,19,5,27,38,12,5,7,11,4,15,19,6,2,9,2,3,4,71,1,5,3,5,23,65,42,6,28,29,0,1,4,4,1,2,0,2,1,2,1,1,2,1,0,0,0,1,1,0,0,0,0,0,0,0,0,0,3,1,0,0,0,0,0,4,1,1,1,0,1,0,0,0,0,1,0,0,0,0,0,4,1,0,0,0,4,0,0,0,0,3,1,2,1,1,1,0,1,1,1,2,0,0,0,1,0,1,0,0,0,2,1,1,1,0,0,0,1,1,1
64 - Β' Δυτικής Αττικής,19 E.T. Δήμου Ασπροπύργου,504,330,14,2,16,314,133,34,72,4,40,19,34,43,7,8,6,10,14,20,9,2,2,5,3,1,2,53,5,2,11,3,18,42,38,10,12,21,2,3,6,3,1,3,0,2,0,4,2,1,1,1,1,0,0,0,0,1,0,1,0,0,0,1,2,1,5,3,1,1,0,0,0,3,2,0,0,2,0,0,0,0,0,0,0,0,0,0,0,3,0,0,0,2,3,1,0,1,1,2,0,3,3,2,0,1,0,0,0,1,0,0,0,0,0,0,0,0,0,1,1,0,0,0,0,0,7,5,3
64 - Β' Δυτικής Αττικής,20 E.T. Δήμου Ασπροπύργου,507,308,13,3,16,292,137,26,96,8,55,12,22,33,9,2,6,8,8,17,25,13,2,14,1,1,3,37,4,2,1,3,13,34,22,9,7,10,0,2,5,4,2,0,1,1,0,3,1,0,0,1,0,0,0,1,0,1,0,1,0,0,1,0,6,1,2,1,2,1,2,1,0,3,1,1,0,2,0,0,0,0,0,0,0,0,0,0,0,2,0,1,0,1,0,0,0,0,0,0,0,4,1,0,1,0,0,0,0,1,1,0,0,3,1,2,0,0,0,0,0,1,1,0,0,0,4,0,1
64 - Β' Δυτικής Αττικής,21 E.T. Δήμου Ασπροπύργου,503,298,10,2,12,286,106,25,70,3,33,9,16,38,11,7,6,6,13,19,23,10,3,10,3,2,8,46,3,2,2,6,19,39,26,9,15,17,0,1,2,7,1,1,1,1,1,4,2,3,2,1,0,1,0,0,0,0,0,0,0,0,0,0,5,2,0,0,3,1,1,1,2,4,0,1,0,1,2,0,0,1,0,0,0,0,0,1,0,1,0,0,0,0,1,2,1,1,1,5,3,7,5,1,1,4,3,0,0,0,0,1,1,0,0,0,0,0,0,0,0,0,0,0,0,0,5,3,4
64 - Β' Δυτικής Αττικής,22 E.T. Δήμου Ασπροπύργου,506,302,9,1,10,292,94,31,72,9,18,7,10,48,13,4,10,9,11,18,22,1,0,11,2,2,7,41,4,3,2,1,13,36,39,13,14,18,0,0,4,3,1,1,0,1,2,3,1,2,1,3,2,2,1,1,1,2,1,0,1,0,0,0,4,2,1,0,3,0,1,0,0,3,2,1,2,1,0,0,0,0,0,2,2,0,0,0,0,2,1,0,0,1,2,0,0,0,0,4,3,1,1,1,0,0,0,0,0,0,0,2,2,0,0,0,0,0,0,3,2,2,1,1,1,1,8,6,3
64 - Β' Δυτικής Αττικής,23 E.T. Δήμου Ασπροπύργου,504,295,19,0,19,276,131,43,89,5,33,14,15,38,10,5,4,10,8,21,20,6,5,14,2,1,2,37,5,0,6,6,11,34,23,7,16,12,0,0,1,3,1,2,1,0,0,1,0,1,1,2,0,0,0,0,0,0,0,0,0,0,0,0,0,0,1,1,0,0,0,0,0,3,1,2,0,1,2,0,0,2,2,0,0,0,0,2,1,0,0,0,0,0,0,0,0,0,0,1,1,1,1,0,0,0,1,0,0,2,2,3,1,2,1,0,0,1,0,0,0,0,0,0,0,0,4,4,4
64 - Β' Δυτικής Αττικής,24 E.T. Δήμου Ασπροπύργου,508,307,15,1,16,291,104,20,78,5,28,8,16,50,11,14,4,8,10,21,10,2,2,5,2,0,0,47,4,3,6,1,14,37,36,9,23,18,1,0,3,4,1,2,1,1,1,3,3,1,2,1,0,0,0,0,0,2,1,0,0,1,0,0,1,0,6,3,2,2,1,0,0,4,1,2,4,1,0,0,0,0,0,0,0,0,0,0,0,2,0,0,0,0,1,0,0,0,0,1,1,4,2,1,0,0,2,0,0,2,1,1,1,1,0,1,1,0,0,2,1,0,0,2,2,2,6,5,5
64 - Β' Δυτικής Αττικής,25 E.T. Δήμου Ασπροπύργου,501,304,18,1,19,285,89,25,70,7,20,12,4,36,10,8,8,5,2,23,17,3,3,9,1,1,2,39,2,0,1,3,13,37,41,7,20,26,1,4,4,6,0,3,2,2,3,1,0,0,0,5,5,1,2,1,0,1,1,0,1,0,0,0,0,0,2,1,2,0,0,0,0,1,1,0,1,0,0,0,0,0,0,1,1,0,0,0,0,1,0,0,0,0,1,0,0,0,0,7,5,3,3,1,0,1,1,1,1,2,1,1,1,1,1,0,0,1,0,2,1,0,0,3,3,3,22,18,13
64 - Β' Δυτικής Αττικής,26 E.T. Δήμου Ασπροπύργου,522,322,5,1,6,316,159,37,113,0,47,16,25,44,14,7,4,2,11,23,12,2,3,1,5,0,1,42,6,2,3,5,8,34,24,9,12,8,2,0,0,5,1,1,0,1,0,2,1,1,0,2,2,0,2,0,0,0,0,0,0,0,0,0,1,1,1,1,3,1,0,1,1,0,0,0,0,0,0,0,0,0,0,0,0,0,0,0,0,6,0,0,0,0,6,2,1,0,1,1,1,1,1,0,1,0,0,0,0,1,1,0,0,0,0,0,0,0,0,2,1,0,0,0,0,0,8,8,6
64 - Β' Δυτικής Αττικής,27 E.T. Δήμου Ασπροπύργου,499,310,15,4,19,291,109,35,87,7,27,7,18,39,8,8,6,8,5,17,17,5,3,4,3,1,5,44,2,1,4,5,17,38,33,4,19,18,0,1,5,6,2,2,0,3,0,4,1,2,1,2,0,0,0,1,0,1,1,0,0,0,1,0,1,0,3,2,1,0,0,1,0,3,1,0,1,0,0,0,0,0,0,2,1,0,0,0,0,2,0,1,1,0,2,1,0,0,0,0,0,3,3,3,0,0,0,1,1,1,0,0,0,2,1,1,0,1,0,2,1,2,2,1,0,0,10,5,8
64 - Β' Δυτικής Αττικής,28 E.T. Δήμου Ασπροπύργου,431,250,11,3,14,236,91,31,54,6,20,8,19,40,15,9,2,10,9,17,11,2,0,2,3,1,3,28,3,0,3,6,10,27,25,5,13,17,1,1,5,6,1,5,0,3,1,1,1,1,0,0,0,0,0,0,0,0,0,0,0,0,0,0,3,3,4,4,2,2,1,0,0,5,1,0,1,0,0,0,0,1,1,0,0,0,0,0,0,0,0,0,0,0,0,0,0,0,0,1,1,4,2,2,1,0,1,0,0,3,3,0,0,0,0,0,0,0,0,1,1,0,0,1,1,1,9,5,5
64 - Β' Δυτικής Αττικής,29 E.T. Δήμου Ασπροπύργου,488,264,7,1,8,256,62,19,42,3,11,4,15,26,7,8,1,6,5,15,11,4,4,5,1,2,0,50,1,5,2,3,24,44,58,13,37,32,1,1,2,5,2,3,0,2,1,1,0,1,1,1,0,0,0,0,0,0,0,0,0,0,0,0,1,1,2,2,2,1,0,1,1,7,1,3,1,3,3,0,0,1,1,1,1,0,0,0,0,4,0,1,0,1,2,1,0,0,0,0,0,4,2,1,1,1,1,1,1,2,1,1,1,0,0,0,0,0,0,2,1,2,2,1,0,0,10,9,5
64 - Β' Δυτικής Αττικής,30 E.T. Δήμου Ασπροπύργου,495,264,7,3,10,254,90,18,63,6,23,12,11,30,8,8,8,3,6,15,14,4,1,8,1,1,4,47,4,3,2,4,21,43,39,8,22,26,0,3,4,3,0,1,0,0,1,0,0,0,0,1,0,1,1,0,0,1,1,0,0,1,0,0,4,3,1,1,0,0,0,0,0,4,1,1,1,1,1,0,0,0,0,0,0,0,0,0,0,2,1,1,1,0,1,1,1,1,0,0,0,3,3,0,1,0,0,2,2,2,2,1,1,1,0,0,1,0,1,0,0,0,0,2,2,1,6,5,3
64 - Β' Δυτικής Αττικής,31 E.T. Δήμου Ασπροπύργου,489,284,13,0,13,271,94,32,72,9,18,8,13,39,8,12,7,5,8,17,11,6,2,8,0,2,1,44,5,2,2,5,14,39,32,11,18,20,1,1,4,3,0,0,0,0,0,3,2,3,0,1,1,0,1,2,2,0,0,0,0,0,0,0,5,4,0,0,4,4,1,1,2,7,4,3,2,3,1,0,0,0,0,0,0,0,0,0,0,2,0,0,0,1,2,1,1,0,0,0,0,6,3,2,2,0,1,0,0,2,1,1,1,1,1,1,0,0,0,1,1,0,0,0,0,0,12,7,7
64 - Β' Δυτικής Αττικής,32 E.T. Δήμου Ασπροπύργου,492,271,15,2,17,254,87,31,71,4,17,7,8,35,8,9,5,7,8,16,12,4,1,9,2,0,1,47,6,3,5,1,12,40,45,9,27,26,1,1,1,1,0,1,1,0,0,0,0,0,0,1,0,1,0,0,0,0,0,0,0,0,0,0,0,0,2,0,0,0,0,0,0,9,5,1,3,3,0,0,0,0,0,0,0,0,0,0,0,0,0,0,0,0,0,1,0,1,1,2,1,1,1,1,0,0,0,1,1,0,0,0,0,0,0,0,0,0,0,1,1,0,0,0,0,0,9,6,6
64 - Β' Δυτικής Αττικής,33 E.T. Δήμου Ασπροπύργου,466,298,6,2,8,290,77,12,57,4,15,11,8,37,8,7,8,7,11,14,13,4,0,6,4,1,4,52,2,5,4,5,19,47,57,8,39,33,1,2,1,5,1,0,1,2,0,0,0,0,0,3,1,1,2,0,0,1,0,1,0,0,0,0,9,6,5,3,0,0,0,0,0,6,1,0,0,0,3,0,0,0,0,0,0,0,0,1,0,1,0,1,0,0,1,1,0,0,0,3,3,6,1,0,2,1,0,0,0,2,1,5,3,0,0,0,0,0,0,1,0,0,0,1,1,1,4,3,3
64 - Β' Δυτικής Αττικής,34 E.T. Δήμου Ασπροπύργου,509,324,7,1,8,316,122,31,90,6,42,18,11,44,12,7,4,5,9,16,12,5,3,6,1,1,1,51,4,3,3,3,13,40,34,7,19,12,1,1,5,9,3,2,0,0,0,0,0,0,0,2,0,0,0,0,0,0,0,0,0,0,0,0,5,3,1,1,0,0,0,0,0,8,2,1,4,2,1,0,0,0,0,1,0,0,0,0,0,2,1,0,0,1,2,0,0,0,0,2,1,5,2,2,1,1,1,0,0,0,0,3,2,0,0,0,0,0,0,1,1,1,1,0,0,0,13,9,6
64 - Β' Δυτικής Αττικής,35 E.T. Δήμου Ασπροπύργου,497,279,5,1,6,273,75,31,52,5,18,4,11,41,11,6,8,11,10,21,11,3,1,5,1,1,0,48,0,5,4,3,18,39,45,11,23,27,0,3,4,8,3,2,0,1,2,3,2,2,0,1,0,1,0,0,0,0,0,0,0,0,0,0,1,1,3,3,2,2,1,0,1,8,5,2,6,1,0,0,0,0,0,0,0,0,0,2,1,1,1,0,0,0,1,1,0,0,1,1,0,7,6,2,2,0,3,0,0,0,0,5,4,1,0,0,1,0,1,2,2,0,0,1,1,1,6,4,4
64 - Β' Δυτικής Αττικής,36 E.T. Δήμου Ασπροπύργου,496,299,10,0,10,289,86,32,60,5,19,8,21,42,8,7,8,9,15,18,11,3,2,7,1,3,1,72,4,4,10,9,27,64,36,5,24,19,0,0,1,2,0,1,1,0,1,1,0,1,1,1,0,1,0,0,0,1,1,0,1,0,0,0,3,2,1,0,3,3,0,0,2,2,1,2,0,0,1,0,0,0,0,0,0,0,0,0,0,0,0,0,0,0,0,1,0,1,0,3,2,4,4,1,1,1,1,2,0,0,0,2,2,0,0,0,0,0,0,7,4,2,1,5,5,4,2,2,2
64 - Β' Δυτικής Αττικής,37 E.T. Δήμου Ασπροπύργου,505,317,17,3,20,297,108,56,83,3,18,6,10,41,13,7,5,7,5,18,8,3,1,2,1,0,0,56,4,2,1,4,20,47,44,0,20,19,2,0,5,3,0,1,0,0,0,2,2,0,2,1,0,0,0,1,0,1,0,0,0,0,0,0,4,0,0,0,1,1,1,0,0,3,2,1,0,1,0,0,0,0,0,0,0,0,0,2,1,2,1,0,0,1,2,1,0,0,0,0,0,5,2,3,2,2,1,0,0,2,0,0,0,1,0,1,1,0,0,0,0,1,1,3,3,3,7,4,2
64 - Β' Δυτικής Αττικής,38 E.T. Δήμου Ασπροπύργου,537,333,10,4,14,319,113,29,77,7,27,9,22,27,6,5,7,7,4,12,14,5,2,9,4,1,2,63,4,5,3,1,27,56,46,9,25,24,4,2,6,7,1,5,2,2,1,0,0,0,0,4,2,2,0,0,0,0,0,0,0,0,0,0,0,0,4,3,1,1,1,0,0,9,3,5,4,2,3,0,0,0,0,0,0,0,0,1,1,2,1,0,0,0,2,0,0,0,0,0,0,2,0,0,1,1,0,2,2,4,1,3,3,0,0,0,0,0,0,2,2,3,3,0,0,0,12,9,6
64 - Β' Δυτικής Αττικής,39 E.T. Δήμου Ασπροπύργου,505,283,15,1,16,267,109,33,80,11,21,7,12,41,11,10,8,6,7,22,7,3,1,3,0,2,2,35,1,4,4,2,12,32,29,3,11,16,0,1,5,3,2,2,0,1,0,1,0,0,0,3,1,2,0,0,0,0,0,0,0,0,0,0,5,4,3,0,1,0,1,0,1,9,3,1,3,0,3,0,0,0,0,0,0,0,0,1,1,2,0,0,0,2,2,0,0,0,0,1,1,4,1,0,1,1,3,0,0,2,0,0,0,0,0,0,0,0,0,2,1,0,0,0,0,0,9,8,6
64 - Β' Δυτικής Αττικής,40 E.T. Δήμου Ασπροπύργου,485,244,18,1,19,225,68,22,54,0,13,5,6,50,13,12,7,10,13,25,13,3,4,8,2,3,0,37,3,0,1,1,23,36,23,3,14,14,0,1,3,4,1,2,0,2,1,1,0,0,0,1,1,1,0,0,0,2,1,1,0,1,0,0,2,2,3,3,0,0,0,0,0,2,1,1,0,1,0,0,0,0,0,0,0,0,0,0,0,0,0,0,0,0,0,0,0,0,0,1,1,3,1,2,1,0,1,1,1,1,0,1,0,1,0,1,1,0,0,1,1,0,0,1,1,1,9,4,4
64 - Β' Δυτικής Αττικής,41 E.T. Δήμου Ασπροπύργου,493,307,11,4,15,292,104,32,71,3,24,8,21,28,3,9,3,5,9,14,6,1,0,6,0,0,1,48,1,0,1,3,21,47,49,8,25,27,1,4,4,2,0,1,1,0,2,3,1,2,2,1,1,0,0,0,0,0,0,0,0,0,0,0,8,7,2,2,0,0,0,0,0,7,5,1,5,0,1,0,0,0,0,0,0,1,0,1,0,3,0,1,0,1,2,0,0,0,0,1,1,2,1,1,1,1,0,2,0,2,2,1,0,2,0,0,0,0,0,1,0,3,2,2,1,0,13,9,7
64 - Β' Δυτικής Αττικής,42 E.T. Δήμου Ασπροπύργου,510,338,8,3,11,327,114,34,85,5,37,11,13,39,3,14,8,9,8,22,26,7,4,13,13,4,5,53,3,1,1,8,18,52,47,12,29,24,2,1,4,5,1,3,1,3,0,3,1,2,2,1,0,0,0,0,0,0,0,0,0,0,0,0,0,0,2,1,7,3,1,2,1,3,1,1,2,2,0,0,0,0,0,0,0,0,0,2,2,1,1,0,0,0,1,3,0,1,1,0,0,5,0,1,0,1,1,0,0,2,1,2,1,3,3,1,3,0,0,2,2,0,0,0,0,0,7,5,5
64 - Β' Δυτικής Αττικής,43 E.T. Δήμου Ασπροπύργου,490,281,13,1,14,267,82,19,67,4,20,3,21,38,7,11,10,11,5,25,7,1,1,3,3,0,0,53,4,0,3,2,25,52,40,6,20,32,1,2,6,5,2,3,1,1,3,1,1,0,1,6,1,1,3,0,0,1,0,0,0,0,0,0,5,2,3,1,0,0,0,0,0,2,1,1,0,0,0,0,0,0,0,0,0,0,0,0,0,2,0,0,1,0,2,1,0,0,0,2,1,7,4,1,2,2,1,0,0,1,1,0,0,0,0,0,0,0,0,4,3,0,0,0,0,0,7,6,6
64 - Β' Δυτικής Αττικής,44 E.T. Δήμου Ασπροπύργου,487,282,7,4,11,271,65,15,50,6,20,1,8,41,7,11,6,9,6,18,10,5,2,3,4,0,3,51,1,2,2,5,24,44,64,14,39,43,0,0,2,0,0,0,0,0,0,4,2,1,0,4,2,3,3,0,0,0,0,0,0,0,0,0,2,2,3,2,1,0,0,1,1,8,3,1,3,4,4,0,0,1,0,0,0,1,0,0,0,0,0,0,0,0,0,1,0,0,1,3,3,2,0,0,1,1,0,0,0,0,0,0,0,1,0,1,0,1,0,0,0,1,0,4,4,4,4,4,4
64 - Β' Δυτικής Αττικής,45 E.T. Δήμου Ασπροπύργου,513,278,2,0,2,276,68,21,38,3,20,4,26,43,11,6,9,10,12,25,11,5,1,7,2,2,2,73,3,5,4,5,24,71,40,7,20,26,0,2,3,9,1,4,1,5,2,0,0,0,0,1,0,0,1,0,0,0,0,0,0,0,0,0,2,1,3,3,2,1,1,0,0,4,3,0,1,2,0,0,0,0,0,0,0,0,0,1,0,2,0,0,0,1,2,1,0,1,1,1,1,3,2,2,1,0,1,0,0,1,1,2,1,0,0,0,0,0,0,0,0,1,1,1,0,0,7,6,4
64 - Β' Δυτικής Αττικής,46 E.T. Δήμου Ασπροπύργου,498,262,20,0,20,242,56,17,39,7,7,5,13,28,8,2,1,8,10,13,5,1,1,4,0,0,0,65,2,1,5,3,33,61,49,9,35,24,0,2,4,1,0,1,0,1,0,0,0,0,0,0,0,0,0,0,0,0,0,0,0,0,0,0,4,4,1,1,1,1,1,0,0,9,4,3,2,1,2,0,0,0,0,1,1,0,0,0,0,0,0,0,0,0,0,0,0,0,0,1,1,3,1,2,1,2,0,0,0,2,1,0,0,1,0,1,0,1,0,2,1,2,2,4,2,2,7,4,3
64 - Β' Δυτικής Αττικής,47 E.T. Δήμου Ασπροπύργου,494,289,9,3,12,277,88,28,63,3,22,6,19,43,7,8,6,13,13,27,23,6,5,6,3,4,3,44,1,0,1,3,13,41,31,8,14,17,0,1,1,4,2,2,0,0,0,1,0,0,0,1,0,0,1,0,0,0,0,0,0,0,0,0,1,0,1,1,4,1,1,1,0,11,5,2,4,1,3,0,0,0,0,0,0,1,0,1,1,2,0,0,0,2,2,1,0,1,1,0,0,1,1,0,0,1,0,1,0,1,1,1,1,0,0,0,0,0,0,2,1,0,0,1,1,1,13,11,9
64 - Β' Δυτικής Αττικής,48 E.T. Δήμου Ασπροπύργου,491,295,8,5,13,282,83,29,54,5,19,1,11,35,6,4,0,7,6,24,9,4,1,4,2,2,2,64,3,1,4,5,29,61,49,7,29,34,1,1,3,2,0,1,1,0,0,0,0,0,0,2,1,1,0,0,0,0,0,0,0,0,0,0,1,1,2,2,0,0,0,0,0,8,1,3,2,2,1,0,0,0,0,0,0,0,0,0,0,0,0,0,0,0,0,1,1,0,0,3,2,5,2,1,1,2,0,0,0,2,1,1,0,3,0,1,2,2,0,0,0,2,1,3,1,1,7,2,4
64 - Β' Δυτικής Αττικής,49 E.T. Δήμου Ασπροπύργου,510,285,14,2,16,269,85,25,66,8,33,8,15,43,7,8,10,8,14,17,8,1,2,5,0,0,2,34,2,3,5,1,16,27,50,9,35,31,4,3,2,5,1,3,0,2,1,1,0,1,0,1,1,0,0,0,0,0,0,0,0,0,0,0,5,4,2,1,0,0,0,0,0,6,3,2,0,2,3,0,0,2,1,1,0,0,0,0,0,2,0,0,0,0,2,1,1,0,1,2,2,6,3,1,2,5,1,1,1,3,1,3,3,0,0,0,0,0,0,2,2,0,0,0,0,0,6,5,5
64 - Β' Δυτικής Αττικής,50 E.T. Δήμου Ελευσίνας,560,350,8,1,9,341,147,54,4,18,55,20,39,59,20,12,9,9,13,27,26,11,3,4,8,2,5,32,17,2,4,6,15,6,23,10,7,10,3,2,4,6,0,4,1,1,0,2,1,0,0,2,1,0,1,0,0,2,0,0,0,1,1,0,0,0,3,1,4,0,0,0,0,7,3,3,2,1,0,0,0,0,0,1,1,0,0,0,0,0,0,0,0,0,0,0,0,0,0,0,0,3,1,0,2,1,0,0,0,3,0,1,1,1,0,0,0,0,0,6,1,1,0,0,0,0,12,10,7
64 - Β' Δυτικής Αττικής,51 E.T. Δήμου Ελευσίνας,551,328,7,2,9,319,132,58,40,12,43,19,33,67,12,15,6,15,9,34,20,6,3,4,8,4,1,27,19,5,4,1,8,8,11,6,3,4,2,0,1,5,1,2,0,2,2,6,3,2,0,0,0,0,0,0,0,3,1,1,2,1,1,0,4,3,1,1,1,0,1,0,1,6,5,1,2,0,0,0,0,1,1,0,0,0,0,0,0,2,0,1,1,0,1,1,0,0,0,1,1,4,2,2,0,1,1,0,0,8,5,0,0,1,0,0,0,0,0,2,1,2,1,0,0,0,14,9,6
64 - Β' Δυτικής Αττικής,52 E.T. Δήμου Ελευσίνας,545,377,20,1,21,356,169,63,64,17,60,27,26,41,18,7,3,11,8,9,30,9,6,4,15,1,2,33,23,7,2,3,6,9,20,10,1,10,0,0,6,6,0,3,1,2,1,1,1,1,0,2,1,0,1,0,0,2,0,1,1,0,0,0,1,0,2,0,5,1,1,1,2,9,4,1,1,2,1,0,0,0,0,0,0,0,0,0,0,0,0,0,0,0,0,1,0,0,0,1,0,5,3,2,1,2,0,0,0,4,0,1,1,3,2,0,2,0,0,6,0,3,0,2,1,1,9,5,5
64 - Β' Δυτικής Αττικής,53 E.T. Δήμου Ελευσίνας,561,343,6,2,8,335,148,64,41,11,62,24,47,76,27,16,6,20,9,40,20,11,6,2,6,4,2,33,20,5,4,3,8,2,14,9,4,5,1,3,2,4,0,1,0,1,0,2,2,0,1,1,1,1,0,0,0,1,0,0,0,1,1,0,5,3,2,1,2,0,0,0,1,8,5,2,4,0,1,0,0,0,0,0,0,0,0,1,1,0,0,0,0,0,0,1,1,0,0,0,0,2,1,1,0,2,0,1,1,1,1,0,0,0,0,0,0,0,0,1,1,1,1,0,0,0,11,8,8
64 - Β' Δυτικής Αττικής,54 E.T. Δήμου Ελευσίνας,551,344,8,5,13,331,147,50,46,21,54,20,26,53,18,9,10,13,6,23,21,8,4,7,7,3,1,40,23,4,6,6,9,4,19,9,4,8,0,2,3,9,3,3,1,0,2,2,1,2,0,0,0,0,0,0,0,1,0,1,0,0,1,0,3,2,6,5,0,0,0,0,0,4,3,1,1,0,1,0,0,0,0,0,0,0,0,1,1,0,0,0,0,0,0,1,0,1,1,1,0,4,3,2,0,0,1,0,0,2,1,3,0,0,0,0,0,0,0,3,2,0,0,0,0,0,11,9,7
64 - Β' Δυτικής Αττικής,55 E.T. Δήμου Ελευσίνας,555,319,10,2,12,307,108,35,50,10,44,16,19,55,13,8,9,8,13,21,25,8,6,6,8,2,5,30,20,4,1,1,11,5,19,4,4,3,1,2,3,6,1,3,1,1,2,0,0,0,0,0,0,0,0,0,0,3,1,0,1,0,0,0,3,1,5,4,3,1,1,0,0,2,2,1,1,0,0,0,0,1,0,0,0,0,0,1,0,1,0,0,0,0,0,1,0,0,0,3,2,2,0,0,0,0,0,1,0,0,0,4,4,3,0,1,2,2,0,6,3,2,1,2,1,0,21,12,10
64 - Β' Δυτικής Αττικής,56 E.T. Δήμου Ελευσίνας,551,353,8,3,11,342,143,54,55,13,60,9,33,64,20,10,11,10,11,30,38,11,8,5,15,1,5,34,23,3,5,2,13,5,14,5,4,5,1,1,3,6,1,1,0,3,0,0,0,0,0,1,0,0,0,0,0,1,0,0,0,0,0,0,3,2,4,3,2,1,0,0,1,9,6,3,2,3,2,0,0,1,0,0,0,0,0,0,0,0,0,0,0,0,0,2,0,1,1,1,0,2,0,0,0,0,0,1,1,2,1,2,1,4,2,0,3,1,0,0,0,0,0,0,0,0,8,4,4
64 - Β' Δυτικής Αττικής,57 E.T. Δήμου Ελευσίνας,553,370,5,3,8,362,142,48,46,10,57,23,30,73,16,13,14,17,12,37,28,4,6,5,14,3,8,31,22,6,4,5,9,2,15,8,4,3,1,1,2,8,2,2,0,1,2,7,3,4,1,1,0,0,1,0,0,1,0,1,1,0,0,0,1,0,3,0,1,1,0,0,1,11,3,1,2,1,1,0,0,0,0,0,0,0,0,0,0,0,0,0,0,0,0,1,0,1,1,0,0,6,4,5,0,1,0,0,0,5,2,3,3,0,0,0,0,0,0,6,3,0,0,0,0,0,19,13,10
64 - Β' Δυτικής Αττικής,58 E.T. Δήμου Ελευσίνας,544,339,4,3,7,332,122,47,33,6,59,7,39,77,24,16,8,15,18,34,19,4,4,3,10,2,4,29,16,12,3,4,3,6,16,8,3,6,0,0,8,8,4,3,1,3,1,5,1,3,4,0,0,0,0,0,0,2,0,0,0,1,1,0,3,2,6,5,3,1,0,1,2,9,5,1,5,2,0,0,0,0,0,0,0,0,0,0,0,4,1,1,1,0,0,0,0,0,0,0,0,3,1,0,2,1,0,0,0,3,0,5,3,1,0,0,0,0,0,6,5,1,0,1,1,1,9,6,5
64 - Β' Δυτικής Αττικής,59 E.T. Δήμου Ελευσίνας,556,367,7,2,9,358,150,56,57,15,46,22,43,74,30,11,5,16,13,37,34,11,9,8,10,3,3,43,33,5,7,6,15,7,18,8,5,6,0,2,1,6,0,0,1,1,0,3,0,1,0,1,0,0,0,0,0,2,1,0,1,0,0,0,2,2,2,1,1,1,0,0,1,6,2,1,1,0,2,0,0,1,1,0,0,0,0,0,0,0,0,0,0,0,0,2,2,2,0,0,0,1,1,0,1,0,0,0,0,0,0,1,1,3,0,0,0,0,0,1,1,1,0,0,0,0,6,3,2
64 - Β' Δυτικής Αττικής,60 E.T. Δήμου Ελευσίνας,563,376,19,5,24,352,158,51,53,9,66,18,42,55,21,8,4,15,10,23,32,14,9,5,11,2,3,40,24,6,9,8,12,4,13,6,4,6,0,1,5,7,1,4,0,4,2,1,1,0,1,1,1,0,1,0,0,1,1,0,0,1,0,0,1,0,4,3,1,0,1,0,1,5,2,0,3,3,1,0,0,0,0,0,0,0,0,0,0,4,1,0,0,2,2,4,2,0,0,1,0,5,2,3,2,0,3,0,0,4,4,1,1,1,1,0,1,0,0,2,2,2,2,0,0,0,9,8,8
64 - Β' Δυτικής Αττικής,61 E.T. Δήμου Ελευσίνας,562,352,8,3,11,341,151,48,36,16,57,20,42,72,24,13,9,15,18,29,28,11,3,6,8,3,5,20,14,4,2,3,6,1,10,4,2,3,0,0,2,10,0,3,0,1,1,4,2,3,0,1,1,0,1,0,0,1,0,0,0,0,0,0,3,2,2,2,5,1,3,1,3,4,2,1,1,2,0,0,0,1,1,0,0,0,0,0,0,1,0,0,0,1,1,0,0,0,0,1,0,2,1,0,1,1,1,1,1,1,1,2,2,1,0,0,1,0,0,3,3,1,1,1,1,1,15,7,7
64 - Β' Δυτικής Αττικής,62 E.T. Δήμου Ελευσίνας,518,352,6,5,11,341,146,47,41,14,57,19,36,67,18,9,4,18,10,23,25,6,4,3,6,2,2,28,18,5,4,7,3,5,17,7,5,7,1,0,1,10,0,3,2,5,0,1,0,1,1,7,2,2,5,0,0,1,0,1,1,0,0,0,0,0,4,2,4,1,1,1,1,4,3,2,0,1,0,0,0,0,0,0,0,0,0,0,0,1,0,0,1,0,0,0,0,0,0,0,0,0,0,0,0,0,0,1,0,2,2,1,1,1,0,1,0,1,0,3,2,1,1,1,1,1,16,12,8
64 - Β' Δυτικής Αττικής,63 E.T. Δήμου Ελευσίνας,547,405,8,8,16,389,159,84,47,12,70,19,37,65,18,14,9,13,14,33,26,9,7,5,9,5,4,51,38,7,3,5,24,11,24,12,8,5,0,2,2,6,2,3,0,3,0,2,0,2,2,2,0,1,2,0,0,3,1,1,2,0,2,0,0,0,3,2,0,0,0,0,0,8,5,2,3,0,4,0,0,0,0,2,2,0,0,1,1,0,0,0,0,0,0,0,0,0,0,3,1,5,3,0,2,0,0,1,1,1,1,3,3,2,0,1,1,0,1,8,3,0,0,0,0,0,14,12,10
64 - Β' Δυτικής Αττικής,64 E.T. Δήμου Ελευσίνας,556,402,3,2,5,397,135,69,46,13,47,13,27,71,19,11,13,10,12,36,39,12,12,10,10,8,12,46,38,6,3,7,17,5,19,3,8,7,1,1,5,7,2,3,0,2,2,5,3,2,3,0,0,0,0,1,0,1,0,0,0,0,0,0,3,3,6,2,8,2,2,1,2,12,4,5,4,4,1,0,0,1,1,1,1,0,0,1,0,0,0,0,0,0,0,3,2,1,1,1,1,7,5,2,3,0,0,0,0,4,1,5,5,3,0,0,0,0,0,0,0,1,1,0,0,0,17,11,5
64 - Β' Δυτικής Αττικής,65 E.T. Δήμου Ελευσίνας,561,388,13,4,17,371,120,43,41,13,47,20,35,66,14,14,5,17,17,27,45,20,10,13,10,18,19,39,27,7,2,4,17,3,26,13,6,8,1,1,6,7,3,2,2,0,1,2,2,1,1,0,0,0,0,0,0,4,0,3,0,0,2,0,6,3,4,3,4,2,0,1,3,10,6,3,1,2,2,0,0,1,1,0,0,0,0,1,0,2,1,1,1,1,0,2,1,1,0,1,0,8,4,3,3,0,1,0,0,0,0,6,1,3,0,0,0,1,0,2,2,0,0,1,0,0,11,8,7
64 - Β' Δυτικής Αττικής,66 E.T. Δήμου Ελευσίνας,556,393,12,3,15,378,144,54,42,8,62,10,48,44,17,8,4,11,8,19,37,12,3,7,13,2,8,46,28,5,4,3,15,9,28,9,4,12,3,1,9,2,0,2,1,1,0,1,1,1,0,3,1,1,2,0,0,4,2,0,1,1,0,0,4,2,7,3,7,1,1,1,1,15,7,1,1,9,3,0,0,0,0,0,0,0,0,2,0,2,0,0,0,0,0,0,0,0,0,2,2,3,3,1,2,0,0,1,1,0,0,3,2,1,0,0,0,1,1,4,3,1,0,1,1,1,16,7,7
64 - Β' Δυτικής Αττικής,67 E.T. Δήμου Ελευσίνας,557,363,1,1,2,361,149,60,49,6,59,22,71,54,19,13,9,7,9,23,27,11,6,4,14,4,22,57,38,12,2,6,23,9,22,12,6,5,2,6,8,5,1,3,1,2,1,4,1,1,3,0,0,0,0,0,0,0,0,0,0,0,0,0,1,1,5,4,4,1,1,0,0,5,0,1,2,2,0,0,0,0,0,1,1,0,0,1,1,1,0,1,0,1,0,1,0,1,0,0,0,0,0,0,0,0,0,0,0,1,1,0,0,0,0,0,0,0,0,2,2,2,2,1,1,0,18,14,8
64 - Β' Δυτικής Αττικής,68 E.T. Δήμου Ελευσίνας,562,397,8,4,12,385,171,60,68,11,73,17,56,63,29,12,8,8,12,20,23,8,7,1,8,1,0,46,24,9,5,4,12,6,13,4,5,5,3,1,3,13,3,5,0,3,0,2,2,1,1,1,1,1,0,0,0,1,0,0,0,0,0,0,4,3,7,4,1,0,0,0,0,9,3,1,2,3,2,0,0,0,0,0,0,0,0,0,0,3,3,0,2,1,0,0,0,0,0,1,1,5,3,2,0,0,1,1,0,3,0,1,1,3,1,0,1,2,1,2,2,1,1,0,0,0,11,8,4
64 - Β' Δυτικής Αττικής,69 E.T. Δήμου Ελευσίνας,565,399,6,1,7,392,147,55,56,14,69,24,26,98,23,14,9,18,22,52,26,10,4,7,12,1,6,38,31,7,3,2,13,1,18,12,4,9,1,0,2,16,4,2,3,2,4,3,1,3,2,0,0,0,0,0,0,5,0,2,2,0,0,1,5,2,3,2,1,0,0,1,1,4,1,1,1,3,0,0,0,0,0,0,0,0,0,0,0,0,0,0,0,0,0,1,0,0,0,1,0,2,0,0,0,0,0,1,1,2,1,1,1,3,1,1,1,0,1,3,2,0,0,0,0,0,14,11,6
64 - Β' Δυτικής Αττικής,70 E.T. Δήμου Ελευσίνας,561,361,13,7,20,341,140,56,40,18,60,18,30,51,10,2,10,14,10,26,22,11,8,7,5,0,3,47,27,4,9,10,16,7,16,9,6,6,1,0,5,8,2,5,1,5,0,3,2,1,2,2,0,0,0,0,0,1,0,1,1,0,0,0,1,1,9,2,2,1,1,0,2,9,4,0,1,3,1,0,0,0,0,0,0,0,0,0,0,0,0,0,0,0,0,1,0,0,0,1,1,1,1,0,0,0,1,0,0,2,0,1,0,3,2,1,0,2,0,4,0,0,0,0,0,0,17,11,11
64 - Β' Δυτικής Αττικής,71 E.T. Δήμου Ελευσίνας,553,387,12,4,16,371,163,64,57,8,76,22,21,59,18,4,7,21,14,21,23,8,5,3,8,2,8,44,27,9,6,6,13,7,19,9,7,4,0,1,4,3,0,1,0,1,0,6,3,3,4,0,0,0,0,0,0,0,0,0,0,0,0,0,1,0,3,1,5,0,0,0,0,3,0,1,1,0,2,0,0,0,0,0,0,0,0,2,0,1,0,1,0,0,0,1,0,0,1,1,1,9,5,3,4,1,2,0,0,0,0,2,0,0,0,0,0,0,0,6,3,2,2,0,0,0,18,9,6
64 - Β' Δυτικής Αττικής,72 E.T. Δήμου Ελευσίνας,552,397,11,5,16,381,173,63,58,11,74,23,38,68,16,14,11,15,13,35,30,6,12,2,16,5,3,37,26,6,6,6,13,3,27,9,5,11,1,1,8,8,4,3,1,1,3,1,0,1,0,1,0,0,0,0,0,0,0,0,0,0,0,0,3,3,6,4,1,0,0,0,0,6,3,1,3,1,2,0,0,0,0,0,0,0,0,0,0,2,0,0,0,0,0,0,0,0,0,0,0,2,1,0,0,0,0,0,0,3,0,1,0,2,1,0,1,0,0,2,1,0,0,1,0,0,7,7,6
64 - Β' Δυτικής Αττικής,73 E.T. Δήμου Ελευσίνας,547,394,19,2,21,373,163,49,55,12,72,22,48,64,20,4,8,18,12,31,29,9,9,6,7,4,2,32,20,7,4,2,8,4,21,10,6,6,3,0,6,7,2,3,2,3,2,5,3,3,1,0,0,0,0,0,0,0,0,0,0,0,0,0,3,3,4,3,2,0,0,0,0,12,3,1,2,3,1,0,0,1,0,0,0,0,0,0,0,1,0,0,0,1,1,1,0,0,0,1,0,2,0,0,0,1,1,0,0,2,0,0,0,5,2,0,2,0,1,5,2,1,0,0,0,0,12,8,6
64 - Β' Δυτικής Αττικής,74 E.T. Δήμου Ελευσίνας,534,388,8,1,9,379,160,50,60,12,60,14,44,71,20,12,11,13,18,36,22,5,3,2,8,6,6,24,24,7,3,3,8,3,23,7,4,7,2,1,8,9,2,4,2,1,2,6,4,4,2,2,0,1,2,0,0,0,0,0,0,0,0,0,6,5,13,7,4,1,1,1,1,8,4,2,0,4,2,0,0,0,0,0,0,0,0,0,0,2,0,0,0,1,0,0,0,0,0,4,2,4,0,1,2,2,0,0,0,1,0,2,2,3,3,1,1,0,1,2,1,1,1,1,1,1,11,8,9
64 - Β' Δυτικής Αττικής,75 E.T. Δήμου Ελευσίνας,533,324,11,5,16,308,108,37,39,15,40,22,19,84,28,12,10,15,20,46,25,7,6,9,5,1,5,28,17,5,7,6,11,3,12,6,4,3,0,1,1,12,6,1,0,4,2,0,0,0,0,1,1,1,0,1,1,0,0,0,0,0,0,0,5,3,0,0,2,1,1,1,1,4,2,0,1,2,2,0,0,0,0,0,0,0,0,0,0,1,0,0,0,0,0,0,0,0,0,1,0,2,2,0,1,0,0,1,0,1,1,2,1,2,0,0,0,1,2,4,2,0,0,1,1,1,11,8,7
64 - Β' Δυτικής Αττικής,76 E.T. Δήμου Ελευσίνας,535,336,4,3,7,329,142,57,43,12,63,14,32,59,19,7,11,20,9,27,25,10,3,6,8,3,0,27,18,5,5,6,9,1,17,4,4,8,1,0,3,7,1,1,1,1,0,5,3,1,1,3,0,0,3,3,0,6,1,1,2,1,0,0,4,1,2,1,3,1,1,1,2,5,2,4,2,2,0,0,0,0,0,0,0,0,0,0,0,1,0,0,1,0,1,2,1,1,0,0,0,3,0,1,0,2,0,1,1,0,0,3,2,2,1,0,0,0,2,2,2,0,0,0,0,0,7,5,5
64 - Β' Δυτικής Αττικής,77 E.T. Δήμου Ελευσίνας,517,336,16,3,19,317,125,57,41,8,53,18,25,53,11,7,4,14,8,19,28,7,5,8,9,3,3,33,16,5,3,5,9,3,17,7,7,5,1,3,0,6,0,2,0,1,0,3,1,1,0,1,0,1,1,0,0,2,0,0,1,0,0,0,1,0,9,0,1,0,0,0,0,12,3,3,5,0,2,0,0,0,0,0,0,0,0,1,0,0,0,0,0,0,0,1,0,1,1,0,0,3,2,0,2,0,2,0,0,2,0,3,3,2,0,0,0,1,2,3,1,0,0,0,0,0,11,8,7
64 - Β' Δυτικής Αττικής,78 E.T. Δήμου Ελευσίνας,528,336,16,4,20,316,89,34,33,7,35,18,12,70,19,15,8,19,7,38,25,10,5,5,11,4,3,43,33,8,4,4,15,12,25,9,12,14,1,1,9,9,3,3,0,3,1,6,3,3,3,2,1,1,1,3,2,4,2,0,0,1,0,0,3,0,3,2,2,1,0,1,0,4,2,1,1,2,0,0,0,0,0,0,0,0,0,0,0,0,0,0,0,0,0,2,0,1,1,3,2,3,0,1,0,0,0,1,0,0,0,3,2,1,1,0,0,1,0,3,2,1,0,0,0,0,11,10,8
64 - Β' Δυτικής Αττικής,79 E.T. Δήμου Ελευσίνας,531,364,5,5,10,354,116,40,34,18,51,13,23,73,28,12,10,17,13,25,42,21,7,14,17,0,5,31,15,7,4,6,5,8,10,6,3,5,0,0,2,12,4,6,1,5,3,0,0,0,0,0,0,0,0,0,0,0,0,0,0,0,0,0,7,4,7,5,3,3,2,0,0,14,2,1,2,4,5,0,0,0,0,0,0,0,0,0,0,2,2,0,0,0,2,3,0,1,1,2,1,4,0,0,2,1,1,1,0,5,5,1,1,2,0,1,0,0,0,4,2,0,0,0,0,0,15,8,7
64 - Β' Δυτικής Αττικής,80 E.T. Δήμου Ελευσίνας,540,392,5,2,7,385,156,67,44,12,58,27,37,64,19,7,11,14,13,31,29,10,5,7,9,3,3,23,15,2,5,4,7,1,34,7,11,17,2,1,8,19,2,8,1,3,2,2,0,2,2,1,0,0,0,0,0,4,1,1,0,1,1,1,1,1,2,2,5,2,0,3,2,5,2,2,0,1,1,0,0,0,0,0,0,0,0,0,0,2,0,1,0,1,0,2,1,1,0,2,2,5,1,1,1,1,0,0,0,1,0,4,3,2,1,1,1,0,0,2,1,2,1,0,0,0,18,10,10
64 - Β' Δυτικής Αττικής,81 E.T. Δήμου Ελευσίνας,533,393,14,6,20,373,143,46,42,6,51,22,26,65,24,12,8,12,8,26,28,12,4,4,7,4,8,43,19,8,10,5,11,9,27,11,10,7,4,3,3,5,1,0,2,2,1,3,2,1,1,2,1,0,2,0,0,0,0,0,0,0,0,0,1,1,2,2,3,1,2,0,0,12,2,5,5,2,4,0,0,0,0,0,0,0,0,0,0,0,0,0,0,0,0,2,1,1,0,3,1,7,4,1,3,0,0,1,0,2,0,4,2,1,0,0,1,0,1,4,1,1,1,0,0,0,14,8,5
64 - Β' Δυτικής Αττικής,82 E.T. Δήμου Ελευσίνας,535,393,11,2,13,380,138,67,47,15,46,30,27,60,25,4,11,10,8,30,36,16,7,10,9,5,8,52,39,6,7,6,22,8,19,5,11,5,1,0,6,10,2,3,2,2,0,1,0,1,0,1,1,0,1,0,0,0,0,0,0,0,0,0,3,2,6,3,6,1,1,0,2,14,3,3,0,2,1,0,0,3,2,0,0,0,0,0,0,1,0,0,0,0,1,0,0,0,0,0,0,3,0,1,2,0,0,2,1,4,3,0,0,1,1,0,1,0,0,2,2,0,0,1,0,0,17,10,8
64 - Β' Δυτικής Αττικής,83 E.T. Δήμου Ελευσίνας,526,351,4,2,6,345,130,40,29,20,46,23,27,60,12,5,6,12,11,27,25,15,6,4,8,2,4,31,14,4,3,3,5,5,23,9,12,11,2,1,3,13,2,5,1,3,5,4,1,1,3,2,2,1,1,0,0,5,1,1,2,0,2,0,5,3,1,0,5,1,0,1,0,8,4,3,3,3,1,0,0,1,0,0,0,0,0,0,0,3,0,2,1,2,1,1,1,0,1,2,1,3,2,1,0,1,0,0,0,4,4,1,1,0,0,0,0,0,0,2,0,2,2,1,1,0,13,11,8
64 - Β' Δυτικής Αττικής,84 E.T. Δήμου Ελευσίνας,552,415,17,4,21,394,168,60,40,12,82,18,35,57,15,10,5,10,9,25,32,12,6,6,9,7,1,25,11,4,5,6,6,4,31,12,8,16,0,3,9,7,1,4,1,4,0,1,1,1,0,5,4,2,4,1,1,2,0,0,0,0,0,0,1,1,6,4,5,2,1,0,3,12,4,4,6,3,5,0,0,0,0,1,0,0,0,0,0,2,2,0,0,0,0,3,1,1,2,3,3,3,2,0,1,2,0,1,0,6,3,1,1,3,0,1,0,1,1,4,3,0,0,0,0,0,14,11,6
64 - Β' Δυτικής Αττικής,85 E.T. Δήμου Ελευσίνας,532,387,12,1,13,374,144,41,49,20,68,16,34,65,23,21,14,15,13,22,28,6,4,9,7,6,2,45,32,3,8,11,15,6,24,10,10,9,1,0,6,13,4,5,2,4,3,1,1,1,0,1,0,1,1,0,0,3,1,1,0,1,1,0,3,2,8,8,4,2,1,3,0,6,3,1,3,1,2,0,0,0,0,0,0,0,0,0,0,1,1,1,0,0,0,1,1,1,0,0,0,4,1,2,3,0,0,1,1,1,1,1,0,3,1,1,0,1,0,3,1,1,1,0,0,0,13,7,5
64 - Β' Δυτικής Αττικής,86 E.T. Δήμου Ελευσίνας,539,376,20,3,23,353,155,54,49,11,54,24,29,59,10,10,3,15,11,25,33,13,2,8,11,5,3,34,20,2,2,5,15,6,22,8,7,9,0,2,4,1,0,0,0,0,0,0,0,0,0,1,0,0,1,0,0,2,0,0,0,0,0,0,2,1,2,1,0,0,0,0,0,8,3,0,2,3,0,0,0,0,0,0,0,0,0,1,0,0,0,0,0,0,0,3,1,0,0,1,0,4,1,2,0,0,2,1,1,1,0,2,0,3,1,1,2,0,0,0,0,0,0,1,0,0,17,15,9
64 - Β' Δυτικής Αττικής,87 E.T. Δήμου Ελευσίνας,541,415,16,4,20,395,142,50,44,14,53,25,35,87,12,15,19,31,21,46,37,11,6,11,9,4,5,25,11,3,6,4,4,6,22,8,11,7,0,2,5,10,3,4,3,1,3,2,1,1,2,2,1,1,1,0,0,3,2,0,1,0,0,0,3,3,9,5,1,1,0,0,1,11,5,0,3,2,5,0,0,0,0,0,0,0,0,2,0,3,2,1,0,0,1,0,0,0,0,2,2,3,1,1,0,0,2,0,0,1,1,4,2,4,1,1,2,2,0,7,2,1,0,1,0,0,13,7,6
64 - Β' Δυτικής Αττικής,88 E.T. Δήμου Ελευσίνας,524,409,4,5,9,400,141,51,44,12,62,16,19,65,22,14,8,15,11,25,42,15,5,13,8,7,5,26,18,2,3,3,15,5,31,11,9,13,2,0,5,13,5,7,2,4,0,2,1,0,0,1,0,0,1,0,0,6,1,3,1,0,0,0,3,1,7,3,9,1,4,4,3,14,10,5,5,5,1,0,0,0,0,1,0,0,0,0,0,3,0,0,0,0,0,1,0,0,0,1,1,4,1,2,1,0,0,0,0,4,1,1,1,1,0,0,0,0,1,3,0,1,0,1,0,1,19,9,6
64 - Β' Δυτικής Αττικής,89 E.T. Δήμου Ελευσίνας,510,382,12,3,15,367,136,50,48,16,46,16,33,65,9,8,11,19,14,38,21,10,2,7,3,1,1,41,24,6,5,7,12,8,27,12,5,11,2,1,4,6,1,3,1,2,2,2,1,0,2,4,1,1,0,0,0,0,0,0,0,0,0,0,10,4,4,2,5,1,1,1,1,8,2,1,3,0,0,0,0,0,0,0,0,0,0,0,0,2,0,1,0,1,0,4,3,3,0,1,0,6,4,4,1,0,1,0,0,1,1,5,3,0,0,0,0,0,0,6,1,3,3,0,0,0,10,5,3
64 - Β' Δυτικής Αττικής,90 E.T. Δήμου Ελευσίνας,535,379,6,2,8,371,149,57,51,19,80,39,36,72,15,16,6,17,15,37,28,13,11,10,8,6,1,25,15,5,7,9,7,3,30,12,16,11,3,4,5,17,3,11,2,5,6,3,3,2,1,1,1,1,0,0,0,0,0,0,0,0,0,0,3,3,2,2,0,0,0,0,0,6,3,1,2,3,1,0,0,1,1,0,0,0,0,0,0,2,1,0,0,1,0,2,1,0,2,1,1,3,2,0,1,0,0,1,1,1,1,2,0,3,1,0,2,0,0,2,1,2,1,2,2,2,13,8,6
64 - Β' Δυτικής Αττικής,91 E.T. Δήμου Ελευσίνας,516,359,15,1,16,343,131,37,56,19,53,17,38,55,19,2,3,14,10,27,37,10,22,8,8,19,7,39,18,0,5,11,8,11,23,10,14,6,0,1,4,5,0,4,0,3,1,2,1,0,1,1,0,0,0,1,1,2,0,1,1,0,0,0,2,2,7,3,2,0,0,0,0,5,1,1,0,2,3,0,0,0,0,1,1,0,0,0,0,1,1,0,0,0,1,2,0,1,1,1,0,1,0,0,0,0,1,1,1,2,1,2,1,2,1,0,2,1,0,2,1,3,3,1,0,0,12,11,6
64 - Β' Δυτικής Αττικής,92 E.T. Δήμου Ελευσίνας,519,394,15,0,15,379,156,64,53,13,70,24,36,45,9,2,5,11,8,25,38,5,19,5,11,8,3,34,21,7,8,7,10,8,24,4,8,11,0,3,6,10,1,5,1,4,0,3,0,2,2,4,1,3,2,0,0,0,0,0,0,0,0,0,3,1,1,1,1,0,0,0,0,18,10,6,6,2,10,0,0,0,0,0,0,0,0,0,0,0,0,0,0,0,0,1,0,0,1,3,3,9,4,3,1,3,3,0,0,2,0,0,0,2,1,0,1,0,0,4,3,0,0,1,1,1,20,18,9
64 - Β' Δυτικής Αττικής,93 E.T. Δήμου Ελευσίνας,516,376,8,2,10,366,181,60,66,24,56,35,52,72,19,7,3,26,18,37,25,10,5,4,9,4,3,27,14,8,2,4,10,3,7,4,2,3,1,1,0,8,0,1,2,2,1,2,1,2,1,1,0,1,0,0,0,0,0,0,0,0,0,0,3,3,6,2,6,1,3,1,1,4,0,2,2,0,2,0,0,0,0,0,0,0,0,0,0,3,0,1,0,2,2,0,0,0,0,1,1,6,2,0,0,1,3,0,0,1,1,1,1,0,0,0,0,0,0,1,1,0,0,0,0,0,11,6,4
64 - Β' Δυτικής Αττικής,94 E.T. Δήμου Ελευσίνας,530,368,6,2,8,360,130,52,46,7,49,18,34,58,11,13,9,14,13,27,48,12,11,9,15,8,6,18,6,5,4,4,3,5,31,9,18,9,4,1,5,7,2,4,1,4,3,1,0,1,1,1,1,1,0,0,0,2,0,1,1,0,0,0,5,2,3,2,5,3,4,0,1,11,3,3,3,4,5,0,0,0,0,0,0,0,0,1,1,1,1,0,0,0,1,0,0,0,0,2,1,8,3,2,3,0,2,2,2,0,0,2,0,0,0,0,0,0,0,2,1,4,4,1,0,0,17,11,12
64 - Β' Δυτικής Αττικής,95 E.T. Δήμου Ελευσίνας,517,362,17,5,22,340,145,73,53,10,48,20,34,73,19,15,10,17,19,47,23,8,5,7,11,4,6,26,20,1,1,1,11,4,29,13,13,11,0,1,9,5,2,2,0,2,1,3,2,3,0,4,0,3,1,0,0,1,0,1,1,0,0,0,3,2,3,2,1,1,0,1,0,6,2,1,1,0,3,0,0,0,0,0,0,0,0,1,1,0,0,0,0,0,0,1,1,0,1,0,0,1,0,0,0,1,1,0,0,1,0,0,0,2,1,0,2,1,0,3,2,1,1,0,0,0,8,6,5
64 - Β' Δυτικής Αττικής,96 E.T. Δήμου Ελευσίνας,540,391,14,1,15,376,169,76,71,10,41,26,49,56,10,9,4,15,11,27,36,14,10,12,10,5,7,16,6,2,5,3,6,2,31,5,16,15,2,6,4,5,1,1,0,2,3,0,0,0,0,1,1,0,1,0,0,2,2,2,0,0,0,0,0,0,3,2,2,1,0,0,1,7,3,2,0,2,2,0,0,0,0,0,0,0,0,0,0,4,3,1,1,2,1,1,0,0,0,4,2,11,2,2,1,3,4,1,1,0,0,2,2,0,0,0,0,0,0,5,4,0,0,2,1,1,18,16,10
64 - Β' Δυτικής Αττικής,97 E.T. Δήμου Μάνδρας - Ειδυλλίας,554,347,4,1,5,342,175,76,42,15,80,21,60,56,18,8,13,9,12,33,20,12,2,5,11,2,1,30,7,8,5,11,1,3,15,5,3,5,1,1,5,6,0,2,1,3,0,1,1,0,1,0,0,0,0,0,0,1,0,0,0,0,0,0,2,1,0,0,0,0,0,0,0,11,7,3,5,2,3,0,0,0,0,0,0,0,0,0,0,0,0,0,0,0,0,1,0,1,0,3,1,5,3,2,3,1,0,0,0,2,0,1,0,0,0,0,0,0,0,2,0,3,3,0,0,0,8,6,6
64 - Β' Δυτικής Αττικής,98 E.T. Δήμου Μάνδρας - Ειδυλλίας,553,375,10,4,14,361,193,74,61,14,73,17,77,67,14,11,11,10,18,30,16,4,5,1,7,0,0,22,8,8,4,4,1,3,16,10,4,4,1,1,2,2,1,0,0,1,0,0,0,0,0,1,0,1,0,0,0,2,1,0,1,1,0,0,3,2,4,0,9,3,3,0,2,5,3,0,0,4,1,0,0,0,0,1,0,0,0,0,0,0,0,0,0,0,0,1,0,1,1,0,0,2,2,0,1,0,0,0,0,1,1,0,0,0,0,0,0,0,0,2,1,0,0,0,0,0,14,8,8
64 - Β' Δυτικής Αττικής,99 E.T. Δήμου Μάνδρας - Ειδυλλίας,564,361,2,1,3,358,208,66,43,13,102,15,80,60,15,9,12,15,12,34,18,9,2,5,6,3,2,15,8,1,5,5,1,1,11,5,5,4,2,0,2,3,1,0,0,0,1,5,3,1,3,0,0,0,0,0,0,1,1,0,1,0,0,0,2,1,0,0,3,1,0,2,1,8,2,1,3,5,0,0,0,0,0,0,0,0,0,2,1,2,0,0,1,1,1,0,0,0,0,1,0,4,3,1,2,0,0,2,0,1,1,1,0,0,0,0,0,0,0,0,0,0,0,0,0,0,11,7,6
64 - Β' Δυτικής Αττικής,100 E.T. Δήμου Μάνδρας - Ειδυλλίας,566,362,6,1,7,355,188,56,58,11,81,20,73,68,21,14,1,15,6,34,18,9,1,5,2,3,3,23,6,7,4,5,6,4,7,4,1,3,0,0,3,6,1,1,1,4,1,1,0,0,0,1,0,1,0,0,0,3,1,0,0,0,0,0,0,0,5,4,4,2,1,0,0,13,6,2,4,2,2,0,0,0,0,0,0,0,0,0,0,0,0,0,0,0,0,1,0,0,0,0,0,0,0,0,0,0,0,0,0,1,1,0,0,1,1,0,0,1,0,4,2,1,0,4,2,2,6,4,3
64 - Β' Δυτικής Αττικής,101 E.T. Δήμου Μάνδρας - Ειδυλλίας,559,359,11,2,13,346,178,60,57,8,82,10,70,56,16,7,3,18,9,24,33,9,13,4,13,3,1,16,5,3,5,3,1,1,6,3,1,3,1,0,4,8,1,3,1,4,0,3,2,1,2,0,0,0,0,0,0,2,0,0,0,0,0,0,2,0,0,0,2,0,1,0,0,10,3,3,2,4,3,0,0,0,0,0,0,0,0,2,0,1,0,0,0,0,0,0,0,0,0,1,0,10,4,1,5,0,0,1,0,0,0,4,3,0,0,0,0,0,0,0,0,1,0,0,0,0,10,6,5
64 - Β' Δυτικής Αττικής,102 E.T. Δήμου Μάνδρας - Ειδυλλίας,514,321,3,1,4,317,169,48,47,12,83,15,63,53,11,6,9,6,8,24,22,5,4,4,11,2,2,21,4,4,3,4,2,0,9,7,4,3,0,1,1,3,1,2,0,0,0,1,0,1,1,0,0,0,0,0,0,4,1,0,1,0,0,0,6,6,0,0,2,1,2,1,0,7,4,2,2,2,0,0,0,0,0,0,0,0,0,0,0,3,2,1,1,0,0,1,0,1,1,0,0,3,0,0,0,0,0,0,0,2,2,0,0,0,0,0,0,0,0,4,4,0,0,1,1,1,6,4,2
64 - Β' Δυτικής Αττικής,103 E.T. Δήμου Μάνδρας - Ειδυλλίας,495,320,1,2,3,317,156,57,42,11,105,12,22,50,15,13,6,8,9,21,15,8,1,3,8,0,2,35,7,20,6,3,14,3,7,2,1,3,0,0,4,10,3,3,1,5,1,0,0,0,0,1,0,0,0,0,0,5,2,1,0,0,0,1,1,1,0,0,2,0,0,1,1,13,6,2,5,4,2,0,0,1,0,0,0,0,0,0,0,1,0,0,1,1,0,1,0,0,0,0,0,2,1,0,1,0,1,0,0,0,0,1,1,1,0,0,0,0,0,4,1,1,1,0,0,0,10,8,9
64 - Β' Δυτικής Αττικής,104 E.T. Δήμου Μάνδρας - Ειδυλλίας,457,306,4,1,5,301,152,48,47,6,89,7,43,51,14,9,8,11,13,23,23,5,1,2,9,3,4,16,3,7,4,3,6,4,11,4,3,4,0,0,5,8,1,4,3,3,3,1,0,0,0,1,1,0,1,0,0,3,2,1,0,1,0,1,0,0,0,0,0,0,0,0,0,11,6,2,4,2,4,0,0,0,0,0,0,0,0,0,0,0,0,0,0,0,0,2,2,0,1,2,1,2,0,0,0,0,0,0,0,2,0,5,3,0,0,0,0,0,0,2,0,2,0,0,0,0,7,2,2
64 - Β' Δυτικής Αττικής,105 E.T. Δήμου Μάνδρας - Ειδυλλίας,447,292,1,0,1,291,138,41,39,6,93,9,21,45,15,7,5,7,10,21,15,4,2,2,6,1,2,26,1,14,4,4,8,6,15,3,3,4,0,2,4,6,2,2,0,1,0,1,1,1,0,1,0,1,0,0,0,12,11,0,3,0,3,0,3,3,0,0,1,0,0,0,0,10,5,3,3,3,0,0,0,0,0,0,0,0,0,1,0,0,0,0,0,0,0,0,0,0,0,0,0,4,0,0,0,0,0,1,0,1,0,1,0,1,0,0,1,0,1,2,0,0,0,0,0,0,7,3,1
64 - Β' Δυτικής Αττικής,106 E.T. Δήμου Μάνδρας - Ειδυλλίας,428,286,3,0,3,283,157,53,28,8,104,19,27,34,9,7,3,6,8,17,29,11,4,3,11,4,5,25,1,10,6,2,8,1,9,4,5,2,0,2,0,3,2,3,0,1,0,0,0,0,0,3,1,2,0,0,0,2,2,0,2,0,0,0,0,0,0,0,1,1,0,0,1,16,6,6,5,4,1,0,0,0,0,0,0,0,0,0,0,0,0,0,0,0,0,0,0,0,0,0,0,1,1,0,0,0,1,0,0,1,0,1,1,0,0,0,0,0,0,0,0,0,0,0,0,0,1,1,1
64 - Β' Δυτικής Αττικής,107 E.T. Δήμου Μάνδρας - Ειδυλλίας,454,291,4,1,5,286,148,54,30,10,94,9,21,48,12,6,4,9,11,20,21,7,2,4,5,0,3,30,6,19,3,5,12,0,4,2,2,1,1,1,1,8,1,4,1,3,1,0,0,0,0,0,0,0,0,0,0,3,2,1,2,1,0,0,2,0,0,0,1,0,0,0,0,7,2,2,2,3,1,0,0,0,0,1,1,0,0,0,0,0,0,0,0,0,0,0,0,0,0,0,0,1,0,0,0,0,0,1,1,1,0,2,0,1,0,0,1,0,0,1,0,0,0,3,2,3,3,0,0
64 - Β' Δυτικής Αττικής,108 E.T. Δήμου Μάνδρας - Ειδυλλίας,432,296,6,5,11,285,130,47,47,5,74,8,18,56,21,8,6,20,10,23,23,7,2,1,12,4,2,23,0,15,6,8,7,0,14,5,6,3,3,1,2,2,1,2,1,0,0,0,0,0,0,0,0,0,0,0,0,1,1,0,1,0,0,0,0,0,0,0,4,2,1,0,1,11,6,4,4,2,1,0,0,0,0,0,0,0,0,0,0,0,0,0,0,0,0,1,1,0,1,0,0,1,0,0,0,0,0,2,1,3,3,6,1,0,0,0,0,0,0,2,0,0,0,2,2,2,4,3,2
64 - Β' Δυτικής Αττικής,109 E.T. Δήμου Μάνδρας - Ειδυλλίας,470,299,3,1,4,295,124,47,36,6,74,6,19,58,20,6,4,9,8,26,20,5,2,1,7,1,3,18,2,7,2,2,4,2,17,4,4,7,2,1,2,10,6,2,2,3,1,5,2,4,1,1,1,0,1,0,0,7,6,0,1,0,0,0,4,2,0,0,2,2,0,0,2,14,4,5,3,3,3,0,0,0,0,0,0,0,0,1,1,0,0,0,0,0,0,2,0,0,0,2,2,2,1,1,0,0,0,0,0,0,0,2,2,0,0,0,0,0,0,2,2,1,0,1,0,0,2,1,1
64 - Β' Δυτικής Αττικής,110 E.T. Δήμου Μάνδρας - Ειδυλλίας,487,321,13,1,14,307,147,69,45,10,62,36,18,49,9,8,3,15,2,18,30,13,12,8,7,4,1,24,6,16,1,3,7,3,12,4,3,5,1,1,3,5,3,2,2,0,2,1,0,1,1,0,0,0,0,0,0,0,0,0,0,0,0,0,9,9,0,0,0,0,0,0,0,12,3,3,3,3,4,0,0,0,0,0,0,1,1,0,0,1,0,0,0,1,1,2,1,1,1,1,1,0,0,0,0,0,0,0,0,1,1,0,0,0,0,0,0,0,0,3,3,0,0,0,0,0,9,8,6
64 - Β' Δυτικής Αττικής,111 E.T. Δήμου Μάνδρας - Ειδυλλίας,480,331,9,1,10,321,156,50,24,11,83,28,54,46,8,13,6,13,14,13,17,2,9,1,2,1,6,24,8,13,1,2,2,7,16,8,4,5,0,0,5,11,4,5,1,3,1,1,0,1,1,0,0,0,0,0,0,1,0,1,0,0,0,0,6,4,0,0,3,0,1,1,2,11,3,0,3,2,1,0,0,1,1,0,0,0,0,0,0,3,0,0,0,3,0,0,0,0,0,0,0,6,5,1,3,0,2,0,0,0,0,1,1,3,2,0,3,1,0,1,1,0,0,1,1,1,13,8,4
64 - Β' Δυτικής Αττικής,112 E.T. Δήμου Μάνδρας - Ειδυλλίας,489,305,11,2,13,292,129,56,32,7,48,42,17,41,13,9,1,10,4,13,28,9,7,3,3,3,3,29,8,16,1,4,6,2,11,4,5,5,1,0,2,5,3,1,1,1,0,0,0,0,0,0,0,0,0,0,0,2,2,0,0,0,2,0,5,2,0,0,4,2,0,1,1,19,5,4,6,5,4,0,0,0,0,0,0,0,0,0,0,1,0,0,0,1,0,1,1,0,0,0,0,3,1,1,1,0,1,0,0,1,1,1,1,2,1,0,1,0,0,0,0,0,0,1,0,0,9,7,6
64 - Β' Δυτικής Αττικής,113 E.T. Δήμου Μάνδρας - Ειδυλλίας,484,353,7,3,10,343,182,76,54,17,93,38,32,35,12,4,5,9,9,12,26,6,11,5,8,3,3,26,7,16,3,0,0,4,16,6,6,7,0,1,4,10,7,1,1,2,4,5,3,2,3,0,0,0,0,0,0,3,0,1,0,0,1,0,0,0,0,0,1,0,0,0,0,10,2,1,2,3,0,0,0,1,1,0,0,0,0,0,0,0,0,0,0,0,0,2,0,1,0,1,0,0,0,0,0,0,0,0,0,5,3,1,0,3,0,0,2,1,0,4,2,2,0,0,0,0,10,9,4
64 - Β' Δυτικής Αττικής,114 E.T. Δήμου Μάνδρας - Ειδυλλίας,482,332,8,1,9,323,148,72,49,7,57,29,27,49,11,12,7,11,9,20,29,10,10,4,13,13,0,29,5,8,5,3,8,3,20,7,10,7,1,1,1,10,1,3,2,5,3,1,0,1,0,3,2,1,0,0,0,1,0,0,1,0,0,0,2,1,0,0,2,1,1,0,0,9,4,0,3,2,2,0,0,0,0,0,0,0,0,1,1,0,0,0,0,0,0,0,0,0,0,1,1,2,2,0,1,0,1,1,0,0,0,1,0,0,0,0,0,0,0,1,1,1,1,0,0,0,12,9,8
64 - Β' Δυτικής Αττικής,115 E.T. Δήμου Μάνδρας - Ειδυλλίας,486,344,7,4,11,333,145,55,39,7,65,34,15,58,20,14,4,12,16,16,38,8,21,10,12,3,5,16,4,9,0,2,7,3,12,9,6,3,2,0,1,5,1,1,0,2,1,1,0,0,0,2,1,0,1,0,0,1,0,0,0,0,0,0,7,3,0,0,4,1,0,1,0,10,4,0,2,5,2,0,0,0,0,0,0,0,0,1,0,1,0,0,0,1,1,2,0,1,1,0,0,3,1,1,0,1,1,0,0,1,0,1,1,0,0,0,0,0,0,2,0,3,3,1,1,1,19,12,10
64 - Β' Δυτικής Αττικής,116 E.T. Δήμου Μάνδρας - Ειδυλλίας,495,307,2,0,2,305,123,50,36,7,73,34,14,56,11,33,6,11,12,20,28,6,12,5,11,11,5,38,7,32,3,3,10,2,17,8,1,9,1,0,3,7,1,2,0,3,1,3,1,1,1,0,0,0,0,0,0,1,0,1,1,0,0,0,3,3,0,0,2,1,1,0,0,9,4,1,2,5,2,0,0,0,0,0,0,0,0,0,0,3,0,0,1,3,0,0,0,0,0,1,1,3,0,0,1,0,1,0,0,0,0,0,0,1,0,0,0,0,0,2,2,2,2,1,0,0,5,2,1
64 - Β' Δυτικής Αττικής,117 E.T. Δήμου Μάνδρας - Ειδυλλίας,445,314,19,2,21,293,134,50,53,6,63,37,20,69,12,16,10,20,11,25,18,6,11,3,5,1,0,13,2,8,1,1,2,0,14,7,7,6,2,1,2,5,3,1,1,3,0,4,1,2,1,1,1,0,0,0,0,0,0,0,0,0,0,0,1,0,0,0,0,0,0,0,0,12,7,1,3,6,2,0,0,0,0,0,0,0,0,1,0,0,0,0,0,0,0,1,0,1,1,1,0,0,0,0,0,0,0,1,0,3,2,1,1,4,2,0,4,1,1,3,2,1,0,0,0,0,6,3,3
64 - Β' Δυτικής Αττικής,118 E.T. Δήμου Μάνδρας - Ειδυλλίας,481,335,11,1,12,323,152,63,47,4,73,44,33,47,19,6,4,11,9,20,29,10,9,1,13,3,4,27,5,15,5,0,9,2,15,11,5,5,3,0,2,9,3,4,1,4,0,3,1,1,1,1,1,1,0,0,0,0,0,0,0,0,0,0,4,2,0,0,0,0,0,0,0,9,3,0,1,5,2,0,0,0,0,0,0,0,0,2,0,1,1,0,0,0,0,0,0,0,0,0,0,6,4,1,2,0,1,0,0,3,3,1,1,0,0,0,0,0,0,4,3,0,0,1,0,1,9,8,5
64 - Β' Δυτικής Αττικής,119 E.T. Δήμου Μάνδρας - Ειδυλλίας,441,312,4,1,5,307,144,56,41,7,53,41,27,39,14,3,3,9,8,20,26,3,8,2,11,1,3,36,9,26,2,3,9,5,8,3,3,2,1,0,3,3,0,0,1,0,2,1,0,0,0,0,0,0,0,0,0,0,0,0,0,0,0,0,5,3,0,0,2,0,0,0,0,10,4,2,0,8,2,0,0,0,0,0,0,0,0,0,0,1,1,0,0,1,0,0,0,0,0,1,1,5,2,2,1,0,0,0,0,1,1,0,0,2,2,0,1,0,0,2,1,1,1,1,0,0,19,8,5
64 - Β' Δυτικής Αττικής,120 E.T. Δήμου Μάνδρας - Ειδυλλίας,479,336,11,3,14,322,175,70,44,15,83,60,30,51,9,11,11,12,8,25,25,10,12,3,7,1,1,22,4,18,0,1,9,3,15,2,5,7,7,1,4,4,3,0,1,2,1,1,1,0,1,1,0,0,0,0,0,3,1,2,0,0,0,0,4,2,0,0,0,0,0,0,0,10,2,1,4,3,0,0,0,0,0,0,0,0,0,0,0,0,0,0,0,0,0,1,0,0,0,0,0,2,1,1,0,0,0,2,0,1,1,1,0,0,0,0,0,0,0,0,0,0,0,0,0,0,4,2,1
64 - Β' Δυτικής Αττικής,121 E.T. Δήμου Μάνδρας - Ειδυλλίας,482,324,8,4,12,312,129,52,39,11,54,38,23,45,14,7,10,11,9,21,24,5,9,5,10,3,3,20,7,9,5,4,3,1,27,14,7,10,1,3,9,11,3,4,1,3,1,5,1,3,3,0,0,0,0,0,0,5,3,2,0,1,1,1,10,5,0,0,3,3,2,0,0,7,3,1,1,3,3,0,0,1,1,0,0,0,0,0,0,2,0,0,0,2,1,5,4,2,3,0,0,4,2,1,2,0,0,0,0,0,0,1,1,2,1,0,1,0,0,2,2,3,2,0,0,0,6,3,3
64 - Β' Δυτικής Αττικής,122 E.T. Δήμου Μάνδρας - Ειδυλλίας,487,328,13,1,14,314,140,65,28,9,67,33,27,59,15,10,12,15,12,21,36,8,14,6,12,5,4,15,4,4,3,3,6,2,16,6,5,6,0,1,3,7,3,1,1,1,3,0,0,0,0,0,0,0,0,0,0,2,0,0,0,0,0,0,2,1,0,0,1,1,1,0,0,12,3,1,4,3,3,0,0,0,0,0,0,0,0,1,1,2,0,0,0,2,0,1,0,0,0,2,2,2,0,2,0,0,1,2,0,2,1,1,1,1,1,0,1,0,0,0,0,0,0,1,1,1,9,5,4
64 - Β' Δυτικής Αττικής,123 E.T. Δήμου Μάνδρας - Ειδυλλίας,482,329,4,2,6,323,161,59,41,10,69,53,38,49,15,11,6,18,5,13,32,8,18,9,11,5,1,14,2,7,1,0,3,0,14,6,1,4,1,0,1,4,2,0,0,1,1,2,0,2,2,0,0,0,0,0,0,0,0,0,0,0,0,0,0,0,0,0,4,1,0,2,1,20,6,4,5,6,3,0,0,0,0,0,0,0,0,0,0,1,0,0,0,1,0,3,1,3,2,0,0,0,0,0,0,0,0,1,1,1,0,0,0,2,1,0,1,0,0,3,0,0,0,1,1,1,11,6,4
64 - Β' Δυτικής Αττικής,124 E.T. Δήμου Μάνδρας - Ειδυλλίας,467,335,3,2,5,330,149,56,49,10,58,57,18,64,20,17,14,11,11,28,28,5,14,3,8,6,3,22,8,10,2,2,6,4,21,8,6,4,2,2,5,9,2,5,1,0,1,5,1,2,4,0,0,0,0,0,0,0,0,0,0,0,0,0,1,1,0,0,3,1,1,0,1,12,6,1,4,5,4,0,0,0,0,0,0,0,0,1,1,2,0,0,2,2,0,1,0,0,0,1,1,0,0,0,0,0,0,0,0,0,0,1,1,1,0,0,0,1,0,1,4,0,0,5,0,0,3,2,2
64 - Β' Δυτικής Αττικής,125 E.T. Δήμου Μάνδρας - Ειδυλλίας,480,321,1,1,2,319,126,56,37,12,46,38,13,52,13,9,11,14,8,27,46,6,31,5,17,3,3,18,8,8,3,5,3,5,21,12,7,3,2,0,1,6,4,1,0,3,1,1,1,1,0,0,0,0,0,0,0,2,0,1,1,0,0,0,4,4,0,0,0,0,0,0,0,16,8,3,8,4,5,0,0,0,0,1,0,0,0,0,0,7,1,0,1,7,0,2,1,1,0,1,1,4,1,0,0,0,1,0,0,1,1,1,1,0,0,0,0,0,0,2,2,2,1,0,0,0,6,3,3
64 - Β' Δυτικής Αττικής,126 E.T. Δήμου Μάνδρας - Ειδυλλίας,478,290,6,2,8,282,119,45,48,6,50,31,15,40,6,11,2,8,3,17,43,17,25,6,9,3,5,21,4,16,4,3,3,3,20,7,9,8,1,1,5,2,2,1,0,1,0,2,2,1,0,1,0,0,0,0,0,2,0,0,1,0,0,1,2,2,0,0,0,0,0,0,0,9,2,1,0,6,2,0,0,0,0,0,0,0,0,0,0,1,0,0,0,1,0,2,2,0,1,0,0,0,0,0,0,0,0,0,0,0,0,3,3,3,1,0,0,2,0,5,3,0,0,0,0,0,7,6,5
64 - Β' Δυτικής Αττικής,127 E.T. Δήμου Μάνδρας - Ειδυλλίας,494,313,10,3,13,300,139,59,53,5,57,29,30,47,14,3,6,13,6,20,29,6,16,1,10,0,5,26,7,16,5,3,3,2,18,8,5,4,1,0,3,0,0,0,0,0,0,2,2,0,1,1,1,1,0,0,0,0,0,0,0,0,0,0,5,2,0,0,2,0,0,0,0,8,2,2,1,3,1,0,0,0,0,0,0,0,0,0,0,1,0,0,0,1,0,2,0,2,1,1,0,2,0,1,0,1,0,0,0,3,2,1,0,1,0,0,0,0,0,2,0,0,0,0,0,0,10,10,8
64 - Β' Δυτικής Αττικής,128 E.T. Δήμου Μάνδρας - Ειδυλλίας,484,307,13,2,15,292,129,59,39,0,49,34,22,72,18,9,13,15,16,34,19,6,7,4,5,1,3,18,3,11,5,4,7,1,14,8,0,4,1,1,5,5,1,3,1,3,2,1,1,0,0,1,0,1,1,0,0,0,0,0,0,0,0,0,1,1,0,0,0,0,0,0,0,7,2,1,1,2,2,0,0,0,0,0,0,0,0,0,0,1,0,0,0,1,0,0,0,0,0,0,0,1,0,0,0,0,0,2,2,0,0,3,1,0,0,0,0,0,0,5,4,0,0,1,1,1,12,9,6
64 - Β' Δυτικής Αττικής,129 E.T. Δήμου Μάνδρας - Ειδυλλίας,457,307,4,4,8,299,146,75,33,10,69,33,18,46,9,7,9,15,13,18,41,9,28,6,12,4,2,20,3,14,2,0,4,3,9,2,1,6,0,1,0,6,1,3,1,2,1,1,0,1,1,0,0,0,0,0,0,1,0,0,1,0,1,0,3,2,0,0,3,1,2,1,2,10,1,1,2,6,2,0,0,0,0,1,0,0,0,0,0,0,0,0,0,0,0,1,1,0,1,0,0,0,0,0,0,0,0,0,0,1,1,0,0,1,0,0,1,0,1,0,0,0,0,0,0,0,9,8,7
64 - Β' Δυτικής Αττικής,130 E.T. Δήμου Μάνδρας - Ειδυλλίας,504,343,13,2,15,328,140,68,38,8,60,30,20,56,17,13,4,13,10,18,37,8,18,2,11,4,9,29,4,13,3,3,5,5,20,8,6,7,2,2,7,2,0,2,0,0,1,3,0,2,2,0,0,0,0,0,0,2,1,0,0,0,0,0,7,3,0,0,1,1,0,0,1,6,2,2,0,3,2,0,0,0,0,0,0,0,0,0,0,3,0,0,0,1,0,3,0,1,1,0,0,4,2,2,2,1,3,0,0,2,2,2,0,1,0,0,1,0,0,2,2,1,1,2,2,2,5,4,4
64 - Β' Δυτικής Αττικής,131 E.T. Δήμου Μάνδρας - Ειδυλλίας,648,425,5,3,8,417,170,84,69,8,67,27,25,98,29,15,28,17,10,49,27,14,10,5,10,1,3,41,20,15,8,12,4,8,13,4,5,4,1,2,3,18,3,6,0,6,3,3,0,3,3,0,0,0,0,0,0,1,0,0,0,0,0,0,2,2,0,0,3,2,0,1,1,13,4,4,3,4,2,0,0,0,0,0,0,0,0,0,0,4,0,0,0,4,3,2,2,2,0,1,0,2,1,0,2,0,0,0,0,1,1,0,0,0,0,0,0,0,0,1,0,0,0,0,0,0,17,7,8
64 - Β' Δυτικής Αττικής,132 E.T. Δήμου Μεγαρέων,472,367,10,2,12,355,152,95,35,13,66,10,13,78,16,15,12,11,17,33,28,9,3,4,4,15,1,16,5,1,9,2,2,1,25,11,4,8,2,0,2,8,5,0,0,3,3,2,1,1,0,0,0,0,0,0,0,2,1,0,0,0,0,1,10,3,4,1,5,1,1,0,0,7,0,2,1,3,1,0,0,1,1,0,0,0,0,0,0,0,0,0,0,0,0,2,2,0,1,0,0,6,2,2,1,0,0,0,0,0,0,0,0,1,0,1,0,0,1,2,1,0,0,1,1,1,5,5,2
64 - Β' Δυτικής Αττικής,133 E.T. Δήμου Μεγαρέων,482,392,9,0,9,383,212,143,25,13,104,15,34,38,13,3,10,7,3,19,31,8,3,3,8,20,0,8,2,0,5,2,0,0,15,5,1,5,3,2,5,7,4,2,0,1,3,5,4,1,3,1,1,0,1,0,0,0,0,0,0,0,0,0,2,1,4,2,6,3,0,0,1,19,6,1,6,11,9,0,0,0,0,1,1,0,0,0,0,0,0,0,0,0,0,4,2,1,4,1,0,8,3,2,7,0,0,0,0,2,2,2,0,0,0,0,0,0,0,4,2,0,0,2,2,1,11,7,6
64 - Β' Δυτικής Αττικής,134 E.T. Δήμου Μεγαρέων,461,375,7,2,9,366,178,112,35,11,90,18,20,43,7,5,8,4,9,30,47,12,5,2,7,32,2,16,7,1,9,3,2,1,19,6,2,6,4,0,4,12,5,6,1,3,2,1,1,1,0,1,0,0,0,0,0,0,0,0,0,0,0,0,5,3,2,2,3,1,1,1,1,13,1,0,2,7,2,0,0,0,0,0,0,0,0,0,0,1,1,1,0,0,0,1,0,0,0,0,0,1,1,1,0,0,0,0,0,1,1,0,0,0,0,0,0,0,0,7,2,1,0,0,0,0,14,7,5
64 - Β' Δυτικής Αττικής,135 E.T. Δήμου Μεγαρέων,505,335,2,4,6,329,146,103,27,4,64,8,26,62,14,12,9,15,10,31,39,12,1,4,6,24,3,6,2,0,5,1,1,0,25,16,5,6,6,0,3,4,3,1,0,1,2,2,2,0,1,1,0,0,0,0,0,2,2,1,0,0,0,0,6,6,2,1,7,2,1,3,3,7,0,0,2,4,1,0,0,0,0,0,0,1,0,0,0,1,0,0,0,0,0,1,0,0,1,0,0,2,0,0,1,0,0,1,0,2,1,0,0,1,1,0,0,0,0,1,1,1,1,0,0,0,9,7,6
64 - Β' Δυτικής Αττικής,136 E.T. Δήμου Μεγαρέων,483,326,4,1,5,321,148,107,22,11,64,15,12,57,13,7,12,10,16,29,27,8,2,5,3,17,1,21,3,1,15,0,7,0,17,8,1,5,7,1,1,11,5,3,0,1,8,0,0,0,0,2,1,1,0,0,0,2,0,0,0,0,0,0,6,1,5,3,1,0,1,0,0,8,1,1,4,4,2,0,0,0,0,0,0,0,0,0,0,1,1,0,1,0,0,0,0,0,0,0,0,2,1,1,0,0,0,1,0,0,0,0,0,0,0,0,0,0,0,3,2,2,2,0,0,0,7,4,4
64 - Β' Δυτικής Αττικής,137 E.T. Δήμου Μεγαρέων,486,274,6,1,7,267,104,69,25,7,49,10,13,64,9,5,4,6,9,38,36,10,1,6,3,23,3,3,0,0,0,0,0,0,12,7,1,4,1,0,4,9,4,1,1,1,1,2,1,1,1,0,0,0,0,0,0,5,2,1,2,1,0,1,2,2,2,1,2,2,0,1,1,4,1,0,1,3,3,0,0,0,0,0,0,0,0,0,0,2,0,0,0,1,0,1,0,0,0,0,0,4,2,2,1,1,0,0,0,4,1,1,0,1,0,0,0,0,0,4,1,0,0,0,0,0,5,3,2
64 - Β' Δυτικής Αττικής,138 E.T. Δήμου Μεγαρέων,464,319,8,3,11,308,148,120,25,5,56,4,24,36,8,4,5,7,12,12,52,12,0,2,6,39,1,19,9,2,11,3,7,0,14,8,5,3,6,0,2,6,3,0,0,1,2,2,0,1,1,0,0,0,0,0,0,1,1,1,0,0,0,0,1,0,0,0,1,0,0,0,0,7,3,1,1,4,0,0,0,0,0,1,0,0,0,0,0,1,1,0,1,0,0,0,0,0,0,1,0,5,1,0,5,0,0,0,0,3,2,2,1,0,0,0,0,0,0,0,0,0,0,0,0,0,8,7,6
64 - Β' Δυτικής Αττικής,139 E.T. Δήμου Μεγαρέων,510,341,15,0,15,326,172,138,24,8,78,9,20,36,12,6,5,3,6,24,30,10,3,1,2,23,1,14,1,1,12,1,9,0,21,6,1,2,6,1,2,8,3,2,0,1,4,1,1,0,1,1,1,0,1,0,0,0,0,0,0,0,0,0,8,4,1,1,0,0,0,0,0,15,1,3,2,9,5,0,0,1,1,0,0,0,0,0,0,0,0,0,0,0,0,2,1,1,0,0,0,6,2,0,5,0,2,0,0,0,0,2,2,0,0,0,0,0,0,1,1,1,1,0,0,0,6,5,4
64 - Β' Δυτικής Αττικής,140 E.T. Δήμου Μεγαρέων,490,320,5,1,6,314,198,138,31,10,97,10,22,31,8,5,7,5,6,13,21,8,0,2,2,13,0,10,4,1,2,1,4,0,11,6,1,5,5,0,3,5,4,1,0,2,1,0,0,0,0,0,0,0,0,0,0,1,1,0,0,0,0,0,5,3,5,5,1,0,0,0,0,10,1,0,0,6,3,0,0,0,0,0,0,0,0,0,0,0,0,0,0,0,0,0,0,0,0,0,0,3,1,1,1,1,1,0,0,1,0,0,0,1,0,0,1,0,0,3,3,2,1,0,0,0,6,4,3
64 - Β' Δυτικής Αττικής,141 E.T. Δήμου Μεγαρέων,479,313,9,0,9,304,170,122,25,10,86,17,24,39,11,8,4,7,10,15,25,6,0,2,3,20,1,6,0,0,4,1,1,1,15,6,0,2,3,1,3,5,2,4,1,2,0,3,0,3,3,0,0,0,0,0,0,3,2,1,1,0,0,0,1,1,2,1,0,0,0,0,0,15,1,2,0,14,3,0,0,0,0,1,0,0,0,0,0,1,0,0,0,0,0,0,0,0,0,1,0,2,2,0,0,2,0,0,0,1,1,2,1,1,0,0,0,0,0,2,0,0,0,1,0,1,8,4,3
64 - Β' Δυτικής Αττικής,142 E.T. Δήμου Μεγαρέων,487,331,3,3,6,325,185,129,26,5,99,8,23,38,8,4,4,9,10,21,27,12,2,3,5,21,2,17,4,0,11,4,4,1,13,5,4,1,3,0,3,8,4,3,0,3,2,0,0,0,0,0,0,0,0,0,0,3,2,2,0,0,0,0,2,2,4,3,0,0,0,0,0,9,1,0,1,5,6,0,0,0,0,1,1,1,1,0,0,0,0,0,0,0,0,2,0,1,0,0,0,2,0,1,1,0,2,0,0,1,0,1,1,0,0,0,0,0,0,2,1,1,1,0,0,0,8,4,4
64 - Β' Δυτικής Αττικής,143 E.T. Δήμου Μεγαρέων,455,328,9,2,11,317,162,113,21,6,96,11,23,52,16,3,6,11,19,26,29,6,1,6,6,21,1,9,4,0,4,2,3,0,7,4,3,3,2,0,0,8,5,2,0,2,5,1,1,0,1,0,0,0,0,0,0,2,0,0,1,0,0,0,6,3,4,3,1,0,0,0,0,13,0,2,2,9,7,0,0,0,0,0,0,0,0,0,0,1,0,0,0,0,0,0,0,0,0,1,0,3,0,1,2,0,2,0,0,8,8,3,2,0,0,0,0,0,0,1,0,0,0,0,0,0,6,5,4
64 - Β' Δυτικής Αττικής,144 E.T. Δήμου Μεγαρέων,497,341,12,4,16,325,173,135,32,5,74,6,18,45,15,9,7,6,9,23,22,8,0,1,5,14,0,16,3,0,13,1,5,1,21,11,7,7,4,0,2,8,5,0,1,2,2,2,2,1,1,0,0,0,0,0,0,0,0,0,0,0,0,0,5,2,3,2,0,0,0,0,0,13,0,1,0,10,8,0,0,0,0,0,0,0,0,0,0,0,0,0,0,0,0,2,1,1,0,0,0,5,0,0,4,1,0,0,0,0,0,1,0,1,1,0,0,0,0,2,2,0,0,0,0,0,6,4,4
64 - Β' Δυτικής Αττικής,145 E.T. Δήμου Μεγαρέων,497,311,1,2,3,308,167,119,24,8,84,20,18,42,14,7,5,12,6,22,22,5,5,5,1,13,3,5,1,0,1,0,1,0,18,6,2,8,6,0,4,6,2,3,0,0,2,2,2,0,2,1,1,0,1,1,1,2,0,0,0,0,0,1,6,3,3,3,0,0,0,0,0,10,3,0,5,5,2,0,0,0,0,0,0,0,0,0,0,1,1,1,0,0,0,1,0,0,0,0,0,4,3,0,4,0,0,1,1,2,1,1,1,0,0,0,0,0,0,2,1,1,1,0,0,0,10,6,6
64 - Β' Δυτικής Αττικής,146 E.T. Δήμου Μεγαρέων,482,301,9,1,10,291,158,110,15,7,81,12,28,41,7,4,9,10,12,21,28,8,2,2,4,22,1,11,2,0,7,2,5,0,11,3,2,3,3,1,2,6,2,0,0,0,1,1,1,1,0,0,0,0,0,0,0,0,0,0,0,0,0,0,8,4,1,0,1,0,0,1,1,7,3,1,0,4,3,0,0,1,1,0,0,0,0,0,0,1,0,0,1,0,1,0,0,0,0,0,0,1,1,0,0,0,0,0,0,0,0,1,0,0,0,0,0,0,0,1,0,0,0,1,1,1,12,6,6
64 - Β' Δυτικής Αττικής,147 E.T. Δήμου Μεγαρέων,509,362,3,1,4,358,178,140,27,4,79,16,18,53,7,12,7,20,10,19,43,7,1,1,2,38,5,10,6,0,7,1,2,0,12,4,1,3,2,0,6,8,6,0,1,1,5,4,2,0,4,0,0,0,0,0,0,3,1,1,0,0,0,1,5,5,5,4,0,0,0,0,0,15,2,0,1,13,6,0,0,0,0,0,0,0,0,0,0,1,1,0,0,1,0,0,0,0,0,0,0,5,1,0,4,1,0,1,1,1,1,1,1,2,1,0,0,0,0,3,1,0,0,0,0,0,8,7,6
64 - Β' Δυτικής Αττικής,148 E.T. Δήμου Μεγαρέων,485,361,5,0,5,356,186,116,30,10,99,20,24,53,7,5,11,11,14,30,31,10,3,5,4,18,5,9,5,1,6,0,0,1,14,4,3,4,3,1,4,10,5,2,1,1,5,3,1,3,2,0,0,0,0,0,0,3,2,1,2,0,1,0,2,0,4,4,1,0,1,1,0,8,3,1,2,4,2,0,0,0,0,0,0,0,0,1,0,0,0,0,0,0,0,2,0,0,0,0,0,4,2,0,3,0,0,0,0,2,1,1,1,0,0,0,0,0,0,1,0,2,2,1,1,0,18,12,10
64 - Β' Δυτικής Αττικής,149 E.T. Δήμου Μεγαρέων,489,294,10,1,11,283,129,96,27,2,31,9,19,53,12,8,6,16,12,31,26,8,2,3,2,18,3,13,3,0,9,2,5,1,17,8,3,2,5,0,1,13,8,3,0,1,9,1,1,1,0,0,0,0,0,0,0,0,0,0,0,0,0,0,4,2,2,2,2,1,0,1,0,3,1,0,2,2,0,0,0,0,0,0,0,0,0,0,0,2,1,0,1,2,0,0,0,0,0,0,0,4,1,0,1,0,1,0,0,2,0,2,1,3,0,1,0,0,1,1,1,1,1,0,0,0,5,4,2
64 - Β' Δυτικής Αττικής,150 E.T. Δήμου Μεγαρέων,482,305,7,3,10,295,149,96,30,3,73,5,16,49,6,10,2,7,10,17,28,3,0,3,3,19,4,8,2,0,3,4,2,0,5,2,1,1,1,1,1,8,4,0,0,0,6,1,0,1,1,0,0,0,0,0,0,1,1,1,0,0,0,0,7,1,2,2,0,0,0,0,0,14,1,0,0,9,2,0,0,0,0,0,0,0,0,1,1,0,0,0,0,0,0,1,1,0,1,1,1,2,0,0,1,2,0,0,0,0,0,1,1,1,1,0,1,0,0,5,1,1,1,0,0,0,10,8,7
64 - Β' Δυτικής Αττικής,151 E.T. Δήμου Μεγαρέων,486,330,4,1,5,325,183,128,28,3,91,11,21,50,12,5,7,7,10,29,28,6,1,1,2,19,2,6,1,0,3,0,2,1,15,6,2,3,2,0,1,6,4,1,0,0,1,3,1,1,0,0,0,0,0,0,0,0,0,0,0,0,0,0,5,0,2,1,0,0,0,0,0,10,0,0,1,8,5,0,0,0,0,0,0,0,0,0,0,1,0,0,0,1,1,1,0,0,1,1,0,4,0,1,4,0,0,0,0,0,0,0,0,1,1,0,1,0,0,2,0,2,1,0,0,0,5,2,3
64 - Β' Δυτικής Αττικής,152 E.T. Δήμου Μεγαρέων,489,305,4,1,5,300,161,107,26,7,86,17,20,55,13,8,7,10,16,27,22,7,1,4,3,15,1,8,3,0,3,0,2,0,15,6,3,3,3,0,4,10,3,0,0,0,6,2,1,0,0,1,1,1,0,0,0,3,2,1,1,1,1,0,3,1,0,0,0,0,0,0,0,6,3,1,1,3,2,0,0,0,0,0,0,0,0,2,1,1,0,0,1,0,1,1,0,0,0,1,1,2,0,0,0,0,0,0,0,0,0,1,1,1,1,0,0,1,0,0,0,0,0,0,0,0,5,4,3
64 - Β' Δυτικής Αττικής,153 E.T. Δήμου Μεγαρέων,451,307,10,7,17,290,159,111,24,7,74,7,22,36,2,7,2,1,15,15,20,3,1,0,2,14,2,14,2,2,6,4,0,1,19,6,4,6,6,1,2,6,2,1,0,3,0,2,2,2,0,0,0,0,0,0,0,0,0,0,0,0,0,0,0,0,4,3,0,0,0,0,0,8,1,1,0,4,3,0,0,1,0,0,0,0,0,0,0,0,0,0,0,0,0,0,0,0,0,1,0,3,1,1,0,0,0,0,0,2,1,1,0,1,0,0,0,0,0,1,0,0,0,0,0,0,12,6,4
64 - Β' Δυτικής Αττικής,154 E.T. Δήμου Μεγαρέων,462,280,5,1,6,274,128,93,23,3,67,14,26,42,12,9,2,9,12,18,28,8,1,0,1,25,1,15,3,1,10,0,7,0,9,3,0,3,1,0,4,10,7,2,1,4,3,4,1,1,3,0,0,0,0,0,0,0,0,0,0,0,0,0,3,1,6,5,5,2,2,1,2,5,1,0,2,2,0,0,0,0,0,0,0,0,0,0,0,0,0,0,0,0,0,3,3,0,1,0,0,9,2,1,7,1,1,0,0,0,0,0,0,1,0,0,1,0,1,1,1,0,0,2,1,1,3,2,1
64 - Β' Δυτικής Αττικής,155 E.T. Δήμου Μεγαρέων,398,214,8,1,9,205,88,66,12,5,38,4,10,63,6,12,2,8,18,28,18,5,0,2,1,12,1,4,0,0,1,0,0,0,10,5,2,3,1,0,3,2,1,1,1,1,0,1,0,1,0,0,0,0,0,1,0,0,0,0,0,0,0,0,0,0,3,3,2,0,0,0,0,3,2,0,2,0,0,0,0,0,0,1,0,0,0,0,0,1,0,0,1,0,0,0,0,0,0,0,0,0,0,0,0,0,0,0,0,1,1,2,1,2,1,0,0,2,0,1,1,0,0,0,0,0,2,1,1
64 - Β' Δυτικής Αττικής,156 E.T. Δήμου Μεγαρέων,511,339,9,3,12,327,147,107,27,4,68,5,18,76,18,10,6,12,14,35,29,11,4,2,4,18,1,22,2,0,16,5,2,1,16,7,4,4,5,0,4,9,5,1,0,2,3,0,0,0,0,1,0,0,0,0,0,1,0,0,0,0,0,0,0,0,3,1,0,0,0,0,0,7,4,1,1,1,0,0,0,0,0,1,1,0,0,0,0,2,1,0,0,0,0,1,1,0,1,0,0,2,1,1,1,0,0,0,0,0,0,0,0,1,0,0,0,0,0,1,0,0,0,0,0,0,8,5,4
64 - Β' Δυτικής Αττικής,157 E.T. Δήμου Μεγαρέων,549,392,4,2,6,386,219,154,35,8,107,15,33,53,20,13,7,7,9,24,33,16,3,1,2,28,2,12,6,0,10,3,1,0,17,8,3,4,5,0,5,13,8,2,1,2,5,1,1,0,1,1,1,1,0,0,0,1,0,0,0,1,0,0,0,0,3,3,3,0,1,0,2,6,2,0,0,5,0,0,0,0,0,0,0,0,0,0,0,1,0,1,0,0,0,0,0,0,0,0,0,6,2,1,6,0,0,2,0,1,0,0,0,1,0,0,0,1,0,1,1,0,0,0,0,0,12,10,7
64 - Β' Δυτικής Αττικής,158 E.T. Δήμου Μεγαρέων,539,370,4,5,9,361,199,139,38,7,90,9,28,41,14,4,2,7,7,20,32,6,1,3,3,26,2,17,1,1,12,1,6,1,18,6,2,2,6,0,3,12,5,2,2,0,5,1,0,1,0,0,0,0,0,0,0,1,1,1,0,0,0,0,3,1,3,2,1,0,0,0,0,7,1,1,0,5,4,0,0,0,0,0,0,0,0,0,0,1,0,0,0,0,0,3,2,0,1,0,0,7,3,1,6,0,2,0,0,0,0,1,1,1,0,0,0,0,0,2,1,2,2,1,1,1,8,7,5
64 - Β' Δυτικής Αττικής,159 E.T. Δήμου Μεγαρέων,533,372,8,5,13,359,180,139,29,5,84,11,28,59,17,7,4,9,8,30,32,10,0,2,0,20,1,21,3,2,14,3,7,0,11,3,2,1,2,1,1,13,8,2,1,2,4,2,0,0,0,1,0,0,0,0,0,1,1,1,0,0,0,0,1,0,2,1,2,0,0,0,0,11,1,0,1,4,7,0,0,1,1,0,0,0,0,0,0,0,0,0,0,0,0,1,0,1,1,0,0,6,1,1,6,0,0,0,0,2,1,0,0,4,3,0,3,0,0,0,0,0,0,0,0,0,9,5,4
64 - Β' Δυτικής Αττικής,160 E.T. Δήμου Μεγαρέων,507,366,6,4,10,356,168,103,15,4,81,9,28,45,10,7,7,7,5,21,48,9,6,2,2,43,3,20,3,0,12,2,12,2,23,14,9,7,3,1,4,11,4,2,1,3,5,1,1,0,1,0,0,0,0,0,0,1,1,1,0,0,0,0,6,3,0,0,1,1,0,0,0,11,1,0,2,7,6,0,0,0,0,0,0,0,0,0,0,0,0,0,0,0,0,2,1,1,0,0,0,4,1,0,4,0,1,0,0,2,2,1,1,1,1,0,1,0,0,0,0,0,0,0,0,0,11,5,4
64 - Β' Δυτικής Αττικής,161 E.T. Δήμου Μεγαρέων,536,312,4,2,6,306,163,121,20,7,69,10,21,56,10,6,5,11,12,33,37,9,5,5,5,26,2,7,1,0,3,2,0,0,11,4,2,1,1,0,2,6,3,1,1,0,2,0,0,0,0,1,0,1,1,0,0,2,1,0,1,1,0,0,0,0,1,0,1,0,0,1,1,2,0,0,0,1,1,0,0,0,0,0,0,0,0,1,0,0,0,0,0,0,0,3,1,1,1,0,0,4,2,1,3,0,2,1,0,1,1,0,0,1,1,0,0,0,0,3,1,0,0,0,0,0,5,5,4
64 - Β' Δυτικής Αττικής,162 E.T. Δήμου Μεγαρέων,535,355,8,2,10,345,172,126,35,4,84,11,29,48,6,4,7,13,16,25,37,8,3,5,7,24,2,16,3,1,9,1,5,0,19,10,3,3,2,1,4,5,3,1,1,1,2,2,1,1,0,0,0,0,0,2,0,0,0,0,0,0,0,0,7,3,3,0,1,1,0,0,1,11,2,0,0,8,3,0,0,0,0,0,0,0,0,0,0,2,2,0,1,1,0,0,0,0,0,1,0,2,1,1,2,0,0,1,0,2,1,0,0,1,1,0,0,1,0,1,1,0,0,0,0,0,12,8,5
64 - Β' Δυτικής Αττικής,163 E.T. Δήμου Μεγαρέων,548,401,4,2,6,395,200,157,27,6,87,14,22,56,13,7,7,6,11,29,43,10,3,4,7,31,1,23,7,0,9,0,6,0,18,9,3,6,2,0,4,14,6,5,1,4,6,1,0,0,0,1,0,0,0,0,0,0,0,0,0,0,0,0,4,3,1,1,7,4,1,0,3,8,1,0,1,7,3,0,0,0,0,0,0,0,0,0,0,1,1,1,0,0,0,0,0,0,0,0,0,2,2,0,2,0,0,0,0,2,1,0,0,1,0,0,0,1,0,2,1,0,0,1,0,0,10,8,5
64 - Β' Δυτικής Αττικής,164 E.T. Δήμου Μεγαρέων,541,355,5,2,7,348,166,127,30,10,77,15,28,72,13,9,10,13,9,39,39,10,2,1,1,33,3,20,6,1,9,1,1,2,13,7,2,3,5,0,1,7,5,2,0,1,1,0,0,0,0,0,0,0,0,0,0,2,0,1,0,0,1,0,3,2,2,1,3,2,0,0,0,7,3,0,2,5,0,0,0,0,0,0,0,0,0,0,0,0,0,0,0,0,0,0,0,0,0,1,1,4,0,0,4,1,0,0,0,0,0,1,0,0,0,0,0,0,0,2,1,0,0,0,0,0,6,4,3
64 - Β' Δυτικής Αττικής,165 E.T. Δήμου Μεγαρέων,546,393,6,1,7,386,232,164,34,11,114,15,32,50,13,5,5,6,13,26,24,1,0,2,3,18,0,18,0,0,10,1,2,0,11,4,3,2,2,1,2,10,6,0,0,3,4,0,0,0,0,0,0,0,0,0,0,0,0,0,0,0,0,0,5,2,5,1,0,0,0,0,0,8,1,1,1,4,3,0,0,2,0,0,0,0,0,0,0,0,0,0,0,0,0,0,0,0,0,1,1,4,0,1,4,0,0,0,0,3,2,1,0,0,0,0,0,0,0,2,1,0,0,0,0,0,10,7,7
64 - Β' Δυτικής Αττικής,166 E.T. Δήμου Μεγαρέων,536,356,3,0,3,353,195,150,32,6,101,9,30,63,18,15,6,13,7,25,29,5,0,5,5,23,1,14,3,2,12,0,6,0,9,5,0,3,4,2,1,10,4,1,2,0,3,0,0,0,0,0,0,0,0,0,0,0,0,0,0,0,0,0,5,4,6,2,1,0,0,0,0,8,1,0,2,6,2,0,0,1,1,0,0,0,0,0,0,1,0,0,0,0,0,1,0,0,0,1,1,3,1,0,1,0,0,0,0,0,0,0,0,1,0,0,1,1,0,1,1,0,0,0,0,0,4,2,3
64 - Β' Δυτικής Αττικής,167 E.T. Δήμου Μεγαρέων,538,347,28,1,29,318,171,126,20,9,67,12,36,42,7,10,7,11,9,18,26,1,1,0,4,21,1,14,5,0,4,1,2,0,20,10,2,5,5,0,3,10,6,1,0,4,5,0,0,0,0,1,0,0,0,0,0,1,0,1,0,0,0,0,5,4,4,2,1,0,0,0,1,9,1,2,1,7,5,0,0,0,0,0,0,0,0,0,0,1,0,0,0,0,0,2,2,1,1,0,0,2,1,0,2,0,0,0,0,1,1,2,0,0,0,0,0,0,0,1,0,1,1,0,0,0,4,3,3
64 - Β' Δυτικής Αττικής,168 E.T. Δήμου Μεγαρέων,550,389,3,2,5,384,208,143,28,11,93,19,37,39,15,5,5,5,8,17,37,8,3,7,1,24,3,11,3,0,6,2,1,1,21,11,2,5,5,1,6,8,2,1,0,3,2,6,6,2,3,0,0,0,0,0,0,1,1,0,0,0,0,0,6,4,4,4,2,0,1,0,1,9,3,0,1,8,1,0,0,0,0,1,1,0,0,0,0,0,0,0,0,0,0,2,0,1,1,2,2,7,2,2,6,0,0,0,0,0,0,1,1,1,1,0,1,0,0,3,2,0,0,0,0,0,15,11,8
64 - Β' Δυτικής Αττικής,169 E.T. Δήμου Μεγαρέων,541,406,4,2,6,400,209,146,48,7,103,8,29,56,20,8,6,10,8,33,44,16,13,3,2,34,1,15,11,0,13,0,3,0,11,4,2,3,2,0,2,13,8,2,0,0,3,2,0,1,1,0,0,0,0,0,0,1,0,0,0,0,0,0,4,1,4,1,3,2,1,0,2,15,0,1,1,10,2,0,0,0,0,0,0,0,0,0,0,3,2,2,0,0,0,1,0,0,0,1,0,3,0,0,0,0,0,1,0,1,1,2,1,1,0,0,0,1,0,2,2,0,0,0,0,0,8,2,2
64 - Β' Δυτικής Αττικής,170 E.T. Δήμου Μεγαρέων,564,411,21,2,23,388,203,144,30,5,88,13,47,66,16,12,9,10,12,29,34,15,2,5,2,25,0,16,5,0,9,3,6,0,14,2,2,4,3,0,8,13,6,3,1,2,3,4,1,1,1,0,0,0,0,0,0,2,0,0,0,0,0,0,4,2,2,2,2,2,0,0,1,8,1,1,0,4,1,0,0,1,1,0,0,0,0,0,0,0,0,0,0,0,0,0,0,0,0,0,0,3,0,0,3,0,0,1,1,2,1,2,2,1,0,0,0,0,0,1,0,0,0,0,0,0,9,6,1
64 - Β' Δυτικής Αττικής,171 E.T. Δήμου Μεγαρέων,555,384,5,1,6,378,171,119,35,10,70,8,22,94,18,12,8,11,16,51,25,6,2,1,3,14,1,19,5,1,10,0,4,0,14,6,4,3,6,0,2,11,8,0,0,0,8,2,2,0,2,0,0,0,0,0,0,0,0,0,0,0,0,0,3,3,3,3,2,1,1,0,0,7,0,0,0,5,1,0,0,0,0,0,0,0,0,0,0,0,0,0,0,0,0,0,0,0,0,0,0,7,1,0,5,0,0,0,0,3,3,0,0,2,0,0,0,0,0,0,0,2,2,1,1,0,12,8,5
64 - Β' Δυτικής Αττικής,172 E.T. Δήμου Μεγαρέων,539,381,12,0,12,369,180,131,29,9,85,15,23,61,24,5,5,12,16,34,43,10,3,9,6,26,0,17,5,2,11,3,2,1,15,4,2,2,8,0,3,13,7,3,1,3,4,0,0,0,0,1,1,1,0,0,0,0,0,0,0,0,0,0,7,5,1,0,2,2,0,0,2,11,4,1,4,4,3,0,0,0,0,0,0,1,1,0,0,1,0,1,1,0,0,0,0,0,0,0,0,0,0,0,0,0,0,0,0,1,0,1,1,0,0,0,0,0,0,1,0,0,0,0,0,0,13,9,6
64 - Β' Δυτικής Αττικής,173 E.T. Δήμου Μεγαρέων,532,355,12,2,14,341,170,111,33,6,84,9,18,59,10,9,5,11,15,39,28,11,0,3,4,14,2,22,8,2,13,3,5,1,12,5,2,6,3,0,4,16,12,5,1,6,5,3,3,1,2,1,0,0,0,0,0,2,0,0,0,0,0,0,2,1,1,1,2,0,0,0,1,5,1,1,2,2,0,0,0,0,0,0,0,0,0,0,0,0,0,0,0,0,0,3,2,2,1,0,0,2,0,0,2,0,1,0,0,1,1,1,1,2,1,1,0,0,0,1,1,1,0,0,0,0,7,5,6
64 - Β' Δυτικής Αττικής,174 E.T. Δήμου Μεγαρέων,567,357,12,2,14,343,174,125,31,4,75,14,27,76,15,13,5,11,24,34,21,6,6,0,1,15,1,11,3,0,8,2,3,0,12,5,1,3,3,1,5,9,4,1,1,0,5,0,0,0,0,0,0,0,0,0,0,0,0,0,0,0,0,0,3,3,3,3,1,1,0,0,1,11,1,1,1,8,3,0,0,0,0,0,0,0,0,0,0,0,0,0,0,0,0,1,1,0,1,0,0,3,1,0,1,0,0,0,0,0,0,1,1,0,0,0,0,0,0,4,2,1,1,1,0,0,11,6,4
64 - Β' Δυτικής Αττικής,175 E.T. Δήμου Μεγαρέων,590,484,6,4,10,474,246,143,49,23,110,14,38,78,23,9,10,17,9,40,39,20,2,4,15,6,6,38,29,3,22,1,3,3,20,4,1,2,11,0,5,11,2,2,2,5,3,2,2,1,1,0,0,0,0,0,0,1,1,1,0,0,0,0,2,0,3,0,1,0,0,0,0,1,1,0,1,0,0,0,0,0,0,1,1,0,0,0,0,0,0,0,0,0,0,2,1,1,1,0,0,9,2,0,6,2,1,1,0,4,3,1,1,1,0,0,0,0,0,1,0,0,0,0,0,0,12,9,6
64 - Β' Δυτικής Αττικής,176 E.T. Δήμου Μεγαρέων,527,387,18,1,19,368,146,73,37,13,46,19,39,73,29,7,7,25,14,31,29,13,2,4,0,11,3,28,5,2,17,5,13,2,19,16,4,1,0,1,1,12,3,4,0,4,0,1,1,1,0,1,1,0,1,0,0,2,1,0,1,1,1,0,4,2,3,2,1,1,1,0,0,19,2,2,1,6,12,0,0,1,1,0,0,0,0,1,1,1,0,0,0,1,0,0,0,0,0,2,1,0,0,0,0,0,0,0,0,2,1,1,1,2,0,1,0,1,0,4,4,0,0,1,1,1,15,10,6
64 - Β' Δυτικής Αττικής,177 E.T. Δήμου Μεγαρέων,538,411,9,4,13,398,198,72,56,22,87,16,48,62,11,9,9,26,13,31,20,8,2,1,3,9,4,22,6,1,11,3,8,3,24,13,2,8,2,1,6,10,3,6,1,2,3,5,3,3,2,1,0,1,0,1,1,0,0,0,0,0,0,0,0,0,3,3,3,1,2,0,2,10,2,2,1,2,6,0,0,0,0,0,0,1,0,0,0,2,0,0,2,1,1,2,1,1,2,2,2,4,0,0,3,1,3,0,0,2,2,2,1,1,1,0,1,0,0,5,2,2,1,2,2,2,14,13,9
64 - Β' Δυτικής Αττικής,178 E.T. Δήμου Μεγαρέων,526,389,6,0,6,383,168,82,41,9,71,13,46,62,13,2,12,28,9,28,19,8,3,2,2,7,3,31,6,1,21,2,19,1,24,17,5,2,0,2,3,18,7,5,3,3,8,2,0,2,1,0,0,0,0,0,0,1,0,1,0,0,1,0,5,2,1,0,4,3,0,1,3,14,5,1,3,2,7,0,0,0,0,0,0,0,0,0,0,6,0,0,6,4,0,1,0,0,0,1,1,3,3,0,0,1,1,1,1,0,0,0,0,0,0,0,0,0,0,1,1,5,4,1,0,0,15,12,12
64 - Β' Δυτικής Αττικής,179 E.T. Δήμου Μεγαρέων,526,426,5,5,10,416,197,88,63,16,78,24,48,53,9,4,7,21,9,29,22,8,4,3,3,8,2,22,4,0,11,5,8,2,34,28,6,7,2,0,4,8,2,3,1,2,3,4,0,4,4,0,0,0,0,0,0,6,2,1,1,3,1,2,7,5,7,5,1,0,1,0,1,20,9,4,4,5,9,0,0,0,0,0,0,0,0,0,0,2,2,1,1,0,0,2,1,1,2,2,1,8,5,1,7,0,1,1,1,0,0,0,0,0,0,0,0,0,0,4,3,2,2,1,0,1,13,10,8
64 - Β' Δυτικής Αττικής,180 E.T. Δήμου Μεγαρέων,518,458,24,4,28,430,171,81,44,21,72,11,48,75,20,6,10,21,19,38,36,8,5,6,6,16,6,16,6,1,7,3,4,5,40,28,6,7,1,1,6,12,3,4,0,2,1,2,1,2,1,2,1,1,0,0,0,1,0,0,1,0,0,1,7,2,3,1,8,3,2,3,6,11,7,3,3,1,2,0,0,0,0,1,1,0,0,0,0,3,0,0,3,2,1,0,0,0,0,1,1,3,2,1,1,0,0,0,0,2,2,2,0,2,2,0,2,0,0,7,4,1,1,1,0,0,23,14,14
64 - Β' Δυτικής Αττικής,181 E.T. Δήμου Μεγαρέων,521,354,14,0,14,340,140,74,44,3,56,10,22,76,23,6,9,20,27,38,28,14,1,5,1,12,7,17,2,0,10,5,4,1,15,8,2,3,1,0,3,11,0,4,1,5,1,6,2,2,1,1,0,1,0,0,0,0,0,0,0,0,0,0,3,3,4,3,4,1,0,0,1,11,2,1,1,3,4,0,0,0,0,0,0,0,0,0,0,2,0,0,1,1,2,1,0,0,0,1,1,4,0,0,0,0,4,0,0,1,0,1,1,1,1,0,0,0,1,4,1,2,2,1,0,0,6,3,3
64 - Β' Δυτικής Αττικής,182 E.T. Δήμου Μεγαρέων,532,350,15,3,18,332,153,87,27,8,64,15,35,55,14,7,12,13,11,22,24,12,0,2,6,10,0,15,2,1,7,0,3,0,20,16,1,3,0,0,3,13,4,5,3,3,1,3,0,3,1,0,0,0,0,1,1,1,0,0,0,1,0,1,3,0,4,1,3,2,2,0,0,11,2,0,2,0,8,0,0,1,0,0,0,0,0,0,0,2,0,0,1,1,1,1,0,1,0,0,0,4,0,0,0,1,0,1,0,1,0,0,0,1,1,0,1,0,0,2,2,0,0,0,0,0,13,7,4
64 - Β' Δυτικής Αττικής,183 E.T. Δήμου Μεγαρέων,526,363,7,2,9,354,149,56,38,9,62,16,31,66,13,10,8,32,11,24,22,5,0,0,3,8,1,21,6,0,11,5,7,1,34,25,6,4,2,1,6,5,0,2,0,0,1,2,1,1,1,0,0,0,0,0,0,1,0,0,0,0,0,0,1,0,4,0,0,0,0,0,0,16,5,1,2,4,9,0,0,0,0,0,0,0,0,0,0,2,0,0,2,1,0,0,0,0,0,1,0,7,2,0,1,0,3,0,0,1,1,1,1,0,0,0,0,0,0,7,3,2,1,2,1,1,10,6,4
64 - Β' Δυτικής Αττικής,184 E.T. Δήμου Μεγαρέων,523,365,11,0,11,354,160,84,36,13,66,22,24,53,17,8,5,14,10,15,23,7,0,1,2,12,6,26,2,2,17,5,14,4,19,16,4,3,2,0,1,15,7,4,1,4,2,3,2,2,1,0,0,0,0,0,0,2,0,1,1,0,0,0,1,0,2,1,3,2,1,0,1,16,8,0,3,7,9,0,0,0,0,1,0,0,0,0,0,1,0,0,1,0,0,0,0,0,0,3,2,7,0,1,3,0,5,0,0,5,4,2,0,1,1,0,1,0,0,0,0,2,2,0,0,0,9,6,5
64 - Β' Δυτικής Αττικής,185 E.T. Δήμου Μεγαρέων,527,349,8,3,11,338,124,56,45,10,50,17,27,66,27,14,7,19,8,35,26,11,4,4,4,11,3,21,4,1,12,6,10,0,27,23,5,2,1,0,3,8,3,4,2,1,2,4,2,2,2,0,0,0,0,0,0,3,0,0,1,1,0,0,2,1,4,2,4,1,3,1,1,15,3,2,3,4,7,0,0,1,1,2,0,0,0,0,0,2,1,1,1,0,0,1,0,0,0,1,0,7,2,0,2,2,5,1,1,0,0,1,0,0,0,0,0,0,0,5,1,0,0,0,0,0,13,9,8
64 - Β' Δυτικής Αττικής,186 E.T. Δήμου Μεγαρέων,527,348,14,1,15,333,116,54,17,11,52,17,20,83,20,6,10,20,19,41,23,6,2,4,6,4,1,20,4,3,8,3,4,4,33,26,3,2,0,0,1,7,5,0,1,1,3,6,2,3,2,1,0,0,1,0,0,0,0,0,0,0,0,0,1,0,2,1,0,0,0,0,0,20,5,0,6,6,10,0,0,1,0,0,0,0,0,0,0,1,0,0,1,1,0,2,0,1,1,2,2,3,0,0,0,0,2,0,0,1,0,0,0,0,0,0,0,0,0,2,0,0,0,1,0,0,8,4,4
64 - Β' Δυτικής Αττικής,187 E.T. Δήμου Μεγαρέων,514,360,10,1,11,349,149,69,30,8,61,11,34,72,11,5,6,33,14,31,23,8,2,1,3,7,2,18,4,0,11,2,7,1,18,10,2,2,3,2,2,10,6,3,0,4,1,2,0,2,1,2,1,2,1,1,0,6,0,2,2,1,0,1,1,0,2,2,0,0,0,0,0,7,2,0,1,1,6,0,0,0,0,1,1,0,0,1,0,2,1,1,0,1,1,1,0,0,1,0,0,12,0,0,1,0,12,1,1,4,2,2,2,0,0,0,0,0,0,5,3,0,0,0,0,0,9,3,4
64 - Β' Δυτικής Αττικής,188 E.T. Δήμου Φυλής,556,371,15,2,17,354,113,40,29,14,56,10,27,108,32,18,20,23,54,42,16,4,0,4,5,4,9,32,3,2,5,27,6,1,18,8,5,6,4,3,5,10,0,3,3,4,3,1,0,0,0,0,0,0,0,0,0,5,4,1,1,1,1,1,1,1,5,4,2,1,1,0,0,11,8,1,3,3,4,0,0,0,0,2,2,0,0,0,0,3,2,1,0,0,1,1,0,0,0,0,0,2,2,0,0,0,0,0,0,2,1,0,0,0,0,0,0,0,0,6,5,0,0,1,0,0,15,12,8
64 - Β' Δυτικής Αττικής,189 E.T. Δήμου Φυλής,550,356,14,2,16,340,116,30,39,20,42,18,25,72,20,14,15,11,12,38,20,10,2,3,8,1,10,47,7,1,3,33,13,6,22,10,9,9,3,1,5,8,5,6,1,3,1,5,5,2,3,0,0,0,0,0,0,2,0,2,1,0,0,0,1,1,6,5,1,0,0,0,0,10,7,3,5,3,0,0,0,0,0,0,0,0,0,0,0,1,0,0,0,0,0,2,1,0,1,1,1,7,6,1,1,0,1,0,0,2,1,0,0,0,0,0,0,0,0,3,0,3,3,2,1,0,9,7,5
64 - Β' Δυτικής Αττικής,190 E.T. Δήμου Φυλής,543,367,14,0,14,353,139,37,43,19,59,19,38,64,13,10,13,5,17,30,31,8,3,2,4,8,20,30,3,2,6,22,5,1,22,9,5,6,2,2,7,3,0,0,1,2,0,2,0,2,2,0,0,0,0,0,0,3,0,0,0,0,0,0,3,3,2,1,3,0,0,0,0,6,2,1,3,1,2,0,0,0,0,0,0,0,0,0,0,0,0,0,0,0,0,2,0,1,1,1,1,9,7,0,0,0,1,1,1,0,0,0,0,3,0,2,1,1,0,3,2,1,1,0,0,0,25,18,12
64 - Β' Δυτικής Αττικής,191 E.T. Δήμου Φυλής,551,338,8,3,11,327,102,26,29,16,48,10,33,85,16,14,20,7,23,41,30,12,3,10,4,5,11,33,3,0,5,25,3,3,21,6,10,9,3,1,4,9,1,2,6,2,2,0,0,0,0,0,0,0,0,0,0,2,1,0,2,1,0,0,6,4,6,4,1,0,0,0,0,5,2,0,4,0,1,0,0,0,0,0,0,0,0,0,0,0,0,0,0,0,0,0,0,0,0,2,1,2,2,2,0,0,0,1,1,2,0,0,0,1,0,1,0,0,0,3,2,3,0,3,3,1,10,6,5
64 - Β' Δυτικής Αττικής,192 E.T. Δήμου Φυλής,550,369,14,2,16,353,109,22,27,17,36,13,34,93,33,13,15,17,26,45,18,4,0,0,6,1,14,39,2,3,1,27,13,2,25,10,7,8,1,3,9,11,1,5,0,7,1,4,2,2,2,1,0,0,0,0,0,6,1,4,3,2,0,1,3,2,2,1,1,1,0,1,0,1,0,0,0,0,0,0,0,0,0,1,1,0,0,1,0,0,0,0,0,0,0,1,1,1,0,0,0,6,5,2,0,1,0,0,0,1,1,1,1,3,2,0,0,1,0,5,1,1,1,1,1,1,19,16,10
64 - Β' Δυτικής Αττικής,193 E.T. Δήμου Φυλής,542,344,15,3,18,326,105,22,27,14,54,12,29,79,20,16,16,18,27,32,24,10,3,1,6,3,13,39,6,1,6,25,7,1,16,6,4,8,3,3,4,8,1,1,2,0,3,1,0,1,1,2,0,2,1,0,0,2,1,0,1,0,1,1,5,3,8,1,2,1,0,1,0,10,3,2,4,3,3,0,0,0,0,1,1,0,0,1,0,0,0,0,0,0,0,1,0,1,1,1,1,3,1,0,0,0,1,1,0,2,0,1,0,2,2,0,1,1,0,3,1,1,0,0,0,0,8,8,5
64 - Β' Δυτικής Αττικής,194 E.T. Δήμου Φυλής,538,366,12,5,17,349,157,57,45,15,77,13,53,67,16,3,10,8,16,32,24,4,3,4,5,1,12,19,2,2,0,15,6,3,15,10,2,2,1,2,3,9,2,2,3,4,2,1,0,0,1,2,0,0,0,0,0,2,0,1,0,1,0,0,6,2,4,2,2,1,2,1,0,7,3,1,3,2,1,0,0,0,0,0,0,0,0,0,0,0,0,0,0,0,0,1,1,1,0,2,1,3,1,1,3,1,1,1,0,2,2,2,0,2,1,1,1,1,0,4,4,0,0,0,0,0,17,12,9
64 - Β' Δυτικής Αττικής,195 E.T. Δήμου Φυλής,543,364,11,2,13,351,129,41,33,21,68,17,33,67,20,17,6,13,27,29,30,3,5,2,6,4,18,44,6,3,7,35,9,2,24,12,6,9,1,1,9,7,2,3,0,3,0,2,1,0,1,0,0,0,0,0,0,2,0,0,0,0,0,0,3,3,5,2,3,2,0,1,1,7,3,4,4,3,0,0,0,0,0,0,0,0,0,1,1,1,0,1,0,0,0,1,1,0,1,2,1,7,3,1,2,1,0,1,1,1,1,0,0,4,0,1,1,1,0,0,0,2,0,2,1,1,6,6,4
64 - Β' Δυτικής Αττικής,196 E.T. Δήμου Φυλής,555,371,16,2,18,353,124,24,34,19,51,19,36,83,25,15,14,10,35,30,19,4,1,2,2,2,9,39,6,5,3,20,7,1,26,14,5,7,0,0,8,7,1,3,1,3,1,5,1,4,3,2,0,2,1,0,0,0,0,0,0,0,0,0,3,2,4,2,4,1,3,0,2,18,5,6,4,5,5,0,0,0,0,0,0,0,0,0,0,0,0,0,0,0,0,0,0,0,0,2,2,4,4,2,0,0,0,0,0,1,1,0,0,0,0,0,0,0,0,0,0,3,2,1,0,0,8,8,8
64 - Β' Δυτικής Αττικής,197 E.T. Δήμου Φυλής,538,362,6,3,9,353,115,54,34,13,65,18,34,88,14,12,15,15,33,39,23,7,0,3,5,2,13,32,0,2,5,20,9,2,23,7,5,7,3,2,4,9,2,3,3,2,2,3,2,0,2,1,1,0,1,0,0,1,0,0,0,0,0,0,2,0,3,1,4,2,2,1,2,13,7,3,6,2,3,0,0,0,0,0,0,0,0,0,0,0,0,0,0,0,0,0,0,0,0,2,1,9,7,1,3,0,1,0,0,0,0,0,0,5,0,2,0,1,0,4,3,1,0,0,0,0,15,6,4
64 - Β' Δυτικής Αττικής,198 E.T. Δήμου Φυλής,553,361,11,1,12,349,130,34,43,14,45,11,45,66,15,6,13,9,23,18,40,15,3,10,9,4,23,31,4,1,5,19,6,3,26,12,9,14,0,0,4,4,2,1,0,1,1,3,3,2,0,0,0,0,0,0,0,1,1,0,1,0,0,0,2,0,7,5,2,1,1,1,0,7,5,0,3,2,0,0,0,0,0,0,0,1,0,0,0,0,0,0,0,0,0,1,0,0,0,1,1,9,1,2,1,3,1,0,0,2,1,1,0,2,1,0,0,1,0,3,2,1,0,1,0,0,8,4,3
64 - Β' Δυτικής Αττικής,199 E.T. Δήμου Φυλής,547,363,13,4,17,346,138,46,43,16,63,16,45,58,14,14,8,13,19,20,35,12,3,7,5,4,13,27,2,1,1,16,6,1,23,9,4,14,2,0,8,9,0,3,1,1,1,2,0,1,1,0,0,0,0,0,0,1,0,0,1,0,1,0,5,3,3,3,1,0,1,1,0,9,3,3,1,3,1,0,0,0,0,0,0,0,0,0,0,3,1,0,0,0,2,0,0,0,0,1,1,6,3,1,2,2,1,0,0,3,3,1,1,7,2,2,1,4,0,3,1,1,0,1,1,1,9,7,6
64 - Β' Δυτικής Αττικής,200 E.T. Δήμου Φυλής,545,383,10,2,12,371,133,35,35,19,54,17,39,82,28,9,12,20,20,33,28,8,1,3,3,2,11,43,8,4,4,31,12,2,30,9,12,16,2,3,10,6,2,1,2,3,0,4,1,3,2,1,0,1,0,0,0,1,0,0,1,0,0,0,3,1,8,6,3,1,1,0,2,7,5,1,4,1,2,0,0,0,0,1,1,0,0,0,0,0,0,0,0,0,0,1,0,1,1,0,0,2,1,0,1,0,0,1,0,1,1,2,2,2,1,1,0,0,0,4,3,0,0,0,0,0,8,6,5
64 - Β' Δυτικής Αττικής,201 E.T. Δήμου Φυλής,516,325,12,1,13,312,100,25,29,13,43,6,46,67,9,11,17,11,17,30,22,9,4,6,2,3,10,25,4,1,4,14,8,1,30,12,4,13,0,3,9,10,1,2,3,2,1,4,1,2,3,3,1,1,0,0,0,0,0,0,0,0,0,0,3,2,3,2,0,0,0,0,0,7,5,2,4,0,3,0,0,1,1,0,0,0,0,1,0,0,0,0,0,0,0,4,1,2,2,3,3,1,1,0,1,0,0,0,0,1,1,0,0,0,0,0,0,0,0,1,0,1,1,1,0,0,24,17,10
64 - Β' Δυτικής Αττικής,202 E.T. Δήμου Φυλής,492,320,16,1,17,303,104,36,29,10,36,9,46,64,15,13,7,7,15,23,28,12,2,7,2,4,10,30,4,6,1,17,13,1,18,6,6,7,0,0,6,2,0,0,0,0,0,1,1,0,1,0,0,0,0,0,0,1,0,0,0,1,0,0,3,2,8,2,2,0,0,0,1,6,4,2,3,2,1,0,0,1,1,0,0,0,0,0,0,3,0,1,1,0,0,2,2,0,0,1,1,8,4,3,4,2,0,0,0,1,1,1,0,1,0,1,0,1,0,2,1,1,0,1,1,1,14,8,7
64 - Β' Δυτικής Αττικής,203 E.T. Δήμου Φυλής,514,300,13,4,17,283,86,26,30,8,40,7,22,73,10,8,9,11,20,37,30,9,1,6,3,4,19,19,6,1,4,12,1,2,20,9,4,15,0,1,6,11,5,5,0,2,1,3,2,0,3,0,0,0,0,0,0,1,0,1,0,0,1,0,2,1,4,2,2,0,0,0,0,5,3,1,3,2,1,0,0,0,0,0,0,0,0,0,0,0,0,0,0,0,0,0,0,0,0,1,0,5,3,2,1,0,0,1,0,2,1,2,2,1,0,0,0,1,0,2,2,1,1,0,0,0,12,7,7
64 - Β' Δυτικής Αττικής,204 E.T. Δήμου Φυλής,511,308,15,2,17,291,83,24,24,8,27,8,25,94,14,20,9,14,25,42,24,8,0,4,2,4,15,20,4,3,1,8,7,1,16,11,5,5,0,0,2,9,2,2,1,1,2,0,0,0,0,0,0,0,0,0,0,0,0,0,0,0,0,0,1,0,1,1,2,0,0,0,0,7,2,3,1,2,1,0,0,0,0,1,0,0,0,1,0,1,1,0,1,0,0,0,0,0,0,1,1,5,2,0,1,2,0,2,2,1,0,0,0,1,1,0,0,1,0,2,1,0,0,2,1,0,17,9,9
64 - Β' Δυτικής Αττικής,205 E.T. Δήμου Φυλής,499,320,11,2,13,307,118,28,34,13,58,14,33,71,20,17,5,11,20,26,16,7,3,1,7,0,5,36,3,0,7,24,9,5,17,9,2,5,1,4,10,6,2,2,3,2,1,2,1,1,2,0,0,0,0,0,0,1,0,0,0,0,0,0,2,1,7,7,1,0,0,0,0,6,1,1,2,0,1,0,0,0,0,0,0,0,0,1,1,0,0,0,0,0,0,1,1,1,0,4,2,0,0,0,0,0,0,2,1,1,0,2,0,5,3,1,2,1,0,3,2,0,0,0,0,0,5,4,4
64 - Β' Δυτικής Αττικής,206 E.T. Δήμου Φυλής,506,309,15,3,18,291,124,52,44,12,45,16,35,58,16,3,12,11,22,19,20,3,2,4,1,3,9,26,8,6,4,12,5,1,14,7,3,4,2,3,1,9,1,4,1,2,3,3,3,1,2,0,0,0,0,0,0,1,1,0,0,0,0,1,0,0,5,3,0,0,0,0,0,6,4,2,0,1,2,0,0,0,0,0,0,0,0,0,0,0,0,0,0,0,0,0,0,0,0,1,1,2,2,0,1,1,0,0,0,5,5,1,1,1,0,0,0,1,0,2,2,0,0,1,0,0,12,6,5
64 - Β' Δυτικής Αττικής,207 E.T. Δήμου Φυλής,507,342,11,2,13,329,145,49,43,11,44,18,40,57,14,8,15,5,18,19,25,6,1,2,5,2,11,23,3,3,4,13,5,0,26,11,8,10,3,2,5,5,1,1,0,0,1,1,1,1,0,3,2,2,0,0,0,1,0,0,0,0,0,0,0,0,4,2,1,1,0,0,0,18,4,6,7,7,4,0,0,0,0,0,0,0,0,0,0,1,1,0,0,0,0,0,0,0,0,0,0,1,0,0,0,0,0,0,0,1,1,1,0,1,0,1,0,0,0,3,2,3,3,3,3,2,6,5,2
64 - Β' Δυτικής Αττικής,208 E.T. Δήμου Φυλής,505,316,6,4,10,306,107,40,36,13,41,9,25,66,15,9,15,12,21,33,32,14,2,5,8,3,12,23,5,1,5,18,7,2,21,9,7,11,3,2,8,8,2,1,2,4,1,5,4,1,4,0,0,0,0,1,0,3,0,0,0,2,1,0,2,0,2,1,4,2,2,1,0,4,3,0,1,1,0,0,0,0,0,0,0,0,0,0,0,0,0,0,0,0,0,3,2,3,1,0,0,2,2,1,1,0,0,0,0,1,0,2,2,2,0,0,1,1,1,5,3,1,0,1,1,0,11,9,5
64 - Β' Δυτικής Αττικής,209 E.T. Δήμου Φυλής,498,291,8,2,10,281,74,22,15,14,24,13,21,73,10,14,13,9,20,33,16,4,2,3,2,3,7,36,7,6,3,25,13,1,20,7,12,7,1,1,4,7,3,5,0,3,1,2,1,0,0,3,1,2,2,2,0,3,0,0,1,0,1,0,7,3,7,2,2,1,0,1,0,2,1,0,0,0,1,0,0,0,0,0,0,0,0,0,0,3,2,1,1,0,2,1,0,0,0,2,2,4,1,0,2,1,1,0,0,0,0,2,2,1,0,1,0,1,0,1,1,1,1,2,1,1,10,7,3
64 - Β' Δυτικής Αττικής,210 E.T. Δήμου Φυλής,495,333,18,0,18,315,87,35,24,11,40,9,24,90,18,16,8,11,26,29,15,6,1,2,3,2,9,29,3,2,1,21,14,3,29,10,11,18,0,5,4,10,0,4,0,3,1,3,3,2,1,1,0,0,0,0,0,1,0,0,0,0,0,0,3,1,7,5,1,1,0,0,1,10,3,2,4,2,2,0,0,1,0,0,0,0,0,0,0,1,0,0,0,0,0,1,0,0,0,1,1,3,1,0,3,0,1,0,0,1,1,1,0,1,0,0,0,0,0,4,4,0,0,0,0,0,15,12,10
64 - Β' Δυτικής Αττικής,211 E.T. Δήμου Φυλής,501,253,16,0,16,237,74,21,13,5,34,5,28,42,6,8,7,5,11,22,16,6,4,4,0,2,3,23,5,3,3,13,4,2,22,8,10,12,1,2,1,11,3,2,1,2,4,1,0,0,1,2,2,0,0,0,0,0,0,0,0,0,0,0,8,6,2,2,0,0,0,0,0,10,1,4,2,4,0,0,0,0,0,0,0,2,0,1,0,1,1,0,0,0,1,1,1,1,0,1,0,3,1,1,0,0,0,0,0,3,3,0,0,3,1,1,0,2,0,3,3,1,0,0,0,0,7,4,3
64 - Β' Δυτικής Αττικής,212 E.T. Δήμου Φυλής,494,278,12,1,13,265,108,44,42,10,39,6,42,77,15,9,13,9,32,29,6,1,0,2,0,1,1,25,3,5,3,9,6,9,11,5,1,9,0,0,2,3,1,1,2,0,0,2,0,1,2,0,0,0,0,0,0,0,0,0,0,0,0,0,1,1,0,0,1,1,0,0,0,6,0,0,0,0,0,0,0,0,0,0,0,0,0,0,0,1,0,0,1,1,0,0,0,0,0,1,1,1,0,0,1,0,0,0,0,0,0,3,3,1,1,0,1,0,0,1,0,1,1,2,2,2,14,12,6
64 - Β' Δυτικής Αττικής,213 E.T. Δήμου Φυλής,502,258,5,1,6,252,87,25,13,8,37,10,45,80,13,16,5,8,27,36,17,3,2,2,2,2,8,23,3,2,2,16,10,1,7,3,4,4,0,0,0,3,1,3,0,1,1,1,1,0,1,0,0,0,0,0,0,2,2,2,0,0,0,0,0,0,1,1,1,0,1,0,1,5,1,1,2,3,1,0,0,0,0,0,0,1,1,1,0,2,0,2,1,0,1,1,0,1,0,1,1,2,1,0,0,0,0,0,0,2,2,1,1,3,0,2,0,3,0,2,1,0,0,1,0,1,8,7,6
64 - Β' Δυτικής Αττικής,214 E.T. Δήμου Φυλής,500,302,10,0,10,292,91,33,23,13,28,13,35,81,21,18,11,15,12,32,28,12,4,7,9,2,7,26,7,1,4,17,10,1,17,6,6,12,0,1,6,4,0,1,0,3,2,4,3,2,1,1,0,0,0,1,0,1,0,0,0,0,0,0,3,3,2,1,1,0,0,0,0,8,4,0,3,2,0,0,0,0,0,0,0,0,0,0,0,0,0,0,0,0,0,1,0,0,0,2,1,3,1,0,1,0,0,1,1,3,3,0,0,1,0,0,0,1,0,3,2,0,0,1,0,0,9,9,6
64 - Β' Δυτικής Αττικής,215 E.T. Δήμου Φυλής,497,371,23,2,25,346,129,26,43,11,56,12,36,67,21,8,8,13,23,31,22,4,1,1,9,2,12,46,4,5,11,26,8,5,22,10,5,11,0,0,1,4,1,3,0,1,0,2,1,1,1,0,0,0,0,0,0,6,0,0,0,2,1,2,3,3,1,1,4,1,2,2,1,11,8,0,5,0,1,0,0,0,0,1,0,0,0,0,0,3,2,0,0,1,1,0,0,0,0,1,0,4,2,1,0,0,1,1,1,2,2,1,1,1,0,0,0,1,0,3,3,1,0,0,0,0,11,6,3
64 - Β' Δυτικής Αττικής,216 E.T. Δήμου Φυλής,504,357,21,1,22,335,122,35,35,11,42,7,39,84,13,15,13,16,18,34,24,3,2,2,4,4,6,26,4,1,2,18,5,1,23,3,10,11,1,1,5,9,0,2,0,3,0,1,0,1,1,1,0,0,0,0,0,4,2,0,2,1,1,0,1,0,6,6,3,2,1,0,0,5,0,1,1,1,0,0,0,0,0,0,0,0,0,0,0,2,1,0,0,1,0,2,1,1,2,0,0,3,1,1,1,1,0,0,0,0,0,0,0,1,0,0,0,0,0,5,2,0,0,1,1,0,12,6,7
64 - Β' Δυτικής Αττικής,217 E.T. Δήμου Φυλής,509,350,16,3,19,331,122,35,35,18,59,12,39,55,13,10,7,8,18,22,29,9,1,4,8,2,11,39,4,3,7,28,7,4,25,7,13,13,1,2,7,10,2,4,3,2,2,1,1,0,0,1,0,0,0,0,0,2,0,0,0,0,1,0,3,2,4,2,0,0,0,0,0,13,5,1,3,6,6,0,0,0,0,0,0,0,0,0,0,0,0,0,0,0,0,1,1,0,1,1,1,4,2,1,0,0,0,0,0,4,3,0,0,3,0,0,0,1,0,2,0,0,0,1,1,1,11,10,9
64 - Β' Δυτικής Αττικής,218 E.T. Δήμου Φυλής,502,364,7,1,8,356,137,56,45,10,48,21,41,75,14,13,10,16,23,35,28,5,7,3,7,13,14,37,4,4,4,19,15,3,28,9,8,15,1,2,7,7,2,5,0,3,1,2,0,2,1,0,0,0,0,0,0,2,1,2,0,0,0,0,4,2,2,1,0,0,0,0,0,7,2,1,3,1,1,0,0,0,0,0,0,0,0,0,0,2,2,1,0,0,1,1,0,1,1,0,0,0,0,0,0,0,0,0,0,1,1,1,1,5,2,2,1,1,0,3,1,0,0,0,0,0,14,9,5
64 - Β' Δυτικής Αττικής,219 E.T. Δήμου Φυλής,468,255,4,2,6,249,107,38,33,13,31,7,40,64,10,12,12,15,15,22,14,6,4,0,5,2,5,15,2,2,6,12,3,1,10,4,4,3,1,1,4,6,2,2,2,1,1,2,0,0,1,0,0,0,0,0,0,1,0,0,0,1,1,0,2,2,6,5,0,0,0,0,0,3,1,2,0,1,2,0,0,0,0,0,0,0,0,0,0,1,1,1,0,0,0,1,1,1,0,3,3,1,1,0,0,0,1,0,0,0,0,0,0,3,1,2,1,1,1,2,1,0,0,1,1,1,7,7,6
64 - Β' Δυτικής Αττικής,220 E.T. Δήμου Φυλής,506,317,11,1,12,305,130,46,47,15,45,9,42,66,12,6,13,9,19,32,16,6,1,1,3,4,10,31,7,4,1,20,5,3,17,3,4,9,1,1,8,4,1,3,0,3,0,8,1,7,8,0,0,0,0,0,0,2,1,1,1,0,0,0,0,0,3,2,5,3,4,0,1,4,2,0,1,3,1,0,0,0,0,0,0,0,0,1,0,1,0,0,0,0,0,0,0,0,0,0,0,6,3,1,1,0,1,2,0,2,1,1,1,1,0,0,0,1,0,1,1,0,0,1,1,0,3,0,1
64 - Β' Δυτικής Αττικής,221 E.T. Δήμου Φυλής,492,353,11,2,13,340,147,48,45,15,44,12,51,62,12,6,12,12,20,32,13,6,0,5,2,2,3,35,3,1,3,25,15,3,20,6,6,10,2,3,5,9,2,5,4,1,2,1,0,1,0,1,1,0,1,1,1,6,1,2,5,0,0,2,6,6,5,5,2,1,0,0,1,7,3,1,0,5,0,0,0,0,0,0,0,0,0,1,1,1,0,0,0,0,0,1,0,0,0,0,0,3,1,0,0,0,1,3,3,3,1,2,2,1,0,0,0,0,0,3,3,1,1,0,0,0,6,2,2
64 - Β' Δυτικής Αττικής,222 E.T. Δήμου Φυλής,499,289,15,2,17,272,95,30,31,11,35,8,37,63,10,15,11,4,15,23,13,6,0,1,0,2,7,25,2,0,5,21,4,1,9,5,1,4,2,0,3,9,2,6,2,1,3,4,2,2,0,3,3,0,2,0,0,0,0,0,0,0,0,0,1,1,3,2,1,0,0,0,0,13,3,3,3,5,6,0,0,0,0,0,0,1,1,0,0,0,0,0,0,0,0,0,0,0,0,2,0,1,1,1,0,0,0,0,0,4,2,2,1,2,0,0,1,1,0,4,3,0,0,0,0,0,17,14,13
64 - Β' Δυτικής Αττικής,223 E.T. Δήμου Φυλής,511,241,12,0,12,229,73,22,25,15,33,7,16,63,6,15,10,5,23,27,12,4,2,1,2,3,7,19,5,1,3,14,4,0,13,2,2,7,1,0,2,3,1,1,1,1,0,3,2,2,2,3,2,3,0,0,0,0,0,0,0,0,0,0,4,2,4,0,4,0,1,0,0,9,6,3,3,5,1,0,0,0,0,0,0,0,0,0,0,0,0,0,0,0,0,0,0,0,0,1,0,8,5,5,3,0,0,0,0,0,0,2,0,0,0,0,0,0,0,2,2,1,1,0,0,0,5,3,3
64 - Β' Δυτικής Αττικής,224 E.T. Δήμου Φυλής,505,350,21,0,21,329,115,30,33,15,57,17,43,73,24,10,9,13,20,33,37,14,1,6,5,3,24,27,1,1,1,10,2,2,11,6,4,5,1,1,1,10,0,6,1,4,0,5,1,4,4,0,0,0,0,0,0,1,1,0,1,0,0,0,2,2,6,5,3,1,0,0,1,8,5,1,3,3,2,0,0,0,0,0,0,1,0,0,0,1,0,0,0,0,0,1,0,1,0,1,0,6,3,0,2,0,1,1,1,5,2,1,0,0,0,0,0,0,0,6,5,0,0,1,0,0,7,4,3
64 - Β' Δυτικής Αττικής,225 E.T. Δήμου Φυλής,504,322,12,2,14,308,132,44,38,29,63,16,46,58,16,11,18,16,10,31,18,8,2,7,3,1,5,20,2,1,5,17,8,0,20,8,10,11,0,3,3,8,2,4,1,2,0,4,2,2,2,2,1,1,2,0,0,0,0,0,0,0,0,0,1,1,4,4,0,0,0,0,0,10,5,3,4,3,3,0,0,1,0,0,0,0,0,0,0,2,2,0,0,1,1,1,0,0,0,0,0,3,1,2,2,1,0,1,0,3,3,3,3,2,2,0,1,0,0,1,1,2,0,2,1,1,10,8,7
64 - Β' Δυτικής Αττικής,226 E.T. Δήμου Φυλής,509,290,21,1,22,268,117,24,35,15,42,16,37,55,8,3,14,12,15,27,19,6,2,5,1,3,8,15,2,1,2,11,5,4,12,6,1,5,1,1,1,2,0,1,0,1,0,2,1,0,2,2,2,2,0,0,0,3,0,0,0,2,0,0,2,2,5,4,1,0,0,0,0,9,6,3,2,0,3,0,0,0,0,0,0,0,0,0,0,0,0,0,0,0,0,2,0,1,0,2,2,3,2,1,2,0,0,0,0,0,0,0,0,6,0,0,0,6,1,1,0,0,0,1,1,1,9,5,2
64 - Β' Δυτικής Αττικής,227 E.T. Δήμου Φυλής,532,357,4,2,6,351,113,27,39,12,45,9,35,79,24,10,9,17,26,27,31,7,1,2,5,2,22,24,4,1,3,15,7,2,33,11,11,12,1,3,10,13,5,2,4,2,0,2,0,1,1,1,1,0,1,0,0,1,0,1,1,0,0,0,5,5,1,1,2,2,2,0,0,14,5,4,3,6,5,0,0,1,1,0,0,0,0,0,0,2,1,1,0,0,0,3,2,0,1,1,0,5,0,1,1,1,1,0,0,3,2,2,0,1,1,0,0,1,0,4,4,0,0,1,1,1,9,5,3
64 - Β' Δυτικής Αττικής,228 E.T. Δήμου Φυλής,501,319,9,1,10,309,141,54,36,17,61,17,43,54,13,8,10,12,10,21,13,5,3,3,3,2,4,21,4,1,4,17,6,1,20,11,7,6,0,3,4,8,3,2,2,1,1,2,1,0,1,4,2,0,2,0,0,1,0,1,0,0,0,0,3,2,5,4,3,2,1,0,0,10,4,1,2,2,5,0,0,0,0,0,0,0,0,0,0,0,0,0,0,0,0,0,0,0,0,0,0,3,2,1,1,1,1,1,1,1,1,0,0,2,1,0,0,0,0,3,3,0,0,0,0,0,14,11,7
64 - Β' Δυτικής Αττικής,229 E.T. Δήμου Φυλής,497,303,18,3,21,282,100,19,30,10,32,20,38,69,8,12,15,10,22,31,15,4,3,1,2,1,7,19,2,2,3,13,17,2,24,7,7,14,1,0,1,6,1,2,0,2,1,2,1,0,1,1,0,0,1,0,0,1,0,0,0,1,1,0,7,4,10,9,1,1,0,0,1,5,2,1,3,0,0,0,0,0,0,1,1,0,0,0,0,0,0,0,0,0,0,5,0,1,1,1,1,3,2,1,0,0,1,1,1,0,0,0,0,1,1,0,0,0,0,4,2,2,2,0,0,0,4,2,2
64 - Β' Δυτικής Αττικής,230 E.T. Δήμου Φυλής,510,323,10,2,12,311,121,37,32,16,54,12,46,59,15,9,11,14,17,21,14,2,1,0,0,1,8,34,5,1,5,23,14,4,33,9,9,18,5,2,7,8,2,2,4,2,0,0,0,0,0,0,0,0,0,0,0,2,1,0,0,0,0,1,1,1,5,2,0,0,0,0,0,10,5,3,3,4,0,0,0,0,0,2,2,0,0,1,1,3,2,1,0,2,1,1,1,0,1,1,1,5,2,1,3,0,1,0,0,2,0,0,0,1,0,0,0,0,0,1,1,0,0,1,1,1,6,5,4
64 - Β' Δυτικής Αττικής,231 E.T. Δήμου Φυλής,519,296,7,1,8,288,92,33,25,13,24,6,39,84,9,16,11,7,35,31,23,7,1,7,5,4,10,28,5,3,7,18,5,4,17,5,5,12,1,0,6,4,0,2,0,1,0,7,4,6,2,1,0,0,0,0,0,1,0,0,0,0,0,0,3,2,4,2,0,0,0,0,0,8,1,2,1,1,2,0,0,0,0,0,0,0,0,0,0,0,0,0,0,0,0,1,1,0,1,2,2,0,0,0,0,0,0,0,0,2,2,0,0,4,3,1,2,2,0,1,0,0,0,1,1,1,5,5,3
64 - Β' Δυτικής Αττικής,232 E.T. Δήμου Φυλής,500,294,17,1,18,276,75,29,24,6,30,9,23,98,16,15,16,15,30,35,14,2,2,4,3,1,6,31,2,3,6,21,10,2,26,8,6,16,0,2,8,5,1,1,2,2,0,1,1,0,1,0,0,0,0,0,0,0,0,0,0,0,0,0,0,0,1,0,0,0,0,0,0,11,3,6,0,7,2,0,0,0,0,0,0,0,0,2,0,1,1,0,0,0,1,1,0,1,1,0,0,3,0,1,0,1,0,0,0,2,2,0,0,1,1,0,0,1,0,1,1,0,0,1,0,1,2,1,0
64 - Β' Δυτικής Αττικής,233 E.T. Δήμου Φυλής,498,347,10,1,11,336,127,46,31,9,38,12,47,66,10,7,8,11,26,26,17,7,0,7,3,2,6,41,8,2,4,27,7,2,29,8,12,15,1,0,5,8,4,3,5,1,0,2,0,1,1,3,0,0,0,0,0,1,0,0,0,0,0,0,3,0,3,2,1,0,1,0,1,8,1,2,3,2,4,0,0,0,0,0,0,0,0,0,0,0,0,0,0,0,0,1,0,1,1,2,1,1,0,0,0,0,0,0,0,2,1,1,1,0,0,0,0,0,0,3,3,1,1,1,1,0,15,9,5
64 - Β' Δυτικής Αττικής,234 E.T. Δήμου Φυλής,512,289,10,3,13,276,106,29,21,6,43,9,41,71,14,10,11,10,21,33,21,8,2,5,1,1,10,21,2,0,4,13,6,1,16,8,5,5,0,1,4,2,1,1,0,0,0,2,0,0,2,0,0,0,0,0,0,1,0,1,1,0,0,0,0,0,3,2,4,3,0,2,1,2,2,0,0,1,0,0,0,0,0,0,0,0,0,0,0,0,0,0,0,0,0,1,0,0,0,4,3,1,0,0,0,0,0,1,1,3,1,2,1,2,2,0,1,0,0,0,0,0,0,1,0,0,12,9,5
64 - Β' Δυτικής Αττικής,235 E.T. Δήμου Φυλής,501,313,16,2,18,295,141,43,42,22,57,9,48,52,9,10,10,15,12,31,20,10,4,5,3,2,7,9,1,0,3,8,3,0,26,8,11,13,1,1,2,2,0,2,0,1,1,2,0,0,0,0,0,0,0,0,0,0,0,0,0,0,0,0,1,0,3,0,1,0,0,1,1,6,2,3,1,5,0,0,0,0,0,2,1,0,0,1,0,0,0,0,0,0,0,1,0,0,0,0,0,4,1,1,1,0,1,2,1,2,1,0,0,4,1,0,1,3,0,3,2,0,0,0,0,0,13,7,7
64 - Β' Δυτικής Αττικής,236 E.T. Δήμου Φυλής,539,344,18,2,20,324,99,40,25,11,27,11,35,92,13,25,10,15,20,50,19,5,2,4,5,2,8,35,4,4,4,23,14,0,24,9,2,10,2,3,11,6,0,2,1,1,0,2,0,2,2,0,0,0,0,0,0,1,0,0,1,0,0,0,2,0,1,1,3,1,1,0,0,14,8,3,6,4,4,0,0,0,0,1,0,1,0,1,1,0,0,0,0,0,0,0,0,0,0,0,0,0,0,0,0,0,0,0,0,2,2,0,0,2,0,1,2,0,0,7,1,0,0,2,1,1,10,5,3
64 - Β' Δυτικής Αττικής,237 E.T. Δήμου Φυλής,510,327,14,1,15,312,118,30,33,14,49,13,29,68,18,15,9,9,14,35,23,5,2,5,4,2,6,28,6,2,7,15,7,4,31,7,10,15,4,2,6,5,1,5,0,4,0,2,1,0,2,1,0,1,1,0,0,1,0,0,0,1,1,0,2,2,3,0,0,0,0,0,0,6,2,2,1,3,1,0,0,0,0,0,0,0,0,0,0,0,0,0,0,0,0,0,0,0,0,2,2,4,4,3,0,0,1,2,2,0,0,1,1,1,1,0,1,0,0,1,1,0,0,2,2,1,11,5,5
64 - Β' Δυτικής Αττικής,238 E.T. Δήμου Φυλής,503,327,9,6,15,312,129,44,35,12,50,13,49,51,16,7,5,9,13,15,25,5,2,4,5,2,11,33,0,0,3,29,14,3,18,3,3,8,1,2,7,4,0,2,1,3,0,0,0,0,0,5,1,2,2,0,0,2,2,0,0,0,0,0,2,2,6,2,2,1,0,1,0,7,3,3,4,1,1,0,0,1,1,0,0,0,0,3,1,0,0,0,0,0,0,2,0,1,1,0,0,2,0,0,0,0,0,0,0,1,0,0,0,1,1,0,0,1,0,3,3,1,0,2,2,2,12,7,4
64 - Β' Δυτικής Αττικής,239 E.T. Δήμου Φυλής,518,347,10,2,12,335,127,45,47,19,28,9,45,55,14,4,6,10,20,23,14,2,1,2,2,0,8,37,5,2,2,27,7,6,27,8,7,11,1,4,4,7,1,2,2,0,2,4,0,2,1,4,2,1,0,0,0,0,0,0,0,0,0,0,11,8,7,4,3,2,1,1,1,6,5,0,2,5,0,0,0,1,0,0,0,0,0,0,0,4,1,0,0,0,1,2,1,0,1,0,0,4,1,0,1,1,1,0,0,2,1,2,1,2,2,1,1,0,0,2,0,1,0,0,0,0,13,8,9
64 - Β' Δυτικής Αττικής,240 E.T. Δήμου Φυλής,349,209,11,1,12,197,68,24,29,8,28,5,24,52,14,11,8,6,14,22,15,4,4,1,1,1,9,9,2,0,2,7,5,0,13,7,3,7,1,2,2,6,1,1,1,1,1,1,0,1,1,0,0,0,0,0,0,3,0,0,0,0,1,0,0,0,2,2,0,0,0,0,0,8,4,1,3,0,2,0,0,0,0,0,0,0,0,0,0,1,0,1,0,1,0,2,0,2,2,0,0,3,1,2,2,0,1,1,1,0,0,0,0,1,0,0,1,1,0,2,1,0,0,1,0,0,9,7,6
64 - Β' Δυτικής Αττικής,241 E.T. Δήμου Φυλής,484,305,17,0,17,288,104,37,22,17,38,14,32,94,27,11,11,6,27,31,12,4,2,4,3,1,3,29,3,2,4,23,7,3,9,3,4,2,1,1,4,10,3,4,2,5,2,0,0,0,0,2,2,1,0,0,0,1,0,1,1,0,0,0,0,0,3,3,1,0,0,0,0,2,0,1,2,0,0,0,0,0,0,0,0,0,0,0,0,2,0,0,0,0,0,0,0,0,0,1,0,2,2,1,0,0,0,0,0,1,1,1,0,2,0,1,0,0,0,2,0,0,0,3,1,2,7,4,3
64 - Β' Δυτικής Αττικής,242 E.T. Δήμου Φυλής,475,312,7,5,12,300,127,43,25,17,50,7,37,64,7,16,6,12,24,28,14,5,3,3,4,2,3,17,3,2,2,9,2,0,20,9,1,7,1,3,4,7,0,4,0,2,0,3,2,1,2,1,1,0,0,0,0,2,0,1,0,0,1,0,2,2,2,2,3,3,1,2,0,8,3,0,1,3,3,0,0,0,0,0,0,0,0,0,0,1,0,1,0,1,0,2,1,1,0,1,0,1,1,0,1,0,0,0,0,1,1,0,0,1,1,0,1,0,0,5,1,1,1,0,0,0,17,11,8
64 - Β' Δυτικής Αττικής,243 E.T. Δήμου Φυλής,474,287,17,3,20,267,98,65,22,12,39,4,23,84,16,11,14,11,31,46,8,2,2,1,2,0,3,23,4,1,2,18,12,3,15,6,3,6,2,1,3,8,1,2,1,1,0,1,1,0,0,1,0,1,1,0,0,0,0,0,0,0,0,0,1,1,2,2,0,0,0,0,0,4,1,3,4,0,0,0,0,0,0,1,0,0,0,0,0,0,0,0,0,0,0,3,1,1,2,1,1,3,2,0,0,0,0,0,0,2,1,0,0,0,0,0,0,0,0,2,1,0,0,0,0,0,10,7,7
64 - Β' Δυτικής Αττικής,244 E.T. Δήμου Φυλής,474,293,15,5,20,273,100,42,15,16,46,2,26,83,9,7,5,5,15,38,12,6,4,1,1,1,3,23,1,0,0,20,8,0,12,3,2,5,1,1,3,8,1,3,0,3,2,1,0,1,1,2,0,1,1,0,0,1,1,0,0,0,0,1,0,0,0,0,0,0,0,0,0,11,3,1,1,2,4,0,0,0,0,0,0,0,0,1,0,5,0,3,0,2,1,2,0,0,0,1,0,1,0,0,0,0,0,1,0,1,0,0,0,0,0,0,0,0,0,4,3,2,1,0,0,0,2,1,0
64 - Β' Δυτικής Αττικής,245 E.T. Δήμου Φυλής,475,266,19,2,21,245,61,29,11,5,17,2,27,126,11,30,12,8,38,74,10,0,0,1,5,0,3,11,3,1,1,8,3,0,10,6,1,6,1,1,1,4,0,0,4,0,0,0,0,0,0,2,1,1,0,0,0,0,0,0,0,0,0,0,2,1,1,0,1,0,0,0,0,4,2,1,3,1,1,0,0,0,0,0,0,0,0,0,0,0,0,0,0,0,0,0,0,0,0,0,0,0,0,0,0,0,0,0,0,2,1,0,0,1,0,0,0,0,0,4,2,1,0,4,0,4,1,1,1
64 - Β' Δυτικής Αττικής,246 E.T. Δήμου Φυλής,468,322,11,2,13,309,111,53,13,16,39,8,24,77,18,5,4,15,19,35,25,12,2,3,1,6,3,40,2,0,2,28,16,2,10,3,1,3,0,0,1,9,0,3,3,1,1,2,1,0,2,1,1,1,0,0,0,0,0,0,0,0,0,0,2,0,6,3,1,0,0,0,0,8,1,3,0,2,3,0,0,0,0,0,0,0,0,2,1,0,0,0,0,0,0,1,0,0,0,0,0,0,0,0,0,0,0,0,0,3,0,1,1,1,0,1,0,0,0,1,0,0,0,0,0,0,8,5,4
64 - Β' Δυτικής Αττικής,247 E.T. Δήμου Φυλής,476,338,10,2,12,326,135,49,29,17,64,13,48,58,15,8,13,10,24,24,24,4,7,5,9,3,9,44,8,4,4,30,15,2,11,5,2,4,1,1,3,8,1,4,2,3,2,0,0,0,0,1,0,0,0,1,1,1,0,1,0,0,1,0,3,2,4,3,0,0,0,0,0,6,2,3,2,2,3,0,0,0,0,0,0,0,0,0,0,0,0,0,0,0,0,4,3,2,0,0,0,6,4,1,2,1,1,1,1,0,0,1,1,0,0,0,0,0,0,5,2,2,1,0,0,0,11,9,6
64 - Β' Δυτικής Αττικής,248 E.T. Δήμου Φυλής,472,292,10,2,12,280,117,46,25,12,59,12,21,49,9,6,8,6,18,20,20,11,3,3,4,1,3,36,0,3,8,30,9,1,14,8,1,8,1,1,4,11,3,2,6,0,2,1,1,1,0,1,0,1,0,0,0,2,1,0,1,0,1,0,0,0,8,7,1,0,0,0,0,2,0,1,0,0,1,0,0,0,0,0,0,0,0,0,0,0,0,0,0,0,0,1,0,0,1,3,3,4,2,1,0,1,1,0,0,2,1,0,0,1,1,0,1,0,0,1,0,0,0,0,0,0,6,5,4
64 - Β' Δυτικής Αττικής,249 E.T. Δήμου Φυλής,482,296,19,0,19,277,94,35,22,20,41,16,20,69,15,23,11,9,22,28,27,9,3,5,5,1,10,35,2,1,2,24,13,1,14,7,3,3,2,1,3,6,2,2,1,2,2,2,1,0,2,1,0,1,0,0,0,0,0,0,0,0,0,0,0,0,1,1,2,1,0,0,0,6,2,2,4,2,2,0,0,0,0,0,0,0,0,0,0,1,1,0,0,0,0,0,0,0,0,1,1,1,1,0,0,0,0,0,0,1,1,1,1,3,1,0,0,1,0,5,3,1,1,1,0,1,5,5,4
64 - Β' Δυτικής Αττικής,250 E.T. Δήμου Φυλής,470,289,9,1,10,279,126,65,25,20,45,11,42,65,18,20,12,6,20,20,17,8,0,1,7,4,8,26,7,0,3,17,6,2,10,2,3,4,0,3,5,4,0,3,0,1,1,3,0,3,3,0,0,0,0,0,0,2,0,0,0,1,1,0,2,2,4,2,0,0,0,0,0,3,1,2,0,1,2,0,0,0,0,1,1,0,0,0,0,0,0,0,0,0,0,0,0,0,0,0,0,2,2,2,0,0,0,1,1,0,0,0,0,0,0,0,0,0,0,1,1,1,1,2,2,2,9,6,7
64 - Β' Δυτικής Αττικής,251 E.T. Δήμου Φυλής,487,304,21,0,21,283,125,44,29,18,66,6,23,59,15,10,7,15,10,24,20,10,3,2,6,2,7,23,2,1,1,12,7,1,20,8,5,10,2,0,7,8,3,2,1,1,0,1,0,0,0,1,0,1,1,0,0,0,0,0,0,0,0,0,0,0,6,2,0,0,0,0,0,4,3,2,0,2,1,0,0,0,0,0,0,0,0,0,0,1,1,1,0,0,0,1,0,0,0,0,0,1,1,0,0,0,0,0,0,0,0,2,2,1,1,1,0,0,0,3,1,0,0,0,0,0,7,5,3
64 - Β' Δυτικής Αττικής,252 E.T. Δήμου Φυλής,481,249,14,1,15,234,91,31,15,11,38,12,28,65,8,18,12,4,28,28,9,1,1,0,0,0,0,21,1,2,4,7,6,3,18,9,4,3,1,0,7,2,1,0,1,1,0,1,1,0,0,0,0,0,0,0,0,2,0,1,2,1,0,0,1,1,0,0,0,0,0,0,0,7,5,2,3,1,1,0,0,0,0,0,0,0,0,0,0,1,1,0,0,1,0,1,0,0,1,2,1,1,1,1,0,0,0,0,0,1,1,1,1,0,0,0,0,0,0,3,3,1,1,1,0,1,5,5,5
64 - Β' Δυτικής Αττικής,253 E.T. Δήμου Φυλής,462,244,6,1,7,237,80,30,7,12,31,5,23,67,11,15,9,5,30,32,17,6,2,5,3,1,5,21,4,1,2,13,7,0,8,2,0,3,0,0,1,7,1,4,1,1,0,4,0,1,3,0,0,0,0,0,0,3,0,1,1,0,0,1,0,0,4,2,0,0,0,0,0,5,0,2,1,3,2,0,0,0,0,0,0,0,0,1,0,1,0,0,0,0,0,1,0,0,0,0,0,2,0,0,0,0,0,1,0,0,0,2,2,1,0,0,0,0,0,2,0,1,0,2,0,1,7,4,4
64 - Β' Δυτικής Αττικής,254 E.T. Δήμου Φυλής,480,236,24,2,26,210,64,24,12,9,25,5,26,92,4,34,4,7,27,46,16,6,1,3,1,2,5,15,0,0,2,12,5,1,7,4,2,2,0,0,0,3,0,2,1,1,0,1,0,0,0,0,0,0,0,0,0,1,0,1,0,0,0,1,0,0,0,0,1,0,0,0,0,5,3,1,0,0,1,0,0,0,0,0,0,0,0,0,0,0,0,0,0,0,0,2,0,2,1,0,0,0,0,0,0,0,0,0,0,1,0,0,0,0,0,0,0,0,0,0,0,1,1,0,0,0,1,0,0
64 - Β' Δυτικής Αττικής,255 E.T. Δήμου Φυλής,457,294,9,3,12,282,117,36,21,20,67,11,33,57,12,11,10,16,19,30,16,7,3,2,8,2,7,29,1,2,2,22,10,1,17,7,4,4,2,2,2,12,2,5,4,4,0,1,1,1,0,2,1,0,0,1,0,2,0,1,1,0,0,0,4,2,4,4,0,0,0,0,0,6,3,1,2,1,1,0,0,0,0,1,0,0,0,0,0,2,2,0,1,0,1,1,1,1,0,0,0,2,2,0,1,0,0,0,0,0,0,0,0,1,1,1,0,0,0,2,0,0,0,0,0,0,5,5,5
64 - Β' Δυτικής Αττικής,256 E.T. Δήμου Φυλής,497,372,10,4,14,358,160,69,71,13,57,5,62,48,10,7,3,5,18,24,29,4,1,6,8,0,13,32,9,3,7,15,4,5,19,11,3,8,1,3,3,8,1,4,2,2,0,6,2,6,3,0,0,0,0,0,0,1,0,1,1,0,0,0,1,1,7,4,1,0,0,0,0,16,9,2,7,3,4,0,0,0,0,0,0,0,0,0,0,2,2,2,0,0,0,1,0,0,0,2,1,10,6,3,5,1,1,0,0,2,1,1,0,1,1,0,1,0,0,0,0,1,0,0,0,0,10,7,6
64 - Β' Δυτικής Αττικής,257 E.T. Δήμου Φυλής,494,340,7,0,7,333,156,70,62,7,69,10,43,79,25,7,13,19,12,33,12,4,0,1,4,3,2,20,2,1,3,6,3,1,13,5,4,3,0,1,3,10,2,5,4,5,1,6,1,2,2,2,0,0,0,0,0,2,1,1,2,0,0,0,3,3,5,4,1,1,1,0,0,7,5,1,2,2,1,0,0,0,0,1,1,0,0,0,0,1,1,0,1,0,0,0,0,0,0,1,1,4,0,0,1,2,1,0,0,2,0,2,1,0,0,0,0,0,0,1,1,0,0,0,0,0,5,2,1
64 - Β' Δυτικής Αττικής,258 E.T. Δήμου Φυλής,488,317,11,1,12,305,149,40,76,7,86,8,46,41,10,5,7,8,19,23,29,11,1,4,11,1,6,16,1,0,2,9,2,2,29,11,5,7,1,1,3,5,1,1,0,1,0,2,1,1,0,1,0,1,1,0,0,1,0,1,1,0,0,0,1,1,2,2,1,1,1,0,0,10,1,2,3,1,0,0,0,0,0,0,0,0,0,0,0,0,0,0,0,0,0,3,1,1,1,0,0,1,1,1,0,0,0,1,0,1,1,0,0,0,0,0,0,0,0,1,0,0,0,0,0,0,11,6,6
64 - Β' Δυτικής Αττικής,259 E.T. Δήμου Φυλής,496,335,11,4,15,320,149,59,57,10,51,4,52,48,15,6,4,8,18,16,21,3,3,1,5,1,14,18,4,1,3,14,6,3,20,6,2,7,0,1,8,11,2,2,3,6,0,4,1,3,1,1,0,0,0,0,0,3,0,2,1,2,0,0,3,3,3,1,1,0,1,1,0,15,5,4,4,1,2,0,0,0,0,0,0,0,0,0,0,0,0,0,0,0,0,0,0,0,0,0,0,3,3,2,0,0,0,0,0,5,5,1,0,1,0,0,0,1,0,3,3,0,0,0,0,0,10,5,2
64 - Β' Δυτικής Αττικής,260 E.T. Δήμου Φυλής,496,336,11,3,14,322,151,52,68,5,43,10,67,63,10,7,4,11,19,19,10,1,0,2,3,0,8,21,4,0,5,10,1,1,16,7,1,6,2,2,3,7,1,3,0,2,1,3,0,3,2,2,1,2,0,0,0,1,0,1,1,0,0,0,2,1,5,2,1,0,1,1,0,12,8,1,4,2,0,0,0,1,1,0,0,0,0,0,0,1,1,0,0,0,0,1,0,0,0,1,0,3,2,1,0,0,0,0,0,0,0,0,0,3,0,2,0,3,0,3,1,0,0,1,1,0,14,8,8
64 - Β' Δυτικής Αττικής,261 E.T. Δήμου Φυλής,462,356,7,1,8,348,139,40,61,5,56,12,44,61,16,8,11,12,13,23,21,4,0,2,6,1,10,32,2,0,2,15,5,4,15,7,3,5,0,0,1,4,1,2,0,0,0,2,1,1,0,1,0,0,0,0,0,4,1,1,2,0,0,0,4,2,4,1,11,1,2,2,4,20,14,7,5,4,7,0,0,0,0,0,0,0,0,0,0,1,1,0,0,1,0,2,0,1,0,1,1,1,1,0,1,0,0,0,0,2,2,4,3,0,0,0,0,0,0,2,1,0,0,1,1,1,16,9,8
Σύνολο,,133112,87394,2652,560,3212,84182,35270,15347,11505,2679,14357,3933,7767,15323,3690,2555,2132,3024,3558,6992,6258,1936,1040,1175,1393,1630,1247,7686,1882,951,1277,2001,2335,2581,5631,2041,1944,2331,420,297,995,1846,552,617,235,495,378,572,250,285,271,268,106,101,92,35,15,372,114,95,98,48,46,28,761,454,783,474,524,196,134,93,146,2156,772,400,548,731,540,0,0,53,32,56,34,16,5,86,32,297,87,53,56,101,104,270,96,97,98,260,167,889,391,196,306,107,157,116,64,397,236,318,198,321,115,60,107,96,27,621,346,204,134,195,125,116,2598,1751,1380
