ΠΕΡΙΦΕΡΕΙΑ,ΕΚΛΟΓΙΚΟ ΤΜΗΜΑ,ΕΓΓΕΓΡΑΜΜΕΝΟΙ,ΨΗΦΙΣΑΝΤΕΣ,ΑΚΥΡΑ,ΛΕΥΚΑ,ΑΚΥΡΑ & ΛΕΥΚΑ,ΕΓΚΥΡΑ,Νέα Δημοκρατία,ΑΓΓΕΛΟΠΟΥΛΟΣ ΚΩΝΣΤΑΝΤΙΝΟΣ του Λουκά,ΚΟΥΤΣΟΥΜΠΑΣ ΑΝΔΡΕΑΣ του Βασιλείου,ΚΤΙΣΤΑΚΗΣ ΕΛΕΥΘΕΡΙΟΣ του Νικολάου,ΣΙΜΟΥ ΑΣΠΑΣΙΑ του Αριστείδη,ΤΖΟΥΒΕΛΕΚΗ ΕΥΑΓΓΕΛΙΑ του Ευαγγέλου,ΣΥΡΙΖΑ,ΚΑΤΣΙΦΗ-ΖΩΤΑ ΒΕΝΕΤΙΑ του Γεωργίου,ΠΑΠΑΧΑΡΑΛΑΜΠΟΥΣ ΧΑΡΑΛΑΜΠΟΣ (ΧΑΡΗΣ) του Αλεξάνδρου,ΠΟΥΛΟΥ ΠΑΝΑΓΙΟΥ (ΓΙΩΤΑ) του Λεωνίδα,ΤΡΑΜΠΑΚΟΥΛΟΣ ΗΛΙΑΣ του Αριστείδη,ΤΣΑΓΑΛΑΣ ΒΑΣΙΛΕΙΟΣ του Κωνσταντίνου,ΠΑΣΟΚ-Κίνημα Αλλαγής,ΜΟΥΛΚΙΩΤΗΣ ΓΕΩΡΓΙΟΣ του Βασιλείου,ΝΤΑΝΤΟΥΜΗ ΙΩΑΝΝΑ του Αθανασίου,ΣΚΑΡΛΑΣ ΛΑΜΠΡΟΣ του Βασιλείου,ΤΟΓΙΑΣ ΒΑΣΙΛΕΙΟΣ του Ιωάννη,ΤΣΙΟΥΤΑ ΑΝΑΣΤΑΣΙΑ του Χαραλάμπους,Κ.Κ.Ε.,ΑΡΚΟΥΜΑΝΗΣ ΠΕΤΡΟΣ του Ιωάννη,ΓΚΙΚΟΠΟΥΛΟΣ ΛΟΥΚΑΣ του Άγγελου,ΔΑΝΑΣΗ - ΔΙΑΜΑΤΑΡΗ ΜΑΡΙΑ του Νικολάου,ΤΑΤΣΗ ΑΝΑΣΤΑΣΙΑ (ΝΑΤΑΣΑ) του Αποστόλου,ΤΟΥΛΟΥΜΑΚΟΣ ΑΝΤΩΝΙΟΣ του Σπύρου,Ελληνική Λύση - Κ. Βελόπουλος,ΚΑΛΑΦΑΤΑΚΗ ΣΤΑΥΡΟΥΛΑ του Μιχαήλ,ΚΑΡΑΔΗΜΟΥ ΣΟΦΙΑ του Ιωάννη,ΚΙΟΥΣΗΣ ΓΕΩΡΓΙΟΣ του Δημητρίου,ΚΟΣΜΙΔΗΣ ΓΕΩΡΓΙΟΣ του Κοσμά,ΜΙΧΑΗΛ ΚΩΝΣΤΑΝΤΙΝΟΣ του Χαράλαμπου,ΜέΡΑ25-ΣΥΜΜΑΧΙΑ ΓΙΑ ΤΗ ΡΗΞΗ,ΑΠΟΣΤΟΛΑΣ ΙΩΑΝΝΗΣ του Γεωργίου,ΒΕΛΙΤΖΕΛΟΥ ΑΚΤΙΝΑ του Παναγιώτη,ΚΑΛΟΓΗΡΟΥ ΣΤΥΛΙΑΝΟΣ του Γεωργίου,ΕΝΩΝΩ ΣΥΜΜΑΧΙΑ ΕΛΕΥΘΕΡΙΑΣ,ΣΤΑΡΑΚΗ ΣΟΦΙΑ του Ιωάννη,Κ.Κ.Ε. (μ-λ),ΠΟΥΛΟΣ ΛΟΥΚΑΣ του Κωνσταντίνου,Ο.Κ.Δ.Ε.,ΚΑΡΒΟΥΝΗΣ ΓΡΗΓΟΡΙΟΣ του Νικολάου,ΑΝΤ.ΑΡ.ΣΥ.Α.,ΚΟΛΛΙΑΣ ΧΑΡΑΛΑΜΠΟΣ του Κωνσταντίνου,ΜΥΡΣΙΝΙΑΣ ΒΑΣΙΛΕΙΟΣ του Ευαγγέλου,ΠΕΤΡΑΚΟΠΟΥΛΟΥ ΒΑΣΙΛΙΚΗ του Γεωργίου,Κίνημα 21,ΦΙΛΗΣ ΝΙΚΟΛΑΟΣ του Κωνσταντίνου,ΕΘΝΙΚΗ ΔΗΜΙΟΥΡΓΙΑ,ΔΟΥΡΟΣ ΛΑΜΠΡΟΣ του Ευαγγέλου,ΜΗΤΡΑΣ ΓΕΩΡΓΙΟΣ του Ιωάννη,ΠΑΠΑΔΟΠΟΥΛΟΥ ΒΕΡΟΝΙΚ του Ρομπέρ,ΝΙΚΗ,ΓΙΩΤΗΣ ΙΩΑΝΝΗΣ του Χρήστου,ΚΑΡΑΒΙΔΑ ΚΑΛΥΨΩ του Κωνσταντίνου,ΝΙΚΟΛΑΟΥ ΝΙΚΟΛΑΟΣ του Λουκά,κοινωνία αξιών,ΚΕΣΟΥΛΗ ΔΕΣΠΟΙΝΑ του Δημητρίου,ΒΟΡΕΙΑ ΛΕΓΚΑ - ΚΡΑΜΑ,ΚΩΣΤΑ ΧΡΥΣΑΦΕΝΙΑ του Νικολάου,ΠΟΥΛΙΑΣ ΚΥΡΙΑΚΙΔΗΣ ΚΛΕΑΝΘΗΣ του Νικολάου,Ο.Α.Κ.Κ.Ε.,ΖΑΦΕΙΡΟΠΟΥΛΟΥ ΕΥΑΓΓΕΛΙΑ του Ηλία,Μ-Λ Κ.Κ.Ε.,ΧΡΗΣΤΟΥ ΤΑΞΙΑΡΧΗΣ του Ιωάννη,Ελλήνων Συνέλευσις,ΒΑΡΘΑΛΙΤΟΥ ΜΑΡΙΑΝΝΑ του Ιωσήφ,ΔΡΟΛΑΠΑ ΒΙΟΛΕΤΤΑ του Γεωργίου,ΖΑΡΚΑΔΟΥΛΑΣ ΛΑΜΠΡΟΣ του Ευάγγελου,ΜΕΛΙΤΖΑΝΗΣ ΑΘΑΝΑΣΙΟΣ του Νικολάου,ΜΕΛΙΤΖΑΝΗΣ ΧΡΗΣΤΟΣ του Νικολάου,Ένωση Κεντρώων,ΔΙΑΚΟΠΟΥΛΟΣ ΘΕΟΦΑΝΗΣ του Φώτιου,ΠΕΤΡΟΥ ΜΑΡΙΛΕΝΑ του Σωτηρίου,ΤΩΡΑ ΟΛΟΙ ΜΑΖΙ (Τ.ΟΛ.ΜΑ),ΝΙΚΑΣ ΓΙΩΡΓΟΣ του Δημητρίου,ΣΥΜΜΑΧΙΑ ΑΝΑΤΡΟΠΗΣ,ΒΕΛΛΙΟΥ ΜΑΡΙΑ του Αθανασίου,ΣΚΟΠΑΣ ΗΛΙΑΣ του Χαραλάμπους,ΧΡΙΣΤΕΛΗ ΠΑΝΑΓΙΩΤΑ του Αθανασίου,ΠΟΛΙΤΙΚΗ ΠΡΩΤΟΒΟΥΛΙΑ ,ΥΨΗΛΑΝΤΗΣ ΧΡΗΣΤΟΣ του Σταύρου,ΕΛΕΥΘΕΡΟΙ ΞΑΝΑ,ΖΑΜΠΕΤΗΣ ΝΙΚΟΛΑΟΣ του Αλέξανδρου,ΠΝΟΗ ΔΗΜΟΚΡΑΤΙΑΣ,ΚΟΥΡΙΤΑ ΣΤΥΛΙΑΝΗ του Ιωάννη,ΠΡΑΣΙΝΟ ΚΙΝΗΜΑ,ΒΟΥΡΕΚΑΣ ΓΕΩΡΓΙΟΣ του Παντελεήμωνα,ΚΟΛΛΙΑΣ ΔΗΜΗΤΡΙΟΣ του Παναγιώτη,ΛΙΑΠΗ ΠΕΛΑΓΙΑ του Γεωργίου,Οικολόγοι Πράσινοι,ΠΑΣΧΑΛΗΣ ΔΗΜΗΤΡΙΟΣ του Πασχάλη,ΕΑΝ...,ΖΩΓΑΚΗ ΕΥΓΕΝΙΑ-ΜΠΡΙΓΚΙΤΤΑ του Τσέλιου,ΚΛΕΙΔΕΡΗ ΒΑΣΙΛΙΚΗ του Γρηγορίου,ΕΝΟΤΗΤΑ - ΑΛΗΘΕΙΑ ΕΝ.Α,ΠΡΑΜΑΓΓΙΟΥΛΗΣ ΓΕΩΡΓΙΟΣ του Βασιλείου,Πλεύση Ελευθερίας - Ζωή Κωνστ.,ΚΟΥΜΑΝΙΑΣ ΔΗΜΗΤΡΙΟΣ του Αντωνίου,ΠΟΛΥΧΡΟΝΟΠΟΥΛΟΥ ΑΛΕΞΑΝΔΡΑ του Γεωργίου
36 - Βοιωτίας,1 E.T. Δήμου Αλιάρτου - Θεσπιέων,536,346,18,1,19,327,106,21,22,22,5,24,77,28,5,34,1,1,44,16,6,5,11,0,33,12,7,1,4,5,17,3,1,2,3,3,3,1,0,1,5,5,0,0,1,1,4,2,0,1,3,3,2,0,0,0,5,3,0,1,0,0,1,1,0,0,0,0,0,2,1,0,1,0,0,0,0,0,0,0,5,0,2,1,0,0,0,0,3,3,3,0,1,0,1,1,1,0,0,1,1,10,2,5
36 - Βοιωτίας,2 E.T. Δήμου Αλιάρτου - Θεσπιέων,500,345,11,2,13,332,123,17,24,16,1,46,75,42,0,25,0,1,54,28,5,9,7,0,23,1,0,2,11,4,11,2,2,1,1,2,9,2,2,1,3,1,1,0,1,1,3,0,0,2,0,0,5,2,0,0,11,2,2,5,0,0,0,0,0,0,0,0,0,0,0,0,0,0,0,1,0,1,1,1,3,0,1,0,1,0,0,0,0,0,0,0,0,0,3,0,1,0,0,0,0,3,0,2
36 - Βοιωτίας,3 E.T. Δήμου Αλιάρτου - Θεσπιέων,534,378,13,0,13,365,120,25,18,25,6,42,83,44,4,26,5,1,82,48,11,5,14,1,22,7,1,0,2,3,6,2,1,1,1,0,3,1,1,0,4,3,1,1,0,0,1,0,0,1,3,2,5,0,1,2,13,1,7,3,2,2,0,0,0,0,0,1,0,1,1,0,0,0,0,0,0,0,1,0,1,1,0,0,0,0,2,0,2,1,0,0,0,0,1,1,1,1,0,1,1,9,2,5
36 - Βοιωτίας,4 E.T. Δήμου Αλιάρτου - Θεσπιέων,520,339,2,2,4,335,116,20,15,24,1,40,59,35,2,16,0,0,61,42,4,8,4,0,21,4,4,0,3,3,19,4,3,2,4,1,4,1,2,1,2,2,0,0,0,0,1,1,0,0,0,0,5,1,1,0,12,2,3,7,1,1,1,1,0,0,0,0,0,0,0,0,0,0,0,1,0,1,0,0,4,1,0,1,0,0,1,1,1,1,3,1,1,1,5,4,2,1,1,4,2,12,2,4
36 - Βοιωτίας,5 E.T. Δήμου Αλιάρτου - Θεσπιέων,537,375,4,3,7,368,141,34,25,32,2,40,82,48,2,26,1,0,70,34,7,3,20,3,15,2,1,1,3,3,16,2,1,2,2,0,4,0,0,4,0,0,0,0,0,0,1,0,0,0,2,2,6,1,0,1,9,2,1,5,0,0,1,0,0,0,0,0,0,2,0,0,0,0,0,0,0,0,0,0,4,3,0,1,1,0,4,2,1,1,0,0,0,0,1,0,0,0,0,1,1,7,1,3
36 - Βοιωτίας,6 E.T. Δήμου Αλιάρτου - Θεσπιέων,538,340,4,3,7,333,115,22,7,24,2,46,59,26,4,14,2,1,53,29,4,7,10,0,22,6,4,0,7,4,17,1,1,6,2,1,4,0,2,1,5,3,2,1,0,0,4,2,1,0,3,2,4,3,0,0,12,3,0,7,0,0,0,0,0,0,0,0,0,0,0,0,0,0,0,1,1,0,1,0,5,0,1,2,0,0,5,3,3,2,1,1,0,0,1,0,2,2,0,5,1,9,1,2
36 - Βοιωτίας,7 E.T. Δήμου Αλιάρτου - Θεσπιέων,513,365,6,0,6,359,106,13,16,33,2,30,71,33,5,21,1,1,76,40,6,7,13,1,23,6,0,2,1,4,20,4,1,2,6,1,8,2,3,1,5,2,3,1,0,0,8,3,0,1,2,1,1,0,0,0,5,0,1,2,1,0,0,0,0,0,0,1,0,0,0,0,0,0,0,0,0,0,0,0,2,0,1,0,2,2,4,2,0,0,1,0,0,0,4,2,5,4,1,2,2,9,3,1
36 - Βοιωτίας,8 E.T. Δήμου Αλιάρτου - Θεσπιέων,434,305,4,0,4,301,98,14,14,21,3,29,52,24,4,10,0,0,57,24,6,9,11,0,21,6,4,1,1,5,12,2,1,0,2,0,6,1,2,1,1,1,0,0,0,0,1,1,0,0,3,3,5,2,0,0,11,1,1,7,0,0,0,0,0,0,0,2,1,1,0,0,0,0,0,1,0,1,1,0,9,3,1,1,1,1,2,0,0,0,2,0,1,0,2,1,1,0,0,1,0,11,4,4
36 - Βοιωτίας,9 E.T. Δήμου Αλιάρτου - Θεσπιέων,384,252,3,0,3,249,79,20,14,19,2,14,51,11,3,25,0,4,41,10,14,6,6,2,33,3,8,0,14,1,15,0,0,5,1,2,6,1,1,2,0,0,1,1,0,0,0,0,0,0,1,1,0,0,0,0,1,0,0,1,1,0,0,0,0,0,0,0,0,0,0,0,0,0,0,0,0,0,0,0,1,1,0,0,0,0,1,0,1,0,2,1,0,1,1,1,1,0,1,0,0,13,1,10
36 - Βοιωτίας,10 E.T. Δήμου Αλιάρτου - Θεσπιέων,439,262,0,6,6,256,97,14,37,12,5,10,50,15,0,22,1,2,31,10,3,7,9,0,20,6,1,0,6,0,7,0,1,0,3,0,6,1,0,1,4,2,0,0,0,0,0,0,0,0,3,2,3,0,0,1,6,0,2,1,0,0,0,0,0,1,0,0,0,2,1,0,0,0,0,0,0,0,1,1,14,0,0,14,2,0,0,0,0,0,1,0,1,0,1,1,1,0,0,0,0,6,1,2
36 - Βοιωτίας,11 E.T. Δήμου Αλιάρτου - Θεσπιέων,458,310,1,0,1,309,109,15,20,18,2,46,80,25,6,26,2,0,46,18,5,10,8,1,10,0,2,1,1,0,9,3,0,1,3,1,8,0,2,3,0,0,0,0,0,0,2,0,0,1,0,0,1,0,0,0,14,5,2,6,1,0,0,0,0,1,0,0,0,0,0,0,0,0,0,2,1,0,0,0,6,2,2,1,2,1,8,4,0,0,0,0,0,0,0,0,1,0,0,2,1,7,1,5
36 - Βοιωτίας,12 E.T. Δήμου Αλιάρτου - Θεσπιέων,267,167,5,0,5,162,43,16,2,7,1,13,43,22,2,17,0,1,33,17,0,3,11,2,9,2,1,2,2,1,4,2,0,1,0,0,2,0,1,1,1,1,0,0,0,0,0,0,0,0,2,1,4,1,0,0,9,1,2,6,0,0,0,0,0,0,0,0,0,0,0,0,0,0,0,0,0,0,0,0,0,0,0,0,0,0,1,0,0,0,1,0,1,0,0,0,1,1,0,1,1,8,1,5
36 - Βοιωτίας,13 E.T. Δήμου Αλιάρτου - Θεσπιέων,399,283,2,1,3,280,80,14,6,34,2,17,45,18,5,12,1,1,85,76,3,1,2,1,36,3,1,1,1,19,9,1,0,5,0,0,2,0,0,1,1,1,1,1,1,1,3,3,0,0,1,1,0,0,0,0,2,0,1,0,0,0,0,0,0,0,0,0,0,0,0,0,0,0,0,1,0,1,0,0,1,1,0,0,0,0,3,3,5,5,0,0,0,0,3,3,0,0,0,0,0,1,0,1
36 - Βοιωτίας,14 E.T. Δήμου Αλιάρτου - Θεσπιέων,389,261,0,1,1,260,78,6,11,34,2,12,41,7,8,14,3,1,60,51,2,0,1,2,33,0,0,3,1,21,13,3,1,2,1,1,1,0,1,0,2,2,0,0,1,0,0,0,0,0,0,0,1,1,0,0,11,2,1,5,0,0,0,0,0,0,0,0,0,0,0,0,0,0,0,0,0,0,0,0,1,0,1,0,1,1,5,2,2,1,0,0,0,0,1,0,1,0,1,1,1,7,0,5
36 - Βοιωτίας,15 E.T. Δήμου Αλιάρτου - Θεσπιέων,379,266,1,0,1,265,63,2,3,23,3,24,37,2,7,18,6,0,62,53,1,3,2,0,44,3,2,0,2,28,16,4,4,1,1,1,5,0,4,1,2,2,1,0,0,0,1,0,0,0,5,3,0,0,0,0,4,0,0,1,0,0,0,0,0,0,0,1,0,2,0,0,2,0,0,1,0,0,0,0,3,2,0,0,1,0,3,0,1,0,0,0,0,0,0,0,0,0,0,0,0,13,3,5
36 - Βοιωτίας,16 E.T. Δήμου Αλιάρτου - Θεσπιέων,415,228,2,1,3,225,90,14,4,22,3,38,39,6,9,9,7,0,29,18,1,2,2,1,21,2,5,1,0,9,5,0,1,2,0,0,5,0,1,0,3,2,0,0,0,0,0,0,0,0,2,1,6,0,0,1,10,1,1,5,0,0,0,0,0,0,0,0,0,0,0,0,0,0,0,0,0,0,0,0,1,0,1,0,2,2,0,0,4,3,0,0,0,0,3,2,0,0,0,0,0,5,0,3
36 - Βοιωτίας,17 E.T. Δήμου Αλιάρτου - Θεσπιέων,382,239,2,1,3,236,130,13,11,38,1,61,43,6,5,21,5,1,12,9,0,0,2,0,16,3,2,2,1,5,7,1,0,4,0,1,1,0,0,0,0,0,0,0,1,0,0,0,0,0,2,0,5,3,1,1,7,1,0,4,0,0,0,0,0,0,0,0,0,0,0,0,0,0,0,1,0,0,2,1,1,0,0,1,1,1,1,0,2,2,0,0,0,0,2,1,0,0,0,1,1,1,0,1
36 - Βοιωτίας,18 E.T. Δήμου Αλιάρτου - Θεσπιέων,433,245,4,0,4,241,109,17,9,40,1,30,40,9,7,12,5,0,35,22,0,2,1,3,22,2,0,2,1,14,6,4,0,1,1,0,5,0,2,0,0,0,0,0,0,0,0,0,0,0,7,3,0,0,0,0,4,0,0,2,1,1,0,0,0,0,0,2,2,0,0,0,0,0,0,0,0,0,0,0,2,0,1,0,0,0,1,0,1,1,1,0,0,1,0,0,0,0,0,0,0,5,1,2
36 - Βοιωτίας,19 E.T. Δήμου Αλιάρτου - Θεσπιέων,449,281,4,0,4,277,88,8,10,35,0,22,66,3,19,24,8,1,40,28,2,1,6,1,26,2,2,0,0,9,7,0,1,2,1,0,5,1,0,2,2,2,0,0,1,0,2,0,0,0,1,0,2,0,0,1,11,1,0,7,1,1,1,1,0,0,0,0,0,2,0,0,1,0,0,0,0,0,1,1,4,0,1,0,0,0,0,0,1,1,0,0,0,0,3,1,2,1,0,0,0,11,1,8
36 - Βοιωτίας,20 E.T. Δήμου Αλιάρτου - Θεσπιέων,415,222,4,1,5,217,84,11,4,40,2,18,51,11,14,9,1,1,32,22,0,2,5,0,8,0,0,1,3,2,7,2,0,2,0,0,3,0,0,0,1,1,0,0,1,1,3,1,2,0,1,1,0,0,0,0,6,1,1,1,0,0,0,0,0,0,0,0,0,0,0,0,0,0,0,0,0,0,2,0,0,0,0,0,1,0,2,1,0,0,0,0,0,0,2,0,1,0,0,1,1,11,3,6
36 - Βοιωτίας,21 E.T. Δήμου Αλιάρτου - Θεσπιέων,380,195,1,1,2,193,86,11,4,30,1,30,34,9,5,5,7,0,16,11,0,0,3,0,10,0,0,0,2,2,8,1,1,3,0,0,3,0,1,1,2,1,1,1,0,0,0,0,0,0,0,0,5,0,0,0,4,1,1,1,0,0,0,0,0,0,0,1,1,0,0,0,0,0,0,0,0,0,0,0,0,0,0,0,1,0,2,1,0,0,0,0,0,0,3,0,1,0,0,5,4,11,4,5
36 - Βοιωτίας,22 E.T. Δήμου Αλιάρτου - Θεσπιέων,368,233,4,2,6,227,92,15,10,23,3,31,42,9,9,10,7,1,31,21,0,2,2,1,18,4,1,1,4,2,10,4,0,2,0,1,4,2,1,1,4,4,1,1,0,0,0,0,0,0,0,0,0,0,0,0,9,0,1,6,0,0,0,0,0,0,0,0,0,0,0,0,0,0,0,0,0,0,0,0,0,0,0,0,0,0,0,0,1,1,1,0,1,0,1,1,0,0,0,0,0,13,1,5
36 - Βοιωτίας,23 E.T. Δήμου Αλιάρτου - Θεσπιέων,401,241,5,2,7,234,95,20,14,30,1,25,27,1,4,11,3,0,44,26,0,1,5,1,18,4,1,3,1,7,14,3,3,4,1,0,3,1,2,0,0,0,1,1,0,0,0,0,0,0,5,1,2,0,0,0,9,1,1,3,0,0,0,0,0,0,0,0,0,0,0,0,0,0,0,1,1,0,0,0,1,0,0,0,0,0,2,2,0,0,0,0,0,0,1,1,1,1,0,1,1,9,3,6
36 - Βοιωτίας,24 E.T. Δήμου Αλιάρτου - Θεσπιέων,390,232,10,0,10,222,72,4,10,36,1,11,27,7,6,8,2,0,50,32,0,10,5,1,16,3,2,0,1,5,12,3,1,2,0,1,11,1,2,2,3,1,1,1,0,0,2,1,0,0,5,4,0,0,0,0,9,3,1,4,0,0,0,0,0,0,0,1,1,0,0,0,0,0,0,0,0,0,0,0,1,0,0,0,1,0,1,0,0,0,0,0,0,0,4,3,1,0,1,2,0,3,0,3
36 - Βοιωτίας,25 E.T. Δήμου Διστόμου - Αράχοβας - Αντίκυρας,433,298,11,2,13,285,121,24,32,6,4,38,60,8,6,21,6,1,38,16,6,3,7,1,12,6,0,1,2,0,10,2,0,2,0,0,7,0,2,0,0,0,0,0,0,0,1,0,0,1,1,1,3,0,0,0,2,0,0,1,0,0,0,0,0,0,0,1,1,0,0,0,0,0,0,1,0,0,0,0,4,0,2,1,1,0,0,0,2,2,0,0,0,0,4,1,0,0,0,2,1,15,3,7
36 - Βοιωτίας,26 E.T. Δήμου Διστόμου - Αράχοβας - Αντίκυρας,434,301,4,3,7,294,114,21,30,10,6,29,44,8,1,22,1,1,42,12,6,5,5,3,18,7,0,0,8,0,14,3,2,0,4,0,4,0,2,1,10,6,1,1,0,0,4,2,0,1,1,0,5,1,1,0,4,0,0,0,0,0,0,0,0,0,0,1,1,0,0,0,0,0,0,1,0,1,0,0,3,1,0,0,0,0,3,3,1,0,1,0,0,0,4,3,2,1,0,0,0,17,1,9
36 - Βοιωτίας,27 E.T. Δήμου Διστόμου - Αράχοβας - Αντίκυρας,443,324,5,2,7,317,106,22,29,2,3,34,71,8,9,32,2,1,61,21,5,14,7,0,20,5,2,0,4,1,11,0,1,1,2,0,11,1,4,0,1,1,1,1,0,0,5,1,1,3,0,0,1,0,0,0,4,1,1,0,1,1,0,0,0,0,0,0,0,1,0,0,0,0,0,0,0,0,0,0,3,2,1,0,0,0,1,0,0,0,3,1,0,1,2,0,1,0,0,1,0,12,2,6
36 - Βοιωτίας,28 E.T. Δήμου Διστόμου - Αράχοβας - Αντίκυρας,422,313,11,3,14,299,114,24,35,8,5,25,82,8,5,48,5,2,40,16,8,3,2,0,15,4,0,0,3,0,9,1,2,0,4,0,7,1,1,0,4,4,0,0,0,0,1,0,0,0,3,0,1,0,0,0,3,1,0,0,0,0,0,0,0,0,0,0,0,0,0,0,0,0,0,2,1,0,0,0,5,2,3,0,0,0,1,0,0,0,0,0,0,0,0,0,0,0,0,1,1,11,3,5
36 - Βοιωτίας,29 E.T. Δήμου Διστόμου - Αράχοβας - Αντίκυρας,551,336,3,4,7,329,145,53,35,13,9,19,34,5,6,13,2,0,61,14,18,6,10,4,24,8,1,2,5,0,6,0,0,0,2,0,5,1,1,1,3,2,0,0,0,0,5,0,0,3,5,4,2,1,0,0,16,2,3,9,0,0,0,0,0,0,0,0,0,2,0,0,0,1,0,0,0,0,1,0,4,1,0,1,0,0,4,1,1,1,1,0,0,1,1,0,1,1,0,0,0,8,0,3
36 - Βοιωτίας,30 E.T. Δήμου Διστόμου - Αράχοβας - Αντίκυρας,535,336,3,1,4,332,161,58,33,10,13,26,57,1,6,28,2,3,54,5,24,11,8,0,22,4,3,1,5,1,4,0,1,0,0,0,8,2,1,0,0,0,0,0,0,0,0,0,0,0,3,2,2,0,0,1,9,0,1,3,1,0,0,0,0,0,0,0,0,0,0,0,0,0,0,2,2,0,0,0,1,0,0,0,1,1,0,0,0,0,0,0,0,0,3,1,2,0,0,1,1,1,0,1
36 - Βοιωτίας,31 E.T. Δήμου Διστόμου - Αράχοβας - Αντίκυρας,565,336,6,2,8,328,134,49,43,9,9,23,58,14,6,28,4,1,25,6,5,3,4,2,22,3,2,2,2,1,12,4,1,1,2,1,11,2,2,4,1,1,0,0,0,0,2,0,0,0,3,0,7,3,1,0,19,1,4,8,0,0,1,1,0,0,0,0,0,1,1,0,0,0,0,5,2,2,1,1,7,0,2,1,0,0,0,0,1,1,2,0,0,1,1,0,1,1,0,1,1,13,3,3
36 - Βοιωτίας,32 E.T. Δήμου Διστόμου - Αράχοβας - Αντίκυρας,552,351,5,1,6,345,132,54,25,6,4,21,38,4,6,11,2,1,63,6,24,5,14,3,30,4,4,1,11,1,13,2,1,1,3,0,8,0,1,2,0,0,0,0,0,0,4,3,0,0,2,0,4,3,0,0,20,4,3,7,0,0,1,0,0,0,0,0,0,0,0,0,0,0,0,2,1,0,2,1,1,0,1,0,1,0,3,2,3,1,0,0,0,0,3,2,0,0,0,4,1,11,2,4
36 - Βοιωτίας,33 E.T. Δήμου Διστόμου - Αράχοβας - Αντίκυρας,564,339,8,2,10,329,182,74,43,4,10,18,34,5,6,12,1,1,40,3,24,1,4,0,21,1,4,1,4,2,7,5,0,0,0,0,9,4,3,1,3,3,0,0,1,0,3,0,1,1,3,3,0,0,0,0,13,3,1,5,2,0,0,0,0,0,0,0,0,0,0,0,0,0,0,0,0,0,1,1,1,1,0,0,0,0,1,1,1,1,1,0,1,0,2,1,0,0,0,0,0,4,0,0
36 - Βοιωτίας,34 E.T. Δήμου Διστόμου - Αράχοβας - Αντίκυρας,528,364,4,4,8,356,95,28,23,12,7,11,90,5,15,50,5,3,62,22,12,11,10,1,41,11,3,1,14,0,13,1,2,0,2,1,13,4,5,1,1,0,2,1,0,0,1,1,0,0,0,0,3,1,0,2,8,1,1,5,0,0,0,0,0,0,0,0,0,0,0,0,0,0,0,0,0,0,2,1,10,1,3,1,0,0,3,2,0,0,1,0,0,0,1,1,1,1,0,1,0,8,2,6
36 - Βοιωτίας,35 E.T. Δήμου Διστόμου - Αράχοβας - Αντίκυρας,535,364,7,3,10,354,101,17,40,4,12,10,90,6,16,32,2,3,79,12,24,17,12,1,35,8,2,1,12,0,8,1,2,0,1,0,7,1,4,0,2,2,1,1,1,0,2,1,1,0,1,0,1,0,0,1,3,0,0,1,0,0,0,0,0,0,0,2,1,1,0,1,0,0,0,2,1,0,0,0,5,0,3,0,0,0,2,0,4,1,0,0,0,0,4,1,0,0,0,0,0,3,0,1
36 - Βοιωτίας,36 E.T. Δήμου Διστόμου - Αράχοβας - Αντίκυρας,525,356,2,4,6,350,102,23,42,1,2,17,80,4,13,40,3,3,81,24,20,8,22,2,27,3,1,0,17,0,16,0,1,1,7,1,11,1,2,6,1,1,1,1,0,0,0,0,0,0,1,1,0,0,0,0,9,0,2,3,0,0,0,0,0,0,0,0,0,0,0,0,0,0,0,0,0,0,0,0,8,1,5,0,0,0,0,0,1,1,2,1,0,1,2,2,0,0,0,0,0,8,0,6
36 - Βοιωτίας,37 E.T. Δήμου Διστόμου - Αράχοβας - Αντίκυρας,529,352,4,5,9,343,100,32,20,17,3,16,74,4,19,37,3,1,70,14,26,12,10,0,43,15,3,3,14,1,9,3,1,1,3,0,9,1,1,4,0,0,1,0,0,0,0,0,0,0,1,1,2,0,1,0,1,0,0,1,2,2,1,1,0,0,0,1,0,0,0,0,0,0,0,1,0,1,0,0,5,0,3,1,0,0,3,2,2,1,1,0,0,1,3,0,3,1,0,0,0,11,1,8
36 - Βοιωτίας,38 E.T. Δήμου Διστόμου - Αράχοβας - Αντίκυρας,387,285,4,1,5,280,117,74,17,9,0,14,52,6,14,30,1,1,45,6,14,7,12,0,13,8,0,1,3,0,12,2,2,2,3,0,7,4,1,1,1,1,0,0,0,0,3,2,0,0,0,0,1,0,0,0,6,2,1,2,0,0,1,0,0,0,0,0,0,0,0,0,0,0,0,0,0,0,0,0,9,4,5,0,0,0,0,0,0,0,0,0,0,0,1,0,2,0,0,1,0,9,2,4
36 - Βοιωτίας,39 E.T. Δήμου Διστόμου - Αράχοβας - Αντίκυρας,399,299,8,1,9,290,135,74,23,7,6,13,63,1,14,37,1,0,54,10,11,13,14,0,5,2,2,0,0,0,3,0,0,0,0,0,5,1,2,0,1,1,0,0,0,0,4,0,0,1,0,0,1,1,0,0,5,1,1,1,0,0,0,0,0,0,0,0,0,0,0,0,0,0,0,1,1,0,0,0,3,2,1,0,1,0,0,0,0,0,0,0,0,0,0,0,0,0,0,0,0,9,2,1
36 - Βοιωτίας,40 E.T. Δήμου Θηβαίων,499,303,1,0,1,302,104,6,16,37,2,37,78,3,21,13,26,0,47,20,7,4,10,0,16,3,2,0,1,8,13,3,3,1,2,1,15,9,3,0,1,1,0,0,0,0,1,1,0,0,3,2,0,0,0,0,6,2,2,1,0,0,0,0,0,0,0,1,0,0,0,0,0,0,0,0,0,0,0,0,1,1,0,0,0,0,0,0,1,1,2,0,1,0,3,2,1,1,0,2,0,7,1,5
36 - Βοιωτίας,41 E.T. Δήμου Θηβαίων,494,288,5,2,7,281,118,3,16,48,0,45,55,5,9,18,15,0,29,21,2,1,1,1,12,3,1,0,1,4,13,5,0,4,1,0,10,7,0,1,1,1,1,1,0,0,2,2,0,0,1,1,4,3,0,0,13,2,8,1,0,0,0,0,0,0,0,0,0,0,0,0,0,0,0,2,1,0,0,0,0,0,0,0,2,2,0,0,2,2,1,0,0,1,3,1,2,1,1,1,1,9,0,8
36 - Βοιωτίας,42 E.T. Δήμου Θηβαίων,511,338,7,1,8,330,133,1,6,56,5,52,64,4,7,22,18,0,38,21,2,0,4,1,25,1,2,0,3,14,13,1,2,4,0,2,19,11,3,0,1,0,1,1,0,0,2,1,0,0,2,2,2,0,0,0,5,0,3,1,3,0,0,0,0,0,0,1,0,0,0,0,0,0,0,0,0,0,0,0,2,0,0,1,2,2,0,0,2,1,1,1,0,0,2,1,2,1,0,5,3,5,0,3
36 - Βοιωτίας,43 E.T. Δήμου Θηβαίων,497,313,3,1,4,309,112,7,13,26,1,53,73,3,12,20,21,0,48,29,7,4,5,0,19,2,0,1,3,7,5,1,1,0,0,0,12,8,2,0,1,0,1,0,0,0,1,0,0,1,2,2,0,0,0,0,5,1,1,2,0,0,1,0,0,0,0,1,0,0,0,0,0,0,0,1,0,0,1,0,2,1,0,1,2,2,1,1,0,0,2,0,1,0,6,5,6,2,3,0,0,7,1,2
36 - Βοιωτίας,44 E.T. Δήμου Θηβαίων,501,324,5,1,6,318,169,9,27,47,0,71,47,4,8,10,14,2,33,17,3,0,8,1,9,0,0,2,0,6,8,1,0,2,0,0,8,2,1,0,5,3,2,1,0,0,1,0,1,0,0,0,3,1,1,0,7,2,1,2,0,0,3,1,0,1,0,0,0,0,0,0,0,0,0,0,0,0,1,0,0,0,0,0,0,0,0,0,6,3,0,0,0,0,3,0,1,1,0,1,1,10,1,5
36 - Βοιωτίας,45 E.T. Δήμου Θηβαίων,501,314,5,0,5,309,153,6,11,53,5,68,55,2,9,17,14,2,38,25,1,1,7,0,19,4,0,2,1,9,11,5,0,3,1,1,9,6,1,1,0,0,0,0,0,0,0,0,0,0,1,0,0,0,0,0,4,0,1,1,2,1,0,0,0,0,0,0,0,0,0,0,0,0,0,0,0,0,0,0,2,0,0,1,0,0,0,0,2,2,0,0,0,0,2,2,1,1,0,0,0,10,0,8
36 - Βοιωτίας,46 E.T. Δήμου Θηβαίων,514,291,7,1,8,283,105,5,10,55,0,27,74,4,14,17,26,2,19,13,1,0,1,2,18,0,1,0,1,14,18,5,2,1,2,6,3,0,1,0,6,5,1,0,0,0,4,3,0,0,3,2,2,0,0,1,6,0,1,3,0,0,0,0,0,0,0,1,1,1,0,0,0,0,0,1,0,1,1,1,2,1,0,0,1,1,0,0,3,3,1,0,0,0,0,0,4,2,0,0,0,9,2,3
36 - Βοιωτίας,47 E.T. Δήμου Θηβαίων,512,287,7,1,8,279,102,8,7,56,0,21,64,3,17,4,30,2,35,30,1,0,1,2,29,0,0,2,0,21,8,1,1,1,0,0,3,0,0,1,0,0,1,0,0,0,1,0,0,1,2,1,4,1,0,1,5,0,2,0,1,1,1,0,0,1,1,0,0,0,0,0,0,0,0,1,1,0,0,0,1,0,1,0,0,0,2,2,1,0,1,0,0,1,4,1,1,0,0,2,1,9,1,4
36 - Βοιωτίας,48 E.T. Δήμου Θηβαίων,500,276,3,0,3,273,104,5,6,53,2,22,52,2,5,6,30,0,34,21,3,3,5,0,33,0,0,0,1,30,11,1,3,4,0,1,2,0,1,0,1,1,0,0,0,0,1,0,0,0,4,4,7,6,0,0,4,0,1,2,0,0,0,0,0,0,0,0,0,0,0,0,0,0,0,1,1,0,0,0,1,1,0,0,1,0,1,1,2,2,1,0,0,0,3,3,1,0,0,3,2,6,0,4
36 - Βοιωτίας,49 E.T. Δήμου Θηβαίων,508,275,13,1,14,261,77,1,4,47,0,22,71,4,18,14,25,0,38,23,3,2,4,0,24,0,2,0,1,16,12,3,0,4,0,0,2,1,0,1,2,2,0,0,1,1,1,0,0,1,5,2,1,1,0,0,4,0,0,1,0,0,0,0,0,0,0,0,0,5,0,0,4,1,0,1,0,0,0,0,0,0,0,0,1,1,2,1,0,0,0,0,0,0,5,4,0,0,0,0,0,9,2,0
36 - Βοιωτίας,50 E.T. Δήμου Θηβαίων,505,274,9,1,10,264,116,5,8,67,2,25,71,2,36,11,21,0,26,16,1,0,1,3,19,0,0,0,0,16,7,3,1,1,1,0,4,0,0,0,1,1,0,0,0,0,1,0,0,0,2,2,2,0,1,1,4,1,0,2,0,0,0,0,0,0,0,0,0,0,0,0,0,0,0,1,0,0,0,0,0,0,0,0,0,0,1,1,1,0,0,0,0,0,1,1,0,0,0,0,0,7,0,3
36 - Βοιωτίας,51 E.T. Δήμου Θηβαίων,513,270,11,3,14,256,109,8,7,67,1,20,40,0,8,3,24,0,35,21,2,1,4,1,21,2,0,0,0,16,13,1,2,4,2,1,1,1,0,0,2,2,0,0,0,0,2,1,0,1,5,5,3,2,0,0,4,1,1,1,1,0,0,0,0,0,0,0,0,1,0,0,0,1,0,1,0,1,2,1,0,0,0,0,1,0,2,1,1,0,0,0,0,0,0,0,2,0,0,2,1,8,2,4
36 - Βοιωτίας,52 E.T. Δήμου Θηβαίων,519,259,4,0,4,255,89,7,10,34,3,26,61,6,16,6,28,0,34,25,0,1,8,0,21,0,0,0,2,18,5,1,0,2,0,1,3,0,1,0,3,3,4,1,0,0,0,0,0,0,2,1,2,0,0,0,7,2,0,3,0,0,0,0,0,0,0,1,0,0,0,0,0,0,0,0,0,0,0,0,6,6,0,0,0,0,0,0,2,2,0,0,0,0,0,0,1,0,0,0,0,14,2,7
36 - Βοιωτίας,53 E.T. Δήμου Θηβαίων,510,306,12,3,15,291,120,8,13,68,1,19,56,3,25,1,20,1,36,21,2,2,10,0,36,1,0,0,0,29,10,3,1,2,2,0,3,2,1,0,1,1,0,0,0,0,2,2,0,0,4,3,1,1,0,0,4,1,0,1,0,0,0,0,0,0,0,0,0,0,0,0,0,0,0,2,1,1,0,0,1,0,1,0,0,0,0,0,2,1,1,0,0,0,3,2,0,0,0,1,0,8,0,7
36 - Βοιωτίας,54 E.T. Δήμου Θηβαίων,508,267,3,1,4,263,94,6,8,59,1,16,79,5,20,8,40,1,21,15,2,2,1,0,23,1,0,1,1,16,10,4,2,0,2,1,3,1,1,0,1,1,0,0,0,0,1,1,0,0,2,2,1,0,0,1,6,2,1,0,0,0,0,0,0,0,0,0,0,5,0,0,0,3,2,1,1,0,1,0,1,1,0,0,1,0,2,2,0,0,0,0,0,0,2,2,3,1,1,0,0,6,3,2
36 - Βοιωτίας,55 E.T. Δήμου Θηβαίων,508,310,6,2,8,302,95,1,9,49,1,28,86,5,14,14,45,3,30,22,1,3,2,1,26,0,0,0,0,17,18,6,1,1,3,3,2,1,0,0,1,0,1,1,0,0,1,0,0,0,1,1,1,0,0,0,5,0,1,3,1,0,1,0,1,0,0,0,0,0,0,0,0,0,0,4,2,0,4,4,1,1,0,0,2,2,0,0,3,3,1,0,1,0,6,5,3,1,2,4,4,5,0,2
36 - Βοιωτίας,56 E.T. Δήμου Θηβαίων,519,256,9,2,11,245,92,7,2,47,0,30,64,2,18,12,11,3,27,17,2,0,5,0,10,1,0,1,0,6,13,1,3,3,0,2,6,2,3,1,3,3,0,0,0,0,1,1,0,0,0,0,1,0,0,0,11,1,3,2,0,0,0,0,0,0,0,1,0,2,0,0,0,1,0,1,1,0,0,0,1,1,0,0,0,0,0,0,1,1,0,0,0,0,2,2,0,0,0,3,2,6,2,4
36 - Βοιωτίας,57 E.T. Δήμου Θηβαίων,501,277,7,3,10,267,112,7,3,62,1,26,40,3,8,6,20,0,30,19,1,2,2,0,19,1,0,2,0,10,10,2,1,3,0,3,5,0,2,0,4,4,0,0,0,0,1,1,0,0,1,1,3,0,0,0,11,1,1,5,0,0,0,0,0,0,0,2,2,3,0,0,2,1,0,0,0,0,1,1,2,1,1,0,0,0,1,1,1,1,1,0,0,0,5,5,2,0,0,2,2,11,1,6
36 - Βοιωτίας,58 E.T. Δήμου Θηβαίων,514,287,12,0,12,275,104,5,3,73,1,15,59,4,14,13,23,0,20,11,2,1,2,0,25,1,0,0,1,22,12,3,2,2,0,2,7,2,1,1,2,2,0,0,0,0,1,0,0,0,1,1,1,1,0,0,13,3,1,4,0,0,0,0,0,0,0,0,0,0,0,0,0,0,0,0,0,0,0,0,7,1,0,0,1,0,1,1,2,2,0,0,0,0,3,2,0,0,0,6,4,10,3,2
36 - Βοιωτίας,59 E.T. Δήμου Θηβαίων,502,315,4,2,6,309,143,4,1,92,0,37,56,1,17,7,26,0,30,23,1,0,2,2,19,1,0,1,0,16,19,2,1,0,2,2,5,0,3,1,0,0,0,0,0,0,3,3,0,0,0,0,1,1,0,0,11,2,3,4,0,0,0,0,0,0,0,0,0,0,0,0,0,0,0,1,1,0,1,1,1,0,1,0,0,0,3,2,1,0,0,0,0,0,0,0,0,0,0,8,2,7,1,2
36 - Βοιωτίας,60 E.T. Δήμου Θηβαίων,503,271,6,2,8,263,93,5,6,59,2,15,74,2,23,9,30,0,35,22,1,0,4,1,20,0,0,0,0,19,5,0,0,0,3,0,4,2,1,0,1,0,0,0,0,0,2,1,0,0,2,2,1,1,0,0,7,1,2,2,1,1,0,0,0,0,0,0,0,0,0,0,0,0,0,1,1,0,1,1,2,0,0,0,1,1,2,1,0,0,1,0,0,1,4,2,3,0,0,2,0,1,0,1
36 - Βοιωτίας,61 E.T. Δήμου Θηβαίων,478,239,7,2,9,230,96,11,8,50,0,19,49,3,6,4,29,0,26,17,0,2,4,1,21,0,0,1,0,18,11,1,2,5,0,2,2,1,0,0,1,0,0,0,0,0,0,0,0,0,1,0,1,0,0,0,8,1,2,4,0,0,0,0,0,0,0,0,0,1,0,0,1,0,0,2,0,2,0,0,1,0,0,0,0,0,2,1,1,0,0,0,0,0,2,2,0,0,0,0,0,5,2,2
36 - Βοιωτίας,62 E.T. Δήμου Θηβαίων,544,365,8,1,9,356,144,3,11,100,1,20,69,5,24,10,24,0,41,37,1,0,2,0,23,0,0,0,0,22,16,2,4,3,1,0,7,1,2,2,4,3,1,0,0,0,0,0,0,0,2,2,3,1,0,0,19,2,5,10,0,0,0,0,0,0,0,0,0,4,0,0,4,0,0,3,1,1,5,4,1,0,1,0,0,0,0,0,0,0,0,0,0,0,7,5,1,0,0,0,0,6,1,3
36 - Βοιωτίας,63 E.T. Δήμου Θηβαίων,535,353,3,4,7,346,135,14,15,72,3,18,65,2,9,6,39,1,46,32,2,1,4,2,36,2,1,0,0,27,17,4,1,2,5,1,12,1,4,2,1,0,0,0,0,0,1,0,0,0,1,1,1,1,0,0,6,0,3,1,0,0,1,0,0,0,0,0,0,2,0,0,0,0,0,3,1,0,1,1,4,2,0,0,0,0,2,1,1,0,0,0,0,0,0,0,1,0,0,3,1,7,3,3
36 - Βοιωτίας,64 E.T. Δήμου Θηβαίων,544,371,11,4,15,356,132,5,5,87,4,20,70,4,13,13,29,0,44,32,2,1,6,0,35,1,0,1,2,29,27,8,3,4,2,0,3,0,0,0,1,1,1,0,0,0,2,1,0,0,3,1,3,2,0,0,6,1,3,0,0,0,0,0,0,0,0,1,0,1,0,0,1,0,0,1,1,0,3,2,3,2,1,0,0,0,0,0,6,4,1,0,0,0,2,1,1,0,1,2,2,8,1,6
36 - Βοιωτίας,65 E.T. Δήμου Θηβαίων,545,371,13,4,17,354,157,13,12,82,1,29,70,5,23,7,28,1,32,18,1,0,7,0,23,1,0,1,0,21,18,4,4,2,0,2,11,1,3,1,1,1,0,0,0,0,0,0,0,0,5,2,2,1,0,0,5,1,2,2,1,1,0,0,0,0,0,0,0,0,0,0,0,0,0,3,0,2,3,0,1,1,0,0,1,0,3,3,0,0,0,0,0,0,3,3,0,0,0,1,0,14,2,9
36 - Βοιωτίας,66 E.T. Δήμου Θηβαίων,539,357,13,3,16,341,134,7,14,66,4,31,80,5,24,11,32,1,34,26,3,0,2,1,18,0,0,0,1,14,15,4,0,5,2,1,10,1,2,2,1,1,2,0,0,0,2,1,1,0,4,2,3,3,0,0,8,1,1,2,0,0,0,0,0,0,0,0,0,2,0,0,2,0,0,0,0,0,0,0,3,1,0,1,1,1,3,2,1,0,2,0,0,2,4,2,2,0,1,0,0,12,3,7
36 - Βοιωτίας,67 E.T. Δήμου Θηβαίων,537,354,8,3,11,343,142,8,9,72,0,43,66,7,11,3,38,0,42,27,3,1,5,0,28,0,0,0,0,25,10,3,2,1,1,0,10,2,0,2,1,1,0,0,0,0,3,1,0,0,7,3,4,1,0,0,8,2,2,3,0,0,0,0,0,0,0,2,2,3,0,0,0,3,0,0,0,0,0,0,1,0,1,0,1,1,1,1,0,0,0,0,0,0,2,1,0,0,0,1,1,11,2,8
36 - Βοιωτίας,68 E.T. Δήμου Θηβαίων,541,369,9,1,10,359,163,6,5,84,3,42,57,2,5,10,31,0,42,28,1,2,2,1,26,0,0,1,1,18,14,3,3,3,1,1,7,2,1,1,2,2,1,0,0,0,4,1,0,1,3,1,3,0,1,0,9,2,1,3,0,0,0,0,0,0,0,0,0,2,0,0,0,2,0,4,1,3,1,1,2,0,0,0,1,0,0,0,3,3,0,0,0,0,2,0,1,1,0,2,2,10,0,4
36 - Βοιωτίας,69 E.T. Δήμου Θηβαίων,548,391,8,2,10,381,149,8,5,108,3,22,63,1,10,10,30,1,34,25,1,1,2,0,38,1,0,0,1,36,28,10,3,0,4,1,7,1,2,0,2,1,1,0,0,0,4,2,0,0,4,0,3,1,0,1,11,2,0,3,0,0,0,0,0,0,0,0,0,2,0,0,0,2,0,4,2,1,1,1,6,2,2,0,1,0,1,1,2,1,0,0,0,0,5,3,0,0,0,2,2,13,2,8
36 - Βοιωτίας,70 E.T. Δήμου Θηβαίων,538,370,3,2,5,365,160,5,9,93,2,39,63,6,12,5,25,1,43,27,1,2,5,0,21,0,0,0,0,16,17,3,4,0,0,3,4,0,3,1,3,3,0,0,0,0,3,1,0,1,0,0,4,2,0,1,14,2,3,2,1,0,1,0,0,0,0,2,1,1,0,0,1,0,0,1,1,0,1,1,2,0,0,0,1,0,2,1,0,0,0,0,0,0,1,0,1,1,0,2,1,17,3,5
36 - Βοιωτίας,71 E.T. Δήμου Θηβαίων,554,349,15,1,16,333,125,2,8,69,5,30,70,0,25,5,31,1,26,14,1,0,5,1,43,4,0,1,0,29,12,4,2,5,1,0,10,3,0,2,0,0,1,1,0,0,1,0,0,0,3,1,1,0,0,0,8,0,0,6,0,0,1,1,0,0,0,0,0,5,0,0,1,0,4,3,2,0,0,0,1,0,1,0,0,0,2,1,1,1,0,0,0,0,3,3,1,0,0,1,1,15,1,7
36 - Βοιωτίας,72 E.T. Δήμου Θηβαίων,534,348,20,1,21,327,135,7,12,72,2,33,79,1,26,9,28,0,28,18,1,0,4,1,34,1,2,0,1,29,11,3,1,1,2,1,6,0,3,2,2,2,0,0,0,0,1,0,0,0,1,0,3,2,0,1,3,1,0,2,0,0,0,0,0,0,0,0,0,2,0,0,0,0,2,2,1,0,1,0,5,1,2,1,0,0,1,1,0,0,0,0,0,0,1,1,0,0,0,0,0,12,3,7
36 - Βοιωτίας,73 E.T. Δήμου Θηβαίων,561,398,9,1,10,388,157,4,9,110,1,29,68,3,21,11,23,0,41,34,1,3,2,0,39,0,1,3,0,30,23,4,4,1,1,5,13,6,2,2,2,1,0,0,0,0,2,1,0,1,2,2,2,0,0,0,12,2,6,1,0,0,0,0,0,0,0,0,0,0,0,0,0,0,0,2,0,1,0,0,3,0,1,0,1,0,1,1,1,1,0,0,0,0,4,0,2,1,0,2,2,11,1,8
36 - Βοιωτίας,74 E.T. Δήμου Θηβαίων,544,372,8,0,8,364,118,11,7,64,2,25,106,3,25,12,47,2,35,23,5,1,2,0,30,0,2,3,0,20,5,0,1,0,1,1,14,6,3,2,3,3,1,1,1,0,2,2,0,0,6,2,0,0,0,0,9,1,0,7,0,0,0,0,0,0,0,2,0,1,0,0,0,0,1,3,1,2,1,1,2,1,0,0,2,1,2,1,1,1,1,0,0,0,2,1,0,0,0,1,0,16,3,7
36 - Βοιωτίας,75 E.T. Δήμου Θηβαίων,559,396,6,3,9,387,141,13,10,79,0,25,82,2,23,10,31,1,46,29,4,1,5,2,31,2,0,2,2,25,12,3,3,2,1,0,8,1,0,1,1,1,1,0,2,0,3,1,0,0,1,1,8,6,0,1,11,3,5,2,1,1,0,0,0,0,0,0,0,2,0,0,2,0,0,4,3,1,0,0,4,1,0,1,2,0,1,0,4,4,1,0,1,0,5,5,3,0,2,1,1,12,2,7
36 - Βοιωτίας,76 E.T. Δήμου Θηβαίων,550,397,8,3,11,386,170,11,13,78,1,58,82,3,24,7,39,0,26,14,2,2,6,1,28,1,0,0,2,20,21,5,2,6,2,2,8,2,1,1,4,3,1,1,0,0,0,0,0,0,3,1,5,2,1,0,4,0,1,1,1,1,0,0,0,1,0,0,0,1,0,0,1,0,0,0,0,0,2,2,4,1,1,0,0,0,4,3,1,1,2,0,0,2,5,3,3,2,0,1,1,9,1,5
36 - Βοιωτίας,77 E.T. Δήμου Θηβαίων,550,395,7,3,10,385,147,6,13,91,0,30,91,5,29,10,38,4,28,14,2,1,5,2,41,1,0,3,2,34,18,5,2,4,2,1,13,4,1,5,3,0,1,0,0,0,3,0,0,1,4,3,1,1,0,0,8,2,1,1,2,2,0,0,0,0,0,0,0,3,1,0,2,0,0,0,0,0,1,1,1,0,1,0,0,0,3,3,1,1,0,0,0,0,0,0,0,0,0,1,0,15,2,10
36 - Βοιωτίας,78 E.T. Δήμου Θηβαίων,558,401,11,0,11,390,157,4,13,85,0,40,77,5,24,11,30,2,37,29,4,0,2,0,39,5,0,1,3,23,13,6,1,3,2,0,6,0,1,3,3,2,0,0,0,0,5,1,1,0,4,3,1,0,1,0,13,1,5,4,2,1,0,0,0,0,0,1,0,0,0,0,0,0,0,3,0,2,0,0,1,1,0,0,0,0,1,0,3,2,0,0,0,0,8,5,1,0,0,0,0,15,4,7
36 - Βοιωτίας,79 E.T. Δήμου Θηβαίων,379,288,4,0,4,284,127,3,10,73,1,31,56,1,19,10,22,1,22,19,0,1,0,0,25,1,0,1,0,18,8,3,1,3,1,0,9,3,3,1,0,0,1,0,0,0,2,0,0,1,0,0,3,1,0,0,12,2,5,3,1,0,0,0,0,0,0,0,0,2,0,0,0,1,0,1,1,0,0,0,0,0,0,0,1,0,0,0,0,0,0,0,0,0,2,1,0,0,0,0,0,12,3,8
36 - Βοιωτίας,80 E.T. Δήμου Θηβαίων,558,398,4,0,4,394,173,8,42,56,2,41,60,7,8,9,25,0,63,45,1,6,6,0,17,2,0,3,3,5,9,1,0,3,1,0,8,1,2,1,2,1,0,0,0,0,3,0,0,1,8,3,2,2,0,0,28,1,8,15,0,0,0,0,0,0,0,0,0,2,0,0,0,0,0,2,1,0,0,0,2,0,0,1,1,1,1,1,1,1,0,0,0,0,1,0,3,2,0,0,0,8,1,2
36 - Βοιωτίας,81 E.T. Δήμου Θηβαίων,515,359,8,3,11,348,141,6,21,45,2,56,69,3,17,11,26,1,63,33,6,7,12,0,18,3,0,0,1,8,11,5,2,2,2,0,8,3,1,0,9,8,1,0,0,0,1,1,0,0,9,3,2,1,0,1,4,0,2,1,0,0,0,0,0,0,0,0,0,4,0,0,3,0,1,0,0,0,0,0,0,0,0,0,1,1,1,1,2,1,0,0,0,0,1,1,0,0,0,1,1,2,1,0
36 - Βοιωτίας,82 E.T. Δήμου Θηβαίων,189,126,3,0,3,123,46,2,7,13,2,20,43,0,2,6,32,0,16,6,1,1,5,1,3,0,0,0,1,2,2,1,0,0,1,0,2,0,0,0,0,0,1,0,0,0,0,0,0,0,0,0,1,0,0,0,5,2,0,3,0,0,0,0,0,0,0,0,0,0,0,0,0,0,0,1,0,0,0,0,0,0,0,0,0,0,1,1,0,0,0,0,0,0,1,0,0,0,0,0,0,1,0,0
36 - Βοιωτίας,83 E.T. Δήμου Θηβαίων,473,322,0,2,2,320,155,1,13,74,1,58,50,5,16,3,20,1,52,24,1,6,12,2,5,0,0,0,2,3,18,3,3,2,1,0,4,1,0,1,0,0,0,0,0,0,1,1,0,0,3,1,0,0,0,0,11,0,1,9,0,0,0,0,0,0,0,0,0,0,0,0,0,0,0,3,1,0,2,2,0,0,0,0,1,1,0,0,3,2,0,0,0,0,2,2,3,2,0,0,0,7,1,0
36 - Βοιωτίας,84 E.T. Δήμου Θηβαίων,383,254,9,1,10,244,108,11,10,49,3,26,36,3,7,7,13,0,53,34,4,1,9,1,8,0,0,0,0,6,7,3,0,1,0,0,2,0,1,1,2,1,0,0,0,0,1,1,0,0,1,0,2,0,0,1,10,1,1,4,1,1,0,0,0,1,1,0,0,2,0,0,2,0,0,0,0,0,0,0,1,0,0,0,0,0,0,0,0,0,0,0,0,0,0,0,0,0,0,0,0,9,2,6
36 - Βοιωτίας,85 E.T. Δήμου Θηβαίων,366,82,0,2,2,80,40,8,8,12,1,8,12,1,1,9,1,0,6,6,0,0,0,0,10,2,1,1,2,4,2,0,0,0,2,0,1,0,0,1,0,0,0,0,0,0,3,3,0,0,3,3,0,0,0,0,3,0,0,3,0,0,0,0,0,0,0,0,0,0,0,0,0,0,0,0,0,0,0,0,0,0,0,0,0,0,0,0,0,0,0,0,0,0,0,0,0,0,0,0,0,0,0,0
36 - Βοιωτίας,86 E.T. Δήμου Θηβαίων,358,93,2,1,3,90,39,7,3,16,2,7,27,1,7,10,8,0,6,4,0,1,0,0,10,0,0,1,1,4,0,0,0,0,0,0,0,0,0,0,0,0,0,0,0,0,0,0,0,0,1,1,1,1,0,0,3,1,1,0,0,0,0,0,0,0,0,0,0,0,0,0,0,0,0,0,0,0,0,0,2,0,0,0,0,0,0,0,0,0,0,0,0,0,0,0,1,0,0,0,0,0,0,0
36 - Βοιωτίας,87 E.T. Δήμου Θηβαίων,403,180,6,3,9,171,54,10,9,16,3,7,33,3,9,10,1,2,34,23,2,1,2,0,17,2,4,0,2,6,3,2,0,0,0,1,4,0,2,1,2,2,1,1,0,0,5,0,0,4,5,1,0,0,0,0,3,1,1,1,0,0,0,0,0,0,0,0,0,0,0,0,0,0,0,0,0,0,0,0,2,1,0,0,0,0,2,0,0,0,1,0,0,0,4,2,0,0,0,0,0,1,0,1
36 - Βοιωτίας,88 E.T. Δήμου Θηβαίων,407,219,4,2,6,213,87,16,15,18,1,27,43,4,16,12,3,2,36,28,1,0,4,0,16,1,1,2,0,8,2,2,0,0,0,0,2,1,1,0,0,0,0,0,0,0,1,0,1,0,1,0,0,0,0,0,14,3,2,8,0,0,0,0,0,0,0,0,0,0,0,0,0,0,0,1,0,0,0,0,1,0,0,0,0,0,1,1,0,0,1,0,0,0,2,0,0,0,0,0,0,5,1,3
36 - Βοιωτίας,89 E.T. Δήμου Θηβαίων,398,159,2,0,2,157,52,10,11,10,1,14,25,1,4,11,6,0,29,20,2,3,1,0,29,2,6,1,1,13,3,1,0,2,0,0,1,1,0,0,0,0,1,0,0,0,2,0,0,0,1,1,1,0,0,0,8,2,1,2,0,0,0,0,0,0,0,0,0,0,0,0,0,0,0,0,0,0,0,0,1,0,0,0,0,0,0,0,0,0,0,0,0,0,0,0,0,0,0,0,0,4,0,2
36 - Βοιωτίας,90 E.T. Δήμου Θηβαίων,525,332,5,3,8,324,98,12,9,46,2,13,51,2,15,8,18,0,65,29,4,9,17,3,65,3,0,4,4,39,12,5,1,3,0,0,1,1,0,0,0,0,0,0,0,0,0,0,0,0,1,0,1,0,1,0,11,0,7,3,0,0,0,0,0,0,0,0,0,0,0,0,0,0,0,0,0,0,1,0,2,0,0,1,1,1,2,2,2,1,0,0,0,0,1,1,0,0,0,1,0,9,1,6
36 - Βοιωτίας,91 E.T. Δήμου Θηβαίων,669,366,1,0,1,365,145,15,18,52,5,31,69,6,38,8,5,2,58,41,1,6,1,0,33,4,2,2,3,17,13,1,3,4,2,1,10,5,1,1,3,2,1,1,0,0,3,0,0,0,4,3,1,0,1,0,6,1,1,1,1,0,0,0,0,0,0,1,1,1,0,0,0,0,0,0,0,0,2,2,0,0,0,0,1,0,0,0,1,0,2,0,1,0,0,0,0,0,0,0,0,10,2,2
36 - Βοιωτίας,92 E.T. Δήμου Θηβαίων,512,254,7,2,9,245,93,17,6,22,6,28,60,7,18,22,11,0,27,16,0,4,3,0,30,2,1,1,0,13,5,1,0,1,0,0,6,2,1,1,0,0,2,1,0,0,3,1,0,0,2,1,1,0,0,0,7,0,3,2,0,0,0,0,0,0,0,0,0,0,0,0,0,0,0,1,1,0,0,0,0,0,0,0,0,0,3,2,0,0,0,0,0,0,0,0,0,0,0,0,0,5,1,1
36 - Βοιωτίας,93 E.T. Δήμου Θηβαίων,505,244,3,4,7,237,75,7,7,17,5,27,57,9,10,16,5,3,23,11,1,1,7,0,39,3,3,1,2,20,11,2,3,2,0,0,5,3,0,0,0,0,6,2,0,0,1,0,0,0,1,0,0,0,0,0,2,0,1,1,0,0,1,0,0,0,0,1,1,0,0,0,0,0,0,1,0,0,0,0,3,0,3,0,3,3,0,0,1,0,0,0,0,0,1,1,0,0,0,0,0,6,0,3
36 - Βοιωτίας,94 E.T. Δήμου Θηβαίων,365,215,5,0,5,210,73,5,8,37,2,12,43,4,6,7,15,2,30,15,4,1,4,2,16,1,0,0,0,10,10,1,0,3,3,0,6,3,1,0,1,1,0,0,0,0,1,0,0,0,2,1,0,0,0,0,5,0,2,1,1,1,0,0,0,0,0,0,0,0,0,0,0,0,0,2,0,1,2,2,3,1,2,0,0,0,1,1,0,0,1,0,1,0,2,2,3,2,0,1,0,7,1,3
36 - Βοιωτίας,95 E.T. Δήμου Θηβαίων,350,217,5,4,9,208,68,10,5,34,0,11,46,1,3,12,28,0,38,20,6,0,9,1,18,2,2,0,1,8,4,0,2,1,0,0,1,1,0,0,1,1,0,0,0,0,1,0,0,0,3,2,1,0,0,0,3,0,0,0,0,0,0,0,0,0,0,2,1,0,0,0,0,0,0,0,0,0,1,1,3,1,2,0,2,2,1,1,2,1,2,0,0,1,1,1,0,0,0,2,0,8,1,3
36 - Βοιωτίας,96 E.T. Δήμου Θηβαίων,346,195,1,5,6,189,54,8,4,21,1,10,51,7,11,10,22,0,27,19,1,1,2,2,17,2,1,0,2,12,6,4,0,0,1,0,2,1,1,0,0,0,0,0,0,0,6,3,0,0,0,0,0,0,0,0,2,0,0,1,0,0,1,1,0,1,1,1,0,0,0,0,0,0,0,0,0,0,1,1,2,0,1,0,4,2,2,1,0,0,1,0,0,0,1,0,1,1,0,0,0,9,0,8
36 - Βοιωτίας,97 E.T. Δήμου Θηβαίων,374,226,7,5,12,214,78,5,9,43,0,7,37,4,3,7,15,1,18,9,0,1,3,0,42,2,0,1,2,24,7,3,1,0,0,2,8,0,0,1,3,3,1,1,0,0,3,1,0,0,1,1,1,0,1,0,2,1,1,0,0,0,0,0,0,0,0,1,1,0,0,0,0,0,0,0,0,0,1,1,2,1,1,0,0,0,0,0,0,0,2,0,2,0,1,1,0,0,0,1,1,5,1,3
36 - Βοιωτίας,98 E.T. Δήμου Θηβαίων,282,185,3,0,3,182,59,1,6,26,2,14,40,11,3,7,17,0,19,12,3,1,2,0,21,2,1,1,0,14,2,0,0,1,0,0,3,1,0,1,1,1,0,0,0,0,1,0,0,0,2,2,0,0,0,0,7,1,0,2,0,0,0,0,0,0,0,0,0,2,0,0,2,0,0,0,0,0,0,0,1,0,0,1,0,0,2,1,0,0,7,0,3,2,0,0,2,1,0,1,0,12,1,6
36 - Βοιωτίας,99 E.T. Δήμου Θηβαίων,506,337,14,0,14,323,110,7,8,62,2,23,38,3,3,17,7,0,49,27,2,3,12,0,33,1,0,0,0,23,19,9,2,3,1,1,3,0,0,1,3,1,1,0,1,1,10,8,0,0,6,4,5,3,0,0,16,0,3,9,1,0,0,0,0,0,0,4,3,0,0,0,0,0,0,1,0,0,2,2,1,0,1,0,1,1,3,2,2,0,2,0,2,0,4,1,1,0,0,1,0,6,1,2
36 - Βοιωτίας,100 E.T. Δήμου Θηβαίων,480,300,8,2,10,290,94,6,4,45,7,18,37,4,8,4,11,0,56,28,3,2,18,2,28,1,0,0,0,18,8,3,1,0,1,1,5,0,3,2,6,5,1,1,0,0,4,4,0,0,5,4,0,0,0,0,26,3,6,13,0,0,0,0,0,0,0,1,1,0,0,0,0,0,0,0,0,0,1,1,1,0,0,0,0,0,3,2,0,0,0,0,0,0,3,1,2,2,0,2,0,7,2,2
36 - Βοιωτίας,101 E.T. Δήμου Θηβαίων,483,310,9,2,11,299,104,14,4,25,5,29,58,3,5,8,27,1,29,20,0,0,5,1,35,1,0,0,1,25,9,3,1,1,0,0,4,0,1,0,1,0,0,0,0,0,1,0,0,1,4,4,0,0,0,0,12,2,2,5,2,0,2,0,0,0,0,1,0,1,0,0,0,0,0,0,0,0,3,1,0,0,0,0,2,0,1,0,2,0,0,0,0,0,1,1,3,0,1,1,1,23,3,12
36 - Βοιωτίας,102 E.T. Δήμου Θηβαίων,501,302,4,2,6,296,87,0,10,33,1,28,87,6,22,17,32,0,46,34,0,2,6,0,18,1,2,0,3,9,9,3,2,0,1,2,4,1,3,0,4,3,1,0,0,0,1,0,0,0,2,1,1,0,0,0,14,1,3,7,1,0,1,0,0,0,0,0,0,2,0,0,0,1,1,2,1,0,1,1,1,1,0,0,1,1,2,2,1,0,0,0,0,0,2,1,0,0,0,0,0,8,1,4
36 - Βοιωτίας,103 E.T. Δήμου Θηβαίων,319,239,9,3,12,227,113,18,6,55,0,17,38,3,5,3,16,1,22,16,1,1,0,0,17,1,1,2,0,4,5,0,1,1,1,0,7,0,2,5,1,0,0,0,0,0,1,0,0,0,2,1,0,0,0,0,4,1,2,0,1,0,0,0,0,1,0,1,0,0,0,0,0,0,0,1,0,0,1,0,0,0,0,0,0,0,1,0,0,0,0,0,0,0,3,2,0,0,0,2,0,6,1,2
36 - Βοιωτίας,104 E.T. Δήμου Θηβαίων,597,421,13,3,16,405,118,10,15,52,4,30,87,5,14,17,35,2,56,38,1,0,12,0,19,1,1,2,1,12,27,7,3,8,1,2,8,3,1,1,5,4,5,3,0,0,2,1,0,0,6,4,7,3,0,0,24,7,1,9,1,0,0,0,0,0,0,6,3,4,0,1,0,1,2,2,0,2,1,1,5,1,0,1,2,2,2,1,1,1,3,1,1,1,2,1,2,2,0,1,1,9,1,2
36 - Βοιωτίας,105 E.T. Δήμου Λεβαδέων,447,301,12,0,12,289,108,29,52,7,5,3,54,5,1,30,0,3,41,9,13,8,8,1,20,10,3,0,1,3,11,3,1,2,0,0,6,0,2,1,1,1,1,0,0,0,2,0,0,0,1,0,5,1,1,0,9,1,5,1,3,1,1,0,0,0,0,0,0,0,0,0,0,0,0,1,1,0,0,0,5,0,2,2,0,0,1,0,1,0,1,0,0,1,3,1,3,2,1,1,0,10,5,3
36 - Βοιωτίας,106 E.T. Δήμου Λεβαδέων,463,269,2,1,3,266,107,27,50,2,7,8,65,7,3,32,1,3,30,5,10,6,3,2,21,7,2,2,4,0,8,0,0,1,2,1,6,1,0,1,0,0,0,0,0,0,1,0,0,1,1,1,1,0,0,1,11,1,3,5,0,0,0,0,0,0,0,2,1,1,1,0,0,0,0,2,1,0,0,0,2,0,0,0,0,0,3,3,0,0,0,0,0,0,0,0,0,0,0,2,0,3,1,2
36 - Βοιωτίας,107 E.T. Δήμου Λεβαδέων,457,307,0,0,0,307,97,25,38,11,6,5,81,5,3,46,1,3,45,12,14,5,10,0,26,19,1,0,2,0,16,0,4,1,2,0,7,1,0,3,1,1,1,1,0,0,1,0,0,0,0,0,1,0,0,0,6,1,0,3,1,1,0,0,0,0,0,2,1,0,0,0,0,0,0,3,0,2,0,0,5,2,1,0,1,1,2,2,0,0,3,0,0,1,1,1,1,0,0,1,0,5,1,4
36 - Βοιωτίας,108 E.T. Δήμου Λεβαδέων,260,194,2,0,2,192,61,16,31,0,2,6,40,3,13,18,0,6,29,2,7,6,2,0,14,5,0,0,4,0,8,2,1,0,2,0,11,1,2,4,2,1,1,0,0,0,0,0,0,0,6,4,5,1,0,0,6,1,0,3,2,2,0,0,0,0,0,0,0,0,0,0,0,0,0,0,0,0,0,0,0,0,0,0,2,0,2,2,0,0,1,0,0,0,0,0,0,0,0,1,0,1,0,0
36 - Βοιωτίας,109 E.T. Δήμου Λεβαδέων,288,208,5,0,5,203,115,4,70,25,6,4,30,1,1,20,1,0,27,1,6,8,8,2,18,9,1,0,0,1,6,0,1,0,1,0,1,0,1,0,0,0,0,0,0,0,1,0,0,0,0,0,0,0,0,0,0,0,0,0,0,0,0,0,0,0,0,0,0,0,0,0,0,0,0,1,1,0,1,1,1,0,1,0,0,0,0,0,0,0,1,0,0,0,1,0,0,0,0,0,0,0,0,0
36 - Βοιωτίας,110 E.T. Δήμου Λεβαδέων,493,304,2,2,4,300,143,57,39,10,7,17,76,7,11,40,1,3,31,2,10,8,9,1,12,3,0,0,2,1,8,2,5,0,0,0,7,0,1,4,1,1,0,0,1,1,1,1,0,0,0,0,1,1,0,0,3,0,1,2,2,1,1,0,0,0,0,0,0,1,1,0,0,0,0,0,0,0,1,1,0,0,0,0,0,0,1,1,1,1,0,0,0,0,1,0,0,0,0,0,0,8,4,3
36 - Βοιωτίας,111 E.T. Δήμου Λεβαδέων,452,274,8,3,11,263,84,41,19,6,5,8,73,6,9,45,0,0,37,20,3,5,6,0,24,11,7,0,2,0,10,3,6,0,0,1,3,1,1,1,4,4,1,1,0,0,2,0,0,1,0,0,0,0,0,0,5,0,1,3,0,0,0,0,0,0,0,0,0,1,0,0,0,1,0,0,0,0,1,1,1,1,0,0,0,0,0,0,0,0,0,0,0,0,0,0,2,1,1,0,0,15,4,6
36 - Βοιωτίας,112 E.T. Δήμου Λεβαδέων,441,267,4,0,4,263,95,54,22,1,5,10,53,8,7,29,2,4,48,30,4,8,2,0,22,13,1,0,4,0,8,1,4,1,1,0,11,0,4,3,2,1,0,0,0,0,1,0,0,1,1,0,1,0,0,0,1,0,0,1,0,0,0,0,0,0,0,1,0,2,0,0,1,1,0,1,0,1,1,1,2,0,1,0,0,0,0,0,1,0,1,0,0,0,3,2,1,1,0,1,0,6,0,5
36 - Βοιωτίας,113 E.T. Δήμου Λεβαδέων,472,310,7,1,8,302,120,17,35,10,18,14,53,2,1,44,0,1,54,14,4,8,18,0,27,11,4,2,3,5,19,1,2,5,4,0,5,0,0,0,1,1,0,0,0,0,0,0,0,0,0,0,2,0,0,2,6,1,1,3,0,0,0,0,0,0,0,0,0,1,0,0,0,0,0,0,0,0,0,0,3,0,2,0,1,1,0,0,2,2,1,0,0,0,4,2,0,0,0,0,0,3,1,1
36 - Βοιωτίας,114 E.T. Δήμου Λεβαδέων,460,315,7,4,11,304,118,21,60,4,5,14,58,2,3,39,2,4,32,10,4,9,4,0,24,11,3,0,2,0,22,2,3,14,1,1,14,5,1,3,1,1,1,1,0,0,1,0,0,1,0,0,0,0,0,0,4,0,1,3,0,0,0,0,0,0,0,0,0,1,0,0,0,0,1,1,0,1,0,0,3,1,0,1,2,0,2,2,2,1,1,0,1,0,2,2,1,0,0,0,0,14,5,4
36 - Βοιωτίας,115 E.T. Δήμου Λεβαδέων,459,346,7,2,9,337,135,35,33,30,9,26,62,2,3,46,4,3,67,14,10,12,31,0,34,18,6,1,3,0,7,1,2,0,2,0,2,0,1,1,1,1,0,0,1,1,2,0,0,1,2,2,1,0,0,0,8,0,1,3,0,0,0,0,0,0,0,0,0,0,0,0,0,0,0,0,0,0,0,0,6,0,4,0,0,0,0,0,1,1,0,0,0,0,2,2,0,0,0,0,0,6,2,4
36 - Βοιωτίας,116 E.T. Δήμου Λεβαδέων,479,313,4,0,4,309,108,19,28,8,14,24,64,2,3,48,1,0,66,8,13,8,31,1,38,16,4,0,3,3,4,0,1,0,2,0,2,0,0,2,2,2,1,1,0,0,0,0,0,0,1,1,0,0,0,0,6,0,0,2,1,0,0,0,0,0,0,1,0,0,0,0,0,0,0,2,0,1,1,1,2,1,0,0,0,0,1,1,0,0,0,0,0,0,1,1,0,0,0,1,0,7,1,6
36 - Βοιωτίας,117 E.T. Δήμου Λεβαδέων,191,111,2,0,2,109,52,6,24,2,2,9,16,1,1,10,0,1,19,3,3,6,4,1,7,3,0,1,0,1,4,0,0,1,3,0,2,0,2,0,4,4,0,0,0,0,0,0,0,0,1,1,0,0,0,0,0,0,0,0,1,0,0,0,0,0,0,0,0,0,0,0,0,0,0,0,0,0,1,0,0,0,0,0,0,0,2,2,0,0,0,0,0,0,0,0,0,0,0,0,0,0,0,0
36 - Βοιωτίας,118 E.T. Δήμου Λεβαδέων,636,346,10,1,11,335,112,28,35,4,13,18,80,4,4,51,1,7,44,7,11,10,10,0,33,6,11,1,9,2,14,3,0,1,6,0,17,0,4,7,4,1,1,1,0,0,5,1,0,1,0,0,1,1,0,0,7,0,2,4,0,0,0,0,0,0,0,0,0,2,0,0,0,0,0,1,0,1,2,1,2,1,0,0,1,0,0,0,0,0,0,0,0,0,1,0,0,0,0,1,0,7,0,2
36 - Βοιωτίας,119 E.T. Δήμου Λεβαδέων,500,343,5,1,6,337,119,26,27,23,8,27,113,2,2,93,0,2,16,4,5,2,2,0,26,12,2,2,2,1,16,3,2,3,0,1,13,2,2,1,1,1,1,1,0,0,2,1,0,0,1,0,0,0,0,0,5,3,1,1,0,0,0,0,0,0,0,0,0,1,0,0,0,0,0,0,0,0,0,0,5,2,1,0,0,0,5,2,0,0,0,0,0,0,2,0,1,1,0,0,0,10,1,4
36 - Βοιωτίας,120 E.T. Δήμου Λεβαδέων,501,341,4,0,4,337,119,19,45,17,10,19,107,7,2,87,1,1,48,8,21,1,13,1,25,8,2,2,5,1,4,1,0,0,1,0,9,1,1,5,3,3,0,0,0,0,0,0,0,0,1,1,0,0,0,0,6,2,0,3,1,1,0,0,0,0,0,0,0,0,0,0,0,0,0,0,0,0,2,1,0,0,0,0,0,0,3,3,1,1,0,0,0,0,2,1,0,0,0,0,0,6,0,3
36 - Βοιωτίας,121 E.T. Δήμου Λεβαδέων,503,329,4,3,7,322,123,27,44,7,5,25,93,1,3,80,0,0,27,5,9,6,5,0,18,8,0,0,4,4,16,1,1,3,4,1,14,5,0,5,1,1,0,0,0,0,1,0,0,0,0,0,0,0,0,0,3,0,1,1,1,1,0,0,0,0,0,0,0,1,0,0,0,1,0,1,0,0,0,0,1,0,0,0,2,1,4,1,0,0,2,0,1,1,2,2,3,0,0,2,0,7,0,4
36 - Βοιωτίας,122 E.T. Δήμου Λεβαδέων,510,354,4,0,4,350,119,19,42,7,8,29,106,1,2,92,2,2,33,12,5,3,10,0,27,11,1,2,4,3,15,1,2,5,0,1,8,0,2,4,2,2,0,0,0,0,1,1,0,0,0,0,3,0,0,1,9,0,1,4,0,0,1,0,0,0,0,0,0,1,0,0,1,0,0,0,0,0,1,0,3,2,0,0,1,1,2,2,0,0,0,0,0,0,2,1,0,0,0,0,0,16,7,5
36 - Βοιωτίας,123 E.T. Δήμου Λεβαδέων,537,351,4,3,7,344,108,40,34,3,16,2,81,10,2,50,2,3,40,6,19,7,6,0,48,26,9,0,4,2,19,2,2,5,7,0,7,0,1,3,4,4,1,0,0,0,1,1,0,0,3,3,2,0,0,0,7,3,0,2,0,0,0,0,0,0,0,0,0,0,0,0,0,0,0,0,0,0,1,1,1,0,1,0,1,0,1,0,0,0,1,0,1,0,1,1,2,1,0,0,0,15,3,10
36 - Βοιωτίας,124 E.T. Δήμου Λεβαδέων,539,370,4,0,4,366,118,26,46,8,16,10,78,6,2,46,1,8,32,5,6,6,9,0,45,24,3,1,1,1,19,1,2,3,7,2,7,0,5,0,3,2,0,0,0,0,0,0,0,0,5,3,2,1,0,1,13,2,1,5,0,0,1,1,0,1,1,0,0,2,0,0,0,0,0,2,1,1,2,2,11,2,7,0,0,0,3,1,2,1,0,0,0,0,1,0,2,1,0,3,2,14,3,10
36 - Βοιωτίας,125 E.T. Δήμου Λεβαδέων,539,352,5,1,6,346,114,43,25,8,17,6,78,5,5,58,3,2,45,5,11,11,14,0,37,20,5,0,3,1,12,1,1,1,4,0,12,2,0,6,3,3,1,1,0,0,4,1,1,1,3,2,1,0,1,0,7,2,2,1,1,0,0,0,0,0,0,0,0,0,0,0,0,0,0,0,0,0,2,1,6,0,2,1,0,0,3,2,3,2,0,0,0,0,4,1,0,0,0,0,0,10,1,3
36 - Βοιωτίας,126 E.T. Δήμου Λεβαδέων,534,345,8,0,8,337,96,24,36,7,18,1,59,4,12,30,1,4,44,4,14,8,16,1,67,35,9,2,7,5,10,1,1,0,4,1,9,1,2,5,2,2,0,0,0,0,3,2,0,1,0,0,2,1,0,0,11,0,3,5,1,1,1,0,0,0,0,1,1,0,0,0,0,0,0,1,0,0,3,1,5,1,3,0,0,0,3,2,4,4,1,0,0,1,3,3,0,0,0,0,0,11,2,7
36 - Βοιωτίας,127 E.T. Δήμου Λεβαδέων,545,400,7,3,10,390,127,40,31,16,19,6,85,6,4,49,2,5,40,7,14,6,8,0,58,29,4,1,9,4,16,0,3,0,10,0,15,3,3,6,1,1,1,1,0,0,2,0,0,0,0,0,1,0,0,0,7,0,2,5,1,1,1,0,0,0,0,1,0,1,0,0,1,0,0,1,0,0,0,0,4,3,0,0,0,0,6,2,2,0,1,1,0,0,2,0,0,0,0,2,1,15,0,6
36 - Βοιωτίας,128 E.T. Δήμου Λεβαδέων,532,368,10,2,12,356,106,32,22,10,17,7,82,0,5,56,2,3,48,3,14,10,13,1,55,20,9,0,7,5,18,2,0,1,12,2,10,0,1,3,0,0,0,0,0,0,3,0,0,1,0,0,1,0,1,0,6,0,0,3,0,0,0,0,0,0,0,0,0,1,0,0,0,0,0,0,0,0,0,0,3,0,2,0,0,0,1,1,1,0,1,0,0,0,6,2,0,0,0,1,0,13,4,3
36 - Βοιωτίας,129 E.T. Δήμου Λεβαδέων,542,358,8,2,10,348,78,28,28,2,10,2,94,9,9,54,0,6,46,7,13,4,21,0,67,29,6,3,8,0,10,1,2,2,2,0,7,2,0,3,0,0,0,0,0,0,3,1,0,1,1,1,3,1,0,1,12,1,3,3,1,0,0,0,0,1,0,0,0,0,0,0,0,0,0,0,0,0,3,2,1,0,0,1,1,0,0,0,0,0,1,0,0,1,3,0,1,1,0,0,0,15,3,6
36 - Βοιωτίας,130 E.T. Δήμου Λεβαδέων,532,364,4,1,5,359,110,34,33,7,21,8,85,6,1,58,1,4,47,4,12,16,11,1,55,28,10,1,7,3,8,1,1,0,5,0,13,3,3,4,1,1,0,0,0,0,2,0,0,2,4,3,1,0,0,0,6,0,3,1,0,0,0,0,0,0,0,0,0,5,0,4,0,1,0,2,0,2,0,0,3,1,2,0,0,0,1,1,0,0,1,0,1,0,3,3,1,1,0,0,0,11,1,8
36 - Βοιωτίας,131 E.T. Δήμου Λεβαδέων,544,367,9,2,11,356,108,34,31,11,12,4,96,6,6,66,3,0,40,8,15,7,6,0,45,24,7,2,3,0,14,0,3,0,7,0,14,0,3,8,0,0,1,0,0,0,4,1,0,1,0,0,0,0,0,0,10,2,1,5,0,0,0,0,0,0,0,0,0,0,0,0,0,0,0,0,0,0,2,1,3,0,2,0,1,0,0,0,5,1,0,0,0,0,1,1,1,0,0,2,1,9,1,3
36 - Βοιωτίας,132 E.T. Δήμου Λεβαδέων,526,358,4,2,6,352,112,29,43,9,14,3,75,6,3,47,0,8,65,9,18,18,6,1,25,14,1,0,3,1,20,1,1,0,9,1,7,1,0,5,3,2,4,2,0,0,7,2,0,0,0,0,3,0,0,1,13,0,1,8,0,0,1,0,0,1,1,0,0,0,0,0,0,0,0,1,0,1,0,0,1,1,0,0,1,0,3,3,2,2,1,0,0,0,2,0,0,0,0,0,0,5,1,2
36 - Βοιωτίας,133 E.T. Δήμου Λεβαδέων,533,362,5,0,5,357,105,36,41,6,11,3,78,5,6,43,4,3,61,2,27,17,12,0,41,19,7,0,3,2,15,0,0,1,9,0,14,0,3,4,2,2,1,0,0,0,2,1,0,0,0,0,1,0,0,0,14,1,0,12,0,0,0,0,0,0,0,0,0,1,0,1,0,0,0,1,0,1,2,2,2,0,2,0,1,1,0,0,3,2,0,0,0,0,5,3,0,0,0,0,0,8,0,4
36 - Βοιωτίας,134 E.T. Δήμου Λεβαδέων,529,350,8,0,8,342,88,29,25,7,10,7,79,0,10,56,1,0,56,7,18,11,17,1,54,30,7,0,5,2,11,4,1,2,2,2,8,1,1,5,1,1,4,3,0,0,3,1,0,1,4,3,1,0,0,0,3,0,0,2,3,0,0,0,0,0,0,2,1,0,0,0,0,0,0,1,0,0,1,1,3,0,2,1,0,0,2,1,0,0,1,0,0,0,4,1,2,1,1,0,0,11,3,8
36 - Βοιωτίας,135 E.T. Δήμου Λεβαδέων,538,389,6,1,7,382,104,35,30,10,12,7,103,6,1,72,1,8,45,4,14,3,16,0,42,27,5,1,3,2,15,2,2,1,5,2,10,2,2,3,2,1,1,1,0,0,9,2,0,3,3,3,0,0,0,0,16,1,2,9,0,0,0,0,0,0,0,0,0,0,0,0,0,0,0,3,0,2,1,1,9,0,6,0,0,0,1,1,0,0,0,0,0,0,3,2,1,0,0,0,0,14,1,10
36 - Βοιωτίας,136 E.T. Δήμου Λεβαδέων,532,359,0,2,2,357,89,22,30,1,10,12,93,5,7,62,2,2,38,1,3,9,19,0,67,36,7,0,9,5,16,1,3,2,8,1,14,1,3,5,2,1,0,0,0,0,1,0,0,0,2,1,0,0,0,0,12,4,1,3,0,0,0,0,0,0,0,1,1,1,0,0,0,0,0,1,0,0,0,0,7,1,2,0,0,0,0,0,0,0,0,0,0,0,4,4,1,0,0,0,0,8,3,0
36 - Βοιωτίας,137 E.T. Δήμου Λεβαδέων,486,348,9,2,11,337,109,33,37,10,16,5,76,4,6,48,2,5,36,2,11,12,7,0,37,12,2,1,10,3,11,0,1,0,6,0,13,0,7,5,1,0,2,0,0,0,3,2,1,0,5,3,2,0,0,1,8,0,2,1,0,0,0,0,0,1,0,1,0,0,0,0,0,0,0,0,0,0,5,5,8,0,3,1,0,0,5,4,0,0,0,0,0,0,3,3,2,1,1,0,0,9,2,2
36 - Βοιωτίας,138 E.T. Δήμου Λεβαδέων,227,180,3,1,4,176,60,22,24,3,2,1,45,2,7,24,1,1,22,4,4,0,13,0,18,5,5,0,3,0,14,0,0,1,8,2,4,0,1,1,0,0,1,0,0,0,2,0,1,1,1,1,0,0,0,0,4,0,0,4,0,0,0,0,0,0,0,0,0,0,0,0,0,0,0,0,0,0,0,0,0,0,0,0,0,0,0,0,0,0,0,0,0,0,1,0,0,0,0,0,0,4,2,0
36 - Βοιωτίας,139 E.T. Δήμου Λεβαδέων,142,110,3,0,3,107,53,2,51,0,0,0,11,0,0,10,0,0,19,8,5,3,1,0,3,3,0,0,0,0,5,0,0,1,1,0,3,1,2,0,1,1,1,1,0,0,0,0,0,0,0,0,0,0,0,0,5,0,0,4,0,0,0,0,0,0,0,0,0,0,0,0,0,0,0,2,0,2,1,0,1,0,0,0,0,0,0,0,0,0,0,0,0,0,0,0,0,0,0,0,0,2,0,1
36 - Βοιωτίας,140 E.T. Δήμου Λεβαδέων,492,333,5,0,5,328,94,38,21,5,16,3,65,5,4,42,3,2,45,9,7,8,11,1,38,28,1,0,1,2,21,1,0,3,7,2,22,1,6,4,2,0,1,1,0,0,2,1,1,0,1,0,4,1,0,0,4,1,3,0,1,0,1,0,0,0,0,0,0,0,0,0,0,0,0,1,0,1,0,0,1,1,0,0,0,0,4,2,2,1,0,0,0,0,4,2,1,1,0,3,0,11,1,6
36 - Βοιωτίας,141 E.T. Δήμου Λεβαδέων,483,379,8,2,10,369,127,36,31,12,21,9,73,3,0,46,3,1,41,6,8,7,10,2,40,15,9,0,6,0,13,2,1,0,5,1,16,0,0,14,2,1,2,0,1,0,2,1,0,1,4,1,2,1,0,0,10,1,1,2,0,0,0,0,0,0,0,0,0,0,0,0,0,0,0,4,2,0,2,0,1,0,0,0,0,0,3,3,6,4,0,0,0,0,1,1,3,1,0,0,0,16,0,10
36 - Βοιωτίας,142 E.T. Δήμου Λεβαδέων,482,316,10,0,10,306,103,40,33,6,9,4,61,4,3,36,1,5,44,10,8,11,10,0,38,20,6,1,4,1,15,1,2,0,11,1,11,1,3,2,0,0,2,2,0,0,2,0,0,1,2,0,1,0,0,1,6,0,1,3,0,0,0,0,0,0,0,0,0,0,0,0,0,0,0,0,0,0,1,0,1,1,0,0,3,1,1,1,1,0,0,0,0,0,3,2,0,0,0,4,0,7,0,2
36 - Βοιωτίας,143 E.T. Δήμου Λεβαδέων,498,356,5,4,9,347,133,43,40,7,25,6,82,9,5,52,2,2,36,3,10,9,9,0,32,18,0,0,3,3,10,1,0,2,4,0,13,0,1,9,2,2,1,1,0,0,4,0,0,1,2,1,0,0,0,0,5,1,2,2,0,0,0,0,0,0,0,0,0,1,0,0,1,0,0,2,1,0,1,1,3,1,1,0,0,0,3,3,2,2,0,0,0,0,4,3,1,1,0,0,0,10,1,4
36 - Βοιωτίας,144 E.T. Δήμου Λεβαδέων,502,369,6,0,6,363,119,37,38,13,18,3,85,3,5,43,4,12,51,13,3,13,18,1,54,30,7,0,4,0,11,2,2,1,5,0,6,1,1,4,1,1,1,0,0,0,0,0,0,0,1,1,4,2,0,0,9,0,2,6,0,0,0,0,0,0,0,0,0,0,0,0,0,0,0,1,0,1,1,0,1,0,0,1,0,0,3,3,1,0,1,0,0,1,4,3,0,0,0,1,1,8,3,4
36 - Βοιωτίας,145 E.T. Δήμου Λεβαδέων,487,344,4,1,5,339,107,37,29,10,16,7,70,3,4,52,3,0,41,6,12,11,9,0,47,28,5,0,8,0,19,1,2,1,12,0,7,1,2,4,1,0,0,0,0,0,3,1,1,0,0,0,4,0,0,0,16,3,3,8,2,2,1,0,0,0,0,0,0,1,0,0,1,0,0,0,0,0,0,0,2,0,0,0,0,0,2,1,0,0,1,0,0,1,1,0,1,0,0,2,1,11,2,5
36 - Βοιωτίας,146 E.T. Δήμου Λεβαδέων,484,322,7,1,8,314,87,27,24,5,18,6,81,5,9,44,5,0,29,2,13,1,7,0,39,22,3,1,5,2,8,0,1,0,2,0,11,0,3,2,2,1,1,1,0,0,2,0,0,0,0,0,0,0,0,0,18,2,3,8,0,0,1,1,0,0,0,0,0,1,0,0,0,0,0,0,0,0,1,1,3,1,1,0,0,0,2,2,6,1,3,0,0,2,5,1,1,0,0,0,0,13,0,4
36 - Βοιωτίας,147 E.T. Δήμου Λεβαδέων,501,359,3,3,6,353,89,21,35,13,6,9,70,8,8,37,0,5,50,11,9,10,19,0,66,30,5,0,8,3,19,1,0,1,13,0,12,0,4,4,0,0,1,0,0,0,2,0,0,0,0,0,3,1,0,0,16,1,3,6,0,0,0,0,0,0,0,2,0,1,0,1,0,0,0,0,0,0,0,0,2,0,0,0,0,0,2,1,3,1,0,0,0,0,3,3,0,0,0,1,1,11,1,6
36 - Βοιωτίας,148 E.T. Δήμου Λεβαδέων,493,316,7,1,8,308,99,39,29,5,11,3,58,2,6,39,0,0,35,1,17,4,12,1,41,24,7,0,3,2,15,0,1,0,9,2,11,1,0,7,3,3,1,0,0,0,2,0,0,0,1,0,2,1,0,0,11,3,1,5,0,0,0,0,0,0,0,0,0,1,0,0,0,0,0,1,0,1,2,1,3,0,3,0,1,0,2,2,2,1,1,0,0,0,2,2,1,1,0,0,0,13,0,5
36 - Βοιωτίας,149 E.T. Δήμου Λεβαδέων,492,344,3,0,3,341,108,28,42,8,14,5,87,4,4,49,0,8,42,7,14,8,5,0,37,23,2,2,4,1,9,0,1,0,6,1,8,1,0,2,1,0,1,0,1,0,4,0,2,0,0,0,1,1,0,0,20,0,4,11,0,0,0,0,0,0,0,0,0,0,0,0,0,0,0,0,0,0,1,0,2,1,1,0,0,0,2,2,2,1,0,0,0,0,6,3,0,0,0,0,0,9,2,5
36 - Βοιωτίας,150 E.T. Δήμου Λεβαδέων,498,327,5,2,7,320,101,32,29,11,16,1,69,2,7,41,1,4,54,6,14,16,12,1,32,19,4,0,1,0,9,1,2,1,5,0,13,0,2,8,2,2,0,0,0,0,2,2,0,0,0,0,3,2,0,1,9,0,1,2,0,0,0,0,0,0,0,1,1,1,1,0,0,0,0,1,1,0,0,0,3,0,3,0,0,0,1,1,5,5,4,2,0,1,2,0,1,0,0,0,0,7,2,3
36 - Βοιωτίας,151 E.T. Δήμου Λεβαδέων,497,327,3,0,3,324,107,40,28,16,13,4,69,8,5,38,0,6,36,4,11,10,9,0,43,17,11,0,8,1,18,2,0,0,11,0,11,1,0,3,1,1,1,1,0,0,4,0,1,1,2,0,2,1,0,0,5,1,1,1,1,1,0,0,0,1,0,0,0,0,0,0,0,0,0,0,0,0,0,0,8,2,4,0,0,0,1,0,1,0,0,0,0,0,2,1,0,0,0,1,0,10,0,5
36 - Βοιωτίας,152 E.T. Δήμου Λεβαδέων,483,336,2,0,2,334,97,23,33,6,18,2,69,4,11,38,0,3,51,9,4,9,22,0,55,29,6,0,9,4,14,2,2,0,8,0,3,0,1,1,1,1,0,0,0,0,3,0,1,1,1,0,2,1,1,0,12,2,0,9,1,1,0,0,0,0,0,0,0,1,0,0,0,0,0,1,0,0,1,1,6,0,5,0,0,0,1,0,2,2,1,0,0,0,3,1,0,0,0,1,1,8,1,3
36 - Βοιωτίας,153 E.T. Δήμου Λεβαδέων,491,360,6,1,7,353,130,43,33,18,25,5,71,3,8,46,2,2,52,8,17,12,8,1,39,19,3,2,5,2,11,0,0,1,3,1,7,1,2,2,1,1,0,0,0,0,1,1,0,0,2,2,3,0,0,2,12,1,2,7,1,1,0,0,0,0,0,0,0,1,1,0,0,0,0,0,0,0,0,0,5,0,1,2,0,0,1,1,1,1,1,0,0,1,2,2,0,0,0,2,2,10,0,2
36 - Βοιωτίας,154 E.T. Δήμου Λεβαδέων,504,372,11,2,13,359,101,24,33,6,18,6,87,3,2,63,0,2,47,5,15,10,11,1,47,26,8,1,5,0,17,0,1,3,9,1,13,1,3,5,0,0,5,5,0,0,5,1,0,2,1,0,0,0,0,0,4,0,0,2,0,0,0,0,0,0,0,0,0,0,0,0,0,0,0,4,2,2,1,0,3,1,1,0,1,1,1,0,5,3,0,0,0,0,5,0,2,0,1,1,0,9,1,6
36 - Βοιωτίας,155 E.T. Δήμου Λεβαδέων,526,367,10,1,11,356,138,49,35,17,18,6,71,6,7,40,2,4,29,7,10,7,3,1,33,15,8,0,3,0,16,2,2,2,8,1,13,1,6,2,2,0,0,0,0,0,0,0,0,0,6,2,1,0,0,0,15,1,3,7,0,0,0,0,0,0,0,0,0,2,0,2,0,0,0,1,0,0,0,0,6,1,5,0,1,0,0,0,3,2,1,0,1,0,3,0,0,0,0,0,0,15,2,4
36 - Βοιωτίας,156 E.T. Δήμου Λεβαδέων,497,337,4,1,5,332,99,28,34,6,13,6,68,3,4,47,0,5,53,7,9,13,18,1,49,21,3,0,15,2,15,1,1,0,10,0,11,2,3,2,2,2,0,0,0,0,0,0,0,0,0,0,0,0,0,0,10,0,1,5,0,0,0,0,0,0,0,0,0,0,0,0,0,0,0,1,0,1,0,0,7,4,1,2,1,1,2,2,1,1,1,0,0,0,3,2,0,0,0,0,0,9,0,5
36 - Βοιωτίας,157 E.T. Δήμου Λεβαδέων,499,352,12,3,15,337,114,40,29,5,18,10,73,4,3,43,4,3,40,6,12,7,11,0,48,27,3,0,8,1,11,0,2,1,4,0,14,1,0,8,0,0,2,0,0,0,0,0,0,0,2,1,2,0,0,2,7,1,3,2,1,0,0,0,0,0,0,0,0,0,0,0,0,0,0,1,0,1,2,2,5,1,2,0,0,0,1,0,1,1,0,0,0,0,2,1,0,0,0,2,1,9,2,4
36 - Βοιωτίας,158 E.T. Δήμου Λεβαδέων,440,299,12,2,14,285,98,22,32,5,21,3,58,6,5,24,2,5,30,6,10,3,7,1,45,30,3,0,7,1,9,0,0,1,4,0,17,0,2,11,0,0,2,1,0,0,2,1,0,0,1,1,1,0,0,0,4,0,1,2,0,0,1,1,0,0,0,0,0,0,0,0,0,0,0,0,0,0,0,0,5,0,4,0,0,0,0,0,1,0,0,0,0,0,3,2,0,0,0,0,0,8,1,5
36 - Βοιωτίας,159 E.T. Δήμου Λεβαδέων,598,424,8,0,8,416,131,48,23,23,12,8,104,5,6,55,7,10,60,5,14,27,9,0,47,28,7,2,1,3,12,1,0,1,6,0,13,0,5,2,0,0,1,0,0,0,3,2,0,0,4,4,1,0,0,0,14,2,3,5,1,1,1,0,0,0,0,0,0,0,0,0,0,0,0,0,0,0,2,2,5,1,0,1,1,1,2,2,1,0,0,0,0,0,3,3,1,1,0,0,0,9,2,3
36 - Βοιωτίας,160 E.T. Δήμου Λεβαδέων,368,235,7,2,9,226,40,14,10,2,4,6,50,3,4,21,5,5,34,13,3,11,3,0,60,4,46,0,4,0,13,3,3,2,1,0,4,2,0,1,0,0,0,0,0,0,1,1,0,0,0,0,1,0,0,0,10,0,0,9,0,0,1,1,0,0,0,1,1,0,0,0,0,0,0,0,0,0,3,1,3,0,3,0,0,0,1,1,2,1,0,0,0,0,0,0,0,0,0,0,0,2,0,1
36 - Βοιωτίας,161 E.T. Δήμου Λεβαδέων,679,444,5,3,8,436,120,35,28,8,10,17,87,3,5,48,1,6,91,48,14,9,15,0,55,18,11,1,3,3,21,2,3,2,8,3,12,1,1,1,4,4,1,1,0,0,1,0,0,1,1,1,1,0,0,0,3,0,1,2,0,0,0,0,0,0,0,1,0,1,0,0,0,0,0,2,0,2,0,0,7,2,2,0,1,0,9,8,1,1,1,0,0,0,6,2,0,0,0,0,0,10,1,5
36 - Βοιωτίας,162 E.T. Δήμου Λεβαδέων,367,213,2,3,5,208,82,16,32,13,7,1,43,3,10,21,1,1,47,17,13,6,6,1,9,3,1,1,1,1,9,2,1,1,1,0,1,1,0,0,1,0,1,1,0,0,0,0,0,0,2,2,1,1,0,0,3,0,0,0,0,0,0,0,0,0,0,0,0,0,0,0,0,0,0,1,1,0,1,0,1,0,1,0,0,0,0,0,2,0,0,0,0,0,0,0,1,0,0,0,0,3,0,1
36 - Βοιωτίας,163 E.T. Δήμου Λεβαδέων,208,143,0,0,0,143,55,10,23,4,4,8,17,1,0,7,0,4,40,6,10,11,13,0,5,4,1,0,0,0,6,1,2,1,0,0,0,0,0,0,0,0,0,0,0,0,1,0,0,1,0,0,1,0,0,0,7,1,3,1,0,0,0,0,0,0,0,1,1,0,0,0,0,0,0,1,0,0,0,0,3,0,2,0,0,0,0,0,0,0,0,0,0,0,1,0,0,0,0,0,0,5,2,2
36 - Βοιωτίας,164 E.T. Δήμου Λεβαδέων,270,169,3,1,4,165,70,15,27,11,4,12,28,2,2,10,2,5,28,0,12,12,0,0,26,15,4,0,3,0,1,1,0,0,0,0,4,0,3,0,2,1,0,0,0,0,1,0,0,0,1,1,0,0,0,0,0,0,0,0,0,0,1,0,0,0,0,0,0,0,0,0,0,0,0,0,0,0,0,0,0,0,0,0,0,0,0,0,0,0,0,0,0,0,0,0,0,0,0,0,0,3,0,2
36 - Βοιωτίας,165 E.T. Δήμου Λεβαδέων,82,34,0,0,0,34,8,1,3,0,0,3,9,0,0,6,2,0,12,4,1,4,3,0,0,0,0,0,0,0,1,0,0,0,1,0,2,1,1,0,0,0,0,0,0,0,0,0,0,0,0,0,0,0,0,0,0,0,0,0,0,0,0,0,0,0,0,0,0,0,0,0,0,0,0,0,0,0,0,0,0,0,0,0,0,0,0,0,0,0,0,0,0,0,0,0,0,0,0,2,2,0,0,0
36 - Βοιωτίας,166 E.T. Δήμου Λεβαδέων,235,165,0,2,2,163,71,34,8,10,11,2,23,2,0,14,0,0,37,8,8,8,8,1,6,1,3,0,0,0,8,0,0,1,0,1,0,0,0,0,1,0,1,0,0,0,0,0,0,0,3,1,0,0,0,0,5,0,2,1,0,0,0,0,0,0,0,0,0,0,0,0,0,0,0,0,0,0,0,0,0,0,0,0,0,0,0,0,3,1,1,0,0,0,1,1,0,0,0,0,0,3,0,1
36 - Βοιωτίας,167 E.T. Δήμου Λεβαδέων,75,49,0,0,0,49,21,4,6,4,0,3,13,1,1,5,0,0,7,1,0,1,4,0,2,0,0,0,2,0,0,0,0,0,0,0,1,0,0,0,2,1,0,0,0,0,0,0,0,0,0,0,0,0,0,0,0,0,0,0,0,0,0,0,0,0,0,0,0,0,0,0,0,0,0,0,0,0,0,0,0,0,0,0,0,0,0,0,0,0,0,0,0,0,0,0,0,0,0,0,0,3,0,0
36 - Βοιωτίας,168 E.T. Δήμου Λεβαδέων,183,101,2,0,2,99,53,7,29,2,4,7,22,3,3,14,0,0,7,0,1,4,2,0,5,2,0,0,0,0,2,0,0,0,1,0,1,0,0,1,0,0,0,0,0,0,1,0,0,0,0,0,1,0,0,1,1,0,0,1,0,0,0,0,0,0,0,0,0,0,0,0,0,0,0,0,0,0,0,0,0,0,0,0,0,0,1,1,0,0,0,0,0,0,1,1,0,0,0,0,0,4,2,2
36 - Βοιωτίας,169 E.T. Δήμου Ορχομενού,545,389,5,2,7,382,161,42,28,22,1,54,52,10,2,20,7,6,57,40,4,3,7,1,37,10,4,1,2,14,17,4,2,3,2,1,4,1,2,0,5,4,1,1,1,1,3,1,1,0,3,3,1,0,0,0,9,2,0,3,1,1,1,0,0,0,0,1,1,0,0,0,0,0,0,1,0,1,2,1,0,0,0,0,0,0,5,5,2,1,0,0,0,0,2,1,1,0,1,1,0,14,4,7
36 - Βοιωτίας,170 E.T. Δήμου Ορχομενού,519,347,4,2,6,341,158,31,27,25,2,52,63,12,16,22,6,1,42,34,2,4,2,0,19,10,3,1,1,1,10,1,1,2,0,1,2,0,0,1,2,2,0,0,0,0,2,1,0,1,4,2,2,0,1,0,5,2,1,1,0,0,0,0,0,1,1,1,1,0,0,0,0,0,0,1,0,0,0,0,3,3,0,0,1,0,4,2,2,2,1,0,1,0,2,1,0,0,0,1,0,15,2,7
36 - Βοιωτίας,171 E.T. Δήμου Ορχομενού,403,292,4,1,5,287,100,21,22,33,3,10,49,5,13,12,5,4,67,22,21,15,3,0,26,3,11,1,2,5,12,3,1,0,1,0,3,0,1,0,0,0,2,1,0,0,3,0,0,1,1,1,3,1,0,2,3,0,0,1,1,1,0,0,0,0,0,0,0,0,0,0,0,0,0,0,0,0,0,0,2,0,1,1,1,0,1,1,0,0,0,0,0,0,5,2,1,1,0,0,0,7,1,4
36 - Βοιωτίας,172 E.T. Δήμου Ορχομενού,402,285,5,0,5,280,93,25,12,26,5,16,42,7,10,9,1,5,63,29,20,6,0,1,30,8,12,1,4,1,17,1,3,0,0,4,2,0,1,0,0,0,0,0,0,0,0,0,0,0,0,0,2,0,0,0,6,0,2,2,0,0,1,1,0,0,0,1,1,1,0,0,0,0,0,0,0,0,0,0,0,0,0,0,0,0,1,1,1,0,0,0,0,0,1,1,0,0,0,1,1,18,3,4
36 - Βοιωτίας,173 E.T. Δήμου Ορχομενού,385,227,0,0,0,227,93,15,17,30,2,21,44,4,6,18,7,0,32,18,1,4,5,0,16,4,1,2,2,5,14,2,4,2,1,2,1,0,0,0,1,1,1,1,0,0,2,0,0,1,0,0,4,1,1,2,1,0,0,1,0,0,0,0,0,0,0,2,2,1,0,0,0,1,0,0,0,0,3,3,1,1,0,0,0,0,1,1,0,0,1,0,0,0,2,2,3,1,1,0,0,4,1,2
36 - Βοιωτίας,174 E.T. Δήμου Ορχομενού,373,254,4,1,5,249,96,8,19,43,2,14,53,3,13,13,11,4,48,30,4,5,6,0,20,2,0,0,0,13,5,0,0,1,1,0,3,1,0,1,1,1,1,1,0,0,0,0,0,0,1,0,2,0,0,0,3,0,0,1,0,0,0,0,0,0,0,1,0,0,0,0,0,0,0,0,0,0,3,0,0,0,0,0,0,0,2,1,4,0,2,0,0,0,1,1,0,0,0,0,0,3,1,0
36 - Βοιωτίας,175 E.T. Δήμου Ορχομενού,514,296,5,2,7,289,104,24,34,11,15,12,87,1,1,24,4,52,34,10,10,2,9,0,20,5,7,0,0,0,8,2,1,1,2,0,6,0,1,0,2,1,0,0,0,0,2,1,0,0,0,0,0,0,0,0,7,4,1,0,0,0,0,0,0,0,0,0,0,0,0,0,0,0,0,0,0,0,0,0,3,0,1,1,0,0,2,2,1,1,0,0,0,0,3,1,2,2,0,1,0,7,0,4
36 - Βοιωτίας,176 E.T. Δήμου Ορχομενού,491,283,5,1,6,277,76,12,39,8,7,5,98,4,2,26,1,53,42,6,11,4,13,0,11,3,4,0,1,1,14,2,2,1,4,1,5,0,1,2,2,2,1,0,0,0,2,2,0,0,1,1,2,0,0,1,4,0,3,1,0,0,0,0,0,0,0,0,0,0,0,0,0,0,0,1,0,1,1,1,1,0,0,1,1,1,2,0,0,0,1,0,0,0,3,1,1,0,1,0,0,8,1,1
36 - Βοιωτίας,177 E.T. Δήμου Ορχομενού,526,283,6,2,8,275,87,18,37,9,3,8,87,1,1,19,3,54,39,12,8,2,9,1,19,5,2,1,5,1,13,2,2,2,0,1,5,1,1,1,1,0,2,0,0,0,0,0,0,0,0,0,2,1,0,0,5,2,1,1,0,0,2,0,2,0,0,0,0,1,0,0,1,0,0,0,0,0,0,0,1,0,0,0,0,0,1,0,1,0,1,0,0,0,0,0,0,0,0,0,0,8,2,3
36 - Βοιωτίας,178 E.T. Δήμου Ορχομενού,519,315,8,3,11,304,110,28,37,9,11,12,68,1,4,18,0,33,51,18,6,3,11,2,16,5,5,0,1,2,20,3,2,4,3,0,6,2,2,0,0,0,1,0,0,0,0,0,0,0,0,0,3,0,0,1,10,3,2,3,0,0,2,0,0,0,0,1,0,1,0,1,0,0,0,1,0,0,0,0,2,0,0,1,1,0,1,1,2,2,0,0,0,0,2,2,0,0,0,0,0,6,0,2
36 - Βοιωτίας,179 E.T. Δήμου Ορχομενού,511,286,4,1,5,281,87,24,27,15,6,10,67,4,2,11,1,44,53,15,13,3,13,1,24,4,9,0,8,0,11,0,0,2,4,1,7,1,1,1,1,0,0,0,0,0,0,0,0,0,1,0,2,0,0,0,7,0,0,4,1,1,0,0,0,1,0,0,0,0,0,0,0,0,0,1,0,0,0,0,4,2,1,0,1,0,1,1,2,2,0,0,0,0,3,3,0,0,0,0,0,7,0,4
36 - Βοιωτίας,180 E.T. Δήμου Ορχομενού,502,313,8,3,11,302,94,21,27,8,13,12,102,4,6,25,0,66,43,8,15,3,5,0,17,4,7,0,1,0,12,2,1,0,3,1,6,0,1,5,0,0,1,0,0,0,0,0,0,0,2,0,1,0,1,0,6,1,1,3,0,0,1,0,0,0,0,1,0,1,1,0,0,0,0,0,0,0,2,2,2,0,2,0,0,0,1,1,0,0,2,0,0,0,2,1,0,0,0,0,0,6,0,4
36 - Βοιωτίας,181 E.T. Δήμου Ορχομενού,507,291,13,2,15,276,84,27,25,10,6,4,93,4,2,21,1,56,40,11,10,5,7,0,17,1,7,1,1,2,10,3,2,1,0,2,5,1,1,0,0,0,3,3,1,1,3,1,1,0,1,0,1,1,0,0,2,0,1,0,0,0,1,0,1,0,0,0,0,0,0,0,0,0,0,0,0,0,0,0,3,0,1,0,0,0,0,0,4,1,0,0,0,0,2,1,0,0,0,0,0,6,1,2
36 - Βοιωτίας,182 E.T. Δήμου Ορχομενού,523,335,8,2,10,325,134,33,44,32,11,14,89,4,5,29,1,48,26,6,11,3,6,0,28,7,18,1,1,1,10,2,1,2,1,1,11,3,3,5,3,2,0,0,0,0,5,2,0,0,0,0,2,0,1,0,0,0,0,0,0,0,2,0,2,0,0,0,0,0,0,0,0,0,0,1,0,0,2,2,6,1,2,0,0,0,0,0,0,0,1,0,1,0,0,0,0,0,0,0,0,5,1,3
36 - Βοιωτίας,183 E.T. Δήμου Ορχομενού,521,309,10,0,10,299,101,27,35,13,5,3,88,4,3,7,2,60,44,5,17,8,8,2,13,3,4,0,0,0,11,1,0,1,5,0,4,0,2,0,1,1,1,0,0,0,3,0,1,2,2,0,3,1,0,0,7,1,3,0,0,0,1,1,0,0,0,0,0,1,0,0,1,0,0,1,0,1,1,0,3,2,1,0,0,0,1,1,0,0,1,0,0,1,3,1,0,0,0,0,0,9,2,4
36 - Βοιωτίας,184 E.T. Δήμου Ορχομενού,537,321,10,3,13,308,104,17,46,6,9,9,87,3,1,22,0,56,45,12,10,6,11,1,19,4,3,2,2,1,16,1,4,1,5,3,10,0,3,3,0,0,0,0,0,0,2,2,0,0,0,0,0,0,0,0,7,0,2,5,1,1,2,0,2,0,0,0,0,0,0,0,0,0,0,0,0,0,0,0,4,0,0,2,0,0,2,1,1,0,1,0,0,0,2,1,0,0,0,0,0,5,2,2
36 - Βοιωτίας,185 E.T. Δήμου Ορχομενού,487,319,17,4,21,298,133,56,23,15,8,7,62,4,1,30,1,14,32,16,7,3,6,0,24,8,11,0,1,0,9,0,0,0,0,0,5,1,0,1,3,0,0,0,0,0,1,0,0,1,0,0,0,0,0,0,6,0,0,0,1,0,0,0,0,0,0,0,0,0,0,0,0,0,0,2,1,0,0,0,5,4,0,0,1,0,0,0,0,0,1,0,1,0,5,3,1,0,0,4,0,3,0,1
36 - Βοιωτίας,186 E.T. Δήμου Ορχομενού,486,324,8,1,9,315,146,50,49,6,9,14,77,4,4,29,2,28,38,10,10,7,10,0,14,8,2,0,0,0,10,4,0,1,2,0,5,0,0,0,2,0,0,0,0,0,3,0,0,0,0,0,0,0,0,0,4,1,1,1,1,1,0,0,0,0,0,0,0,1,0,0,0,0,0,0,0,0,0,0,2,0,1,1,0,0,0,0,1,1,0,0,0,0,1,0,0,0,0,2,0,8,3,2
36 - Βοιωτίας,187 E.T. Δήμου Ορχομενού,336,206,4,0,4,202,94,25,23,10,14,13,38,2,0,8,3,22,22,4,6,6,2,0,9,3,3,0,0,0,10,3,1,1,4,0,13,4,5,1,1,1,0,0,0,0,2,0,1,0,0,0,0,0,0,0,4,0,1,1,0,0,1,1,0,0,0,0,0,0,0,0,0,0,0,0,0,0,0,0,3,0,3,0,0,0,0,0,0,0,0,0,0,0,1,1,0,0,0,0,0,4,0,3
36 - Βοιωτίας,188 E.T. Δήμου Ορχομενού,687,494,6,0,6,488,172,58,40,16,13,37,71,1,6,2,25,12,125,51,29,17,12,3,55,13,10,3,3,0,11,0,6,1,1,0,9,1,2,1,1,1,0,0,1,0,3,1,0,1,4,3,1,1,0,0,6,0,1,1,3,0,0,0,0,1,1,0,0,3,0,1,1,0,0,0,0,0,1,1,3,1,0,1,0,0,3,2,1,0,3,1,1,0,3,3,1,0,1,0,0,7,3,1
36 - Βοιωτίας,189 E.T. Δήμου Ορχομενού,314,186,3,1,4,182,77,17,29,4,5,13,44,1,1,5,1,22,30,9,7,2,4,2,5,1,1,0,3,0,5,0,0,0,1,1,6,0,2,1,2,0,0,0,0,0,1,0,0,0,0,0,0,0,0,0,3,0,0,1,0,0,0,0,0,0,0,1,1,0,0,0,0,0,0,0,0,0,0,0,0,0,0,0,0,0,2,0,0,0,0,0,0,0,0,0,0,0,0,0,0,6,0,2
36 - Βοιωτίας,190 E.T. Δήμου Ορχομενού,348,243,1,1,2,241,77,22,23,13,1,11,52,2,0,33,5,6,72,10,46,3,5,2,12,8,1,0,0,0,8,1,1,0,0,0,4,0,1,0,2,1,0,0,0,0,0,0,0,0,0,0,0,0,0,0,6,1,3,1,0,0,0,0,0,0,0,0,0,0,0,0,0,0,0,0,0,0,0,0,3,2,0,1,0,0,0,0,1,1,0,0,0,0,0,0,0,0,0,0,0,4,2,1
36 - Βοιωτίας,191 E.T. Δήμου Ορχομενού,414,248,6,1,7,241,62,30,17,3,5,3,45,4,4,13,2,15,86,5,79,1,0,0,15,4,0,3,3,0,4,1,1,0,0,1,4,1,2,1,1,1,2,1,0,0,1,0,1,0,2,0,0,0,0,0,1,1,0,0,1,1,0,0,0,0,0,0,0,0,0,0,0,0,0,0,0,0,0,0,2,0,0,0,0,0,3,3,0,0,2,0,0,0,1,0,1,0,1,4,3,4,1,1
36 - Βοιωτίας,192 E.T. Δήμου Ορχομενού,419,264,8,2,10,254,69,41,16,3,2,2,75,6,1,29,0,20,67,4,59,1,3,0,11,4,2,2,0,0,10,2,3,1,0,0,5,2,2,0,0,0,0,0,0,0,1,1,0,0,1,1,1,1,0,0,2,0,1,1,0,0,0,0,0,0,0,1,0,0,0,0,0,0,0,0,0,0,2,2,1,0,0,0,0,0,0,0,1,1,0,0,0,0,2,1,2,1,1,2,0,1,0,0
36 - Βοιωτίας,193 E.T. Δήμου Ορχομενού,419,269,8,2,10,259,71,40,11,1,1,8,54,4,6,22,1,9,85,4,77,2,2,0,16,6,2,0,3,0,9,2,3,2,0,0,7,1,0,1,1,1,2,2,0,0,0,0,0,0,1,0,0,0,0,0,1,1,0,0,0,0,0,0,0,0,0,0,0,0,0,0,0,0,0,0,0,0,3,0,0,0,0,0,0,0,1,1,2,1,0,0,0,0,3,1,1,0,0,0,0,2,0,2
36 - Βοιωτίας,194 E.T. Δήμου Ορχομενού,133,79,2,0,2,77,42,18,17,2,0,2,10,0,0,7,0,1,15,4,4,3,3,0,5,1,0,1,0,1,1,0,0,0,1,0,0,0,0,0,0,0,0,0,0,0,1,0,0,0,1,0,0,0,0,0,0,0,0,0,0,0,0,0,0,0,0,0,0,0,0,0,0,0,0,1,0,1,0,0,0,0,0,0,0,0,0,0,0,0,0,0,0,0,0,0,1,0,0,0,0,0,0,0
36 - Βοιωτίας,195 E.T. Δήμου Τανάγρας,145,106,0,0,0,106,40,7,8,19,2,4,26,8,2,11,1,1,15,8,1,3,2,0,2,1,0,0,0,1,3,2,0,0,0,0,1,0,0,0,9,6,0,0,0,0,0,0,0,0,2,1,0,0,0,0,1,1,0,0,0,0,0,0,0,0,0,0,0,0,0,0,0,0,0,0,0,0,1,0,0,0,0,0,0,0,0,0,0,0,1,0,0,1,0,0,3,1,1,0,0,2,0,0
36 - Βοιωτίας,196 E.T. Δήμου Τανάγρας,345,242,6,0,6,236,86,12,9,29,3,20,35,7,6,9,4,0,48,33,4,4,4,1,12,0,0,3,2,1,8,0,3,0,1,2,2,0,0,0,3,2,0,0,0,0,1,1,0,0,12,8,0,0,0,0,12,1,1,7,0,0,0,0,0,0,0,0,0,0,0,0,0,0,0,0,0,0,0,0,1,1,0,0,0,0,2,1,0,0,0,0,0,0,2,0,0,0,0,0,0,12,2,4
36 - Βοιωτίας,197 E.T. Δήμου Τανάγρας,369,250,3,0,3,247,131,8,17,64,2,32,29,4,6,5,5,2,28,19,1,2,4,0,12,4,0,3,1,1,11,4,1,0,1,2,6,3,1,1,0,0,0,0,0,0,1,0,0,1,15,12,0,0,0,0,5,0,1,2,1,0,0,0,0,0,0,0,0,0,0,0,0,0,0,0,0,0,1,1,0,0,0,0,0,0,1,1,1,0,0,0,0,0,1,1,0,0,0,0,0,4,1,2
36 - Βοιωτίας,198 E.T. Δήμου Τανάγρας,377,277,9,3,12,265,155,7,20,55,3,54,18,2,1,1,8,0,40,23,1,5,4,2,7,0,0,2,3,1,13,6,0,2,2,0,4,1,1,0,3,3,0,0,1,1,0,0,0,0,7,6,1,1,0,0,3,3,0,0,0,0,0,0,0,0,0,0,0,1,0,0,0,0,0,1,0,1,1,0,0,0,0,0,0,0,2,1,0,0,0,0,0,0,2,2,0,0,0,1,0,5,0,2
36 - Βοιωτίας,199 E.T. Δήμου Τανάγρας,374,263,5,1,6,257,109,2,14,36,2,37,36,10,2,3,14,0,47,24,3,3,4,9,12,1,1,7,0,0,14,2,1,2,3,1,5,0,3,0,0,0,0,0,0,0,0,0,0,0,4,3,2,0,0,0,9,4,2,2,2,0,0,0,0,0,0,0,0,0,0,0,0,0,0,2,0,1,1,0,1,0,0,0,1,1,1,1,1,1,0,0,0,0,3,3,1,0,0,0,0,6,1,2
36 - Βοιωτίας,200 E.T. Δήμου Τανάγρας,283,209,5,1,6,203,111,13,33,27,4,22,31,9,8,6,1,2,12,10,0,2,0,0,19,1,0,8,2,3,7,4,0,1,2,0,2,0,0,0,7,4,0,0,0,0,2,2,0,0,2,1,0,0,0,0,4,1,1,0,0,0,0,0,0,0,0,0,0,0,0,0,0,0,0,0,0,0,0,0,0,0,0,0,0,0,1,0,1,0,0,0,0,0,0,0,0,0,0,1,1,3,2,1
36 - Βοιωτίας,201 E.T. Δήμου Τανάγρας,407,291,11,1,12,279,89,15,26,13,4,16,57,15,10,14,3,0,17,6,1,1,2,2,54,2,0,49,0,0,18,3,6,3,1,1,5,0,2,0,7,6,0,0,1,0,2,0,0,1,2,2,1,0,0,0,2,1,0,0,0,0,0,0,0,0,0,1,0,2,1,0,0,0,0,1,1,0,2,1,4,4,0,0,1,1,1,0,1,0,0,0,0,0,2,1,1,1,0,1,0,7,1,4
36 - Βοιωτίας,202 E.T. Δήμου Τανάγρας,409,299,15,1,16,283,103,13,22,23,8,22,61,21,9,17,4,0,28,16,5,0,2,4,46,1,0,38,2,0,16,1,2,2,5,0,1,0,1,0,1,1,1,0,0,0,0,0,0,0,4,4,0,0,0,0,5,2,1,1,0,0,0,0,0,0,0,0,0,2,2,0,0,0,0,1,0,0,0,0,3,1,2,0,0,0,2,1,0,0,1,0,1,0,1,1,0,0,0,0,0,7,0,4
36 - Βοιωτίας,203 E.T. Δήμου Τανάγρας,400,294,9,0,9,285,89,21,16,14,10,15,58,12,9,26,0,4,26,16,1,1,0,4,46,1,0,43,0,0,19,3,5,8,2,0,11,1,6,3,8,6,0,0,0,0,1,1,0,0,3,2,2,0,0,0,4,0,2,0,0,0,1,0,0,0,0,0,0,3,0,0,0,1,0,0,0,0,1,1,1,0,0,0,0,0,1,0,1,1,0,0,0,0,1,0,1,0,0,0,0,8,1,4
36 - Βοιωτίας,204 E.T. Δήμου Τανάγρας,535,387,5,0,5,382,143,29,40,22,6,29,75,13,7,33,1,1,40,17,1,1,10,4,45,1,0,37,0,0,27,10,5,4,3,1,3,1,1,0,0,0,0,0,0,0,1,0,0,0,2,1,0,0,0,0,8,3,3,0,0,0,0,0,0,0,0,0,0,2,0,0,0,0,2,4,1,2,3,2,9,4,1,2,0,0,1,1,4,3,1,1,0,0,1,1,0,0,0,1,0,12,1,10
36 - Βοιωτίας,205 E.T. Δήμου Τανάγρας,541,381,4,0,4,377,109,17,33,21,3,19,94,23,14,32,4,2,31,16,3,2,6,3,73,4,0,67,1,0,20,5,1,4,2,3,10,1,1,0,3,3,0,0,0,0,2,1,0,1,8,4,1,0,0,0,4,1,0,0,0,0,2,0,0,0,0,0,0,0,0,0,0,0,0,0,0,0,1,1,2,2,0,0,0,0,2,1,3,3,0,0,0,0,3,2,0,0,0,1,0,8,3,3
36 - Βοιωτίας,206 E.T. Δήμου Τανάγρας,524,369,5,1,6,363,124,33,26,21,6,18,74,19,19,21,1,0,33,11,5,0,6,2,64,0,0,55,1,0,22,5,5,2,2,1,5,0,0,3,2,1,1,1,1,0,0,0,0,0,0,0,1,0,1,0,8,0,7,1,0,0,0,0,0,0,0,0,0,0,0,0,0,0,0,2,1,0,1,1,5,1,3,0,0,0,1,1,0,0,0,0,0,0,2,0,0,0,0,1,0,16,3,6
36 - Βοιωτίας,207 E.T. Δήμου Τανάγρας,456,332,10,2,12,320,157,42,24,35,11,20,47,25,3,11,1,2,28,22,0,0,3,1,28,1,0,20,1,1,17,5,3,1,0,6,4,0,1,0,0,0,0,0,0,0,1,0,0,0,2,0,1,1,0,0,7,0,3,2,0,0,0,0,0,0,0,0,0,1,0,0,0,0,0,0,0,0,2,1,1,1,0,0,1,1,3,1,4,3,0,0,0,0,2,2,1,0,0,2,1,11,0,8
36 - Βοιωτίας,208 E.T. Δήμου Τανάγρας,453,337,13,1,14,323,173,32,31,50,8,22,46,16,5,12,1,0,23,12,2,1,4,1,22,2,2,9,3,2,14,6,1,1,1,0,6,1,4,0,3,3,0,0,0,0,0,0,0,0,1,0,6,3,0,0,4,2,1,0,0,0,0,0,0,0,0,0,0,0,0,0,0,0,0,0,0,0,2,2,1,0,0,0,0,0,4,0,0,0,0,0,0,0,4,4,0,0,0,3,2,11,1,5
36 - Βοιωτίας,209 E.T. Δήμου Τανάγρας,453,320,15,3,18,302,125,26,19,36,8,23,59,19,10,10,5,3,41,26,0,2,5,2,19,1,0,12,1,3,11,3,1,4,2,0,10,3,2,3,3,1,0,0,0,0,0,0,0,0,7,2,3,0,1,0,8,0,7,1,1,1,1,0,0,0,0,0,0,1,0,1,0,0,0,1,0,0,0,0,0,0,0,0,1,1,0,0,1,1,1,0,0,0,1,1,1,0,1,0,0,7,1,1
36 - Βοιωτίας,210 E.T. Δήμου Τανάγρας,456,314,12,0,12,302,135,26,19,41,9,22,56,25,2,11,3,3,27,17,0,2,1,1,18,2,1,14,0,0,17,7,1,3,3,0,6,1,0,1,3,2,1,1,1,1,3,1,0,0,1,1,1,0,0,0,6,0,2,2,2,2,0,0,0,0,0,0,0,1,0,0,0,0,0,0,0,0,0,0,2,2,0,0,0,0,2,2,2,1,0,0,0,0,0,0,1,1,0,4,3,13,4,5
36 - Βοιωτίας,211 E.T. Δήμου Τανάγρας,394,277,2,0,2,275,110,15,24,41,5,7,47,18,8,6,0,0,40,18,0,4,3,5,17,2,1,7,0,1,12,0,1,0,0,2,3,1,0,1,6,5,0,0,0,0,1,0,0,0,4,0,1,0,0,0,16,3,1,3,1,0,0,0,0,1,0,0,0,0,0,0,0,0,0,3,0,1,0,0,4,1,1,2,0,0,0,0,0,0,0,0,0,0,1,1,1,0,1,0,0,7,1,2
36 - Βοιωτίας,212 E.T. Δήμου Τανάγρας,380,273,5,3,8,265,117,16,35,35,2,3,46,22,6,8,0,1,33,21,0,3,0,3,19,3,0,8,0,2,10,2,1,3,2,1,5,0,2,0,4,3,0,0,0,0,1,0,0,1,1,1,1,1,0,0,8,2,2,3,0,0,0,0,0,0,0,0,0,1,0,0,0,0,0,0,0,0,2,1,0,0,0,0,1,1,3,3,1,1,1,0,0,0,1,0,0,0,0,0,0,10,3,2
36 - Βοιωτίας,213 E.T. Δήμου Τανάγρας,374,243,6,1,7,236,109,10,15,34,4,15,39,12,3,6,5,1,23,16,0,0,1,0,9,1,0,4,0,1,13,3,2,1,1,1,3,2,0,0,2,1,3,2,0,0,0,0,0,0,2,1,5,0,1,0,5,0,2,1,0,0,0,0,0,0,0,0,0,1,1,0,0,0,0,1,0,1,1,1,1,0,0,0,2,0,0,0,1,1,1,0,0,0,1,1,2,0,0,0,0,12,1,3
36 - Βοιωτίας,214 E.T. Δήμου Τανάγρας,366,257,3,4,7,250,128,19,21,17,6,46,43,36,1,3,0,1,21,6,1,2,4,1,9,0,1,3,1,3,15,4,1,2,1,1,5,1,2,0,3,2,0,0,0,0,1,1,0,0,5,4,2,1,0,1,8,3,2,1,0,0,0,0,0,0,0,0,0,0,0,0,0,0,0,0,0,0,2,1,1,1,0,0,0,0,0,0,2,2,0,0,0,0,0,0,0,0,0,0,0,5,1,3
36 - Βοιωτίας,215 E.T. Δήμου Τανάγρας,481,379,6,2,8,371,161,30,13,57,9,29,57,13,7,13,7,1,41,17,2,2,5,8,19,1,0,13,1,1,18,4,2,3,0,2,10,1,5,2,4,3,0,0,0,0,2,1,0,0,3,2,5,0,2,0,20,4,6,7,2,1,1,1,0,0,0,0,0,1,0,1,0,0,0,1,1,0,0,0,6,2,2,0,0,0,3,1,1,1,2,0,0,2,0,0,1,0,1,0,0,13,0,7
36 - Βοιωτίας,216 E.T. Δήμου Τανάγρας,494,385,9,5,14,371,150,29,22,46,6,15,48,11,4,10,5,2,53,19,5,5,3,11,29,1,1,11,2,2,17,4,3,3,1,2,7,3,2,1,1,0,2,2,0,0,3,0,0,0,1,0,6,1,0,0,18,2,3,5,1,0,0,0,0,0,0,0,0,0,0,0,0,0,0,0,0,0,5,4,3,1,1,0,1,1,1,1,6,4,0,0,0,0,1,0,1,1,0,1,0,16,2,7
36 - Βοιωτίας,217 E.T. Δήμου Τανάγρας,493,363,5,2,7,356,164,44,27,48,6,17,55,13,7,14,5,1,53,29,8,1,1,12,15,2,2,6,2,0,15,4,3,2,2,1,4,3,0,1,2,2,1,0,0,0,0,0,0,0,1,1,3,0,0,0,12,2,1,3,0,0,0,0,0,0,0,0,0,1,0,0,0,1,0,4,1,1,5,3,1,1,0,0,0,0,2,2,2,2,3,0,0,0,2,0,0,0,0,1,0,10,2,6
36 - Βοιωτίας,218 E.T. Δήμου Τανάγρας,476,406,3,2,5,401,191,40,22,61,10,27,63,19,7,14,4,2,40,15,2,3,3,6,28,0,1,12,7,4,13,5,1,3,0,0,5,0,0,1,3,1,0,0,0,0,0,0,0,0,7,1,2,0,0,0,20,5,4,5,1,1,1,1,0,0,0,0,0,1,0,1,0,0,0,1,1,0,0,0,6,1,2,0,0,0,2,0,1,0,0,0,0,0,3,0,1,0,0,1,0,11,2,6
36 - Βοιωτίας,219 E.T. Δήμου Τανάγρας,494,416,12,2,14,402,183,41,42,46,6,23,77,23,14,19,12,3,38,14,1,1,6,10,13,1,2,5,0,1,17,4,4,0,3,2,11,5,2,0,2,2,0,0,0,0,1,0,0,1,1,0,3,0,0,1,20,5,6,7,0,0,0,0,0,0,0,0,0,1,1,0,0,0,0,0,0,0,0,0,5,2,0,1,0,0,2,0,0,0,3,0,1,2,2,0,4,1,2,1,1,18,2,9
36 - Βοιωτίας,220 E.T. Δήμου Τανάγρας,481,368,7,3,10,358,149,37,19,37,4,19,67,15,8,20,6,4,51,18,3,6,6,6,19,3,0,8,0,3,15,6,2,1,2,1,7,3,2,1,7,6,0,0,0,0,0,0,0,0,1,0,3,1,1,0,17,6,4,7,0,0,1,0,0,0,0,0,0,0,0,0,0,0,0,5,3,2,0,0,3,2,1,0,2,2,0,0,1,1,1,0,0,0,1,1,1,0,0,0,0,7,0,4
36 - Βοιωτίας,221 E.T. Δήμου Τανάγρας,467,417,5,3,8,409,164,36,30,39,10,28,71,24,7,17,4,2,59,17,8,6,4,16,22,2,2,6,1,5,23,6,5,3,1,4,6,4,2,0,4,2,1,0,0,0,0,0,0,0,8,6,3,0,1,1,22,3,7,11,2,0,0,0,0,0,0,0,0,0,0,0,0,0,0,0,0,0,0,0,3,2,0,0,0,0,0,0,1,0,0,0,0,0,5,2,2,1,0,1,1,12,3,6
36 - Βοιωτίας,222 E.T. Δήμου Τανάγρας,398,294,4,2,6,288,146,11,29,68,4,20,36,13,7,2,7,1,60,49,0,1,4,1,9,2,2,1,2,2,9,1,1,1,0,1,4,0,1,1,2,2,1,1,0,0,0,0,0,0,0,0,0,0,0,0,5,0,1,3,0,0,0,0,0,0,0,0,0,0,0,0,0,0,0,4,0,0,0,0,3,2,1,0,1,1,1,1,0,0,0,0,0,0,3,2,0,0,0,0,0,4,0,1
36 - Βοιωτίας,223 E.T. Δήμου Τανάγρας,406,299,17,3,20,279,143,8,34,57,1,27,32,8,13,4,5,0,54,37,3,2,5,5,6,1,1,2,0,0,7,2,1,0,0,0,6,1,1,1,1,0,0,0,0,0,1,0,0,0,2,0,0,0,0,0,4,2,0,1,0,0,0,0,0,0,0,1,1,0,0,0,0,0,0,0,0,0,0,0,1,0,0,0,4,2,1,1,3,1,1,0,0,1,3,3,0,0,0,2,0,7,0,4
36 - Βοιωτίας,224 E.T. Δήμου Τανάγρας,407,275,6,2,8,267,139,13,32,34,3,37,48,8,10,11,6,0,24,20,0,1,1,0,15,1,0,3,1,6,14,5,0,0,0,0,4,0,0,0,0,0,0,0,0,0,1,0,0,0,6,5,1,0,1,0,5,3,0,2,0,0,0,0,0,0,0,0,0,0,0,0,0,0,0,1,0,0,0,0,1,0,0,0,0,0,0,0,0,0,1,0,0,0,3,3,0,0,0,0,0,4,0,1
36 - Βοιωτίας,225 E.T. Δήμου Τανάγρας,418,296,9,2,11,285,131,17,33,42,2,25,39,7,8,8,11,0,40,28,2,4,2,1,15,1,0,5,1,3,16,0,1,3,1,3,3,0,0,0,1,1,0,0,0,0,0,0,0,0,4,3,3,0,0,1,8,2,0,3,1,1,0,0,0,0,0,0,0,2,1,0,0,0,1,3,0,0,3,1,1,0,0,0,0,0,2,1,2,1,1,0,1,0,3,1,0,0,0,0,0,7,1,3
36 - Βοιωτίας,226 E.T. Δήμου Τανάγρας,479,346,7,1,8,338,149,12,18,66,1,33,57,6,16,3,10,1,58,39,2,3,3,3,15,1,2,2,1,4,17,2,1,1,1,2,7,0,3,0,2,2,0,0,0,0,0,0,0,0,0,0,3,0,0,0,7,0,2,1,1,0,0,0,0,0,0,0,0,0,0,0,0,0,0,0,0,0,0,0,1,1,0,0,1,0,0,0,0,0,2,0,2,0,3,1,1,0,0,0,0,14,4,2
36 - Βοιωτίας,227 E.T. Δήμου Τανάγρας,618,416,8,0,8,408,228,35,22,111,5,31,43,9,5,12,4,0,39,19,2,6,2,1,33,4,1,13,2,3,18,4,2,2,1,3,12,0,4,0,3,3,0,0,0,0,0,0,0,0,5,2,2,1,0,0,4,2,0,1,0,0,1,0,0,0,0,0,0,1,1,0,0,0,0,1,0,0,3,2,1,0,0,0,2,0,1,0,0,0,0,0,0,0,4,4,0,0,0,0,0,7,0,2
36 - Βοιωτίας,Ετερ. Βοιωτίας (από Εφετείο Θεσσαλονίκης),59,46,0,0,0,46,17,2,3,2,2,7,12,2,2,5,1,1,4,1,0,0,1,0,3,0,0,1,2,0,3,0,0,1,0,0,2,0,1,1,0,0,0,0,0,0,0,0,0,0,0,0,1,1,0,0,4,1,2,1,0,0,0,0,0,0,0,0,0,0,0,0,0,0,0,0,0,0,0,0,0,0,0,0,0,0,0,0,0,0,0,0,0,0,0,0,0,0,0,0,0,0,0,0
36 - Βοιωτίας,Ε.Τ. ΚΕΝΤΡΟΥ ΑΠΕΞΑΡΤΗΣΗΣ ΤΟΞΙΚΟΜΑΝΩΝ ΚΡΑΤΟΥΜΕΝΩΝ ΕΛΑΙΩΝΑ,20,19,2,0,2,17,4,0,0,1,1,0,10,3,1,1,2,0,0,0,0,0,0,0,1,0,0,0,1,0,0,0,0,0,0,0,0,0,0,0,0,0,0,0,0,0,0,0,0,0,0,0,0,0,0,0,0,0,0,0,0,0,0,0,0,0,0,0,0,0,0,0,0,0,0,0,0,0,0,0,1,0,1,0,0,0,0,0,0,0,0,0,0,0,0,0,0,0,0,0,0,1,0,0
36 - Βοιωτίας,Ε.Τ. ΚΑΤΑΣΤΗΜΑΤΟΣ ΚΡΑΤΟΥΜΕΝΩΝ ΓΥΝΑΙΚΩΝ ΕΛΑΙΩΝΑ,215,203,4,1,5,198,9,2,1,0,0,1,161,23,6,4,1,4,12,0,2,1,0,0,5,0,1,1,0,0,3,1,1,0,0,0,2,0,0,0,0,0,0,0,0,0,0,0,0,0,1,1,0,0,0,0,1,0,0,0,0,0,1,0,0,0,0,0,0,0,0,0,0,0,0,0,0,0,0,0,0,0,0,0,0,0,0,0,0,0,0,0,0,0,1,0,1,0,0,0,0,1,0,0
36 - Βοιωτίας,Ετερ. Βοιωτίας (από 34ο Ε.Τ. Νομ. Αττικης-Αθηνών),278,157,1,0,1,156,61,9,15,11,0,6,42,8,4,15,1,0,11,4,1,1,2,1,13,4,0,2,1,0,0,0,0,0,0,0,5,0,2,1,1,1,0,0,0,0,1,0,0,0,3,3,1,0,1,0,5,0,2,0,0,0,0,0,0,0,0,0,0,0,0,0,0,0,0,1,0,1,0,0,4,1,0,0,0,0,2,1,0,0,0,0,0,0,0,0,0,0,0,0,0,6,1,3
36 - Βοιωτίας,Ετερ. Βοιωτίας (από 35ο Ε.Τ. Νομ. Αττικης-Αθηνών),278,162,1,0,1,161,62,14,20,7,7,5,42,11,6,12,3,1,17,5,2,1,4,1,15,3,0,0,3,3,4,1,1,0,1,0,5,1,1,1,0,0,0,0,1,0,2,0,0,1,2,1,1,0,0,1,3,0,1,0,0,0,0,0,0,0,0,0,0,0,0,0,0,0,0,1,0,1,0,0,0,0,0,0,0,0,0,0,0,0,0,0,0,0,0,0,0,0,0,0,0,6,1,2
Σύνολο,,105110,68865,1384,343,1727,67138,25017,4745,5028,6607,1334,4511,13999,1646,1862,5105,1946,1032,9376,3866,1640,1058,1534,250,5978,1517,577,626,588,1436,2683,496,330,369,513,172,1521,265,336,359,416,307,147,78,26,12,379,126,24,71,482,283,392,113,31,47,1764,253,358,671,93,46,59,17,8,17,7,79,40,152,17,15,40,25,17,200,61,68,179,114,574,148,180,64,116,59,325,206,272,168,142,12,35,37,476,269,185,71,34,193,90,1896,303,882
