ΠΕΡΙΦΕΡΕΙΑ,ΕΚΛΟΓΙΚΟ ΤΜΗΜΑ,ΕΓΓΕΓΡΑΜΜΕΝΟΙ,ΨΗΦΙΣΑΝΤΕΣ,ΑΚΥΡΑ,ΛΕΥΚΑ,ΑΚΥΡΑ & ΛΕΥΚΑ,ΕΓΚΥΡΑ,Νέα Δημοκρατία,ΑΝΤΩΝΙΑΔΗΣ ΙΩΑΝΝΗΣ του Δημητρίου,ΒΕΛΤΣΗ ΠΑΥΛΙΝΑ του Παύλου,ΗΛΙΑΔΟΥ-ΤΑΧΟΥ ΣΟΦΙΑ του Σταύρου,ΠΑΠΑΣΩΤΗΡΙΟΥ ΣΤΑΥΡΟΣ του Γεωργίου,ΣΥΡΙΖΑ,ΚΩΤΑΚΙΔΗΣ ΓΕΩΡΓΙΟΣ του Ευσταθίου,ΜΠΙΡΟΣ ΣΤΕΦΑΝΟΣ του Παντελή,ΠΕΡΚΑ ΘΕΟΠΙΣΤΗ (ΠΕΤΗ) του Χαράλαμπου,ΧΑΤΖΗΚΩΝΣΤΑΝΤΙΝΟΥ ΠΑΣΧΑΛΙΤΣΑ του Ευάγγελου,ΠΑΣΟΚ-Κίνημα Αλλαγής,ΓΕΩΡΓΙΑΔΗΣ ΑΡΙΣΤΟΤΕΛΗΣ (ΤΕΛΗΣ) του Βασιλείου,ΚΑΡΑΔΑΚΟΥ ΟΛΓΑ του Αναστασίου,ΚΡΗΤΙΚΟΥ - ΦΡΑΝΤΖΗ ΔΙΑΜΑΝΤΟΥΛΑ (ΔΙΑΜΑΝΤΩ) του Ανδρέα,ΛΑΒΑΣΙΔΗΣ ΛΑΖΑΡΟΣ του Γεωργίου,Κ.Κ.Ε.,ΑΛΕΞΙΟΥ ΕΥΑΓΓΕΛΟΣ του Δημητρίου,ΒΟΓΙΑΤΖΗ ΜΑΡΙΑ του Εμμανουήλ,ΒΥΣΙΝΗΣ ΕΥΑΓΓΕΛΟΣ του Χρήστου,ΤΟΡΛΑΧΙΔΟΥ ΠΑΝΑΓΙΩΤΑ (ΓΙΩΤΑ) του Μιχαήλ,Ελληνική Λύση - Κ. Βελόπουλος,ΓΑΚΗΣ ΔΗΜΗΤΡΙΟΣ του Μιχαήλ,ΔΡΟΓΟΥΔΗ ΑΝΑΣΤΑΣΙΑ του Κωνσταντίνου,ΠΑΠΟΥΛΙΔΟΥ ΑΝΝΑ του Γεωργίου,ΧΕΙΜΩΝΙΔΗΣ ΧΑΡΑΛΑΜΠΟΣ του Θεοδώρου,ΜέΡΑ25-ΣΥΜΜΑΧΙΑ ΓΙΑ ΤΗ ΡΗΞΗ,ΓΙΑΣΗΜΑΚΟΠΟΥΛΟΣ ΓΕΩΡΓΙΟΣ του Παναγιώτη,ΜΙΤΡΟΒΙΤΣ ΜΑΡΙΑ του Ντράγκαν,ΤΡΑΣΙΑΣ ΑΛΕΞΑΝΔΡΟΣ του Γεωργίου,ΕΝΩΝΩ ΣΥΜΜΑΧΙΑ ΕΛΕΥΘΕΡΙΑΣ,ΙΩΑΝΝΙΔΗΣ ΠΑΝΤΕΛΗΣ του Χρήστου,Κ.Κ.Ε. (μ-λ),ΒΑΡΝΑΒΑ ΔΗΜΗΤΡΑ του Στυλιανού,Ο.Κ.Δ.Ε.,ΣΑΒΒΑΚΗΣ ΣΤΑΥΡΟΣ του Κίμωνα,ΑΝΤ.ΑΡ.ΣΥ.Α.,ΑΝΑΓΝΩΣΤΟΠΟΥΛΟΥ ΚΥΡΙΑΚΗ του Γεωργίου,ΤΖΩΤΖΗΣ ΒΑΣΙΛΕΙΟΣ του Μιχαήλ,Κίνημα 21,ΠΑΠΑΔΟΠΟΥΛΟΥ ΑΝΑΣΤΑΣΙΑ του Γεωργίου,ΕΘΝΙΚΗ ΔΗΜΙΟΥΡΓΙΑ,ΑΜΑΝΑΤΙΔΟΥ ΑΝΑΣΤΑΣΙΑ του Νικολάου,ΚΕΣΙΔΗΣ ΔΗΜΗΤΡΙΟΣ του Αναστασίου,ΝΙΚΗ,ΠΑΠΑΔΟΠΟΥΛΟΣ ΒΑΣΙΛΕΙΟΣ του Γεωργίου,ΤΑΝΤΣΗ ΑΛΕΞΙΑ του Πανταζή,κοινωνία αξιών,ΛΑΠΠΑΣ ΙΩΑΝΝΗΣ του Νικολάου,ΒΟΡΕΙΑ ΛΕΓΚΑ - ΚΡΑΜΑ,ΤΣΕΒΡΕΝΤΣΙΔΟΥ ΒΑΣΙΛΙΚΗ του Παναγιώτη,Ο.Α.Κ.Κ.Ε.,ΖΑΦΕΙΡΟΠΟΥΛΟΣ ΗΛΙΑΣ του Γεωργίου,Μ-Λ Κ.Κ.Ε.,ΔΕΡΝΟΒΙΟΥ ΕΙΡΗΝΗ του Στυλιανού,Ελλήνων Συνέλευσις,ΜΑΥΡΟΒΑΛΗ ΒΑΪΤΣΑ του Θεοδώρου,ΠΕΤΡΙΔΗΣ ΠΑΥΛΟΣ του Ευστάθίου,Ένωση Κεντρώων,ΑΑΡΩΝ ΓΡΗΓΟΡΙΑ του Δημητρίου,ΤΩΡΑ ΟΛΟΙ ΜΑΖΙ (Τ.ΟΛ.ΜΑ),ΚΑΚΛΙΑ ΓΕΩΡΓΙΑ του Κωνσταντίνου,ΣΥΜΜΑΧΙΑ ΑΝΑΤΡΟΠΗΣ,ΤΟΝΤΟΥ ΡΟΔΑΝΘΗ του Αλεξάνδρου,ΤΣΑΡΟΥΧΙΔΗΣ ΓΕΩΡΓΙΟΣ του Δημητρίου,ΠΟΛΙΤΙΚΗ ΠΡΩΤΟΒΟΥΛΙΑ ,ΠΑΝΑΓΙΩΤΙΔΗΣ ΓΕΩΡΓΙΟΣ ΝΕΚΤΑΡΙΟΣ του Λαζάρου,ΠΝΟΗ ΔΗΜΟΚΡΑΤΙΑΣ,ΠΑΠΠΑ ΜΑΡΙΑ του Σπυρίδωνος,ΠΡΑΣΙΝΟ ΚΙΝΗΜΑ,ΓΟΥΝΙΩΤΗΣ ΝΙΚΟΛΑΟΣ του Ευάγγελου,ΜΠΟΜΠΑ ΒΑΪΑ του Αθανασίου,ΕΑΝ...,ΧΕΙΡΙΔΗΣ ΣΤΥΛΙΑΝΟΣ του Αλεξάνδρου,Πλεύση Ελευθερίας - Ζωή Κωνστ.,ΚΙΟΥΜΟΥΡΤΖΗΣ ΠΑΥΛΟΣ του Δημητρίου,Ανεξάρτητοι Υποψήφιοι,ΠΡΟΪΤΣΗΣ ΣΤΕΦΑΝΟΣ του Δημητρίου
14 - Φλώρινας,1 E.T. Δήμου Αμυνταίου,236,125,2,0,2,123,68,36,0,1,26,18,3,2,7,4,9,0,1,2,5,3,0,1,0,0,12,5,2,0,4,2,0,0,0,4,3,0,0,0,0,0,0,0,0,0,1,0,0,2,2,0,0,0,0,0,0,0,0,0,0,0,0,1,1,0,0,1,0,1,0,0,0,0,1,1,0,0,0,1,0,0,0
14 - Φλώρινας,2 E.T. Δήμου Αμυνταίου,400,188,3,1,4,184,58,36,2,0,18,63,8,23,26,2,18,1,1,4,8,17,0,10,3,0,8,5,1,0,0,7,2,1,0,2,0,0,0,0,0,0,0,0,0,0,0,0,0,5,1,2,0,0,0,0,0,0,0,0,0,0,0,2,0,0,0,0,0,0,0,0,0,0,1,0,0,0,0,2,0,1,0
14 - Φλώρινας,3 E.T. Δήμου Αμυνταίου,373,133,3,1,4,129,42,29,2,0,9,33,3,8,12,3,17,0,2,6,6,6,1,4,0,0,8,4,0,1,0,1,0,0,0,2,2,0,0,0,0,1,0,1,0,0,1,1,0,4,0,4,0,0,1,0,0,0,0,0,0,0,0,1,1,2,1,3,2,0,0,0,0,0,0,0,0,0,0,5,3,2,0
14 - Φλώρινας,4 E.T. Δήμου Αμυνταίου,397,141,8,0,8,133,47,38,0,2,6,30,6,5,15,0,13,0,2,3,5,18,0,14,1,0,4,2,1,0,0,1,0,0,0,3,1,1,1,1,0,0,0,0,0,0,0,0,0,6,3,0,0,0,0,0,0,0,0,0,0,0,0,0,0,0,0,1,0,0,0,0,1,1,1,1,0,0,0,6,3,0,0
14 - Φλώρινας,5 E.T. Δήμου Αμυνταίου,418,229,2,1,3,226,85,19,5,3,57,64,13,17,27,1,29,2,1,7,15,13,1,9,0,1,9,4,1,0,1,1,0,0,0,0,0,0,0,0,0,1,0,1,0,0,0,0,0,5,4,0,0,0,0,0,0,0,0,0,2,1,0,0,0,1,0,3,0,0,0,0,4,4,0,0,0,0,0,9,5,0,0
14 - Φλώρινας,6 E.T. Δήμου Αμυνταίου,396,195,2,0,2,193,71,24,1,3,39,53,4,9,32,3,25,2,1,7,15,11,0,8,0,3,8,2,2,0,2,4,0,1,1,0,0,1,1,0,0,0,0,0,0,0,0,0,0,8,2,3,0,0,1,1,0,0,0,0,3,1,1,0,0,1,1,1,0,0,0,0,1,1,1,0,1,0,0,4,3,0,0
14 - Φλώρινας,7 E.T. Δήμου Αμυνταίου,390,76,4,0,4,72,36,9,4,1,20,18,0,7,5,1,2,0,0,2,0,1,0,1,0,0,2,0,0,0,0,0,0,0,0,0,0,0,0,0,0,0,0,0,1,1,2,1,0,3,0,2,0,0,1,0,0,0,0,0,2,1,1,0,0,0,0,0,0,0,0,0,0,0,0,0,0,0,0,4,2,0,0
14 - Φλώρινας,8 E.T. Δήμου Αμυνταίου,413,104,6,0,6,98,42,17,5,1,18,22,3,5,9,3,9,1,0,6,2,0,0,0,0,0,2,1,0,0,0,1,1,0,0,0,0,0,0,0,0,0,0,0,0,0,1,0,1,7,0,5,0,0,0,0,0,0,0,0,0,0,0,0,0,0,0,3,2,0,0,0,0,0,0,0,0,0,0,5,4,6,6
14 - Φλώρινας,9 E.T. Δήμου Αμυνταίου,477,210,3,0,3,207,60,25,1,1,31,52,12,7,31,0,20,3,0,8,8,6,2,3,0,1,29,23,1,2,1,5,3,1,1,2,2,9,4,0,0,1,1,0,0,0,0,0,0,5,2,1,0,0,0,0,0,0,1,1,1,0,0,1,1,0,0,2,0,2,0,0,4,4,2,0,1,1,1,4,2,2,2
14 - Φλώρινας,10 E.T. Δήμου Αμυνταίου,364,212,1,0,1,211,134,47,8,2,74,26,4,4,16,0,15,0,0,5,8,10,0,3,0,1,6,2,0,0,0,4,1,2,0,1,0,1,0,0,0,2,0,0,0,0,0,0,0,5,0,3,0,0,0,0,0,0,0,0,0,0,0,0,0,0,0,1,0,1,0,0,1,0,0,0,0,0,0,5,2,0,0
14 - Φλώρινας,11 E.T. Δήμου Αμυνταίου,420,229,3,6,9,220,82,40,2,1,31,49,2,9,32,2,23,2,3,4,9,9,1,5,0,0,20,11,1,3,0,2,1,0,0,6,6,1,1,0,0,1,0,1,2,1,2,2,0,6,1,4,1,0,0,0,0,0,0,0,0,0,0,4,2,0,0,2,0,0,0,0,0,0,0,0,0,0,0,9,5,1,1
14 - Φλώρινας,12 E.T. Δήμου Αμυνταίου,533,197,2,0,2,195,84,48,6,6,22,50,15,7,22,5,20,5,2,5,6,5,0,4,0,0,10,5,0,1,3,2,0,1,1,1,1,1,0,0,0,0,0,0,1,0,0,0,0,5,3,2,1,0,0,0,0,0,0,0,0,0,0,0,0,4,4,3,1,2,2,2,0,0,0,0,0,1,1,3,1,2,2
14 - Φλώρινας,13 E.T. Δήμου Αμυνταίου,515,150,0,0,0,150,55,32,2,1,17,41,5,5,24,5,21,0,1,7,8,4,0,2,0,0,6,3,1,0,0,4,1,1,0,1,1,0,0,0,0,2,1,1,0,0,1,0,0,4,2,1,0,0,0,0,0,0,0,0,0,0,0,4,4,0,0,1,1,0,0,0,2,1,1,0,1,0,0,3,3,0,0
14 - Φλώρινας,14 E.T. Δήμου Αμυνταίου,561,282,4,2,6,276,96,41,7,4,36,71,10,7,32,13,34,1,3,15,12,16,0,13,0,3,9,5,2,0,0,7,4,1,0,0,0,1,1,1,1,3,2,0,3,3,6,1,1,21,5,11,0,0,0,0,0,0,0,0,0,0,0,0,0,0,0,2,0,1,1,1,0,0,0,0,0,0,0,4,2,1,1
14 - Φλώρινας,15 E.T. Δήμου Αμυνταίου,558,326,4,3,7,319,126,63,12,1,45,70,10,4,27,19,37,0,1,10,26,15,0,10,0,2,18,9,2,0,0,6,0,1,0,2,2,0,0,0,0,0,0,0,3,3,5,0,2,18,2,7,0,0,0,0,0,0,0,0,0,0,0,0,0,0,0,0,0,0,0,0,0,0,4,1,1,1,0,14,11,0,0
14 - Φλώρινας,16 E.T. Δήμου Αμυνταίου,559,278,5,1,6,272,103,31,9,4,53,64,14,7,19,16,32,0,1,13,9,19,0,17,0,1,12,7,1,0,0,3,1,1,0,0,0,0,0,0,0,1,0,0,2,0,4,0,0,18,4,13,0,0,1,0,0,0,0,0,0,0,0,0,0,0,0,1,0,0,0,0,0,0,2,1,1,1,1,9,1,0,0
14 - Φλώρινας,17 E.T. Δήμου Αμυνταίου,542,261,2,2,4,257,116,55,5,4,42,51,6,5,19,16,22,1,1,7,8,14,1,13,0,0,12,5,0,1,1,9,5,1,1,3,2,0,0,0,0,1,1,0,0,0,3,0,0,16,2,11,0,0,0,0,0,0,0,0,0,0,0,0,0,0,0,4,3,1,0,0,0,0,1,0,0,1,0,4,3,0,0
14 - Φλώρινας,18 E.T. Δήμου Αμυνταίου,543,262,9,1,10,252,81,29,10,2,36,66,10,4,30,10,30,1,2,7,14,18,0,14,0,0,9,8,0,0,0,5,2,1,0,1,1,0,0,1,0,1,0,0,1,1,4,2,1,17,7,10,0,0,0,0,0,0,1,1,0,0,0,1,0,0,0,0,0,0,1,0,2,1,2,1,0,2,0,7,6,2,2
14 - Φλώρινας,19 E.T. Δήμου Αμυνταίου,545,271,11,2,13,258,88,40,4,5,31,58,8,3,28,11,27,1,2,15,7,18,1,14,0,0,13,8,0,1,0,13,2,4,1,0,0,0,0,0,0,2,1,0,3,1,1,0,1,5,1,3,1,1,0,0,0,0,1,1,0,0,0,2,0,0,0,3,2,0,1,1,1,0,1,0,0,0,0,18,10,2,0
14 - Φλώρινας,20 E.T. Δήμου Αμυνταίου,334,239,13,3,16,223,52,34,1,1,12,54,6,8,17,16,32,2,5,14,5,14,2,10,0,2,26,14,2,2,0,9,3,0,1,4,1,0,0,0,0,2,2,0,1,0,3,1,2,16,4,9,0,0,0,0,0,0,1,0,0,0,0,3,1,0,0,0,0,0,0,0,2,2,2,0,1,1,0,0,0,1,1
14 - Φλώρινας,21 E.T. Δήμου Αμυνταίου,217,143,5,1,6,137,54,32,4,4,10,35,7,1,13,7,17,1,4,8,3,16,0,11,2,1,7,5,0,0,0,1,0,0,0,1,1,0,0,0,0,0,0,0,0,0,0,0,0,4,3,1,0,0,0,0,1,0,0,0,0,0,0,0,0,0,0,1,0,0,0,0,0,0,0,0,0,0,0,0,0,0,0
14 - Φλώρινας,22 E.T. Δήμου Αμυνταίου,471,160,0,0,0,160,59,35,1,2,19,34,12,5,8,5,8,0,1,0,1,12,1,8,0,0,11,10,1,0,0,6,3,1,1,0,0,4,3,0,0,1,0,0,2,0,1,0,0,4,1,1,0,0,0,0,0,0,0,0,0,0,0,0,0,1,1,1,1,0,0,0,1,0,0,0,0,0,0,15,13,0,0
14 - Φλώρινας,23 E.T. Δήμου Αμυνταίου,457,198,4,2,6,192,69,40,0,0,28,36,4,5,18,6,14,1,1,4,5,13,3,6,2,0,10,4,1,0,0,11,3,4,2,1,0,0,0,0,0,2,0,1,0,0,0,0,0,5,0,5,0,0,0,0,0,0,0,0,1,1,0,1,0,0,0,0,0,0,0,0,0,0,1,1,0,0,0,28,26,0,0
14 - Φλώρινας,24 E.T. Δήμου Αμυνταίου,443,193,4,2,6,187,70,42,3,1,19,52,11,7,21,6,11,0,0,6,1,17,1,13,0,0,6,4,0,1,0,3,1,0,0,1,1,0,0,0,0,3,0,3,1,1,0,0,0,3,0,2,0,0,0,0,0,0,0,0,3,3,0,0,0,0,0,2,0,2,0,0,0,0,0,0,0,1,1,14,14,0,0
14 - Φλώρινας,25 E.T. Δήμου Αμυνταίου,433,162,4,0,4,158,42,29,0,0,12,44,13,4,16,8,18,3,2,4,3,18,1,12,0,1,3,2,1,0,0,5,0,1,0,1,1,0,0,0,0,0,0,0,2,1,0,0,0,11,3,5,0,0,0,0,1,1,0,0,0,0,0,1,0,0,0,0,0,0,0,0,1,0,2,1,0,0,0,9,9,0,0
14 - Φλώρινας,26 E.T. Δήμου Αμυνταίου,437,139,2,1,3,136,23,16,2,0,5,45,7,14,17,1,42,0,36,1,1,6,2,0,3,0,1,0,0,1,0,0,0,0,0,2,2,0,0,0,0,2,0,1,0,0,3,1,2,4,0,4,0,0,2,0,0,0,0,0,0,0,0,0,0,0,0,0,0,0,0,0,0,0,0,0,0,1,0,5,2,0,0
14 - Φλώρινας,27 E.T. Δήμου Αμυνταίου,437,135,2,1,3,132,41,16,12,9,4,34,3,14,12,1,28,0,22,0,5,4,1,0,0,0,5,3,0,1,0,0,0,0,0,4,2,0,0,0,0,0,0,0,0,0,6,0,6,4,0,3,0,0,2,0,1,0,0,0,0,0,0,0,0,0,0,0,0,0,0,0,1,0,0,0,0,0,0,0,0,2,2
14 - Φλώρινας,28 E.T. Δήμου Αμυνταίου,424,95,2,2,4,91,38,27,2,2,5,21,3,10,2,0,18,0,14,0,1,2,0,0,1,0,4,2,0,0,0,2,0,0,0,1,0,0,0,0,0,0,0,0,0,0,0,0,0,2,0,2,0,0,0,0,0,0,0,0,0,0,0,0,0,0,0,1,1,0,0,0,0,0,0,0,0,0,0,2,1,0,0
14 - Φλώρινας,29 E.T. Δήμου Αμυνταίου,425,138,5,1,6,132,52,25,8,1,14,34,6,9,14,2,21,0,17,2,1,3,2,0,0,0,4,2,0,0,0,7,5,1,1,1,1,0,0,0,0,0,0,0,0,0,2,1,1,2,0,0,0,0,0,0,0,0,0,0,0,0,0,0,0,0,0,0,0,0,1,0,0,0,0,0,0,0,0,2,0,3,3
14 - Φλώρινας,30 E.T. Δήμου Αμυνταίου,535,143,2,0,2,141,47,19,1,1,15,33,9,7,6,8,15,0,2,7,5,18,1,15,0,0,11,6,1,0,0,1,0,0,0,1,0,1,1,0,0,0,0,0,2,1,0,0,0,0,0,0,0,0,0,0,0,0,0,0,0,0,0,0,0,1,1,0,0,0,0,0,0,0,0,0,0,1,0,5,5,5,5
14 - Φλώρινας,31 E.T. Δήμου Αμυνταίου,464,254,5,0,5,249,49,16,4,3,23,112,29,12,37,22,22,0,2,6,10,26,0,16,0,0,5,3,0,0,1,7,1,2,2,0,0,0,0,0,0,3,1,1,0,0,0,0,0,5,0,5,0,0,1,0,0,0,0,0,0,0,0,0,0,1,1,0,0,0,0,0,0,0,4,1,1,0,0,14,10,0,0
14 - Φλώρινας,32 E.T. Δήμου Αμυνταίου,477,225,5,3,8,217,44,22,2,1,17,86,24,11,16,21,16,0,1,4,9,23,2,14,0,0,10,4,1,1,0,7,2,1,0,2,2,2,0,0,0,6,2,1,1,0,0,0,0,4,1,3,1,0,0,0,0,0,0,0,0,0,0,0,0,1,0,1,0,0,1,1,1,0,1,0,0,0,0,7,3,3,3
14 - Φλώρινας,33 E.T. Δήμου Αμυνταίου,451,255,8,1,9,246,54,28,4,2,19,93,36,11,16,20,35,2,1,15,15,30,1,16,2,6,0,0,0,0,0,7,1,0,2,1,0,0,0,0,0,2,0,1,0,0,1,1,0,7,1,6,0,0,0,0,0,0,0,0,0,0,0,2,1,0,0,0,0,0,0,0,0,0,1,0,0,1,0,12,5,0,0
14 - Φλώρινας,34 E.T. Δήμου Αμυνταίου,380,159,0,1,1,158,41,21,3,1,14,70,1,2,9,50,12,1,0,8,0,1,0,1,0,0,4,4,0,0,0,4,3,0,1,0,0,0,0,3,3,1,1,0,2,1,1,1,0,14,0,13,0,0,0,0,0,0,0,0,0,0,0,0,0,0,0,2,2,0,0,0,0,0,1,1,0,1,0,1,1,0,0
14 - Φλώρινας,35 E.T. Δήμου Αμυνταίου,387,145,4,1,5,140,54,20,1,0,27,58,3,0,10,43,9,0,2,5,2,5,1,4,0,0,6,3,2,0,0,0,0,0,0,0,0,0,0,0,0,0,0,0,1,0,1,0,0,1,0,1,0,0,0,0,0,0,0,0,0,0,0,1,0,0,0,0,0,0,0,0,0,0,1,1,0,1,0,1,1,1,1
14 - Φλώρινας,36 E.T. Δήμου Αμυνταίου,271,135,7,0,7,128,46,31,2,0,13,17,5,3,9,0,28,3,3,10,9,10,0,7,0,1,9,5,0,2,1,3,1,1,0,0,0,0,0,0,0,0,0,0,1,0,0,0,0,3,1,1,1,0,0,0,0,0,0,0,0,0,0,0,0,0,0,3,1,2,0,0,2,1,0,0,0,0,0,5,3,0,0
14 - Φλώρινας,37 E.T. Δήμου Αμυνταίου,228,131,2,1,3,128,59,13,3,0,39,14,2,0,7,2,33,1,0,9,21,3,0,1,1,1,5,0,1,1,2,4,0,0,1,0,0,1,0,0,0,0,0,0,0,0,1,0,1,0,0,0,0,0,0,0,0,0,0,0,0,0,0,0,0,0,0,1,0,0,0,0,0,0,0,0,0,0,0,7,4,0,0
14 - Φλώρινας,38 E.T. Δήμου Αμυνταίου,483,231,4,1,5,226,56,36,1,2,14,57,26,14,9,6,39,3,9,18,3,22,2,15,0,1,11,7,1,1,1,12,1,4,6,2,2,0,0,0,0,2,1,0,1,0,1,0,1,3,1,2,0,0,0,0,0,0,1,0,0,0,0,0,0,2,1,3,2,0,0,0,7,5,0,0,0,0,0,6,5,1,0
14 - Φλώρινας,39 E.T. Δήμου Αμυνταίου,463,242,6,0,6,236,50,17,0,1,22,70,22,21,14,4,39,2,2,25,3,31,3,19,0,2,4,3,0,0,0,12,2,2,3,1,0,0,0,0,0,1,1,0,0,0,1,1,0,4,1,2,0,0,0,0,0,0,1,1,0,0,0,2,0,2,0,6,1,0,2,1,0,0,3,1,0,0,0,7,3,0,0
14 - Φλώρινας,40 E.T. Δήμου Αμυνταίου,417,219,2,1,3,216,86,37,2,1,39,48,0,5,34,3,37,5,2,12,13,6,2,1,0,1,20,11,3,2,1,2,0,1,0,1,0,0,0,0,0,0,0,0,0,0,0,0,0,7,2,3,0,0,0,0,1,0,0,0,0,0,0,0,0,1,1,3,2,0,0,0,0,0,0,0,0,0,0,1,1,3,3
14 - Φλώρινας,41 E.T. Δήμου Αμυνταίου,422,215,4,0,4,211,87,37,1,1,43,64,2,2,41,9,22,2,4,8,7,6,0,4,0,0,7,6,1,0,0,1,0,1,0,2,1,0,0,0,0,0,0,0,0,0,0,0,0,16,2,9,0,0,0,0,0,0,0,0,0,0,0,1,1,0,0,0,0,0,0,0,0,0,0,0,0,0,0,4,3,1,1
14 - Φλώρινας,42 E.T. Δήμου Αμυνταίου,423,212,2,2,4,208,96,29,9,2,51,40,1,5,22,5,29,2,1,7,15,9,0,7,0,0,3,1,1,0,0,4,2,1,0,0,0,0,0,0,0,1,1,0,0,0,1,1,0,13,3,8,0,0,1,1,1,0,0,0,1,1,0,1,1,0,0,1,0,1,1,1,2,1,2,0,0,0,0,2,2,0,0
14 - Φλώρινας,43 E.T. Δήμου Αμυνταίου,472,158,1,2,3,155,77,18,0,1,46,34,7,2,21,2,7,1,0,2,4,15,0,10,2,1,6,4,1,1,0,6,2,2,0,0,0,1,1,0,0,0,0,0,0,0,2,0,0,2,0,0,0,0,0,0,0,0,0,0,0,0,0,1,0,0,0,0,0,0,0,0,0,0,0,0,0,1,1,3,0,0,0
14 - Φλώρινας,44 E.T. Δήμου Αμυνταίου,301,175,6,0,6,169,103,61,0,1,35,20,6,1,9,0,23,5,2,12,2,6,0,2,0,1,6,3,0,0,0,3,0,1,1,0,0,0,0,0,0,0,0,0,0,0,0,0,0,1,0,1,0,0,0,0,0,0,0,0,0,0,0,1,1,0,0,3,2,1,0,0,0,0,0,0,0,0,0,3,3,0,0
14 - Φλώρινας,45 E.T. Δήμου Αμυνταίου,328,167,6,0,6,161,85,29,1,0,53,24,12,0,5,3,24,1,1,17,2,4,0,4,0,0,6,4,0,0,1,7,1,0,3,2,1,1,0,0,0,0,0,0,0,0,0,0,0,1,1,0,0,0,0,0,0,0,0,0,0,0,0,2,1,1,1,3,1,1,0,0,0,0,0,0,0,0,0,1,1,0,0
14 - Φλώρινας,46 E.T. Δήμου Αμυνταίου,368,203,3,0,3,200,83,46,1,2,26,22,4,2,8,3,61,0,0,55,5,6,0,4,1,1,3,2,0,0,0,0,0,0,0,1,0,0,0,0,0,0,0,0,0,0,1,0,0,11,6,2,0,0,0,0,0,0,0,0,0,0,0,1,1,1,1,2,1,0,1,0,0,0,2,0,1,1,1,4,3,0,0
14 - Φλώρινας,47 E.T. Δήμου Αμυνταίου,385,222,4,1,5,217,85,43,2,0,27,10,2,4,2,2,84,0,1,80,0,6,1,3,0,0,10,9,1,0,0,2,0,0,0,0,0,0,0,0,0,0,0,0,0,0,3,2,0,5,0,1,0,0,0,0,0,0,0,0,0,0,0,0,0,2,2,3,0,1,0,0,0,0,0,0,0,1,0,6,0,0,0
14 - Φλώρινας,48 E.T. Δήμου Αμυνταίου,428,219,5,2,7,212,97,51,4,3,38,35,10,3,17,1,27,3,0,16,7,3,0,3,0,0,21,15,1,0,2,2,1,0,1,2,1,0,0,0,0,0,0,0,1,1,1,1,0,5,4,1,0,0,0,0,0,0,0,0,0,0,0,1,0,1,1,0,0,0,0,0,3,3,2,1,1,4,3,7,4,0,0
14 - Φλώρινας,49 E.T. Δήμου Αμυνταίου,426,205,11,1,12,193,103,54,1,1,34,19,3,7,6,0,14,1,1,8,1,9,1,7,0,0,19,10,2,2,2,0,0,0,0,2,2,0,0,0,0,0,0,0,4,0,0,0,0,4,1,3,0,0,0,0,0,0,0,0,0,0,0,1,0,4,3,1,0,1,1,0,2,1,2,1,1,4,2,4,4,0,0
14 - Φλώρινας,50 E.T. Δήμου Αμυνταίου,415,212,3,0,3,209,97,46,4,7,37,42,16,6,10,2,20,1,4,10,3,5,0,5,0,0,16,6,1,3,0,1,0,0,1,1,1,0,0,0,0,0,0,0,1,1,0,0,0,11,1,3,0,0,0,0,0,0,0,0,0,0,0,2,1,0,0,0,0,0,1,0,5,2,0,0,0,3,1,3,1,1,0
14 - Φλώρινας,51 E.T. Δήμου Αμυνταίου,313,198,3,2,5,193,94,36,4,1,50,18,6,1,7,0,28,0,0,9,15,13,0,11,0,1,18,7,1,5,1,2,1,1,0,0,0,0,0,0,0,0,0,0,0,0,1,0,0,7,2,3,0,0,0,0,1,0,0,0,0,0,0,0,0,3,2,2,1,0,0,0,1,0,0,0,0,0,0,5,0,0,0
14 - Φλώρινας,52 E.T. Δήμου Αμυνταίου,283,159,3,0,3,156,89,33,2,0,53,21,6,4,5,2,13,1,1,5,4,3,0,3,0,0,11,4,1,0,3,3,3,0,0,2,1,0,0,0,0,0,0,0,0,0,1,1,0,6,3,3,0,0,0,0,0,0,0,0,0,0,0,0,0,0,0,1,0,1,0,0,0,0,0,0,0,0,0,6,2,0,0
14 - Φλώρινας,53 E.T. Δήμου Αμυνταίου,556,239,5,2,7,232,108,59,14,1,32,37,15,1,16,1,27,2,1,7,14,10,0,6,1,2,14,4,0,2,2,6,0,0,0,0,0,0,0,0,0,0,0,0,1,0,1,0,1,8,1,2,0,0,0,0,0,0,0,0,0,0,0,0,0,1,1,0,0,0,0,0,3,2,2,0,2,3,3,11,2,0,0
14 - Φλώρινας,54 E.T. Δήμου Αμυνταίου,203,127,2,0,2,125,40,20,3,1,16,25,7,8,7,1,23,1,0,19,2,2,0,2,0,0,13,6,2,1,2,0,0,0,0,5,4,0,0,0,0,1,0,1,2,1,0,0,0,7,4,2,0,0,0,0,0,0,0,0,1,1,0,0,0,2,0,2,0,0,0,0,1,1,0,0,0,0,0,1,0,0,0
14 - Φλώρινας,55 E.T. Δήμου Αμυνταίου,492,306,13,0,13,293,105,45,4,2,46,52,7,5,30,2,55,3,3,32,16,24,0,21,2,0,18,7,1,4,2,2,1,0,0,0,0,2,1,0,0,1,0,0,1,1,0,0,0,14,3,11,2,1,0,0,0,0,1,1,0,0,0,2,1,1,1,1,0,1,0,0,4,0,0,0,0,1,0,7,5,0,0
14 - Φλώρινας,56 E.T. Δήμου Αμυνταίου,479,307,4,0,4,303,95,42,4,2,35,73,18,8,35,6,56,2,2,24,17,33,1,30,0,0,11,3,0,4,3,6,2,1,0,0,0,3,0,0,0,1,0,1,0,0,1,0,1,7,0,5,1,0,0,0,0,0,0,0,2,0,1,1,0,2,2,4,0,1,2,0,0,0,1,0,0,0,0,4,2,0,0
14 - Φλώρινας,57 E.T. Δήμου Αμυνταίου,493,280,9,1,10,270,65,29,2,1,26,56,8,2,20,15,60,3,3,30,14,49,0,43,0,1,10,5,0,4,0,3,0,1,0,4,2,1,1,0,0,1,1,0,1,1,0,0,0,8,2,3,0,0,0,0,0,0,0,0,0,0,0,0,0,0,0,4,1,2,0,0,1,0,1,0,0,0,0,6,5,0,0
14 - Φλώρινας,58 E.T. Δήμου Αμυνταίου,490,304,5,0,5,299,90,57,2,3,23,60,19,5,24,7,43,4,6,13,12,42,0,41,0,0,16,9,0,3,1,7,2,1,0,0,0,1,1,0,0,3,1,0,2,2,2,1,1,16,8,7,0,0,0,0,0,0,0,0,0,0,0,1,0,2,2,1,0,1,1,1,1,1,0,0,0,1,1,9,7,1,1
14 - Φλώρινας,59 E.T. Δήμου Πρεσπών,573,170,1,1,2,168,81,21,8,0,48,32,8,3,18,0,7,1,1,2,1,0,0,0,0,0,5,1,0,1,1,34,1,0,33,3,3,0,0,0,0,0,0,0,3,2,2,0,0,0,0,0,0,0,0,0,0,0,0,0,0,0,0,0,0,0,0,0,0,0,0,0,0,0,0,0,0,1,1,0,0,0,0
14 - Φλώρινας,60 E.T. Δήμου Πρεσπών,230,22,0,0,0,22,5,4,0,1,0,3,0,1,2,0,4,0,0,2,2,2,0,1,0,0,2,1,0,0,0,1,0,0,0,1,0,0,0,0,0,0,0,0,2,0,0,0,0,1,0,1,0,0,0,0,0,0,0,0,1,0,0,0,0,0,0,0,0,0,0,0,0,0,0,0,0,0,0,0,0,0,0
14 - Φλώρινας,61 E.T. Δήμου Πρεσπών,285,44,0,1,1,43,22,13,0,1,7,12,0,1,10,0,1,0,0,1,0,1,1,0,0,0,2,1,0,1,0,0,0,0,0,0,0,0,0,0,0,0,0,0,0,0,1,0,0,2,0,2,0,0,0,0,0,0,0,0,0,0,0,0,0,0,0,0,0,0,0,0,0,0,0,0,0,2,2,0,0,0,0
14 - Φλώρινας,62 E.T. Δήμου Πρεσπών,412,94,1,1,2,92,36,9,2,3,17,25,5,0,12,0,15,6,0,0,8,0,0,0,0,0,4,2,0,0,0,3,3,0,0,0,0,0,0,0,0,2,1,0,0,0,0,0,0,5,2,2,0,0,0,0,0,0,0,0,0,0,0,0,0,1,1,0,0,0,0,0,0,0,0,0,0,0,0,1,1,0,0
14 - Φλώρινας,63 E.T. Δήμου Πρεσπών,404,97,1,1,2,95,29,11,2,0,14,21,8,0,11,1,16,10,0,0,4,2,0,2,0,0,5,1,1,0,0,5,4,0,0,0,0,0,0,0,0,0,0,0,0,0,1,0,1,5,3,2,0,0,0,0,0,0,1,1,0,0,0,0,0,0,0,0,0,0,0,0,0,0,0,0,0,0,0,10,7,0,0
14 - Φλώρινας,64 E.T. Δήμου Πρεσπών,177,98,1,0,1,97,51,15,0,1,34,17,3,0,12,0,10,4,0,3,2,4,0,0,0,3,5,5,0,0,0,2,0,0,2,0,0,0,0,0,0,0,0,0,0,0,1,0,1,6,1,4,0,0,0,0,0,0,0,0,0,0,0,0,0,0,0,0,0,0,0,0,0,0,0,0,0,0,0,1,1,0,0
14 - Φλώρινας,65 E.T. Δήμου Πρεσπών,623,148,1,0,1,147,70,26,3,4,29,31,6,0,21,1,16,2,1,0,11,0,0,0,0,0,8,3,1,0,0,13,10,0,2,2,2,0,0,0,0,0,0,0,0,0,3,1,1,3,1,2,0,0,1,0,0,0,0,0,0,0,0,0,0,0,0,0,0,0,0,0,0,0,0,0,0,0,0,0,0,0,0
14 - Φλώρινας,66 E.T. Δήμου Πρεσπών,579,50,1,0,1,49,18,13,0,0,3,20,9,0,10,1,1,0,0,0,1,3,2,1,0,0,2,1,0,1,0,2,1,0,0,1,1,0,0,0,0,0,0,0,0,0,0,0,0,0,0,0,0,0,1,1,0,0,0,0,0,0,0,0,0,0,0,0,0,0,0,0,0,0,0,0,0,1,0,0,0,0,0
14 - Φλώρινας,67 E.T. Δήμου Πρεσπών,579,33,0,0,0,33,12,3,0,0,7,5,2,0,2,0,7,0,0,0,6,2,1,0,0,1,3,2,0,1,0,2,2,0,0,0,0,0,0,0,0,0,0,0,0,0,0,0,0,1,0,0,0,0,0,0,0,0,0,0,0,0,0,0,0,0,0,0,0,0,0,0,0,0,1,0,0,0,0,0,0,0,0
14 - Φλώρινας,68 E.T. Δήμου Πρεσπών,436,77,0,0,0,77,42,13,1,0,21,10,1,1,6,0,7,3,0,0,3,2,0,0,0,2,3,1,0,1,0,11,0,0,11,1,1,0,0,0,0,0,0,0,0,0,0,0,0,0,0,0,0,0,0,0,0,0,0,0,0,0,0,0,0,0,0,0,0,0,0,0,0,0,0,0,0,0,0,1,1,0,0
14 - Φλώρινας,69 E.T. Δήμου Πρεσπών,302,119,1,3,4,115,55,13,3,2,34,30,8,13,7,0,8,4,0,0,3,13,3,4,0,5,2,1,0,0,0,2,2,0,0,0,0,0,0,0,0,0,0,0,1,1,1,0,1,0,0,0,0,0,0,0,0,0,0,0,0,0,0,0,0,0,0,0,0,0,0,0,1,0,1,1,0,0,0,1,1,0,0
14 - Φλώρινας,70 E.T. Δήμου Πρεσπών,458,74,1,0,1,73,31,20,1,1,7,15,2,6,5,0,4,0,0,0,4,1,0,0,0,0,2,0,0,0,0,8,5,3,0,1,1,0,0,0,0,0,0,0,0,0,0,0,0,6,0,6,0,0,0,0,0,0,0,0,1,0,1,1,0,2,1,0,0,0,0,0,0,0,1,0,1,0,0,0,0,0,0
14 - Φλώρινας,71 E.T. Δήμου Πρεσπών,333,127,4,0,4,123,64,33,3,2,24,18,5,0,9,0,21,7,0,2,9,0,0,0,0,0,7,3,2,0,0,0,0,0,0,1,0,0,0,0,0,0,0,0,0,0,1,1,0,4,2,2,1,0,0,0,0,0,0,0,0,0,0,1,0,0,0,0,0,0,0,0,0,0,0,0,0,3,2,2,2,0,0
14 - Φλώρινας,72 E.T. Δήμου Πρεσπών,220,47,1,0,1,46,22,11,1,0,9,9,2,0,6,0,3,1,0,0,2,2,0,1,1,0,6,4,1,0,0,2,2,0,0,1,1,0,0,0,0,0,0,0,0,0,0,0,0,0,0,0,0,0,0,0,0,0,0,0,0,0,0,0,0,0,0,0,0,0,0,0,0,0,0,0,0,0,0,1,1,0,0
14 - Φλώρινας,73 E.T. Δήμου Πρεσπών,221,69,1,0,1,68,41,10,1,3,25,6,3,0,3,0,6,0,0,0,6,5,2,2,0,1,1,1,0,0,0,5,5,0,0,0,0,0,0,0,0,0,0,0,0,0,0,0,0,4,1,3,0,0,0,0,0,0,0,0,0,0,0,0,0,0,0,0,0,0,0,0,0,0,0,0,0,0,0,0,0,0,0
14 - Φλώρινας,74 E.T. Δήμου Πρεσπών,150,76,0,0,0,76,26,13,2,0,10,22,10,4,6,0,19,11,1,0,4,0,0,0,0,0,0,0,0,0,0,4,4,0,0,0,0,0,0,0,0,0,0,0,0,0,2,0,2,1,0,1,0,0,0,0,0,0,1,1,0,0,0,0,0,1,1,0,0,0,0,0,0,0,0,0,0,0,0,0,0,0,0
14 - Φλώρινας,75 E.T. Δήμου Πρεσπών,185,12,0,0,0,12,6,4,1,0,0,2,1,1,0,0,0,0,0,0,0,0,0,0,0,0,1,0,1,0,0,0,0,0,0,0,0,0,0,0,0,0,0,0,0,0,0,0,0,0,0,0,0,0,0,0,0,0,0,0,0,0,0,0,0,0,0,2,1,1,0,0,0,0,1,0,1,0,0,0,0,0,0
14 - Φλώρινας,76 E.T. Δήμου Πρεσπών,528,101,2,1,3,98,39,11,4,1,22,28,1,5,22,0,10,4,0,0,6,3,1,0,0,1,3,2,0,0,0,1,1,0,0,3,0,1,1,0,0,0,0,0,1,1,2,0,2,4,0,1,0,0,0,0,0,0,0,0,0,0,0,1,1,0,0,0,0,0,1,1,0,0,0,0,0,0,0,1,1,0,0
14 - Φλώρινας,77 E.T. Δήμου Φλώρινας,389,102,1,0,1,101,43,28,6,0,8,27,7,8,8,0,6,0,2,0,4,4,3,0,1,0,4,3,0,0,0,1,1,0,0,0,0,0,0,0,0,0,0,0,0,0,1,0,1,10,2,6,0,0,1,1,1,0,1,1,0,0,0,0,0,0,0,1,0,1,0,0,0,0,0,0,0,0,0,0,0,1,1
14 - Φλώρινας,78 E.T. Δήμου Φλώρινας,402,77,0,0,0,77,39,17,3,2,16,14,4,3,7,0,7,0,2,0,5,0,0,0,0,0,4,3,0,0,0,2,2,0,0,5,4,1,1,0,0,0,0,0,0,0,0,0,0,4,0,3,0,0,0,0,0,0,0,0,0,0,0,0,0,0,0,0,0,0,0,0,0,0,0,0,0,0,0,1,1,0,0
14 - Φλώρινας,79 E.T. Δήμου Φλώρινας,387,118,3,1,4,114,54,29,6,1,17,29,14,5,10,0,10,3,1,0,6,4,3,0,0,1,5,4,0,1,0,1,1,0,0,1,1,0,0,0,0,0,0,0,1,1,0,0,0,8,2,2,0,0,0,0,0,0,0,0,0,0,0,0,0,0,0,0,0,0,0,0,1,0,0,0,0,0,0,0,0,0,0
14 - Φλώρινας,80 E.T. Δήμου Φλώρινας,381,61,0,0,0,61,32,7,6,1,18,9,3,1,2,0,13,2,6,0,3,1,0,0,0,1,2,1,0,0,0,1,0,0,0,0,0,0,0,0,0,0,0,0,0,0,0,0,0,0,0,0,0,0,0,0,0,0,0,0,0,0,0,0,0,0,0,0,0,0,0,0,0,0,0,0,0,0,0,3,3,0,0
14 - Φλώρινας,81 E.T. Δήμου Φλώρινας,343,50,0,1,1,49,15,7,1,0,7,16,1,3,12,0,10,2,1,1,5,3,0,0,1,1,1,1,0,0,0,3,3,0,0,0,0,0,0,0,0,0,0,0,0,0,0,0,0,0,0,0,0,0,0,0,0,0,0,0,0,0,0,0,0,0,0,0,0,0,0,0,0,0,0,0,0,1,1,0,0,0,0
14 - Φλώρινας,82 E.T. Δήμου Φλώρινας,540,57,0,1,1,56,28,8,3,1,15,9,2,2,2,3,6,1,3,0,1,4,4,0,0,0,2,1,0,0,0,1,0,0,0,0,0,0,0,0,0,1,0,1,0,0,0,0,0,1,0,0,0,0,0,0,0,0,0,0,0,0,0,0,0,0,0,0,0,0,0,0,0,0,0,0,0,0,0,4,4,0,0
14 - Φλώρινας,83 E.T. Δήμου Φλώρινας,515,45,0,0,0,45,28,16,2,0,9,12,5,2,4,1,2,1,1,0,0,0,0,0,0,0,0,0,0,0,0,1,1,0,0,0,0,0,0,0,0,0,0,0,0,0,0,0,0,2,0,2,0,0,0,0,0,0,0,0,0,0,0,0,0,0,0,0,0,0,0,0,0,0,0,0,0,0,0,0,0,0,0
14 - Φλώρινας,84 E.T. Δήμου Φλώρινας,375,117,2,4,6,111,34,15,2,2,11,32,3,11,15,1,21,4,0,2,12,2,2,0,0,0,5,5,0,0,0,4,1,0,0,2,2,0,0,0,0,0,0,0,0,0,0,0,0,8,0,8,0,0,0,0,0,0,0,0,1,1,0,0,0,0,0,0,0,0,0,0,0,0,1,0,0,0,0,1,0,0,0
14 - Φλώρινας,85 E.T. Δήμου Φλώρινας,373,139,1,3,4,135,40,10,3,5,22,50,3,14,28,2,21,9,0,0,12,2,1,0,0,1,4,4,0,0,0,1,0,0,0,0,0,1,1,0,0,1,0,1,0,0,0,0,0,11,1,9,0,0,0,0,0,0,0,0,0,0,0,0,0,0,0,0,0,0,0,0,0,0,0,0,0,2,1,0,0,2,2
14 - Φλώρινας,86 E.T. Δήμου Φλώρινας,395,86,0,1,1,85,29,11,2,1,14,5,1,1,3,0,20,5,0,2,10,4,0,0,1,1,11,8,2,0,1,2,0,0,0,0,0,0,0,0,0,0,0,0,2,1,0,0,0,3,0,3,1,0,0,0,0,0,0,0,0,0,0,0,0,0,0,1,1,0,0,0,0,0,0,0,0,0,0,6,1,1,0
14 - Φλώρινας,87 E.T. Δήμου Φλώρινας,403,68,1,1,2,66,22,14,0,1,6,16,9,0,5,0,8,0,1,0,7,1,0,0,0,0,7,6,0,1,0,3,1,0,0,1,1,0,0,0,0,0,0,0,0,0,1,0,1,4,0,4,0,0,0,0,0,0,0,0,0,0,0,0,0,0,0,0,0,0,0,0,0,0,0,0,0,0,0,2,1,1,1
14 - Φλώρινας,88 E.T. Δήμου Φλώρινας,377,54,1,1,2,52,19,6,0,3,10,21,4,7,6,1,1,1,0,0,0,1,0,0,0,0,2,2,0,0,0,1,0,1,0,0,0,1,0,0,0,0,0,0,0,0,0,0,0,3,0,3,0,0,0,0,0,0,0,0,0,0,0,0,0,0,0,0,0,0,1,0,0,0,0,0,0,0,0,2,1,0,0
14 - Φλώρινας,89 E.T. Δήμου Φλώρινας,328,80,1,0,1,79,31,17,0,1,13,20,3,6,8,0,8,2,0,0,6,1,0,0,0,1,4,3,0,0,1,3,2,1,0,0,0,0,0,0,0,0,0,0,2,2,0,0,0,4,2,0,0,0,0,0,0,0,0,0,1,0,0,0,0,1,1,2,0,0,0,0,0,0,0,0,0,0,0,2,1,0,0
14 - Φλώρινας,90 E.T. Δήμου Φλώρινας,665,78,1,0,1,77,19,10,1,0,7,26,9,6,11,0,15,0,2,0,12,3,0,0,0,0,6,3,0,1,0,3,1,0,2,0,0,0,0,0,0,0,0,0,0,0,1,0,0,1,0,0,0,0,0,0,0,0,0,0,1,0,0,0,0,0,0,0,0,0,0,0,0,0,1,0,1,0,0,1,1,0,0
14 - Φλώρινας,91 E.T. Δήμου Φλώρινας,503,45,1,0,1,44,20,6,0,0,12,14,3,0,10,1,7,0,0,0,7,0,0,0,0,0,1,0,0,0,0,0,0,0,0,1,1,0,0,0,0,0,0,0,0,0,0,0,0,1,0,0,0,0,0,0,0,0,0,0,0,0,0,0,0,0,0,0,0,0,0,0,0,0,0,0,0,0,0,0,0,0,0
14 - Φλώρινας,92 E.T. Δήμου Φλώρινας,505,47,1,0,1,46,29,9,0,1,12,3,1,1,1,0,6,3,1,0,2,1,1,0,0,0,2,1,1,0,0,0,0,0,0,1,1,1,1,0,0,0,0,0,0,0,0,0,0,2,1,0,1,0,0,0,0,0,0,0,0,0,0,0,0,0,0,0,0,0,0,0,0,0,0,0,0,0,0,0,0,0,0
14 - Φλώρινας,93 E.T. Δήμου Φλώρινας,390,130,1,1,2,128,47,19,7,3,18,44,11,5,24,3,9,2,2,0,5,4,0,0,1,3,5,4,0,0,0,3,1,0,1,2,2,0,0,0,0,1,1,0,0,0,10,0,9,3,0,3,0,0,0,0,0,0,0,0,0,0,0,0,0,0,0,0,0,0,0,0,0,0,0,0,0,0,0,0,0,0,0
14 - Φλώρινας,94 E.T. Δήμου Φλώρινας,314,115,1,1,2,113,52,25,4,3,17,18,11,2,4,0,17,2,0,1,14,11,2,3,1,1,5,4,0,0,0,1,0,0,1,0,0,0,0,0,0,0,0,0,0,0,0,0,0,9,0,7,0,0,0,0,0,0,0,0,0,0,0,0,0,0,0,0,0,0,0,0,0,0,0,0,0,0,0,0,0,0,0
14 - Φλώρινας,95 E.T. Δήμου Φλώρινας,454,174,0,2,2,172,89,51,7,1,27,32,7,8,16,0,22,10,2,0,8,3,1,0,0,2,7,4,0,0,0,3,0,0,1,1,1,0,0,0,0,0,0,0,0,0,2,0,2,6,0,5,0,0,0,0,0,0,0,0,0,0,0,0,0,0,0,0,0,0,0,0,1,0,1,0,1,3,1,2,2,0,0
14 - Φλώρινας,96 E.T. Δήμου Φλώρινας,453,162,0,2,2,160,83,42,3,0,35,16,1,2,11,0,21,1,1,0,13,12,0,0,1,5,6,2,1,1,0,0,0,0,0,1,1,1,0,1,0,0,0,0,0,0,1,0,1,9,1,4,0,0,1,0,0,0,1,0,0,0,0,1,0,0,0,1,0,1,0,0,0,0,0,0,0,0,0,5,3,0,0
14 - Φλώρινας,97 E.T. Δήμου Φλώρινας,325,166,3,1,4,162,83,46,4,3,25,27,16,3,5,1,14,1,1,0,12,12,0,3,1,6,9,3,0,0,4,3,0,2,0,0,0,0,0,0,0,0,0,0,0,0,1,0,0,5,1,3,0,0,0,0,1,0,0,0,0,0,0,0,0,0,0,0,0,0,0,0,3,0,2,0,0,1,0,1,0,0,0
14 - Φλώρινας,98 E.T. Δήμου Φλώρινας,292,137,1,1,2,135,57,30,2,3,19,33,10,1,15,3,20,1,1,0,18,5,0,2,1,0,11,8,0,2,1,2,1,0,0,0,0,0,0,0,0,0,0,0,0,0,2,0,0,0,0,0,0,0,0,0,0,0,0,0,1,1,0,0,0,0,0,0,0,0,0,0,2,0,1,1,0,0,0,1,0,0,0
14 - Φλώρινας,99 E.T. Δήμου Φλώρινας,532,171,1,0,1,170,62,14,1,5,38,56,13,14,25,1,21,4,5,0,11,8,1,2,0,1,8,5,0,0,0,3,0,1,0,1,1,0,0,0,0,0,0,0,0,0,1,0,1,8,1,4,0,0,1,0,0,0,0,0,0,0,0,0,0,0,0,1,1,0,0,0,0,0,0,0,0,0,0,0,0,0,0
14 - Φλώρινας,100 E.T. Δήμου Φλώρινας,484,120,1,3,4,116,50,6,2,2,36,22,4,5,12,0,13,0,0,0,8,5,1,1,0,0,9,4,2,0,0,2,1,1,0,0,0,1,1,0,0,0,0,0,0,0,3,0,0,5,0,4,0,0,0,0,0,0,0,0,0,0,0,0,0,0,0,2,1,0,1,0,0,0,0,0,0,1,0,1,0,1,0
14 - Φλώρινας,101 E.T. Δήμου Φλώρινας,559,34,0,0,0,34,11,9,1,0,1,7,5,0,1,0,7,0,0,0,5,1,0,1,0,0,3,3,0,0,0,0,0,0,0,1,1,0,0,0,0,0,0,0,0,0,0,0,0,1,0,0,0,0,0,0,1,0,0,0,0,0,0,0,0,0,0,0,0,0,0,0,0,0,0,0,0,0,0,2,2,0,0
14 - Φλώρινας,102 E.T. Δήμου Φλώρινας,561,126,1,2,3,123,86,61,2,2,18,14,5,2,5,0,12,4,0,0,6,1,0,0,0,1,2,0,0,0,1,0,0,0,0,2,2,0,0,0,0,0,0,0,0,0,0,0,0,3,0,3,0,0,0,0,0,0,1,1,0,0,0,0,0,1,1,1,0,1,0,0,0,0,0,0,0,0,0,0,0,0,0
14 - Φλώρινας,103 E.T. Δήμου Φλώρινας,575,122,1,1,2,120,81,61,0,3,16,20,6,4,7,1,9,0,1,0,6,3,1,2,0,0,1,1,0,0,0,2,0,0,2,0,0,0,0,0,0,0,0,0,0,0,1,0,1,0,0,0,0,0,0,0,0,0,0,0,0,0,0,0,0,0,0,0,0,0,0,0,0,0,1,1,0,1,1,1,1,0,0
14 - Φλώρινας,104 E.T. Δήμου Φλώρινας,441,197,6,1,7,190,67,26,2,1,35,58,13,6,29,5,19,4,3,1,7,9,6,0,1,0,9,3,1,1,1,5,2,2,0,3,2,0,0,0,0,0,0,0,2,2,0,0,0,5,0,3,0,0,0,0,0,0,0,0,0,0,0,0,0,1,0,4,1,0,0,0,1,0,0,0,0,3,0,4,2,0,0
14 - Φλώρινας,105 E.T. Δήμου Φλώρινας,432,217,2,1,3,214,88,54,7,1,21,60,23,6,23,0,12,0,1,0,11,2,1,0,0,0,21,12,1,3,0,0,0,0,0,2,1,0,0,0,0,1,0,0,0,0,1,0,0,13,2,8,0,0,1,0,0,0,0,0,0,0,0,1,0,0,0,2,1,0,1,1,0,0,1,0,0,1,0,7,2,0,0
14 - Φλώρινας,106 E.T. Δήμου Φλώρινας,490,102,4,2,6,96,40,20,5,0,12,23,3,5,14,0,4,0,2,0,1,5,1,0,0,2,6,4,0,0,0,2,1,0,1,0,0,1,0,0,0,1,0,1,1,0,2,0,2,3,2,1,0,0,0,0,0,0,0,0,0,0,0,0,0,0,0,0,0,0,1,0,0,0,1,0,1,0,0,3,2,3,2
14 - Φλώρινας,107 E.T. Δήμου Φλώρινας,437,80,0,0,0,80,17,8,1,0,7,27,7,16,4,0,15,0,7,3,5,6,0,1,1,0,4,3,1,0,0,4,0,2,0,0,0,0,0,0,0,0,0,0,0,0,0,0,0,4,0,1,0,0,0,0,0,0,0,0,0,0,0,0,0,0,0,1,1,0,0,0,0,0,0,0,0,0,0,2,1,0,0
14 - Φλώρινας,108 E.T. Δήμου Φλώρινας,568,84,5,2,7,77,26,7,4,0,12,24,2,7,10,0,4,0,0,0,4,3,0,1,0,1,4,1,2,1,0,0,0,0,0,0,0,0,0,0,0,1,0,0,1,1,0,0,0,4,0,2,1,0,0,0,0,0,0,0,0,0,0,0,0,2,0,0,0,0,0,0,3,1,1,1,0,0,0,3,1,0,0
14 - Φλώρινας,109 E.T. Δήμου Φλώρινας,542,77,4,1,5,72,23,11,5,0,6,26,6,6,12,0,10,0,3,2,5,1,0,0,0,1,4,2,0,0,0,0,0,0,0,2,1,0,0,0,0,0,0,0,0,0,0,0,0,4,0,4,0,0,1,0,0,0,0,0,0,0,0,0,0,0,0,0,0,0,0,0,0,0,0,0,0,0,0,1,1,0,0
14 - Φλώρινας,110 E.T. Δήμου Φλώρινας,445,108,2,0,2,106,34,13,1,4,15,37,7,12,16,0,17,0,3,7,6,3,0,0,1,1,4,4,0,0,0,6,2,0,2,1,1,0,0,0,0,1,0,0,0,0,0,0,0,2,0,0,0,0,0,0,0,0,0,0,0,0,0,0,0,0,0,0,0,0,0,0,0,0,0,0,0,0,0,1,1,0,0
14 - Φλώρινας,111 E.T. Δήμου Φλώρινας,367,139,3,0,3,136,57,24,4,0,26,47,8,5,29,1,8,3,0,0,4,5,0,0,4,1,2,1,0,0,0,3,2,0,0,1,1,0,0,1,0,1,0,1,0,0,3,1,0,4,0,4,0,0,0,0,0,0,0,0,0,0,0,0,0,1,0,0,0,0,0,0,0,0,0,0,0,0,0,3,3,0,0
14 - Φλώρινας,112 E.T. Δήμου Φλώρινας,375,182,4,1,5,177,86,37,4,2,40,32,9,8,14,0,26,5,4,0,15,8,0,1,7,0,15,4,5,4,0,4,1,1,0,0,0,0,0,0,0,2,0,2,0,0,0,0,0,1,0,1,0,0,0,0,0,0,0,0,0,0,0,1,0,0,0,1,0,0,0,0,0,0,0,0,0,0,0,1,0,0,0
14 - Φλώρινας,113 E.T. Δήμου Φλώρινας,376,179,4,3,7,172,72,19,0,1,50,31,7,9,9,1,20,5,2,0,13,1,0,0,1,0,13,10,1,1,0,3,2,0,0,2,2,0,0,0,0,12,0,11,0,0,0,0,0,8,1,5,0,0,0,0,0,0,0,0,0,0,0,1,1,2,1,3,3,0,0,0,0,0,0,0,0,0,0,3,1,1,0
14 - Φλώρινας,114 E.T. Δήμου Φλώρινας,348,156,6,0,6,150,40,17,5,1,16,57,15,9,20,8,13,3,4,0,5,12,2,1,1,5,5,4,0,0,0,2,0,1,0,2,2,0,0,0,0,3,0,3,0,0,1,0,1,12,1,9,0,0,0,0,0,0,0,0,0,0,0,0,0,0,0,2,0,1,0,0,0,0,0,0,0,0,0,1,1,0,0
14 - Φλώρινας,115 E.T. Δήμου Φλώρινας,366,153,5,0,5,148,49,16,8,0,25,50,9,16,18,2,17,0,2,1,9,13,4,1,2,2,3,3,0,0,0,3,1,0,0,0,0,1,1,0,0,1,0,1,1,1,1,0,1,6,0,6,0,0,0,0,0,0,0,0,0,0,0,0,0,1,1,1,0,1,0,0,0,0,0,0,0,0,0,1,1,0,0
14 - Φλώρινας,116 E.T. Δήμου Φλώρινας,466,260,4,1,5,255,47,17,0,0,29,123,13,20,81,3,18,3,4,1,9,7,2,2,0,2,9,5,1,1,0,6,3,1,0,16,13,0,0,0,0,1,0,1,1,1,0,0,0,7,1,4,0,0,0,0,7,2,0,0,0,0,0,1,0,0,0,1,0,1,2,0,0,0,0,0,0,0,0,8,7,1,1
14 - Φλώρινας,117 E.T. Δήμου Φλώρινας,463,266,7,0,7,259,90,24,2,1,59,74,13,15,39,3,12,0,1,0,10,10,1,0,8,1,13,10,0,0,0,6,3,2,1,27,27,1,0,0,0,3,0,2,0,0,2,0,1,13,0,9,0,0,2,2,0,0,0,0,0,0,0,2,2,0,0,0,0,0,0,0,0,0,1,0,0,0,0,3,3,0,0
14 - Φλώρινας,118 E.T. Δήμου Φλώρινας,464,236,2,0,2,234,72,16,2,1,49,93,12,15,49,0,19,0,2,1,15,3,0,0,0,2,3,3,0,0,0,5,3,0,2,20,18,0,0,0,0,0,0,0,1,1,1,1,0,12,2,9,0,0,0,0,0,0,0,0,0,0,0,0,0,0,0,1,1,0,0,0,0,0,0,0,0,0,0,4,3,0,0
14 - Φλώρινας,119 E.T. Δήμου Φλώρινας,473,215,3,1,4,211,76,20,0,3,50,65,14,11,36,4,28,2,5,2,17,4,2,0,0,2,4,4,0,0,0,2,0,2,0,5,5,0,0,0,0,4,1,1,0,0,1,1,0,13,2,10,0,0,1,1,1,1,0,0,0,0,0,1,1,0,0,0,0,0,0,0,0,0,0,0,0,1,1,5,4,0,0
14 - Φλώρινας,120 E.T. Δήμου Φλώρινας,464,226,4,0,4,222,55,13,0,2,40,105,18,28,48,4,13,1,0,0,11,13,3,3,6,1,7,5,0,0,1,2,1,0,0,11,8,1,1,0,0,2,0,2,0,0,0,0,0,5,1,4,0,0,0,0,0,0,0,0,0,0,0,0,0,0,0,1,1,0,0,0,1,0,1,0,0,0,0,4,3,1,1
14 - Φλώρινας,121 E.T. Δήμου Φλώρινας,501,258,3,1,4,254,99,36,9,2,49,72,14,44,13,1,28,3,2,2,19,3,0,0,0,2,21,16,1,3,0,9,3,1,1,0,0,0,0,0,0,1,1,0,1,1,0,0,0,15,2,11,0,0,0,0,0,0,0,0,0,0,0,1,1,0,0,1,1,0,0,0,1,1,1,1,0,0,0,1,0,0,0
14 - Φλώρινας,122 E.T. Δήμου Φλώρινας,502,227,6,1,7,220,92,29,3,0,56,59,1,41,16,0,29,1,3,4,19,1,0,0,0,0,9,5,1,1,1,2,1,0,0,1,0,0,0,0,0,2,0,2,0,0,3,0,2,11,5,5,0,0,1,1,0,0,0,0,0,0,0,0,0,2,2,2,1,0,1,1,0,0,1,0,1,2,1,2,1,0,0
14 - Φλώρινας,123 E.T. Δήμου Φλώρινας,343,117,2,2,4,113,44,10,8,1,23,28,9,6,11,0,8,4,0,0,3,5,0,1,0,2,7,2,0,3,0,3,1,0,0,0,0,1,1,0,0,2,0,1,1,1,8,0,8,3,1,2,0,0,0,0,0,0,0,0,0,0,0,2,1,0,0,0,0,0,0,0,0,0,0,0,0,0,0,1,1,0,0
14 - Φλώρινας,124 E.T. Δήμου Φλώρινας,375,111,6,2,8,103,48,14,1,1,29,27,2,11,12,0,12,2,0,0,8,1,0,1,0,0,3,2,0,0,0,0,0,0,0,2,2,0,0,1,0,0,0,0,2,1,2,0,2,4,0,3,0,0,0,0,0,0,0,0,0,0,0,1,0,0,0,0,0,0,0,0,0,0,0,0,0,0,0,0,0,0,0
14 - Φλώρινας,125 E.T. Δήμου Φλώρινας,485,187,4,3,7,180,78,19,6,2,48,28,4,7,15,0,36,2,6,3,22,4,0,1,2,0,7,5,1,0,0,2,1,1,0,3,3,0,0,0,0,2,1,0,0,0,1,0,1,11,4,6,0,0,0,0,0,0,0,0,0,0,0,0,0,0,0,2,1,1,1,1,1,0,0,0,0,0,0,3,1,1,1
14 - Φλώρινας,126 E.T. Δήμου Φλώρινας,493,145,2,0,2,143,59,18,5,0,34,39,11,14,12,0,14,1,1,1,10,4,0,0,4,0,7,4,1,1,1,3,3,0,0,0,0,1,0,0,0,4,0,4,0,0,1,0,1,7,1,6,0,0,0,0,0,0,1,0,0,0,0,1,1,0,0,1,1,0,0,0,0,0,0,0,0,0,0,1,1,0,0
14 - Φλώρινας,127 E.T. Δήμου Φλώρινας,467,176,6,0,6,170,65,14,5,0,41,35,14,8,6,5,24,1,3,1,19,0,0,0,0,0,7,7,0,0,0,7,2,3,1,1,1,0,0,0,0,1,1,0,2,1,0,0,0,18,3,13,0,0,0,0,0,0,0,0,0,0,0,0,0,0,0,2,1,0,0,0,2,1,1,1,0,2,0,1,1,2,2
14 - Φλώρινας,128 E.T. Δήμου Φλώρινας,550,258,4,0,4,254,81,32,9,4,35,64,20,14,23,0,30,6,4,1,18,3,0,1,2,0,7,5,1,0,0,3,1,0,0,5,5,0,0,0,0,0,0,0,1,0,1,0,1,44,0,44,0,0,1,1,0,0,0,0,0,0,0,1,0,0,0,2,1,0,0,0,1,0,2,2,0,1,1,3,2,4,4
14 - Φλώρινας,129 E.T. Δήμου Φλώρινας,541,304,1,1,2,302,135,53,21,0,56,65,6,18,31,2,31,1,6,4,19,12,1,1,4,3,5,2,1,0,1,4,0,3,0,3,3,0,0,0,0,4,0,0,0,0,1,0,1,36,2,34,0,0,0,0,0,0,0,0,0,0,0,1,0,0,0,0,0,0,0,0,0,0,1,0,1,1,0,3,2,0,0
14 - Φλώρινας,130 E.T. Δήμου Φλώρινας,322,114,2,1,3,111,44,12,3,2,25,34,2,7,25,0,7,1,0,1,5,3,2,0,1,0,8,7,0,0,0,7,4,1,0,4,4,0,0,0,0,1,0,1,0,0,0,0,0,1,0,1,0,0,0,0,0,0,0,0,0,0,0,0,0,1,1,0,0,0,0,0,0,0,0,0,0,0,0,1,0,0,0
14 - Φλώρινας,131 E.T. Δήμου Φλώρινας,611,281,5,1,6,275,126,23,3,1,95,61,15,14,25,0,34,13,1,0,20,8,4,1,1,0,11,9,0,0,0,6,2,2,1,1,1,1,1,0,0,0,0,0,0,0,0,0,0,14,0,11,0,0,0,0,0,0,0,0,0,0,0,0,0,0,0,1,1,0,0,0,2,2,2,0,1,1,1,5,5,2,2
14 - Φλώρινας,132 E.T. Δήμου Φλώρινας,531,208,7,1,8,200,56,26,8,0,18,74,9,22,39,0,37,4,6,1,22,4,1,1,0,2,7,4,0,0,0,6,3,0,0,0,0,0,0,0,0,3,0,0,1,1,2,2,0,4,0,4,0,0,0,0,0,0,0,0,0,0,0,2,2,0,0,0,0,0,1,0,1,1,0,0,0,0,0,1,0,1,1
14 - Φλώρινας,133 E.T. Δήμου Φλώρινας,490,166,4,2,6,160,64,24,5,1,30,34,9,8,15,0,40,6,5,2,25,5,0,0,1,0,2,2,0,0,0,4,1,1,1,1,0,1,1,0,0,1,1,0,1,0,3,0,2,4,2,2,0,0,0,0,0,0,0,0,0,0,0,0,0,0,0,0,0,0,0,0,0,0,0,0,0,0,0,0,0,0,0
14 - Φλώρινας,134 E.T. Δήμου Φλώρινας,414,188,2,1,3,185,82,47,2,10,22,32,20,4,8,0,46,0,4,3,39,0,0,0,0,0,8,6,1,0,1,0,0,0,0,4,4,0,0,0,0,0,0,0,1,1,3,1,1,4,1,1,0,0,0,0,0,0,0,0,0,0,0,1,1,0,0,1,0,1,0,0,0,0,1,1,0,0,0,1,0,1,1
14 - Φλώρινας,135 E.T. Δήμου Φλώρινας,112,31,1,0,1,30,11,6,0,0,5,7,7,0,0,0,8,0,0,1,5,0,0,0,0,0,1,1,0,0,0,0,0,0,0,0,0,0,0,0,0,0,0,0,0,0,1,0,1,0,0,0,0,0,0,0,0,0,0,0,0,0,0,0,0,0,0,1,1,0,0,0,0,0,0,0,0,0,0,1,1,0,0
14 - Φλώρινας,136 E.T. Δήμου Φλώρινας,460,177,3,0,3,174,46,20,5,1,18,59,9,20,27,0,31,0,11,0,16,6,1,0,1,1,12,8,0,0,0,8,2,4,1,0,0,0,0,0,0,0,0,0,2,2,0,0,0,7,1,4,0,0,0,0,0,0,0,0,0,0,0,1,0,0,0,0,0,0,0,0,0,0,0,0,0,0,0,1,1,1,1
14 - Φλώρινας,137 E.T. Δήμου Φλώρινας,439,228,6,2,8,220,68,35,7,0,22,62,10,25,23,0,35,4,10,2,17,5,0,1,0,0,15,10,2,1,1,6,4,0,0,2,2,0,0,0,0,0,0,0,1,0,1,0,1,14,0,12,0,0,2,2,0,0,0,0,0,0,0,2,1,0,0,0,0,0,0,0,2,2,2,2,0,0,0,1,1,2,2
14 - Φλώρινας,138 E.T. Δήμου Φλώρινας,446,202,6,1,7,195,85,43,9,1,30,45,12,3,28,0,25,0,5,0,19,2,0,0,0,2,10,7,2,0,0,5,1,1,1,4,4,0,0,0,0,0,0,0,2,0,0,0,0,11,2,9,0,0,1,1,0,0,1,1,0,0,0,0,0,0,0,1,1,0,1,1,0,0,0,0,0,1,0,0,0,1,1
14 - Φλώρινας,139 E.T. Δήμου Φλώρινας,449,219,0,1,1,218,64,36,6,1,15,61,8,14,34,2,42,3,11,0,28,5,1,1,2,0,8,5,0,0,0,7,3,1,2,0,0,0,0,0,0,1,1,0,2,1,0,0,0,12,1,8,1,1,0,0,0,0,0,0,3,1,0,1,1,1,1,0,0,0,1,1,0,0,1,0,1,0,0,4,3,4,3
14 - Φλώρινας,140 E.T. Δήμου Φλώρινας,424,189,3,1,4,185,86,21,16,0,38,46,9,7,25,3,15,4,3,0,7,1,0,0,0,1,7,4,0,0,1,3,2,1,0,0,0,0,0,0,0,0,0,0,3,1,0,0,0,12,0,9,1,0,2,2,0,0,0,0,0,0,0,0,0,2,1,1,1,0,0,0,0,0,0,0,0,1,1,1,1,4,3
14 - Φλώρινας,141 E.T. Δήμου Φλώρινας,536,218,5,2,7,211,56,27,4,1,19,72,36,15,16,3,33,1,0,0,28,17,0,2,5,3,3,3,0,0,0,5,2,0,0,5,5,0,0,1,1,1,0,1,0,0,0,0,0,4,0,3,0,0,0,0,0,0,0,0,0,0,0,0,0,1,0,4,1,0,0,0,2,1,3,1,1,1,1,3,3,0,0
14 - Φλώρινας,142 E.T. Δήμου Φλώρινας,585,147,6,0,6,141,53,35,0,0,17,34,11,8,13,1,39,4,1,1,31,1,0,0,0,0,3,2,0,0,0,2,0,0,0,0,0,0,0,0,0,0,0,0,0,0,0,0,0,3,0,2,0,0,0,0,2,2,0,0,0,0,0,1,1,0,0,0,0,0,0,0,0,0,0,0,0,0,0,3,0,0,0
14 - Φλώρινας,143 E.T. Δήμου Φλώρινας,441,138,2,0,2,136,37,11,6,0,19,40,6,6,25,1,11,0,0,0,10,20,3,1,3,4,1,1,0,0,0,8,2,0,4,1,0,0,0,0,0,0,0,0,0,0,2,0,1,3,0,2,0,0,0,0,0,0,0,0,0,0,0,0,0,0,0,1,1,0,1,0,2,0,1,0,0,1,0,6,6,1,0
14 - Φλώρινας,144 E.T. Δήμου Φλώρινας,441,136,3,0,3,133,47,13,9,3,19,32,9,4,17,0,13,1,1,1,9,23,6,1,2,6,4,4,0,0,0,2,2,0,0,0,0,0,0,0,0,5,1,4,0,0,2,1,1,0,0,0,0,0,0,0,0,0,0,0,0,0,0,0,0,0,0,0,0,0,1,0,3,2,0,0,0,0,0,1,1,0,0
14 - Φλώρινας,145 E.T. Δήμου Φλώρινας,460,258,4,0,4,254,73,43,4,5,16,36,17,6,13,0,102,0,1,0,101,14,1,6,1,5,11,7,2,2,0,4,2,0,1,1,1,0,0,0,0,1,0,1,0,0,1,0,1,6,1,5,0,0,0,0,0,0,0,0,0,0,0,1,0,0,0,1,0,1,0,0,1,1,0,0,0,0,0,2,2,0,0
14 - Φλώρινας,146 E.T. Δήμου Φλώρινας,341,95,3,0,3,92,43,24,2,2,12,16,3,5,7,0,17,4,0,2,11,1,0,1,0,0,5,3,0,0,0,1,1,0,0,1,0,0,0,0,0,0,0,0,1,1,4,4,0,2,0,1,0,0,0,0,0,0,0,0,0,0,0,0,0,0,0,0,0,0,0,0,0,0,1,1,0,0,0,0,0,0,0
14 - Φλώρινας,147 E.T. Δήμου Φλώρινας,526,115,0,0,0,115,46,26,3,1,15,36,3,18,10,2,8,1,1,2,4,10,1,0,7,1,2,1,1,0,0,2,1,0,0,1,1,0,0,0,0,4,0,2,0,0,0,0,0,0,0,0,0,0,0,0,0,0,1,1,0,0,0,2,1,0,0,0,0,0,0,0,0,0,0,0,0,0,0,3,2,0,0
14 - Φλώρινας,148 E.T. Δήμου Φλώρινας,521,125,2,0,2,123,39,16,3,2,14,44,7,9,27,0,11,1,1,0,8,9,4,0,2,2,4,1,0,2,1,1,1,0,0,1,1,1,1,0,0,1,0,1,1,1,1,0,0,6,1,5,0,0,0,0,0,0,0,0,1,0,1,0,0,0,0,0,0,0,0,0,0,0,0,0,0,1,1,1,0,1,0
14 - Φλώρινας,149 E.T. Δήμου Φλώρινας,499,100,0,1,1,99,32,10,2,1,19,37,6,11,16,2,12,2,2,2,6,11,1,0,6,1,2,2,0,0,0,3,0,2,0,0,0,1,1,0,0,0,0,0,0,0,0,0,0,0,0,0,0,0,0,0,0,0,0,0,0,0,0,0,0,0,0,0,0,0,1,1,0,0,0,0,0,0,0,0,0,0,0
14 - Φλώρινας,150 E.T. Δήμου Φλώρινας,295,55,4,0,4,51,15,0,0,1,14,21,2,11,5,0,6,0,0,0,6,0,0,0,0,0,7,4,0,1,0,0,0,0,0,1,1,0,0,0,0,0,0,0,0,0,1,1,0,0,0,0,0,0,0,0,0,0,0,0,0,0,0,0,0,0,0,0,0,0,0,0,0,0,0,0,0,0,0,0,0,0,0
14 - Φλώρινας,151 E.T. Δήμου Φλώρινας,436,145,9,1,10,135,54,33,3,1,15,28,10,2,14,0,27,2,1,0,21,1,1,0,0,0,2,0,0,1,0,2,1,0,0,5,2,0,0,0,0,1,1,0,0,0,2,0,2,7,1,6,0,0,0,0,0,0,1,0,0,0,0,0,0,0,0,0,0,0,0,0,1,0,0,0,0,0,0,4,3,0,0
14 - Φλώρινας,152 E.T. Δήμου Φλώρινας,420,130,2,1,3,127,64,30,4,6,22,28,13,5,7,2,21,6,0,0,9,1,0,1,0,0,2,2,0,0,0,3,2,0,0,1,1,0,0,0,0,0,0,0,1,1,1,1,0,2,0,1,0,0,0,0,0,0,0,0,0,0,0,0,0,0,0,0,0,0,0,0,1,0,1,1,0,0,0,1,0,0,0
14 - Φλώρινας,153 E.T. Δήμου Φλώρινας,486,131,6,0,6,125,30,14,0,0,12,49,6,11,29,0,16,3,0,1,12,9,4,0,0,1,8,3,0,2,1,1,0,0,0,1,1,0,0,0,0,1,0,1,0,0,0,0,0,5,0,5,0,0,0,0,0,0,0,0,0,0,0,0,0,0,0,0,0,0,0,0,0,0,0,0,0,2,2,3,0,0,0
14 - Φλώρινας,154 E.T. Δήμου Φλώρινας,466,124,7,0,7,117,50,17,2,5,24,37,7,14,15,1,19,3,0,0,11,4,1,2,0,1,0,0,0,0,0,2,1,0,1,0,0,0,0,0,0,1,0,1,0,0,0,0,0,0,0,0,0,0,0,0,0,0,0,0,0,0,0,0,0,0,0,1,0,0,0,0,2,2,0,0,0,0,0,0,0,1,1
14 - Φλώρινας,155 E.T. Δήμου Φλώρινας,405,166,1,0,1,165,59,13,0,1,45,39,5,1,32,0,32,2,4,4,20,12,0,0,2,9,8,7,0,0,0,3,1,0,1,0,0,0,0,0,0,1,0,1,1,1,3,0,1,4,1,3,0,0,0,0,0,0,0,0,0,0,0,0,0,0,0,1,0,0,0,0,0,0,1,0,1,1,1,0,0,0,0
14 - Φλώρινας,156 E.T. Δήμου Φλώρινας,396,122,3,1,4,118,39,10,1,0,27,37,2,0,33,0,16,3,2,2,9,2,0,0,0,1,4,3,0,1,0,1,0,0,0,2,2,0,0,0,0,0,0,0,3,1,1,1,0,10,3,6,0,0,0,0,0,0,0,0,0,0,0,0,0,0,0,0,0,0,0,0,1,1,0,0,0,1,1,1,1,0,0
14 - Φλώρινας,157 E.T. Δήμου Φλώρινας,394,148,1,1,2,146,53,10,0,1,40,41,3,2,33,0,15,0,0,3,10,9,0,0,0,9,13,13,0,0,0,4,1,2,0,0,0,1,0,0,0,0,0,0,0,0,1,0,0,2,0,2,0,0,0,0,0,0,0,0,0,0,0,0,0,0,0,0,0,0,0,0,1,1,1,1,0,1,0,3,2,1,1
14 - Φλώρινας,158 E.T. Δήμου Φλώρινας,532,285,4,2,6,279,106,35,11,8,45,61,20,7,25,3,41,0,1,0,39,5,0,2,1,2,12,10,0,0,0,8,5,1,1,2,1,0,0,0,0,1,0,1,1,1,4,2,2,19,1,13,0,0,0,0,0,0,0,0,0,0,0,0,0,0,0,3,0,0,1,0,5,4,2,0,1,2,1,6,3,0,0
14 - Φλώρινας,159 E.T. Δήμου Φλώρινας,513,263,9,1,10,253,86,28,12,9,33,56,7,8,32,1,43,9,7,0,25,5,0,0,2,0,17,12,0,3,0,7,4,2,0,0,0,0,0,0,0,0,0,0,3,3,4,0,3,12,1,8,0,0,1,1,1,0,0,0,3,2,0,4,3,0,0,1,0,0,0,0,3,2,0,0,0,1,0,5,4,1,1
14 - Φλώρινας,160 E.T. Δήμου Φλώρινας,523,273,3,1,4,269,96,28,10,1,49,76,19,9,40,1,39,6,2,3,25,19,1,0,12,3,15,12,0,0,0,3,2,0,0,1,1,0,0,0,0,0,0,0,2,1,1,1,0,9,0,6,0,0,0,0,1,0,0,0,0,0,0,1,1,0,0,1,0,0,0,0,1,1,0,0,0,0,0,3,0,1,0
14 - Φλώρινας,161 E.T. Δήμου Φλώρινας,519,270,7,0,7,263,115,47,8,8,44,53,9,10,32,0,27,3,2,0,21,13,1,1,2,6,10,6,0,0,0,7,6,1,0,1,1,0,0,0,0,0,0,0,6,0,5,0,4,10,0,10,0,0,0,0,0,0,0,0,0,0,0,0,0,0,0,3,0,1,1,1,3,1,2,0,0,0,0,6,5,1,1
14 - Φλώρινας,162 E.T. Δήμου Φλώρινας,498,239,3,0,3,236,74,32,3,6,29,81,28,3,44,0,31,2,1,1,26,3,0,0,2,1,12,7,1,0,0,4,4,0,0,1,0,2,2,1,0,0,0,0,1,1,1,0,0,14,3,8,0,0,0,0,1,0,0,0,0,0,0,0,0,0,0,1,1,0,1,0,1,1,0,0,0,1,1,6,2,0,0
14 - Φλώρινας,163 E.T. Δήμου Φλώρινας,520,258,5,0,5,253,95,33,4,9,45,60,10,11,35,1,36,6,1,0,28,9,3,1,1,1,15,14,0,0,0,3,3,0,0,0,0,0,0,1,1,1,0,0,2,1,5,2,3,11,1,7,0,0,0,0,1,1,0,0,0,0,0,0,0,1,0,0,0,0,0,0,4,3,1,0,0,3,2,5,3,0,0
14 - Φλώρινας,164 E.T. Δήμου Φλώρινας,513,259,0,2,2,257,92,30,9,5,39,56,14,5,34,1,27,4,2,2,17,14,1,1,3,4,12,10,1,0,0,9,7,0,0,1,1,0,0,0,0,5,1,1,3,2,6,1,5,11,1,8,0,0,1,1,0,0,1,0,1,1,0,0,0,0,0,4,0,1,0,0,0,0,2,0,0,0,0,10,5,2,1
14 - Φλώρινας,165 E.T. Δήμου Φλώρινας,520,220,3,2,5,215,93,23,12,1,47,32,11,4,15,0,25,3,2,0,20,9,3,1,1,2,14,9,1,0,0,8,8,0,0,2,2,2,0,0,0,1,0,0,2,2,4,1,2,5,0,5,0,0,1,0,0,0,1,0,0,0,0,1,1,0,0,0,0,0,0,0,2,1,0,0,0,2,0,9,5,2,1
14 - Φλώρινας,166 E.T. Δήμου Φλώρινας,529,278,6,0,6,272,111,37,6,17,44,61,20,10,28,1,37,1,3,0,31,15,4,0,2,5,14,10,0,0,1,9,6,1,0,0,0,0,0,0,0,3,0,2,2,1,3,0,3,8,0,5,0,0,0,0,0,0,0,0,0,0,0,1,0,0,0,3,2,0,1,0,2,0,0,0,0,0,0,2,2,0,0
14 - Φλώρινας,167 E.T. Δήμου Φλώρινας,514,204,4,0,4,200,79,31,1,11,33,40,9,11,15,1,29,1,1,0,22,8,1,0,0,4,5,4,0,0,1,7,4,1,0,2,2,0,0,1,1,3,0,2,0,0,4,1,0,8,1,6,0,0,0,0,0,0,1,1,0,0,0,0,0,0,0,0,0,0,0,0,1,0,1,0,1,0,0,8,7,3,1
14 - Φλώρινας,168 E.T. Δήμου Φλώρινας,520,280,2,1,3,277,111,40,6,16,34,68,23,6,34,1,28,2,0,0,23,14,2,1,4,4,13,10,1,0,0,7,5,0,0,1,1,0,0,0,0,1,0,1,1,0,3,0,0,17,2,15,0,0,0,0,1,1,0,0,0,0,0,1,1,0,0,2,1,1,0,0,2,2,1,0,0,1,1,3,1,2,2
14 - Φλώρινας,169 E.T. Δήμου Φλώρινας,526,261,6,1,7,254,93,30,1,6,52,80,21,15,38,1,28,3,1,0,21,13,2,1,3,2,7,7,0,0,0,2,2,0,0,2,2,0,0,1,1,0,0,0,0,0,5,0,5,16,3,6,0,0,0,0,0,0,0,0,0,0,0,0,0,0,0,0,0,0,0,0,1,1,0,0,0,0,0,6,4,0,0
14 - Φλώρινας,170 E.T. Δήμου Φλώρινας,517,214,2,1,3,211,92,43,8,7,30,40,10,1,22,3,30,1,1,2,25,16,1,1,2,3,6,5,0,0,1,5,2,0,1,2,2,0,0,0,0,1,0,0,0,0,0,0,0,10,2,6,0,0,0,0,0,0,0,0,0,0,0,2,2,1,0,0,0,0,0,0,0,0,1,0,1,0,0,3,3,2,1
14 - Φλώρινας,171 E.T. Δήμου Φλώρινας,524,259,4,2,6,253,100,31,6,6,49,47,12,6,22,1,39,2,1,0,29,20,3,2,8,4,9,6,1,0,2,9,6,0,0,0,0,0,0,1,1,2,0,2,1,0,4,0,2,9,0,7,0,0,0,0,0,0,0,0,0,0,0,3,1,2,0,0,0,0,2,1,0,0,1,0,0,1,0,3,0,0,0
14 - Φλώρινας,172 E.T. Δήμου Φλώρινας,527,199,6,0,6,193,71,29,0,3,37,49,12,3,27,0,28,4,6,0,15,10,0,0,3,2,3,1,0,0,0,4,2,1,0,0,0,0,0,0,0,0,0,0,1,0,1,0,0,14,3,9,0,0,0,0,0,0,0,0,1,0,0,0,0,1,1,0,0,0,1,1,0,0,1,0,0,2,0,4,4,2,0
14 - Φλώρινας,173 E.T. Δήμου Φλώρινας,503,256,8,2,10,246,99,29,4,5,61,52,15,10,19,1,45,6,2,0,35,3,0,0,1,1,8,5,0,1,0,10,3,0,3,0,0,0,0,0,0,2,0,2,2,0,3,1,0,12,1,5,0,0,0,0,0,0,0,0,0,0,0,0,0,2,1,1,0,0,1,1,2,1,0,0,0,0,0,4,0,0,0
14 - Φλώρινας,174 E.T. Δήμου Φλώρινας,516,251,1,0,1,250,91,32,2,7,43,61,15,10,30,4,32,1,4,0,20,6,1,0,2,0,15,12,0,0,0,12,6,1,1,2,0,0,0,0,0,1,1,0,2,0,5,0,2,9,2,7,0,0,0,0,0,0,0,0,0,0,0,0,0,0,0,0,0,0,2,0,0,0,3,0,0,1,0,7,2,1,1
14 - Φλώρινας,175 E.T. Δήμου Φλώρινας,518,220,0,1,1,219,71,30,2,10,24,71,14,9,42,1,23,1,0,0,21,11,0,3,3,5,9,7,1,0,0,9,6,0,2,0,0,0,0,0,0,1,1,0,0,0,3,0,0,9,2,4,0,0,0,0,0,0,0,0,0,0,0,3,3,0,0,3,1,0,0,0,1,0,0,0,0,1,1,4,3,0,0
14 - Φλώρινας,176 E.T. Δήμου Φλώρινας,499,266,4,0,4,262,111,44,6,6,49,52,10,7,31,1,31,6,2,0,21,8,0,2,3,3,21,21,0,0,0,4,2,0,0,1,1,0,0,4,4,0,0,0,0,0,5,1,1,10,2,4,1,1,0,0,0,0,0,0,0,0,0,2,0,0,0,2,1,0,0,0,3,0,3,0,1,0,0,4,2,0,0
14 - Φλώρινας,177 E.T. Δήμου Φλώρινας,530,272,3,3,6,266,109,38,12,14,42,52,14,6,25,1,43,3,1,1,38,16,1,2,6,3,11,10,0,0,0,5,4,0,0,0,0,0,0,1,1,1,0,0,1,1,4,1,3,11,1,9,0,0,1,0,0,0,0,0,0,0,0,0,0,0,0,1,0,1,1,1,0,0,1,0,0,1,1,6,2,1,1
14 - Φλώρινας,178 E.T. Δήμου Φλώρινας,520,270,5,4,9,261,92,32,9,4,29,61,11,10,30,1,49,4,9,1,33,17,3,3,4,5,9,8,0,0,1,3,1,0,1,0,0,0,0,0,0,1,0,1,3,0,8,2,4,8,1,7,0,0,0,0,0,0,0,0,0,0,0,1,1,1,0,1,0,0,0,0,1,0,0,0,0,0,0,6,2,0,0
14 - Φλώρινας,179 E.T. Δήμου Φλώρινας,529,250,7,0,7,243,87,22,11,5,47,65,10,4,43,3,41,5,0,0,36,6,1,0,1,3,12,11,0,0,0,1,0,0,1,0,0,4,3,0,0,1,0,0,2,0,2,1,1,12,3,6,0,0,0,0,0,0,0,0,1,0,0,0,0,0,0,0,0,0,0,0,1,0,0,0,0,0,0,4,3,4,4
14 - Φλώρινας,180 E.T. Δήμου Φλώρινας,521,250,4,0,4,246,97,36,6,8,45,54,15,6,28,1,27,0,0,7,20,14,5,1,3,3,19,13,0,2,0,10,4,0,1,0,0,0,0,0,0,0,0,0,2,1,2,0,2,9,0,9,0,0,1,1,0,0,0,0,0,0,0,0,0,2,2,2,0,1,0,0,1,1,0,0,0,0,0,4,3,2,2
14 - Φλώρινας,181 E.T. Δήμου Φλώρινας,508,236,8,2,10,226,87,27,11,7,37,54,20,3,25,0,37,4,2,0,28,8,0,3,4,1,15,12,0,0,1,1,0,1,0,0,0,1,1,0,0,2,1,0,2,1,3,1,1,9,1,8,0,0,0,0,1,0,0,0,0,0,0,0,0,0,0,1,0,1,0,0,1,1,0,0,0,0,0,3,1,1,1
14 - Φλώρινας,182 E.T. Δήμου Φλώρινας,476,223,2,0,2,221,104,35,6,11,47,35,6,1,22,3,26,2,3,0,21,9,0,1,1,3,6,4,0,0,0,5,4,0,0,1,1,0,0,0,0,2,0,0,1,0,2,0,1,14,1,11,0,0,0,0,0,0,1,1,0,0,0,2,1,0,0,1,0,0,0,0,0,0,2,0,2,4,1,6,3,0,0
14 - Φλώρινας,183 E.T. Δήμου Φλώρινας,425,86,1,1,2,84,24,6,1,3,12,22,4,2,14,0,13,2,2,0,9,20,16,0,0,1,1,1,0,0,0,2,1,0,0,0,0,0,0,0,0,0,0,0,0,0,0,0,0,0,0,0,0,0,0,0,0,0,0,0,0,0,0,0,0,0,0,0,0,0,1,0,0,0,0,0,0,0,0,1,1,0,0
14 - Φλώρινας,184 E.T. Δήμου Φλώρινας,462,104,1,2,3,101,22,6,2,1,11,27,4,0,20,0,12,1,6,0,5,27,19,0,0,0,2,2,0,0,0,2,1,0,0,3,3,0,0,0,0,1,0,0,0,0,1,0,1,2,0,1,0,0,0,0,0,0,0,0,0,0,0,0,0,0,0,0,0,0,0,0,0,0,0,0,0,0,0,1,1,1,1
14 - Φλώρινας,185 E.T. Δήμου Φλώρινας,499,193,2,1,3,190,77,34,5,1,31,41,8,13,15,2,14,1,1,0,12,9,0,2,0,5,11,6,3,0,0,3,2,0,0,1,1,0,0,0,0,1,0,1,0,0,4,3,1,5,2,3,0,0,0,0,0,0,0,0,0,0,0,0,0,0,0,1,1,0,0,0,2,0,2,0,0,1,0,2,1,16,16
14 - Φλώρινας,186 E.T. Δήμου Φλώρινας,470,181,4,1,5,176,69,39,1,2,25,66,12,18,31,3,7,1,0,0,6,3,0,1,0,0,12,9,0,1,0,2,0,0,0,1,1,0,0,0,0,0,0,0,0,0,1,1,0,2,0,1,0,0,0,0,0,0,0,0,0,0,0,0,0,0,0,0,0,0,0,0,2,2,0,0,0,0,0,3,3,8,8
14 - Φλώρινας,187 E.T. Δήμου Φλώρινας,463,142,2,0,2,140,41,18,1,4,18,48,9,12,24,0,12,1,0,1,10,2,0,0,0,2,14,10,1,0,1,3,1,2,0,2,2,0,0,0,0,0,0,0,1,1,0,0,0,3,0,3,0,0,0,0,0,0,0,0,0,0,0,0,0,0,0,0,0,0,0,0,0,0,0,0,0,2,2,0,0,12,12
14 - Φλώρινας,188 E.T. Δήμου Φλώρινας,441,139,2,1,3,136,50,16,2,8,21,33,4,7,19,0,19,1,4,0,13,5,0,0,1,4,10,7,1,0,0,5,1,1,0,1,1,0,0,0,0,0,0,0,0,0,0,0,0,2,0,2,0,0,0,0,0,0,0,0,0,0,0,1,1,0,0,0,0,0,0,0,0,0,0,0,0,0,0,0,0,10,7
14 - Φλώρινας,189 E.T. Δήμου Φλώρινας,536,173,1,5,6,167,71,32,1,5,28,49,10,12,15,4,14,0,3,0,8,4,0,0,2,1,8,5,0,0,0,3,1,0,0,0,0,1,0,0,0,0,0,0,0,0,1,1,0,9,0,8,0,0,0,0,0,0,0,0,0,0,0,0,0,0,0,1,0,1,0,0,0,0,2,0,1,0,0,2,2,2,2
14 - Φλώρινας,190 E.T. Δήμου Φλώρινας,434,41,0,0,0,41,19,8,3,0,8,8,3,1,4,0,4,0,0,0,4,1,0,0,0,1,1,1,0,0,0,0,0,0,0,0,0,1,1,0,0,0,0,0,0,0,2,0,1,2,0,1,0,0,0,0,0,0,0,0,0,0,0,0,0,0,0,0,0,0,0,0,0,0,2,0,2,1,1,0,0,0,0
14 - Φλώρινας,191 E.T. Δήμου Φλώρινας,450,51,1,0,1,50,31,5,5,1,19,9,1,3,5,0,4,0,1,0,3,1,0,0,0,0,0,0,0,0,0,0,0,0,0,0,0,0,0,0,0,0,0,0,0,0,0,0,0,2,1,1,0,0,0,0,0,0,0,0,0,0,0,0,0,0,0,0,0,0,0,0,1,0,0,0,0,0,0,2,1,0,0
14 - Φλώρινας,192 E.T. Δήμου Φλώρινας,518,108,0,2,2,106,38,21,0,3,13,42,15,11,11,0,8,3,4,0,0,4,1,0,3,0,6,4,2,0,0,4,2,2,0,1,0,0,0,0,0,0,0,0,0,0,1,0,1,2,0,2,0,0,0,0,0,0,0,0,0,0,0,0,0,0,0,0,0,0,0,0,0,0,0,0,0,0,0,0,0,0,0
14 - Φλώρινας,193 E.T. Δήμου Φλώρινας,514,94,0,0,0,94,26,10,3,2,10,32,13,10,9,0,7,1,0,1,5,2,0,0,0,1,9,5,0,0,1,4,0,0,0,1,1,0,0,0,0,0,0,0,1,0,2,1,1,6,0,5,0,0,0,0,0,0,0,0,0,0,0,2,1,0,0,0,0,0,0,0,0,0,0,0,0,0,0,2,2,0,0
14 - Φλώρινας,194 E.T. Δήμου Φλώρινας,510,131,1,0,1,130,47,26,0,1,19,45,25,1,14,0,15,3,1,1,8,9,0,2,3,1,4,3,1,0,0,4,1,1,0,1,1,0,0,0,0,0,0,0,1,1,0,0,0,2,0,1,0,0,0,0,0,0,0,0,0,0,0,1,0,0,0,0,0,0,0,0,0,0,1,0,0,0,0,0,0,0,0
14 - Φλώρινας,195 E.T. Δήμου Φλώρινας,448,96,3,3,6,90,29,8,4,1,15,18,6,2,7,0,22,5,5,0,9,3,2,0,0,1,3,1,1,0,0,0,0,0,0,6,5,0,0,0,0,0,0,0,0,0,1,1,0,3,1,1,0,0,0,0,0,0,0,0,0,0,0,0,0,0,0,3,1,2,0,0,0,0,0,0,0,1,1,1,1,0,0
14 - Φλώρινας,196 E.T. Δήμου Φλώρινας,457,88,4,2,6,82,32,13,2,0,14,16,2,5,6,1,18,5,3,0,8,0,0,0,0,0,6,5,1,0,0,0,0,0,0,6,6,0,0,0,0,0,0,0,0,0,0,0,0,3,0,3,0,0,0,0,0,0,0,0,0,0,0,0,0,0,0,0,0,0,0,0,0,0,0,0,0,1,0,0,0,0,0
14 - Φλώρινας,Ετερ. Φλώρινας (από 41ο Ε.Τ. Νομ. Θεσσαλονικης),297,199,2,0,2,197,79,22,10,14,23,53,17,0,20,3,13,0,1,7,3,11,4,1,1,0,16,10,0,1,0,4,2,0,2,1,1,1,1,0,0,0,0,0,2,2,1,0,1,8,3,1,0,0,0,0,0,0,0,0,0,0,0,0,0,0,0,2,0,0,0,0,2,2,0,0,0,0,0,3,3,1,1
14 - Φλώρινας,Ετερ. Φλώρινας (από Εφετείο Θεσσαλονίκης),40,25,1,0,1,24,13,5,0,1,3,2,0,1,1,0,1,0,0,1,0,2,0,0,1,0,0,0,0,0,0,0,0,0,0,0,0,0,0,0,0,0,0,0,0,0,1,1,0,4,0,1,0,0,0,0,0,0,0,0,0,0,0,0,0,0,0,0,0,0,0,0,0,0,0,0,0,0,0,1,1,0,0
14 - Φλώρινας,Ετερ. Φλώρινας (από 162ο Ε.Τ. Νομ. Αττικης-Αθηνών),203,153,1,0,1,152,70,24,9,4,22,37,2,6,18,4,12,0,0,6,4,13,0,5,0,4,2,2,0,0,0,5,1,1,1,0,0,0,0,0,0,0,0,0,1,0,1,0,1,1,1,0,0,0,0,0,0,0,0,0,0,0,0,2,1,0,0,1,0,0,0,0,4,2,0,0,0,0,0,3,1,0,0
Σύνολο,,87268,32933,616,174,790,32143,12254,5074,738,481,5266,7952,1755,1406,3544,531,4216,405,439,757,2237,1572,194,615,193,241,1515,960,96,98,65,751,301,102,121,292,236,62,36,20,14,156,31,74,135,69,265,58,129,1292,205,842,15,4,32,17,25,8,20,13,32,15,5,97,50,67,43,172,59,42,43,20,137,72,109,28,32,97,48,660,415,155,129
