ΠΕΡΙΦΕΡΕΙΑ,ΕΚΛΟΓΙΚΟ ΤΜΗΜΑ,ΕΓΓΕΓΡΑΜΜΕΝΟΙ,ΨΗΦΙΣΑΝΤΕΣ,ΑΚΥΡΑ,ΛΕΥΚΑ,ΑΚΥΡΑ & ΛΕΥΚΑ,ΕΓΚΥΡΑ,Νέα Δημοκρατία,ΑΡΑΜΠΑΤΖΗ ΣΤΕΡΓΙΑΝΗ (ΣΤΕΛΛΑ) του Ιωάννη,ΒΕΣΥΡΟΠΟΥΛΟΣ ΑΠΟΣΤΟΛΟΣ του Φωτίου,ΓΟΥΛΤΙΔΗΣ ΓΕΩΡΓΙΟΣ του Νικολάου,ΜΠΑΡΤΖΩΚΑΣ ΑΝΑΣΤΑΣΙΟΣ του Στέργιου,ΤΟΥΠΕΚΤΣΗ ΜΑΓΔΑΛΗΝΗ (ΛΙΝΑ) του Παναγιώτη,ΤΣΑΒΔΑΡΙΔΗΣ ΛΑΖΑΡΟΣ του Γεωργίου,ΣΥΡΙΖΑ,ΓΙΩΤΑΚΗ ΦΑΝΗ του Πελοπίδα,ΚΑΡΑΣΑΡΛΙΔΟΥ ΕΥΦΡΟΣΥΝΗ (ΦΡΟΣΩ) του Γεωργίου,ΜΑΡΚΟΥΛΗΣ ΑΝΤΩΝΙΟΣ του Παντελή,ΣΑΡΑΝΤΗ ΒΑΡΒΑΡΑ του Αντωνίου,ΤΟΛΚΑΣ ΑΓΓΕΛΟΣ του Χαράλαμπου,ΤΣΑΠΑΡΟΠΟΥΛΟΣ ΠΕΤΡΟΣ του Ανδρέα,ΠΑΣΟΚ-Κίνημα Αλλαγής,ΑΠΟΣΤΟΛΟΥ ΟΛΥΜΠΙΑ του Κωνσταντίνου,ΓΚΙΟΝΟΓΛΟΥ ΧΑΡΑΛΑΜΠΟΣ του Ηρακλή,ΔΕΛΛΑΣ ΑΘΑΝΑΣΙΟΣ (ΣΑΚΗΣ) του Ηλία,ΠΑΣΧΟΥ ΣΟΦΙΑ-ΘΕΟΔΩΡΑ του Αναστασίου,ΣΙΔΗΡΟΠΟΥΛΟΣ ΑΝΑΣΤΑΣΙΟΣ του Γεωργίου,ΤΣΙΑΜΗΤΡΟΣ ΝΙΚΟΛΑΟΣ του Κωνσταντίνου,Κ.Κ.Ε.,ΖΩΓΡΑΦΟΥ ΟΛΓΑ του Αθανασίου,ΚΟΥΤΣΟΥΠΙΑΣ ΠΑΝΑΓΙΩΤΗΣ του Ταξιάρχη,ΜΑΝΤΣΙΟΣ ΝΙΚΟΛΑΟΣ του Γρηγορίου,ΤΑΜΠΑΚΗ ΙΩΑΝΝΑ του Ελευθερίου,ΤΣΑΝΑΞΙΔΗΣ ΙΩΑΝΝΗΣ του Αναστασίου,ΤΣΙΟΥΛΑΚΟΣ ΔΗΜΗΤΡΙΟΣ του Ιωάννη,Ελληνική Λύση - Κ. Βελόπουλος,ΚΑΛΟΚΥΡΗΣ ΘΩΜΑΣ του Στέφανου,ΚΑΡΑΓΙΑΝΝΗ ΑΝΤΩΝΙΑ του Περικλή,ΚΟΤΙΔΗΣ ΒΑΣΙΛΕΙΟΣ του Στυλιανού,ΜΟΥΡΑΤΙΔΗΣ ΠΑΝΑΓΙΩΤΗΣ του Αναστασίου,ΜΠΑΝΤΩΛΑΣ ΑΠΟΣΤΟΛΟΣ - ΑΝΤΩΝΙΟΣ του Κωνσταντίνου,ΤΡΕΜΠΕΛΗ ΔΗΜΗΤΡΑ του Κωνσταντίνου,ΜέΡΑ25-ΣΥΜΜΑΧΙΑ ΓΙΑ ΤΗ ΡΗΞΗ,ΔΟΞΟΠΟΥΛΟΣ ΚΩΝΣΤΑΝΤΙΝΟΣ του Παναγιώτη,ΚΑΡΑΝΙΚΟΛΑ ΣΤΕΛΛΑ του Ιωάννη,ΜΠΕΝΑΝΤΙΚΟΒΑ ΛΟΥΤΣΙΕ (ΛΟΥΚΙΑ) του Μίλαν,ΟΡΦΑΝΙΔΗΣ ΒΑΣΙΛΕΙΟΣ του Ελευθερίου,ΟΡΦΑΝΙΔΗΣ ΚΩΝΣΤΑΝΤΙΝΟΣ του Αλέξανδρου,ΣΑΡΗΓΙΑΝΝΙΔΗΣ ΣΑΒΒΑΣ του Δημητρίου,ΕΝΩΝΩ ΣΥΜΜΑΧΙΑ ΕΛΕΥΘΕΡΙΑΣ,ΖΙΑΚΑΣ ΘΕΟΔΩΡΟΣ του Γεωργίου,Κ.Κ.Ε. (μ-λ),ΜΩΡΑΪΤΟΠΟΥΛΟΥ ΜΑΡΙΑ του Γεωργίου,Ο.Κ.Δ.Ε.,ΜΠΑΛΤΖΩΗ ΦΩΤΕΙΝΗ του Λάμπρου,ΑΝΤ.ΑΡ.ΣΥ.Α.,ΗΛΩΡΙΔΗΣ ΙΩΑΝΝΗΣ του Βασιλείου,ΜΑΤΙΚΑΣ ΛΑΜΠΡΟΣ του Κυρίτση,ΜΑΥΡΟΠΟΥΛΟΥ ΜΑΡΙΝΑ του Ιωάννη,ΣΤΑΜΑΤΙΟΥ ΜΑΡΙΑ  του Ιωάννη,Κίνημα 21,ΘΩΜΑΣ ΑΡΓΥΡΙΟΣ του Κωνσταντίνου,ΚΙΝΗΜΑ ΦΤΩΧΩΝ ΕΛΛΑΔΟΣ,ΚΟΝΤΟΓΙΑΝΝΙΔΗΣ ΠΑΥΛΟΣ του Χρήστου,ΕΘΝΙΚΗ ΔΗΜΙΟΥΡΓΙΑ,ΜΕΡΜΗΓΚΑΣ ΓΕΩΡΓΙΟΣ ΑΝΔΡΟΜΑΧΟΣ του Δημητρίου,ΡΗΓΑΝΕΖΗΣ ΔΗΜΗΤΡΙΟΣ του Μιχαήλ,ΤΑΤΑΡΙΔΟΥ ΕΥΓΕΝΙΑ του Ιωάννη,ΤΖΙΜΙΤΣΗ ΑΝΝΑ του Χριστοδούλου,ΝΙΚΗ,ΑΘΑΝΑΣΙΑΔΟΥ ΕΛΕΝΗ του Θεοδώρου,ΔΗΝΩΡΗΣ ΘΩΜΑΣ του Χρήστου,ΜΑΡΟΥΦΙΔΟΥ ΜΑΡΙΑ του Νικολάου,ΜΗΤΤΑΣ ΕΥΣΤΡΑΤΙΟΣ του Δημητρίου,ΠΕΤΙΚΟΠΟΥΛΟΥ ΑΘΗΝΑ του Γεωργίου,ΧΡΥΣΟΜΑΛΛΟΣ ΘΩΜΑΣ του Αντωνίου,κοινωνία αξιών,ΒΥΤΙΝΙΩΤΗΣ ΕΥΣΤΑΘΙΟΣ (ΣΤΑΘΗΣ) του Κωνσταντίνου,ΒΟΡΕΙΑ ΛΕΓΚΑ - ΚΡΑΜΑ,ΔΗΜΗΤΡΙΑΔΗΣ ΔΗΜΗΤΡΙΟΣ του Κωνσταντίνου,ΙΩΑΝΝΙΔΗΣ ΝΙΚΟΛΑΟΣ του Δημητρίου,ΜΑΔΕΝΛΗ ΠΑΡΘΕΝΑ του Αλέξανδρου,Ο.Α.Κ.Κ.Ε.,ΣΕΓΚΟΥ ΒΑΡΒΑΡΑ του Ματθαίου,Μ-Λ Κ.Κ.Ε.,ΧΑΤΖΗΘΕΟΔΩΡΙΔΗΣ ΧΑΡΑΛΑΜΠΟΣ του Μιχαήλ,Ελλήνων Συνέλευσις,ΓΑΛΑΝΗΣ ΑΘΑΝΑΣΙΟΣ του Κωνσταντίνου,ΤΣΑΠΑΡΙΔΟΥ ΧΡΙΣΤΙΝΑ του Γεωργίου,Ένωση Κεντρώων,ΑΚΕΨΩΜΑΪΔΗΣ ΑΝΑΣΤΑΣΙΟΣ του Εμμανουήλ,ΓΑΛΛΟΥ ΙΩΑΝΝΑ του Αδάμ,ΜΠΑΛΤΖΗΣ ΧΡΗΣΤΟΣ του Στέφανου,ΤΣΟΥΜΑ ΣΩΤΗΡΙΑ του Βασιλείου,ΤΩΡΑ ΟΛΟΙ ΜΑΖΙ (Τ.ΟΛ.ΜΑ),ΕΥΑΓΓΕΛΟΥ ΜΑΡΙΑ του Γεωργίου,ΣΥΜΜΑΧΙΑ ΑΝΑΤΡΟΠΗΣ,ΜΠΙΡΟΣ ΔΗΜΗΤΡΙΟΣ του Θεοδώρου,ΠΟΛΙΤΙΚΗ ΠΡΩΤΟΒΟΥΛΙΑ ,ΜΗΤΤΑ ΟΛΥΜΠΙΑ του Ηλία,ΕΛΕΥΘΕΡΟΙ ΞΑΝΑ,ΕΛΕΥΘΕΡΙΑΔΗΣ ΓΕΩΡΓΙΟΣ του Ανδρέα,ΠΕΤΡΟΥ ΓΕΩΡΓΙΑ του Θωμά,ΠΝΟΗ ΔΗΜΟΚΡΑΤΙΑΣ,ΜΠΟΥΓΑΤΣΑΣ ΧΑΡΑΛΑΜΠΟΣ του Γεωργίου,ΠΡΑΣΙΝΟ ΚΙΝΗΜΑ,ΝΙΚΟΛΑΪΔΗΣ ΠΡΟΔΡΟΜΟΣ του Γρηγορίου,Οικολόγοι Πράσινοι,ΣΩΤΗΡΙΑΔΗΣ ΚΩΝΣΤΑΝΤΙΝΟΣ του Πολυχρόνη,ΕΑΝ...,ΣΑΚΛΑΣ ΞΕΝΟΚΡΑΤΗΣ του Γεωργίου,ΕΝΟΤΗΤΑ - ΑΛΗΘΕΙΑ ΕΝ.Α,ΑΝΘΟΠΟΥΛΟΣ ΚΩΝΣΤΑΝΤΙΝΟΣ του Σπυρίδων,Πλεύση Ελευθερίας - Ζωή Κωνστ.,ΒΑΔΟΛΑΣ ΑΝΑΣΤΑΣΙΟΣ του Δημητρίου,ΣΚΟΥΛΑΡΙΩΤΗ ΕΛΕΝΗ του Παναγιώτη
12 - Ημαθίας,1 E.T. Δήμου Αλεξανδρείας,527,330,7,0,7,323,139,7,106,2,60,6,27,72,25,26,14,9,13,9,31,9,21,0,2,3,4,11,5,2,1,5,0,0,23,3,14,4,1,10,4,5,2,2,0,0,1,0,1,0,0,0,0,0,0,0,0,0,0,3,2,2,0,4,1,1,0,2,6,1,0,1,1,3,2,0,0,2,1,1,0,0,0,1,1,0,0,0,0,0,0,0,0,2,1,0,0,0,0,2,1,0,0,0,0,0,4,3,1,1,1,1,13,5,8
12 - Ημαθίας,2 E.T. Δήμου Αλεξανδρείας,530,329,4,0,4,325,131,3,101,7,59,3,16,46,16,18,7,7,9,3,35,7,19,0,1,3,6,15,8,2,3,3,1,0,40,8,10,6,9,10,2,11,2,4,2,1,2,3,1,0,0,0,0,0,1,0,0,0,0,3,1,4,2,0,0,0,0,0,12,3,0,5,1,7,5,0,0,0,0,0,0,0,0,0,0,0,0,0,3,1,2,0,0,0,0,1,1,0,0,1,1,1,3,2,1,0,7,4,2,1,1,0,7,2,4
12 - Ημαθίας,3 E.T. Δήμου Αλεξανδρείας,536,361,8,1,9,352,144,7,96,2,59,7,45,50,23,19,10,5,10,3,46,17,17,3,8,6,9,26,16,6,1,10,0,3,24,5,7,1,1,6,2,6,2,2,2,0,0,0,1,1,1,0,0,0,0,0,0,0,0,3,2,3,3,0,0,0,0,0,20,2,4,0,2,5,4,1,1,0,0,0,0,0,0,0,0,1,1,1,1,1,0,0,0,0,0,4,1,1,1,1,0,0,3,2,2,2,3,2,0,0,0,0,11,6,7
12 - Ημαθίας,4 E.T. Δήμου Αλεξανδρείας,525,269,7,1,8,261,106,7,80,0,44,9,22,66,25,16,10,4,19,9,32,4,20,2,1,4,5,11,4,3,1,5,0,1,12,3,4,0,1,3,2,4,0,0,0,0,0,0,1,0,1,0,0,0,1,0,0,0,0,0,0,0,0,0,0,0,0,0,4,0,0,0,1,3,2,0,0,2,2,1,0,0,0,0,0,1,1,1,0,0,0,0,0,1,0,0,0,0,0,1,1,0,3,3,0,0,4,0,1,1,0,0,10,5,7
12 - Ημαθίας,5 E.T. Δήμου Αλεξανδρείας,529,272,14,1,15,257,97,2,71,4,40,2,25,75,33,21,14,7,13,4,29,5,19,0,3,1,5,5,2,0,0,2,0,0,10,3,2,2,2,0,2,2,0,0,0,0,0,1,0,0,0,0,0,0,0,0,0,0,0,0,0,2,0,2,0,0,1,1,13,7,3,2,3,2,1,0,0,0,0,0,0,0,0,0,0,0,0,0,0,0,0,0,0,0,0,1,0,0,0,0,0,0,6,4,0,0,2,0,2,2,0,0,11,3,3
12 - Ημαθίας,6 E.T. Δήμου Αλεξανδρείας,520,309,13,2,15,294,128,6,90,3,65,3,24,45,20,14,11,6,10,5,21,10,9,0,4,4,4,25,15,0,1,11,5,1,26,8,9,4,2,6,4,4,0,2,1,0,0,1,2,2,0,0,0,0,0,0,0,0,0,3,1,1,1,4,0,0,2,2,18,3,3,4,1,5,5,0,0,0,0,0,0,0,0,0,0,0,0,0,0,0,0,0,0,0,0,2,2,0,0,4,2,2,3,3,0,0,3,3,0,0,0,0,5,2,2
12 - Ημαθίας,7 E.T. Δήμου Αλεξανδρείας,532,275,5,1,6,269,91,5,55,3,40,0,25,72,21,19,15,7,24,3,37,4,33,1,1,3,1,7,4,1,0,3,0,0,13,0,2,1,0,7,2,3,0,0,0,1,0,0,1,1,0,0,1,0,1,0,0,1,0,0,0,0,0,1,1,0,0,0,22,7,7,2,2,9,7,0,0,0,0,0,0,0,0,0,0,0,0,0,2,1,2,0,0,0,0,3,2,0,0,0,0,0,0,0,1,0,1,0,1,0,0,0,12,7,5
12 - Ημαθίας,8 E.T. Δήμου Αλεξανδρείας,546,344,2,3,5,339,153,7,113,1,75,7,37,60,19,25,7,8,17,8,39,7,24,3,4,7,6,17,14,2,0,10,0,0,21,4,5,5,2,5,3,6,1,2,0,0,0,0,1,1,0,0,0,0,0,0,0,0,0,1,0,1,1,3,1,0,2,2,13,2,0,3,0,5,2,0,0,1,0,0,1,0,0,0,0,1,1,1,2,0,0,1,1,0,0,2,2,0,0,1,0,1,2,2,0,0,2,1,3,1,0,0,10,3,7
12 - Ημαθίας,9 E.T. Δήμου Αλεξανδρείας,530,344,3,2,5,339,135,3,89,2,65,9,24,63,21,25,10,7,11,4,30,13,19,3,3,3,3,13,6,2,2,4,1,1,34,7,17,3,2,13,6,7,1,2,2,1,0,0,2,1,0,0,0,0,0,0,0,0,0,3,1,2,1,2,1,0,1,0,24,5,2,2,0,14,5,0,0,3,2,1,1,0,0,1,0,0,0,0,0,0,0,0,0,1,0,2,2,0,0,3,1,1,7,6,0,0,2,0,1,1,0,0,4,0,2
12 - Ημαθίας,10 E.T. Δήμου Αλεξανδρείας,523,257,4,2,6,251,86,9,54,8,35,1,16,50,19,16,12,3,15,1,52,13,39,0,2,8,2,7,2,0,0,2,1,0,14,2,3,2,2,1,2,7,2,1,1,3,2,1,0,0,1,1,1,0,2,0,0,1,0,5,3,3,2,0,0,0,0,0,13,6,1,1,0,7,5,0,0,1,1,1,0,0,0,0,0,0,0,0,2,1,1,1,1,0,0,0,0,1,0,1,0,0,0,0,0,0,1,1,0,0,0,0,4,1,1
12 - Ημαθίας,11 E.T. Δήμου Αλεξανδρείας,497,276,9,3,12,264,93,3,73,2,39,2,15,56,16,16,13,12,9,1,41,7,30,0,5,6,5,2,2,0,0,2,0,0,15,4,7,1,2,5,2,8,3,3,0,0,0,2,1,1,0,0,0,0,0,0,0,0,0,0,0,9,6,2,0,0,0,0,12,2,1,1,0,9,2,1,1,1,1,1,0,0,0,0,0,1,1,1,0,0,0,0,0,0,0,2,1,0,0,2,0,1,5,4,1,0,1,0,0,0,0,0,11,2,6
12 - Ημαθίας,12 E.T. Δήμου Αλεξανδρείας,537,340,5,1,6,334,163,15,121,2,80,6,31,56,15,17,8,14,16,6,37,9,22,0,4,7,5,12,7,1,4,3,1,0,13,6,4,0,0,2,7,8,0,3,2,1,2,0,0,0,0,0,0,0,0,0,0,0,0,2,1,2,1,5,1,1,3,5,15,3,1,2,2,8,7,0,0,0,0,0,0,0,0,0,0,0,0,0,1,0,0,0,0,1,1,2,1,0,0,0,0,0,4,2,0,0,0,0,1,0,0,0,12,8,9
12 - Ημαθίας,13 E.T. Δήμου Αλεξανδρείας,529,361,7,4,11,350,134,6,96,9,72,4,32,62,21,22,21,6,18,6,51,11,38,1,3,4,3,21,13,3,3,12,2,1,16,4,8,4,3,3,3,3,0,2,0,0,0,1,5,3,0,0,0,0,1,0,0,1,0,2,1,4,2,4,2,2,0,0,13,4,0,2,0,5,4,1,1,2,2,2,0,0,0,0,0,2,1,0,0,0,0,0,0,0,0,4,3,0,0,0,0,0,4,3,1,1,6,5,1,1,4,2,9,6,7
12 - Ημαθίας,14 E.T. Δήμου Αλεξανδρείας,517,324,6,1,7,317,142,5,104,3,70,7,43,37,13,8,10,6,9,4,43,14,30,0,0,8,5,8,4,2,1,4,1,0,26,9,6,4,7,5,5,13,1,5,3,3,2,1,0,0,0,0,0,0,1,0,0,0,0,4,3,2,2,4,2,1,1,1,14,11,3,3,1,3,4,0,0,2,1,1,0,0,0,0,0,0,0,0,1,0,0,0,0,0,0,2,1,0,0,2,1,0,1,0,0,0,8,5,1,0,0,0,6,2,3
12 - Ημαθίας,15 E.T. Δήμου Αλεξανδρείας,526,350,10,1,11,339,126,4,106,4,41,6,35,69,31,17,15,7,21,5,42,10,23,1,3,4,5,18,14,3,6,7,0,0,22,8,6,3,3,2,4,12,1,1,0,2,0,0,1,0,0,0,1,0,0,0,0,0,0,1,1,0,0,4,0,0,0,2,22,4,2,2,4,9,10,0,0,0,0,0,0,0,0,0,0,1,1,1,0,0,0,0,0,1,1,1,1,1,1,2,1,1,0,0,0,0,6,1,0,0,0,0,9,4,5
12 - Ημαθίας,16 E.T. Δήμου Αλεξανδρείας,530,320,11,2,13,307,115,4,96,1,49,7,25,69,23,26,6,8,23,12,44,11,28,2,2,7,6,13,8,1,1,4,0,1,13,0,5,4,3,2,3,4,2,2,0,0,0,0,1,0,1,1,0,0,0,0,0,0,0,1,1,1,1,1,0,0,1,1,16,4,3,2,1,13,9,1,1,5,4,3,1,0,0,1,0,0,0,0,0,0,0,0,0,2,2,0,0,0,0,1,1,1,4,2,0,0,1,1,3,3,1,0,9,5,8
12 - Ημαθίας,17 E.T. Δήμου Αλεξανδρείας,524,339,4,1,5,334,116,6,81,0,52,11,34,83,20,29,24,7,31,4,24,9,14,2,0,3,5,25,19,4,2,17,0,0,29,16,8,6,4,4,9,3,1,0,0,1,0,0,2,0,0,0,0,0,0,0,0,0,0,4,1,1,1,1,0,1,0,1,15,2,1,2,1,7,5,0,0,3,3,1,0,0,0,0,0,0,0,0,1,0,0,1,1,0,0,5,4,0,0,3,2,2,1,1,1,1,3,3,0,0,1,1,13,10,9
12 - Ημαθίας,18 E.T. Δήμου Αλεξανδρείας,523,241,17,1,18,223,66,0,45,1,29,2,17,78,35,20,22,5,9,4,27,5,23,0,3,5,2,5,1,0,1,1,0,0,13,4,3,2,0,1,4,1,1,0,0,0,0,0,1,1,0,0,0,0,1,1,1,0,0,1,0,3,0,0,0,0,0,0,7,0,0,0,0,0,0,1,0,0,0,0,0,0,0,1,0,0,0,0,1,0,0,0,0,0,0,1,0,0,0,1,1,0,4,1,0,0,5,4,1,1,0,0,5,1,2
12 - Ημαθίας,19 E.T. Δήμου Αλεξανδρείας,528,344,7,1,8,336,132,6,89,3,58,9,26,73,27,30,14,10,21,5,33,10,21,5,1,1,4,13,4,2,1,1,1,0,23,1,5,4,4,4,8,10,3,3,0,1,0,0,1,0,0,0,0,0,0,0,0,0,0,5,4,4,3,4,0,0,1,3,9,4,0,2,0,3,4,1,1,2,2,1,0,0,0,0,0,1,1,1,2,1,1,0,0,1,0,5,1,0,0,1,1,1,1,1,0,0,1,1,1,0,0,0,13,7,10
12 - Ημαθίας,20 E.T. Δήμου Αλεξανδρείας,471,304,7,1,8,296,117,7,84,1,60,1,31,50,20,23,4,6,19,1,30,13,18,0,2,0,1,14,6,0,3,4,0,2,20,10,5,5,2,5,3,12,2,5,2,1,2,1,1,1,1,1,0,0,2,0,0,1,2,4,2,0,0,3,0,0,1,0,24,4,3,5,0,6,13,0,0,0,0,0,0,0,0,0,0,0,0,0,0,0,0,0,0,1,1,0,0,0,0,1,0,1,5,3,0,0,0,0,1,0,0,0,10,7,6
12 - Ημαθίας,21 E.T. Δήμου Αλεξανδρείας,465,307,7,0,7,300,116,8,89,0,43,5,32,72,33,24,17,2,14,6,34,10,23,1,6,2,7,4,4,0,0,0,0,0,27,4,9,9,5,9,3,5,0,2,2,1,1,0,6,4,1,0,0,0,1,0,0,0,0,1,0,0,0,1,0,0,0,0,14,5,1,4,2,3,5,0,0,1,1,1,0,0,0,0,0,0,0,0,1,0,0,0,0,1,0,6,6,0,0,2,0,0,0,0,0,0,1,1,0,0,0,0,6,4,5
12 - Ημαθίας,22 E.T. Δήμου Αλεξανδρείας,457,312,4,3,7,305,106,14,64,2,48,12,33,89,45,23,14,9,27,5,40,7,24,5,1,2,15,3,0,0,0,2,0,0,28,3,9,5,2,11,5,4,0,0,0,0,0,0,3,3,0,0,0,0,1,0,1,1,0,0,0,2,0,3,1,0,2,0,12,3,1,3,1,3,3,0,0,0,0,0,0,0,0,0,0,1,1,1,3,1,2,0,0,0,0,1,0,1,1,0,0,0,1,1,0,0,1,1,1,0,0,0,5,4,4
12 - Ημαθίας,23 E.T. Δήμου Αλεξανδρείας,390,288,4,1,5,283,128,6,100,0,57,1,38,40,20,12,8,3,10,5,44,5,29,4,0,2,11,1,1,0,0,1,0,0,37,10,16,5,4,11,6,4,0,2,0,1,0,1,0,0,0,0,0,0,2,0,0,0,1,2,2,2,1,0,0,0,0,0,9,3,1,0,2,3,4,0,0,0,0,0,0,0,0,0,0,0,0,0,0,0,0,0,0,0,0,2,1,0,0,0,0,0,1,0,0,0,2,1,4,1,0,0,5,2,2
12 - Ημαθίας,24 E.T. Δήμου Αλεξανδρείας,384,280,7,0,7,273,128,7,100,0,65,5,28,44,9,14,13,6,6,7,32,9,21,0,0,6,5,3,3,0,0,3,0,0,28,7,13,2,1,16,6,4,1,0,0,0,0,0,2,2,0,0,0,0,0,0,0,0,0,1,1,3,2,4,1,1,0,1,4,1,1,1,2,2,0,0,0,0,0,0,0,0,0,0,0,0,0,0,0,0,0,0,0,1,0,6,5,0,0,2,1,1,1,0,0,0,1,1,1,1,0,0,8,5,5
12 - Ημαθίας,25 E.T. Δήμου Αλεξανδρείας,426,287,3,1,4,283,101,7,70,2,49,1,28,36,15,15,3,2,10,1,70,21,41,0,7,15,11,5,2,1,1,0,0,1,25,4,5,3,3,10,7,3,0,1,1,1,1,0,1,1,0,0,0,0,2,1,0,0,1,1,1,0,0,3,1,0,0,0,14,5,1,0,0,7,5,0,0,0,0,0,0,0,0,0,0,0,0,0,0,0,0,0,0,0,0,0,0,0,0,0,0,0,3,1,2,1,0,0,0,0,2,1,15,5,5
12 - Ημαθίας,26 E.T. Δήμου Αλεξανδρείας,373,256,10,2,12,244,83,6,64,2,31,4,29,26,11,8,6,2,5,3,73,3,68,0,14,2,4,4,1,0,1,1,0,0,22,5,12,1,2,2,4,4,0,1,2,0,2,0,2,2,2,1,1,0,1,0,0,0,0,6,4,4,1,1,1,0,0,0,7,2,2,2,1,0,2,0,0,0,0,0,0,0,0,0,0,0,0,0,0,0,0,0,0,1,0,1,1,0,0,0,0,0,0,0,0,0,0,0,2,2,0,0,4,1,1
12 - Ημαθίας,27 E.T. Δήμου Αλεξανδρείας,369,221,4,1,5,216,69,1,46,2,24,10,27,34,18,11,8,2,5,4,74,3,71,1,9,2,1,11,5,1,1,4,3,2,14,7,3,2,5,2,4,0,0,0,0,0,0,0,0,0,0,0,1,0,0,0,0,0,0,4,0,0,0,0,0,0,0,0,3,1,0,1,0,1,1,0,0,1,1,0,0,0,0,0,0,1,0,1,0,0,0,0,0,1,1,1,1,0,0,0,0,0,0,0,0,0,0,0,0,0,0,0,2,0,1
12 - Ημαθίας,28 E.T. Δήμου Αλεξανδρείας,395,269,2,1,3,266,119,4,58,2,57,8,48,42,10,12,11,4,18,4,47,12,28,3,4,11,9,3,3,1,0,2,0,0,26,11,6,2,3,5,6,2,1,1,0,2,0,0,2,2,0,0,0,0,2,1,0,1,2,8,5,0,0,0,0,0,0,0,4,1,1,1,0,0,1,0,0,0,0,0,0,0,0,0,0,0,0,0,1,0,1,0,0,0,0,2,0,0,0,1,0,0,2,2,0,0,1,1,0,0,0,0,4,1,1
12 - Ημαθίας,29 E.T. Δήμου Αλεξανδρείας,391,281,3,0,3,278,111,2,65,0,43,4,42,51,10,19,22,7,19,5,44,17,18,0,3,11,2,14,8,1,0,9,2,0,17,5,3,0,2,2,4,7,0,1,2,2,0,0,0,0,0,0,0,0,1,0,0,1,1,6,3,3,0,2,0,0,0,1,6,3,1,0,1,0,1,0,0,1,1,1,0,0,0,0,0,0,0,0,1,0,0,0,0,1,1,2,1,0,0,0,0,0,2,1,1,0,2,0,2,0,0,0,4,1,0
12 - Ημαθίας,30 E.T. Δήμου Αλεξανδρείας,444,294,4,1,5,289,143,4,82,1,40,9,84,31,8,10,6,8,9,3,46,10,29,1,2,4,4,4,2,2,0,1,1,0,28,22,5,0,2,0,6,2,0,1,0,0,1,0,0,0,0,0,1,0,0,0,0,0,0,2,0,2,2,6,1,0,3,1,6,1,0,2,0,1,1,0,0,0,0,0,0,0,0,0,0,1,0,1,0,0,0,0,0,0,0,0,0,0,0,1,0,0,0,0,0,0,4,2,3,2,1,1,8,5,6
12 - Ημαθίας,31 E.T. Δήμου Αλεξανδρείας,456,333,2,1,3,330,181,2,106,7,61,6,116,27,7,1,14,5,2,4,29,6,19,0,5,5,5,3,3,0,0,3,0,0,46,38,10,3,5,4,3,5,2,1,0,0,0,1,2,2,1,1,0,0,1,0,0,0,0,2,2,2,2,0,0,0,0,0,8,1,2,2,1,4,2,1,0,1,0,0,0,0,0,0,0,0,0,0,2,0,1,0,2,1,0,2,2,1,1,2,2,2,3,1,0,0,2,1,2,2,0,0,6,5,6
12 - Ημαθίας,32 E.T. Δήμου Αλεξανδρείας,443,319,7,0,7,312,165,7,79,2,50,5,108,20,3,7,4,5,8,5,45,12,29,3,6,7,12,0,0,0,0,0,0,0,40,32,3,1,5,8,6,1,0,1,0,0,0,0,4,3,1,1,0,0,0,0,0,0,0,3,2,2,1,0,0,0,0,0,11,4,3,0,2,4,4,0,0,0,0,0,0,0,0,1,0,3,2,2,1,0,1,0,1,0,0,3,3,0,0,3,1,1,1,1,2,2,1,1,1,0,0,0,4,2,3
12 - Ημαθίας,33 E.T. Δήμου Αλεξανδρείας,365,258,7,3,10,248,123,4,95,3,46,5,27,30,12,7,9,3,4,2,28,3,21,1,0,5,6,8,6,0,1,3,1,1,11,2,2,1,2,4,1,1,0,0,0,1,0,0,5,2,1,1,0,0,2,0,1,0,1,1,1,3,2,1,0,1,0,0,11,4,1,2,1,5,3,0,0,1,0,0,0,0,0,0,0,0,0,0,1,0,0,1,0,1,0,5,1,0,0,2,0,0,1,0,0,0,2,0,0,0,3,2,7,3,5
12 - Ημαθίας,34 E.T. Δήμου Αλεξανδρείας,372,290,6,0,6,284,128,5,94,3,46,10,38,36,8,6,8,0,16,1,40,3,34,1,3,2,1,9,3,2,1,2,1,2,36,3,10,1,10,16,4,2,0,0,0,0,1,1,1,0,0,0,0,0,0,0,0,0,0,1,1,2,1,3,0,0,0,1,6,0,0,2,1,1,1,0,0,2,2,1,0,0,0,1,1,1,1,0,0,0,0,0,0,1,0,0,0,0,0,3,2,0,0,0,0,0,2,0,2,1,0,0,8,4,6
12 - Ημαθίας,35 E.T. Δήμου Αλεξανδρείας,525,331,11,3,14,317,140,3,85,2,45,16,71,54,14,12,22,4,20,10,36,13,27,5,2,2,4,13,4,1,3,4,3,0,26,8,10,3,3,2,4,5,0,2,0,0,0,1,2,1,0,0,1,0,0,0,0,0,0,2,1,2,1,6,3,1,1,2,15,3,1,1,0,3,10,0,0,0,0,0,0,0,0,0,0,0,0,0,2,2,0,1,1,2,0,3,2,0,0,0,0,0,0,0,1,0,2,2,1,1,1,0,3,2,2
12 - Ημαθίας,36 E.T. Δήμου Αλεξανδρείας,518,338,7,0,7,331,158,7,100,5,63,4,75,46,15,17,19,4,12,4,29,6,18,3,0,9,3,11,3,0,0,5,1,0,39,11,15,3,6,8,12,7,3,3,0,1,1,1,2,2,1,0,0,0,0,0,0,0,0,2,2,1,1,4,4,0,2,0,11,3,1,1,2,5,7,0,0,0,0,0,0,0,0,0,0,0,0,0,1,0,0,1,0,1,0,1,1,0,0,0,0,0,2,1,0,0,1,1,3,1,1,1,10,7,8
12 - Ημαθίας,37 E.T. Δήμου Αλεξανδρείας,502,316,5,2,7,309,126,6,68,10,41,2,76,51,19,18,17,4,6,7,51,8,37,2,3,8,9,9,3,0,1,4,3,0,21,4,4,2,3,2,9,5,2,2,1,1,0,1,2,2,1,0,1,1,1,1,0,0,0,1,0,1,1,1,1,0,0,0,12,7,0,3,0,4,8,0,0,0,0,0,0,0,0,0,0,0,0,0,2,0,1,2,1,0,0,7,1,2,1,1,0,0,0,0,0,0,3,1,3,2,0,0,8,3,4
12 - Ημαθίας,38 E.T. Δήμου Αλεξανδρείας,573,401,4,2,6,395,189,11,110,2,73,11,76,62,13,3,35,6,12,8,39,10,22,2,3,6,4,8,6,1,0,3,0,0,53,8,9,5,1,48,5,2,0,1,1,0,0,0,2,1,0,0,0,0,0,0,0,0,0,6,3,3,2,1,1,0,0,0,11,4,0,3,0,1,2,0,0,0,0,0,0,0,0,0,0,0,0,0,2,1,0,0,0,1,1,2,0,1,1,2,1,0,0,0,0,0,0,0,2,0,0,0,9,5,6
12 - Ημαθίας,39 E.T. Δήμου Αλεξανδρείας,275,172,2,1,3,169,73,6,52,0,21,0,30,34,10,12,3,5,14,6,13,8,7,1,2,2,2,12,7,3,1,6,2,1,13,6,6,2,3,4,1,2,0,0,0,0,0,0,0,0,1,1,0,0,0,0,0,0,0,0,0,1,0,1,0,0,1,0,12,8,0,2,2,2,3,0,0,1,1,0,0,0,0,0,0,0,0,0,0,0,0,0,0,0,0,0,0,1,1,2,1,1,2,2,0,0,0,0,0,0,0,0,1,1,0
12 - Ημαθίας,40 E.T. Δήμου Αλεξανδρείας,358,219,2,1,3,216,89,7,59,3,24,3,26,36,12,11,3,5,13,1,33,9,19,1,1,6,9,8,3,1,1,4,4,0,15,4,3,2,3,1,4,4,0,0,0,1,1,2,2,1,0,0,1,0,0,0,0,0,0,4,1,0,0,1,0,0,1,1,9,3,1,0,0,3,2,0,0,2,0,2,2,1,0,0,0,0,0,0,0,0,0,0,0,1,1,0,0,0,0,0,0,0,1,1,0,0,0,0,1,0,0,0,8,3,4
12 - Ημαθίας,41 E.T. Δήμου Αλεξανδρείας,364,238,6,0,6,232,67,8,39,2,11,10,26,50,8,22,22,11,8,7,49,6,34,4,2,6,11,14,5,2,0,8,6,0,21,7,3,11,4,5,4,3,0,2,1,0,0,1,0,0,0,0,0,0,0,0,0,0,0,2,0,3,3,0,0,0,0,0,6,3,2,1,0,0,2,0,0,0,0,0,0,0,0,0,0,1,1,1,4,0,1,0,2,1,1,1,0,0,0,1,0,0,0,0,0,0,0,0,1,0,0,0,8,5,6
12 - Ημαθίας,42 E.T. Δήμου Αλεξανδρείας,387,279,4,0,4,275,119,7,73,5,31,8,53,44,10,6,14,4,10,10,50,22,25,3,0,3,2,2,0,0,0,1,1,1,25,4,16,1,0,4,3,3,0,1,0,1,0,0,0,0,0,0,1,0,1,0,0,0,1,5,4,2,1,1,0,0,0,0,10,3,2,1,0,4,3,0,0,0,0,0,0,0,0,0,0,0,0,0,1,0,0,0,0,0,0,0,0,1,1,1,0,0,1,1,2,1,0,0,0,0,1,1,5,1,2
12 - Ημαθίας,43 E.T. Δήμου Αλεξανδρείας,392,256,4,0,4,252,82,2,49,0,15,12,34,56,12,8,17,1,11,11,57,11,39,4,4,4,12,4,0,1,1,0,0,0,29,10,15,3,2,2,2,3,0,0,0,0,1,0,3,2,0,0,0,0,0,0,0,0,0,1,1,2,0,1,0,0,0,1,5,2,1,2,0,1,1,0,0,1,1,0,0,0,0,0,0,0,0,0,1,0,0,0,0,0,0,0,0,0,0,1,0,0,1,1,1,1,0,0,1,1,0,0,3,1,2
12 - Ημαθίας,44 E.T. Δήμου Αλεξανδρείας,357,241,3,1,4,237,124,4,80,8,31,8,64,45,10,10,11,8,14,3,26,10,11,3,8,4,7,8,4,0,0,1,0,1,13,3,5,2,3,2,4,3,1,0,0,1,0,0,1,0,0,0,0,0,0,0,0,0,0,1,1,1,1,2,2,2,0,0,4,0,1,2,1,1,0,0,0,0,0,0,0,0,0,0,0,0,0,0,0,0,0,0,0,0,0,0,0,0,0,1,0,1,0,0,0,0,0,0,0,0,0,0,8,4,2
12 - Ημαθίας,45 E.T. Δήμου Αλεξανδρείας,346,268,4,1,5,263,133,7,78,3,46,6,65,35,7,8,11,4,13,5,31,12,18,5,2,3,7,17,5,2,1,5,4,1,11,5,6,2,1,1,1,6,2,3,0,3,1,1,1,0,1,1,0,0,0,0,0,0,0,2,1,2,0,4,2,0,0,1,3,1,0,1,0,1,0,0,0,3,0,3,3,0,0,0,0,0,0,0,0,0,0,0,0,0,0,0,0,1,0,1,0,0,1,0,0,0,2,1,1,0,1,0,7,3,4
12 - Ημαθίας,46 E.T. Δήμου Αλεξανδρείας,246,152,3,0,3,149,91,3,57,8,36,2,34,11,5,3,1,2,2,3,20,10,14,1,0,1,4,2,0,0,1,1,1,0,13,2,4,5,2,1,4,0,0,0,0,0,0,0,0,0,0,0,0,0,1,1,0,0,0,0,0,1,1,1,0,0,0,0,3,1,0,0,0,2,0,0,0,0,0,0,0,0,0,0,0,2,1,2,0,0,0,0,0,0,0,0,0,0,0,1,1,0,0,0,0,0,1,1,0,0,0,0,2,0,2
12 - Ημαθίας,47 E.T. Δήμου Αλεξανδρείας,583,410,8,3,11,399,222,2,161,6,64,10,102,51,7,16,11,6,13,9,63,12,16,3,0,12,40,12,6,0,0,4,3,1,15,4,5,0,2,1,5,6,1,1,0,2,0,3,1,0,1,0,0,0,1,0,0,0,0,1,0,0,0,0,0,0,0,0,13,5,0,1,1,3,3,0,0,1,1,1,0,0,0,0,0,1,1,0,2,0,0,1,1,1,1,1,1,1,0,2,1,1,1,0,0,0,1,1,0,0,0,0,2,1,1
12 - Ημαθίας,48 E.T. Δήμου Αλεξανδρείας,465,257,7,0,7,250,134,3,74,2,57,5,40,36,2,8,17,2,8,7,21,5,4,5,3,11,2,10,5,1,0,5,3,0,18,3,7,0,4,5,4,0,0,0,0,0,0,0,0,0,0,0,0,0,0,0,0,0,0,0,0,2,2,2,0,0,1,1,9,4,1,2,2,1,0,0,0,0,0,0,0,0,0,0,0,0,0,0,1,0,0,1,0,1,0,6,4,0,0,0,0,0,0,0,0,0,0,0,3,3,1,1,6,2,5
12 - Ημαθίας,49 E.T. Δήμου Αλεξανδρείας,454,269,3,0,3,266,120,3,64,4,50,5,33,47,10,9,21,2,16,14,35,4,21,0,2,9,5,8,3,1,1,4,0,0,15,4,3,3,4,2,0,4,0,1,1,0,0,1,1,1,0,0,0,0,0,0,0,0,0,2,2,2,2,1,0,1,1,0,15,3,1,4,1,0,2,0,0,0,0,0,0,0,0,0,0,0,0,0,0,0,0,0,0,0,0,2,2,0,0,1,1,1,0,0,1,1,0,0,2,1,1,1,9,5,4
12 - Ημαθίας,50 E.T. Δήμου Αλεξανδρείας,462,282,3,0,3,279,121,6,76,1,46,7,50,45,5,11,19,10,14,10,25,6,13,1,2,4,9,12,3,0,0,4,6,0,33,7,11,11,7,1,5,4,1,2,0,1,0,1,1,1,0,0,0,0,0,0,0,0,0,0,0,1,1,2,1,0,1,0,12,5,1,2,1,2,5,1,0,0,0,0,0,0,0,1,0,3,3,2,1,0,0,0,0,0,0,1,0,0,0,0,0,0,1,0,0,0,2,0,2,1,0,0,11,7,8
12 - Ημαθίας,51 E.T. Δήμου Αλεξανδρείας,529,359,18,0,18,341,209,7,118,0,163,3,49,44,12,1,29,0,17,8,15,4,9,1,1,4,5,8,7,1,0,4,1,0,35,17,12,4,3,3,8,5,1,2,0,2,1,0,1,1,0,0,0,0,0,0,0,0,0,0,0,1,1,5,2,2,2,1,7,2,1,4,1,0,4,1,1,0,0,0,0,0,0,0,0,0,0,0,2,2,1,0,0,1,1,1,1,0,0,0,0,0,0,0,1,0,1,0,0,0,0,0,4,2,1
12 - Ημαθίας,52 E.T. Δήμου Αλεξανδρείας,537,343,9,2,11,332,201,3,106,6,160,5,40,42,14,9,19,6,11,3,21,8,5,2,3,1,4,14,10,1,0,5,3,0,19,3,5,3,3,3,6,5,1,0,0,2,0,0,0,0,1,0,0,0,0,0,0,0,0,0,0,1,1,4,2,1,2,3,7,2,0,3,1,0,1,0,0,0,0,0,0,0,0,0,0,0,0,0,1,0,0,0,0,0,0,1,1,0,0,0,0,0,3,2,0,0,0,0,2,0,0,0,10,3,5
12 - Ημαθίας,53 E.T. Δήμου Αλεξανδρείας,549,396,6,0,6,390,209,0,105,2,171,5,42,58,10,13,21,6,26,7,36,9,20,0,0,8,11,14,13,0,0,6,2,0,30,10,6,3,6,7,5,3,0,0,0,1,0,0,1,0,0,0,0,0,1,0,0,0,0,1,0,1,1,5,0,1,3,4,9,4,0,1,0,1,4,0,0,0,0,0,0,0,0,0,0,0,0,0,1,0,0,0,0,0,0,1,1,0,0,4,1,2,5,5,1,1,3,1,2,2,0,0,5,5,4
12 - Ημαθίας,54 E.T. Δήμου Αλεξανδρείας,530,355,3,1,4,351,210,4,110,8,151,8,47,37,8,6,21,4,15,3,23,6,2,7,3,2,10,18,14,2,1,3,2,1,26,9,5,3,6,4,7,1,0,1,0,0,1,0,2,2,0,0,0,0,0,0,0,0,0,1,1,1,1,3,0,1,0,1,14,5,0,8,4,2,4,0,0,0,0,0,0,0,0,0,0,1,0,0,0,0,0,0,0,1,0,0,0,0,0,1,1,1,6,4,0,0,0,0,3,3,1,1,2,1,1
12 - Ημαθίας,55 E.T. Δήμου Αλεξανδρείας,529,360,4,0,4,356,207,3,106,3,161,2,52,53,11,8,21,1,26,3,14,1,7,0,3,4,6,19,17,2,0,7,0,1,23,6,4,7,7,2,3,2,0,1,2,1,0,0,2,1,0,0,0,0,0,0,0,0,0,2,2,3,3,3,0,0,0,3,10,2,3,2,1,4,4,0,0,1,0,0,0,0,0,0,0,0,0,0,1,1,0,0,0,0,0,0,0,0,0,0,0,0,4,2,0,0,1,1,3,3,0,0,8,6,6
12 - Ημαθίας,56 E.T. Δήμου Αλεξανδρείας,532,333,5,1,6,327,172,2,99,2,141,2,32,60,15,8,25,5,18,9,32,11,12,2,4,6,7,9,9,0,0,3,0,0,23,8,7,2,6,6,7,4,0,1,1,0,0,2,1,1,0,0,0,0,2,1,0,1,0,0,0,1,0,0,0,0,0,0,10,3,2,2,0,2,2,0,0,1,0,1,0,0,0,0,0,0,0,0,0,0,0,0,0,1,1,0,0,1,0,0,0,0,1,1,0,0,2,1,1,0,0,0,6,4,3
12 - Ημαθίας,57 E.T. Δήμου Αλεξανδρείας,429,311,7,1,8,303,187,3,92,1,140,5,59,43,15,4,27,2,15,2,28,7,14,1,1,0,20,3,2,0,0,2,0,0,10,0,0,2,0,3,5,1,1,0,1,0,0,0,1,1,0,0,0,0,0,0,0,0,0,1,1,1,1,8,3,1,3,1,3,2,2,0,0,0,0,1,1,1,1,1,0,0,0,2,1,0,0,0,0,0,0,0,0,0,0,3,2,0,0,1,1,1,4,3,0,0,0,0,2,0,0,0,3,2,2
12 - Ημαθίας,58 E.T. Δήμου Αλεξανδρείας,434,308,5,2,7,301,181,1,96,1,145,1,43,44,18,4,19,3,9,6,37,11,12,0,6,3,22,7,7,1,0,4,0,0,12,2,2,1,0,1,3,4,0,2,0,1,1,2,0,0,0,0,0,0,0,0,0,0,0,0,0,1,1,0,0,0,0,0,8,1,2,1,1,1,1,0,0,1,1,0,1,0,0,0,0,0,0,0,0,0,0,0,0,0,0,1,0,0,0,1,0,0,0,0,0,0,0,0,0,0,0,0,4,3,2
12 - Ημαθίας,59 E.T. Δήμου Αλεξανδρείας,543,350,6,1,7,343,183,4,148,1,91,6,44,64,13,15,27,3,23,5,20,0,14,0,2,4,1,5,2,0,0,1,0,0,27,4,6,4,4,4,9,5,2,2,0,3,0,1,1,1,0,0,0,0,0,0,0,0,0,2,2,1,1,2,1,0,1,2,12,7,4,3,0,5,0,0,0,1,0,0,0,0,0,0,0,0,0,0,2,0,0,1,1,0,0,2,0,0,0,2,2,2,0,0,0,0,2,1,0,0,0,0,12,7,8
12 - Ημαθίας,60 E.T. Δήμου Αλεξανδρείας,535,343,3,0,3,340,170,2,139,4,85,2,44,62,11,8,34,6,16,3,32,11,24,0,2,4,2,2,0,0,0,1,0,0,26,9,3,2,6,0,7,4,0,1,0,0,0,0,2,1,1,0,0,0,0,0,0,0,0,4,4,2,2,1,0,0,0,0,10,3,0,1,1,0,3,0,0,0,0,0,0,0,0,0,0,1,0,0,1,0,0,0,0,1,1,1,0,0,0,3,1,1,2,1,0,0,1,0,0,0,0,0,14,6,6
12 - Ημαθίας,61 E.T. Δήμου Αλεξανδρείας,557,341,4,2,6,335,152,3,123,11,79,6,36,63,10,5,32,6,25,7,39,9,24,0,4,4,6,7,3,3,0,1,0,2,26,11,4,5,9,4,10,10,0,2,1,1,2,1,2,2,0,0,0,0,0,0,0,0,0,1,1,8,6,1,1,0,1,0,10,6,2,1,0,2,3,0,0,2,1,1,1,0,0,0,0,0,0,0,0,0,0,0,0,0,0,0,0,0,0,2,0,0,4,2,0,0,0,0,1,0,0,0,7,4,5
12 - Ημαθίας,62 E.T. Δήμου Αλεξανδρείας,515,336,0,1,1,335,216,6,204,11,28,9,7,43,7,5,7,2,33,5,15,3,10,0,1,2,1,9,2,3,1,3,0,0,22,5,5,1,1,0,8,1,0,1,0,0,1,0,0,0,0,0,0,0,2,1,1,1,0,4,1,1,0,2,0,0,1,2,8,3,0,1,1,4,2,0,0,1,1,0,0,0,0,1,1,0,0,0,1,0,0,0,0,0,0,0,0,1,0,2,0,0,0,0,0,0,1,0,0,0,1,1,4,2,1
12 - Ημαθίας,63 E.T. Δήμου Αλεξανδρείας,696,507,7,2,9,498,304,3,205,1,231,4,60,85,22,14,27,9,38,10,28,14,17,1,2,4,7,14,6,2,0,6,0,0,33,12,6,5,7,8,11,1,0,1,0,0,0,1,3,1,0,0,0,0,0,0,0,0,0,0,0,4,3,2,2,1,1,0,7,1,1,0,1,1,3,0,0,0,0,0,0,0,0,0,0,0,0,0,1,0,1,0,0,1,1,2,2,2,1,0,0,0,1,1,0,0,0,0,0,0,0,0,10,5,7
12 - Ημαθίας,64 E.T. Δήμου Αλεξανδρείας,345,222,3,0,3,219,92,2,65,2,43,1,14,39,6,12,18,5,9,5,24,8,8,2,3,5,6,19,14,2,2,10,2,0,13,6,3,5,3,1,4,5,3,3,1,2,1,0,0,0,0,0,0,0,1,0,1,0,0,9,8,1,1,1,1,0,0,0,3,2,1,1,1,0,1,0,0,0,0,0,0,0,0,0,0,0,0,0,1,1,1,0,0,2,2,0,0,0,0,2,1,1,1,1,0,0,0,0,1,1,0,0,5,3,3
12 - Ημαθίας,65 E.T. Δήμου Αλεξανδρείας,371,213,5,1,6,207,88,3,61,2,48,3,22,42,11,10,20,3,15,1,45,26,28,2,0,0,10,5,4,0,1,4,0,1,6,2,3,0,1,0,2,2,0,0,0,0,0,0,0,0,0,0,0,0,1,0,0,0,0,1,0,3,1,1,0,0,0,0,8,1,2,0,0,5,3,0,0,0,0,0,0,0,0,0,0,0,0,0,1,0,1,0,1,0,0,0,0,0,0,0,0,0,0,0,0,0,1,0,0,0,0,0,3,1,1
12 - Ημαθίας,66 E.T. Δήμου Αλεξανδρείας,562,353,5,1,6,347,141,15,91,17,43,14,53,68,61,9,9,1,6,1,28,9,19,2,2,6,5,17,8,3,0,5,5,0,31,7,6,4,6,3,12,6,1,3,1,4,0,0,2,2,1,0,0,0,3,1,2,1,0,1,1,2,0,2,1,1,0,0,28,12,4,2,3,9,8,0,0,0,0,0,0,0,0,0,0,0,0,0,0,0,0,0,0,1,0,1,1,0,0,1,1,1,0,0,0,0,1,0,0,0,3,3,10,10,10
12 - Ημαθίας,67 E.T. Δήμου Αλεξανδρείας,563,381,6,1,7,374,164,17,101,11,59,8,66,75,62,9,11,6,9,2,36,13,12,4,4,7,5,17,13,0,1,8,0,0,22,6,7,2,6,2,6,9,2,4,4,2,1,1,3,2,1,0,1,1,1,0,0,0,0,1,1,0,0,5,2,1,2,2,17,5,4,4,2,7,4,0,0,2,0,1,0,0,0,0,0,3,2,2,3,0,0,0,0,0,0,0,0,0,0,0,0,0,0,0,0,0,0,0,2,2,3,1,9,4,7
12 - Ημαθίας,68 E.T. Δήμου Αλεξανδρείας,555,320,5,0,5,315,132,11,81,14,32,11,58,47,41,5,7,4,3,0,19,9,11,2,2,3,5,28,20,1,2,15,3,0,21,10,2,2,0,1,6,12,0,3,2,1,2,1,1,1,0,0,0,0,1,0,0,0,0,3,2,0,0,3,1,1,2,1,23,4,3,6,0,12,7,1,0,0,0,0,0,0,0,0,0,1,1,1,1,0,0,1,0,0,0,1,1,0,0,2,1,2,0,0,0,0,5,3,4,2,0,0,10,3,6
12 - Ημαθίας,69 E.T. Δήμου Αλεξανδρείας,565,335,8,4,12,323,137,14,69,22,60,9,35,84,73,5,13,1,7,1,24,8,7,4,1,7,2,11,5,2,1,1,1,0,13,3,1,2,0,2,1,5,0,0,0,0,0,0,1,0,1,0,0,0,0,0,0,0,0,0,0,2,2,1,0,1,0,1,21,0,0,0,1,8,3,0,0,2,2,1,0,0,0,0,0,2,0,1,1,1,0,0,1,1,0,1,0,0,0,0,0,0,4,2,0,0,4,0,0,0,1,0,7,2,3
12 - Ημαθίας,70 E.T. Δήμου Αλεξανδρείας,555,291,3,1,4,287,90,4,47,1,32,13,45,55,52,11,6,4,30,1,26,3,24,10,2,4,9,29,24,2,3,14,0,1,37,13,7,5,8,2,14,4,1,1,0,0,1,1,0,0,1,1,0,0,1,0,0,0,0,0,0,0,0,0,0,0,0,0,21,2,1,0,2,8,13,0,0,0,0,0,0,0,0,0,0,1,1,0,1,0,0,0,0,3,2,1,0,0,0,0,0,0,1,1,0,0,0,0,0,0,0,0,16,6,10
12 - Ημαθίας,71 E.T. Δήμου Αλεξανδρείας,520,340,13,0,13,327,148,13,115,1,64,5,47,50,17,8,9,11,25,1,14,4,7,1,2,1,2,10,4,3,2,0,0,2,43,9,14,12,9,12,3,9,0,6,3,1,2,1,1,0,2,2,0,0,2,1,0,0,0,0,0,1,0,2,1,0,1,0,16,4,0,1,1,8,9,0,0,0,0,0,0,0,0,0,0,0,0,0,1,0,1,0,1,0,0,6,3,0,0,0,0,0,1,1,0,0,5,2,1,0,0,0,15,9,11
12 - Ημαθίας,72 E.T. Δήμου Αλεξανδρείας,526,298,6,6,12,286,144,8,94,2,69,5,38,47,20,9,7,4,14,3,11,3,2,0,2,2,2,5,2,0,1,0,0,0,30,8,10,4,5,11,3,3,0,0,0,0,0,0,3,2,0,0,0,0,0,0,0,0,0,0,0,5,4,2,0,0,0,1,10,1,0,2,1,4,5,0,0,1,0,0,0,0,0,0,0,0,0,0,0,0,0,0,0,1,0,5,2,0,0,0,0,0,1,0,1,0,3,0,2,0,2,0,10,6,7
12 - Ημαθίας,73 E.T. Δήμου Αλεξανδρείας,506,313,13,2,15,298,168,9,104,3,75,7,49,39,11,8,9,5,3,4,17,6,5,1,0,6,3,5,2,1,1,0,0,0,29,3,5,6,13,5,4,5,1,1,1,0,0,0,0,0,0,0,1,1,1,0,0,0,0,1,0,1,1,1,0,0,0,0,9,0,2,2,1,5,2,0,0,1,0,1,1,0,0,1,0,1,1,1,2,0,1,1,1,0,0,5,5,0,0,5,2,1,0,0,1,1,3,3,1,0,0,0,1,0,0
12 - Ημαθίας,74 E.T. Δήμου Αλεξανδρείας,440,240,4,0,4,236,109,1,81,1,40,4,42,31,18,4,1,0,7,2,33,6,17,1,1,0,7,2,2,1,0,1,0,0,29,8,4,2,6,7,7,2,1,0,0,0,0,0,2,1,0,0,0,0,0,0,0,0,0,2,2,3,2,1,1,0,0,0,11,4,0,1,2,5,4,0,0,0,0,0,0,0,0,0,0,0,0,0,1,0,0,0,0,1,0,1,1,1,1,1,1,0,1,0,1,1,0,0,1,1,0,0,3,1,1
12 - Ημαθίας,75 E.T. Δήμου Αλεξανδρείας,420,239,8,0,8,231,108,8,81,4,46,5,32,45,21,11,9,1,9,3,26,1,21,2,4,6,0,4,1,2,0,2,0,0,19,3,7,2,4,5,5,3,1,3,1,0,0,1,1,1,0,0,0,0,0,0,0,0,0,0,0,2,1,2,0,0,1,2,7,1,2,1,0,5,3,0,0,1,1,1,0,0,0,0,0,0,0,0,0,0,0,0,0,0,0,1,0,0,0,2,2,0,1,1,0,0,0,0,3,3,0,0,6,1,1
12 - Ημαθίας,76 E.T. Δήμου Αλεξανδρείας,439,273,9,0,9,264,84,2,63,0,42,2,12,102,73,15,16,4,18,6,23,3,10,1,2,5,4,5,2,0,1,3,2,0,26,3,3,1,1,7,4,3,0,1,0,0,0,1,2,1,0,0,1,0,0,0,0,0,0,1,1,4,1,0,0,0,0,0,3,0,0,1,0,1,2,0,0,0,0,0,0,0,0,0,0,0,0,0,2,0,1,0,1,1,0,2,1,0,0,0,0,0,0,0,1,1,0,0,0,0,1,1,3,1,2
12 - Ημαθίας,77 E.T. Δήμου Αλεξανδρείας,467,294,4,1,5,289,110,4,72,2,53,1,16,79,54,8,5,5,22,2,33,6,18,1,1,4,3,8,2,0,0,2,0,0,24,4,4,2,4,2,6,3,1,2,0,1,0,0,0,0,0,0,0,0,0,0,0,0,0,1,0,1,0,2,0,1,0,1,10,2,0,0,0,4,6,0,0,0,0,0,0,0,0,0,0,0,0,0,4,1,1,1,0,0,0,5,3,1,1,2,0,1,1,0,1,1,1,1,1,0,0,0,2,1,0
12 - Ημαθίας,78 E.T. Δήμου Αλεξανδρείας,448,284,10,1,11,273,90,2,69,1,41,2,22,53,27,17,2,9,19,3,29,6,21,1,2,2,5,9,5,3,0,6,0,0,36,11,8,9,6,7,3,4,0,0,1,1,0,2,10,7,0,0,0,0,0,0,0,0,0,5,3,2,2,2,0,0,1,2,11,2,0,1,1,4,5,0,0,0,0,0,0,0,0,0,0,0,0,0,1,0,0,0,0,0,0,2,2,0,0,0,0,0,0,0,1,0,2,1,0,0,0,0,16,8,12
12 - Ημαθίας,79 E.T. Δήμου Αλεξανδρείας,450,268,4,2,6,262,118,10,87,1,48,7,22,49,34,9,6,1,9,1,26,3,11,3,1,7,1,16,6,2,0,3,1,1,17,2,11,1,3,9,3,3,0,1,1,0,0,0,5,5,0,0,0,0,0,0,0,0,0,4,4,0,0,3,1,0,1,2,8,1,1,0,1,6,5,0,0,2,2,2,0,0,0,0,0,0,0,0,2,0,1,0,0,0,0,1,1,1,0,2,1,1,2,0,0,0,1,0,0,0,0,0,2,1,1
12 - Ημαθίας,80 E.T. Δήμου Αλεξανδρείας,447,337,6,0,6,331,139,5,85,4,73,8,40,65,40,14,13,11,14,1,34,15,21,1,2,6,1,12,5,5,0,4,0,1,25,6,6,3,4,9,4,6,1,2,1,1,1,0,5,4,0,0,0,0,0,0,0,0,0,2,1,3,2,8,1,0,1,0,13,4,3,1,2,4,4,0,0,0,0,0,0,0,0,0,0,1,1,0,0,0,0,0,0,0,0,0,0,0,0,1,1,0,3,2,0,0,3,2,0,0,0,0,11,9,8
12 - Ημαθίας,81 E.T. Δήμου Αλεξανδρείας,468,251,5,3,8,243,71,5,57,2,25,3,12,65,35,17,7,5,17,5,31,10,16,2,3,4,4,3,2,0,0,2,0,0,27,9,10,4,5,7,5,2,1,0,0,0,0,0,2,2,2,1,0,0,0,0,0,0,0,1,0,2,2,5,1,2,1,3,9,3,2,2,0,3,4,0,0,2,1,0,0,0,0,0,0,0,0,0,4,1,1,2,0,0,0,1,0,2,1,1,0,1,3,3,0,0,0,0,0,0,0,0,10,8,8
12 - Ημαθίας,82 E.T. Δήμου Αλεξανδρείας,405,207,10,0,10,197,92,2,66,2,29,1,28,33,15,6,3,1,3,5,27,11,16,1,1,2,2,4,0,0,0,0,0,0,9,2,3,1,0,2,0,1,0,0,0,0,0,0,1,0,0,0,0,0,0,0,0,0,0,1,1,2,1,0,0,0,0,0,17,4,1,1,0,11,8,0,0,2,2,2,0,0,0,1,1,0,0,0,0,0,0,0,0,1,1,1,1,1,0,0,0,0,1,0,0,0,0,0,2,1,0,0,1,0,1
12 - Ημαθίας,83 E.T. Δήμου Αλεξανδρείας,395,216,10,1,11,205,91,5,67,1,45,2,25,40,25,22,2,1,7,3,18,5,9,0,0,4,1,3,0,0,0,0,0,0,18,4,6,2,3,2,4,2,0,0,0,0,1,0,2,2,0,0,0,0,0,0,0,0,0,3,2,3,2,1,0,0,0,0,16,1,1,1,1,12,8,0,0,0,0,0,0,0,0,0,0,3,3,3,0,0,0,0,0,0,0,1,1,0,0,0,0,0,1,1,0,0,0,0,0,0,0,0,3,1,1
12 - Ημαθίας,84 E.T. Δήμου Αλεξανδρείας,384,188,6,0,6,182,83,3,41,3,39,6,22,35,16,10,3,4,5,7,10,3,3,0,2,1,0,5,1,1,1,1,0,0,25,4,9,2,5,3,6,1,0,0,0,0,0,0,0,0,0,0,0,0,0,0,0,0,0,0,0,0,0,2,0,0,0,0,7,0,0,0,3,2,6,0,0,0,0,0,0,0,0,1,1,0,0,0,1,0,0,1,1,1,0,0,0,1,0,3,2,2,2,1,0,0,0,0,0,0,0,0,5,4,3
12 - Ημαθίας,85 E.T. Δήμου Αλεξανδρείας,368,243,5,0,5,238,90,3,63,4,37,5,45,33,14,9,7,11,11,2,30,9,23,1,2,6,2,3,1,0,0,1,1,0,34,15,7,8,7,5,11,0,0,0,0,0,0,0,1,0,1,0,0,0,1,0,0,0,0,1,1,1,1,0,0,0,0,0,18,1,0,1,1,14,13,1,1,0,0,0,0,0,0,1,1,1,0,0,1,0,0,0,0,1,1,0,0,0,0,1,1,1,0,0,0,0,0,0,1,1,2,1,16,8,12
12 - Ημαθίας,86 E.T. Δήμου Αλεξανδρείας,371,219,2,0,2,217,111,6,61,6,58,3,57,12,6,4,1,1,5,1,18,4,7,0,2,5,1,3,0,0,0,0,0,0,15,7,7,4,3,1,2,9,4,3,0,1,1,4,4,2,0,0,0,0,0,0,0,0,0,1,0,1,1,0,0,0,0,0,29,0,1,0,1,26,22,1,1,2,1,1,0,0,0,0,0,0,0,0,0,0,0,0,0,1,0,0,0,0,0,2,1,1,2,2,0,0,1,0,0,0,0,0,5,3,5
12 - Ημαθίας,87 E.T. Δήμου Αλεξανδρείας,532,339,6,1,7,332,177,13,132,11,83,8,42,43,16,14,12,7,10,7,45,22,21,1,7,5,5,4,4,0,0,1,0,1,21,5,7,5,3,3,5,1,0,0,0,1,0,0,0,0,0,0,0,0,0,0,0,0,0,1,1,0,0,3,2,0,0,1,9,1,2,2,4,3,0,0,0,2,1,1,0,0,0,0,0,1,1,1,1,0,0,0,0,1,1,5,1,0,0,2,0,1,4,4,0,0,3,1,2,2,2,1,5,1,2
12 - Ημαθίας,88 E.T. Δήμου Αλεξανδρείας,548,355,6,1,7,348,149,4,98,20,68,14,47,67,31,15,11,13,26,2,41,13,19,2,7,10,2,8,5,1,0,6,0,0,31,13,18,3,8,2,11,4,1,2,1,2,0,0,0,0,0,0,0,0,1,0,0,0,0,1,1,4,2,5,1,1,4,3,9,4,2,1,0,4,4,0,0,0,0,0,0,0,0,0,0,2,2,2,2,0,0,0,1,0,0,2,2,0,0,1,0,1,4,3,0,0,2,1,0,0,3,2,12,10,8
12 - Ημαθίας,89 E.T. Δήμου Αλεξανδρείας,511,356,5,2,7,349,154,7,120,16,65,10,35,47,27,5,9,8,11,0,37,22,22,0,4,3,7,8,7,1,0,2,0,3,39,11,15,5,8,9,13,6,1,2,1,0,0,0,0,0,0,0,0,0,0,0,0,0,0,0,0,4,2,4,2,1,1,2,22,3,0,0,3,10,6,0,0,0,0,0,0,0,0,0,0,1,1,1,0,0,0,0,0,1,1,7,6,0,0,0,0,0,1,1,1,0,0,0,2,2,0,0,15,7,11
12 - Ημαθίας,90 E.T. Δήμου Βέροιας,510,325,5,3,8,317,131,5,88,3,71,11,40,58,8,12,26,3,19,21,31,12,9,2,3,8,10,14,3,1,0,7,7,0,31,5,3,17,6,3,7,9,0,2,0,2,0,4,3,3,0,0,0,0,1,0,0,0,0,2,2,0,0,4,3,0,1,1,10,3,1,4,0,3,2,0,0,2,1,2,0,0,0,0,0,2,2,2,1,0,0,1,0,1,0,1,1,1,0,0,0,0,0,0,0,0,2,0,4,4,1,0,8,3,4
12 - Ημαθίας,91 E.T. Δήμου Βέροιας,496,321,9,0,9,312,122,13,79,5,53,4,40,47,3,7,21,3,20,8,38,18,7,5,3,7,7,15,1,0,1,4,6,1,31,6,4,5,13,1,10,4,2,2,0,0,0,3,2,2,0,0,0,0,1,0,0,0,0,5,3,0,0,2,0,1,2,1,11,4,1,4,0,3,4,0,0,1,1,0,1,0,0,2,2,0,0,0,0,0,0,0,0,1,0,5,1,0,0,1,1,1,4,3,0,0,3,0,0,0,0,0,17,5,10
12 - Ημαθίας,92 E.T. Δήμου Βέροιας,495,324,4,0,4,320,116,7,57,1,46,9,53,58,9,14,30,13,9,6,37,13,2,5,5,12,22,34,7,1,3,17,7,8,22,6,2,8,3,1,3,5,1,0,0,1,0,2,0,0,1,1,0,0,0,0,0,0,0,3,0,2,2,5,2,1,3,2,18,5,2,6,1,2,3,0,0,0,0,0,0,0,0,0,0,1,0,0,2,0,0,1,0,1,1,0,0,0,0,1,0,1,3,2,0,0,0,0,3,2,0,0,8,5,4
12 - Ημαθίας,93 E.T. Δήμου Βέροιας,515,361,12,1,13,348,152,4,89,2,85,3,53,65,12,9,26,9,23,28,48,16,16,8,4,11,12,11,2,4,0,2,4,3,38,12,8,11,6,6,10,10,1,2,1,1,0,3,0,0,0,0,0,0,1,1,0,1,0,2,2,4,3,2,0,0,2,1,5,4,0,1,3,0,0,0,0,1,1,0,1,0,0,0,0,0,0,0,1,0,0,0,0,0,0,1,1,0,0,0,0,0,0,0,0,0,1,1,3,1,1,0,2,0,0
12 - Ημαθίας,94 E.T. Δήμου Βέροιας,524,355,7,4,11,344,170,7,96,12,69,2,71,62,14,15,31,3,14,22,50,25,16,13,4,4,15,6,3,0,0,2,2,1,23,6,4,11,2,5,5,3,0,0,1,1,0,0,2,0,1,1,0,0,1,0,0,1,1,1,0,1,1,1,0,1,0,1,4,0,2,1,1,0,0,0,0,0,0,0,0,0,0,0,0,1,1,1,2,1,1,0,1,0,0,4,4,0,0,0,0,0,3,0,1,0,1,1,0,0,1,0,6,3,3
12 - Ημαθίας,95 E.T. Δήμου Βέροιας,440,249,1,1,2,247,79,10,35,2,30,12,29,54,6,11,14,8,15,10,27,7,4,4,6,12,9,12,3,3,1,4,6,0,23,3,1,11,4,0,8,1,0,0,0,0,0,0,2,1,0,0,0,0,2,1,0,1,0,14,13,0,0,1,0,0,1,0,17,10,4,3,1,4,3,0,0,4,0,4,4,0,0,0,0,0,0,0,0,0,0,0,0,1,1,1,0,0,0,1,0,0,0,0,0,0,1,1,2,2,0,0,5,4,2
12 - Ημαθίας,96 E.T. Δήμου Βέροιας,429,268,13,1,14,254,71,8,37,4,15,5,30,43,5,9,23,1,12,15,40,9,7,9,7,23,10,5,1,0,1,2,3,0,40,7,4,25,10,0,11,8,2,4,0,1,2,2,4,4,0,0,0,0,0,0,0,0,0,11,8,1,1,0,0,0,0,0,16,7,2,1,3,4,6,0,0,1,0,1,1,0,0,1,1,0,0,0,3,1,0,2,0,0,0,1,1,0,0,1,1,1,1,1,0,0,0,0,0,0,1,1,6,1,5
12 - Ημαθίας,97 E.T. Δήμου Βέροιας,526,306,14,3,17,289,112,14,64,7,53,15,37,50,5,6,21,14,9,18,35,11,9,6,5,8,14,14,2,2,0,8,2,4,26,10,4,10,6,2,5,8,1,2,2,1,0,3,2,1,1,1,0,0,0,0,0,0,0,1,1,3,2,4,0,1,2,0,18,8,3,4,3,4,5,0,0,0,0,0,0,0,0,0,0,0,0,0,2,0,1,2,0,0,0,1,1,0,0,1,1,0,3,2,0,0,0,0,0,0,2,1,6,1,4
12 - Ημαθίας,98 E.T. Δήμου Βέροιας,525,340,11,1,12,328,147,10,92,3,69,13,50,43,3,6,25,10,14,10,30,9,6,5,2,2,10,15,5,3,0,8,3,3,24,7,4,9,4,2,9,11,3,1,1,3,2,3,1,0,0,0,0,0,1,0,1,0,1,6,5,2,2,1,0,1,0,1,16,5,4,4,4,4,4,0,0,1,0,1,1,0,0,1,0,2,2,2,1,0,0,1,0,0,0,4,2,0,0,2,1,1,0,0,1,0,6,5,0,0,0,0,13,8,8
12 - Ημαθίας,99 E.T. Δήμου Βέροιας,524,308,8,1,9,299,103,6,64,1,39,7,31,55,7,4,32,7,15,10,22,10,2,2,4,8,10,19,1,2,0,7,5,5,27,6,5,10,3,5,3,12,0,2,0,1,3,4,2,1,1,0,0,0,0,0,0,0,0,5,1,2,2,2,1,0,0,0,16,5,4,2,1,1,3,1,1,0,0,0,0,0,0,0,0,4,1,1,2,0,1,0,0,1,1,0,0,1,1,2,0,1,0,0,1,0,1,0,1,1,3,0,16,3,10
12 - Ημαθίας,100 E.T. Δήμου Βέροιας,520,283,4,0,4,279,113,9,61,3,43,20,48,52,7,16,12,11,16,12,27,12,1,2,5,4,13,17,3,4,1,10,2,5,21,5,3,5,7,5,4,4,1,2,0,0,0,0,0,0,1,1,0,0,0,0,0,0,0,4,2,2,1,2,0,1,2,0,13,6,2,3,4,2,0,1,1,1,0,1,0,0,0,0,0,2,2,0,0,0,0,0,0,0,0,5,3,0,0,1,0,1,3,2,1,1,0,0,0,0,0,0,9,7,8
12 - Ημαθίας,101 E.T. Δήμου Βέροιας,528,309,5,0,5,304,132,13,75,2,52,14,50,43,6,8,13,9,14,11,26,10,6,4,5,5,13,15,6,2,1,6,4,3,28,7,5,13,5,1,4,5,1,1,0,1,0,3,3,2,0,0,0,0,2,1,0,1,1,2,2,6,5,3,1,2,2,1,18,8,1,7,1,8,6,1,0,0,0,0,0,0,0,0,0,0,0,0,3,2,1,1,0,0,0,1,1,2,0,1,1,1,3,2,1,1,2,1,0,0,0,0,7,5,7
12 - Ημαθίας,102 E.T. Δήμου Βέροιας,532,257,6,1,7,250,99,10,51,3,46,15,32,33,8,4,8,7,15,8,26,12,4,2,5,12,12,15,2,3,0,8,2,5,21,6,2,7,4,0,3,7,1,2,1,2,1,3,2,2,0,0,0,0,1,0,1,0,1,2,1,1,1,2,1,1,0,0,8,3,1,2,1,2,1,0,0,0,0,0,0,0,0,0,0,1,1,0,1,0,1,1,0,0,0,3,3,0,0,1,0,0,3,3,0,0,5,2,2,1,2,2,15,5,5
12 - Ημαθίας,103 E.T. Δήμου Βέροιας,538,291,6,1,7,284,130,16,58,12,52,6,68,38,5,3,16,14,14,10,21,10,3,2,0,8,7,13,4,1,0,7,1,1,21,5,6,10,3,2,6,9,2,3,1,4,4,0,1,1,2,0,0,0,1,0,0,0,0,5,3,3,3,0,0,0,0,0,11,5,2,5,1,4,1,0,0,2,0,0,2,0,0,0,0,0,0,0,2,1,0,2,1,1,1,6,4,0,0,2,2,1,1,1,1,1,2,1,3,3,0,0,9,4,9
12 - Ημαθίας,104 E.T. Δήμου Βέροιας,522,287,8,1,9,278,93,9,42,5,40,10,45,49,7,10,15,17,17,13,37,12,5,7,3,13,13,15,1,3,2,8,5,8,20,6,2,13,7,0,7,12,2,1,0,1,0,10,0,0,0,0,0,0,1,0,0,0,0,5,4,2,2,1,0,0,0,0,17,8,2,6,2,6,5,0,0,1,1,1,0,0,0,0,0,1,1,1,0,0,0,0,0,0,0,2,2,1,1,4,4,3,0,0,0,0,0,0,5,3,1,0,11,6,9
12 - Ημαθίας,105 E.T. Δήμου Βέροιας,527,310,11,1,12,298,119,11,54,5,47,15,58,45,9,12,13,13,13,8,20,8,4,2,2,8,4,30,4,5,0,16,7,16,28,5,6,10,6,3,9,9,1,4,1,2,1,5,1,1,0,0,0,0,0,0,0,0,0,10,9,1,0,1,0,0,1,1,10,6,3,4,0,3,2,1,0,3,1,3,2,0,0,0,0,0,0,0,1,0,1,1,0,0,0,1,1,1,1,5,5,4,0,0,0,0,5,4,2,1,0,0,5,2,3
12 - Ημαθίας,106 E.T. Δήμου Βέροιας,437,281,7,0,7,274,120,12,64,6,57,12,52,48,7,13,30,10,16,15,15,7,8,2,2,6,5,9,3,1,0,3,2,0,22,3,5,11,8,4,5,7,1,2,1,1,1,4,0,0,0,0,0,0,1,0,0,0,0,1,0,2,2,6,2,1,2,2,10,5,0,2,0,3,2,0,0,1,0,1,1,0,0,0,0,0,0,0,1,0,0,0,0,0,0,1,1,0,0,5,5,5,3,0,1,1,3,2,2,1,0,0,16,9,10
12 - Ημαθίας,107 E.T. Δήμου Βέροιας,384,213,11,3,14,199,81,2,58,1,34,8,31,16,3,1,6,3,3,7,44,1,0,7,4,36,4,4,1,0,0,2,1,0,23,8,8,2,4,1,4,3,1,1,0,1,2,1,0,0,0,0,0,0,1,0,0,0,0,4,0,4,3,0,0,0,0,0,5,2,2,3,0,0,1,0,0,0,0,0,0,0,0,0,0,0,0,0,0,0,0,0,0,0,0,3,3,1,0,0,0,0,1,0,0,0,2,1,1,1,0,0,6,3,4
12 - Ημαθίας,108 E.T. Δήμου Βέροιας,362,178,5,0,5,173,47,0,32,1,14,5,20,20,1,3,7,6,3,9,43,2,2,9,2,34,2,8,2,0,0,4,4,1,21,6,2,7,4,0,7,5,0,3,1,0,1,2,0,0,0,0,0,0,1,0,0,1,1,0,0,1,0,1,0,0,1,1,5,1,1,2,0,0,1,1,0,0,0,0,0,0,0,0,0,0,0,0,0,0,0,0,0,2,1,0,0,0,0,0,0,0,5,2,0,0,2,0,1,1,0,0,10,3,1
12 - Ημαθίας,109 E.T. Δήμου Βέροιας,410,224,4,0,4,220,64,6,38,6,14,5,36,28,5,3,15,6,5,3,57,2,0,12,1,48,10,10,3,0,2,5,1,2,31,6,3,8,7,2,15,4,2,2,0,0,0,0,0,0,1,1,0,0,1,0,0,0,0,2,2,4,3,0,0,0,0,0,5,3,1,2,0,0,0,0,0,0,0,0,0,0,0,0,0,1,0,1,0,0,0,0,0,0,0,3,3,0,0,1,1,0,0,0,1,1,1,0,2,1,0,0,4,3,2
12 - Ημαθίας,110 E.T. Δήμου Βέροιας,521,340,15,1,16,324,178,3,69,62,61,9,82,35,6,5,13,8,7,7,34,3,9,12,6,3,15,13,6,2,1,5,1,0,24,8,9,4,1,6,8,2,0,1,0,0,0,1,3,2,1,1,0,0,2,2,1,0,0,1,1,1,1,1,0,0,1,0,4,2,1,1,2,0,0,1,1,0,0,0,0,0,0,0,0,1,1,0,1,1,0,0,1,0,0,2,2,0,0,0,0,0,1,1,1,1,4,2,0,0,2,1,12,5,5
12 - Ημαθίας,111 E.T. Δήμου Βέροιας,525,352,7,2,9,343,194,10,101,65,55,5,89,48,4,4,12,21,15,12,42,8,14,13,6,8,19,9,2,2,1,4,3,0,12,2,2,3,3,2,7,3,1,0,0,2,0,0,2,1,3,2,0,0,0,0,0,0,0,3,1,2,1,6,2,1,1,1,4,2,1,2,0,2,0,0,0,1,1,0,1,0,0,0,0,1,1,0,1,1,0,1,0,2,0,0,0,0,0,1,0,1,1,1,0,0,1,1,0,0,0,0,7,7,7
12 - Ημαθίας,112 E.T. Δήμου Βέροιας,521,358,10,1,11,347,190,3,97,55,66,2,79,45,7,6,17,7,15,6,33,8,11,6,4,2,12,16,4,2,0,7,4,1,20,9,3,5,5,1,3,5,0,2,0,0,0,1,5,4,0,0,0,0,2,0,0,0,0,2,1,1,1,3,3,3,0,0,6,2,2,0,1,2,3,1,0,0,0,0,0,0,0,0,0,2,2,1,0,0,0,0,0,0,0,2,0,2,1,0,0,0,1,1,0,0,3,3,1,1,1,1,6,4,4
12 - Ημαθίας,113 E.T. Δήμου Βέροιας,195,128,0,0,0,128,33,1,15,5,4,0,21,19,0,0,11,10,2,6,5,0,0,0,0,0,4,14,1,0,2,4,9,1,8,1,0,7,3,0,0,4,0,1,0,1,0,1,3,2,2,1,0,0,0,0,0,0,0,2,0,19,15,3,1,1,0,0,5,3,0,2,1,0,0,0,0,0,0,0,0,0,0,0,0,0,0,0,0,0,0,0,0,0,0,7,6,0,0,2,2,0,0,0,0,0,0,0,0,0,0,0,2,1,2
12 - Ημαθίας,114 E.T. Δήμου Βέροιας,506,305,5,2,7,298,142,3,66,8,104,2,45,42,8,4,16,9,18,12,39,8,3,8,7,2,24,21,9,0,1,6,4,10,19,3,6,4,7,3,5,2,1,1,0,0,0,2,3,3,0,0,0,0,2,0,0,1,1,0,0,4,2,0,0,0,0,0,7,3,2,1,2,1,0,0,0,0,0,0,0,0,0,0,0,0,0,0,1,1,0,0,0,1,1,2,2,0,0,2,0,0,0,0,0,0,3,3,1,0,0,0,7,5,6
12 - Ημαθίας,115 E.T. Δήμου Βέροιας,484,296,8,3,11,285,112,5,45,10,79,5,38,60,4,8,35,13,13,15,24,4,10,5,9,6,8,46,12,3,3,16,20,12,14,4,5,2,2,0,4,2,1,1,0,0,0,1,1,0,0,0,2,1,1,1,0,0,0,1,1,3,2,1,0,0,1,1,8,4,1,1,0,1,0,0,0,0,0,0,0,0,0,1,1,0,0,0,0,0,0,0,0,1,1,1,1,0,0,0,0,0,0,0,1,1,1,1,0,0,0,0,5,0,1
12 - Ημαθίας,116 E.T. Δήμου Βέροιας,684,287,6,0,6,281,79,3,40,6,59,5,23,59,6,22,18,20,13,18,82,19,15,39,9,17,35,15,10,0,0,11,1,0,24,5,7,12,2,3,8,1,0,1,0,0,1,0,0,0,0,0,0,0,1,1,0,1,0,2,1,4,4,1,1,1,0,0,4,3,1,1,0,2,0,0,0,0,0,0,0,0,0,4,4,0,0,0,0,0,0,0,0,0,0,0,0,0,0,0,0,0,0,0,0,0,2,1,0,0,0,0,3,1,3
12 - Ημαθίας,117 E.T. Δήμου Βέροιας,546,357,1,3,4,353,128,2,64,7,46,9,47,55,3,9,18,15,11,19,48,7,5,9,6,5,28,27,7,2,0,11,15,0,28,9,6,9,3,3,1,12,1,2,1,0,2,1,1,1,0,0,1,1,0,0,0,0,0,1,0,2,0,5,1,2,1,1,12,5,3,2,1,3,2,0,0,1,0,1,0,0,0,1,0,0,0,0,5,2,1,1,1,1,1,4,3,0,0,1,0,0,2,2,0,0,2,1,1,1,0,0,15,8,8
12 - Ημαθίας,118 E.T. Δήμου Βέροιας,557,335,5,0,5,330,122,3,68,3,51,7,50,56,4,14,24,15,11,16,41,10,2,6,9,5,22,29,5,2,1,9,12,1,20,4,4,10,2,2,8,4,0,1,1,0,2,1,3,2,0,0,0,0,4,1,0,1,0,6,2,2,2,5,3,0,0,1,21,4,3,4,0,2,5,0,0,0,0,0,0,0,0,1,1,0,0,0,0,0,0,0,0,0,0,3,3,1,0,1,0,0,1,0,0,0,1,0,1,0,0,0,8,3,3
12 - Ημαθίας,119 E.T. Δήμου Βέροιας,526,326,9,0,9,317,133,7,77,12,46,6,50,52,4,9,23,8,12,19,38,6,2,6,5,7,22,17,3,3,0,8,3,0,28,9,4,10,2,4,14,8,2,1,2,1,2,1,1,1,0,0,0,0,0,0,0,0,0,2,0,1,1,1,0,0,1,0,16,5,1,2,2,7,2,0,0,3,0,3,3,0,0,0,0,3,3,0,0,0,0,0,0,0,0,2,1,0,0,0,0,0,0,0,0,0,5,3,0,0,0,0,7,3,6
12 - Ημαθίας,120 E.T. Δήμου Βέροιας,552,380,7,0,7,373,144,10,72,13,44,23,63,56,7,10,22,17,13,13,50,16,7,6,2,6,23,26,5,3,0,12,11,0,34,15,7,13,7,0,4,9,1,1,0,1,0,2,2,1,1,1,0,0,8,7,1,0,0,3,2,2,1,2,1,0,1,2,8,2,2,1,2,1,2,0,0,0,0,0,0,0,0,0,0,0,0,0,2,1,0,0,1,2,2,5,4,0,0,1,1,1,4,3,0,0,4,2,1,1,0,0,9,3,3
12 - Ημαθίας,121 E.T. Δήμου Βέροιας,547,376,6,2,8,368,135,9,75,13,43,15,63,70,9,10,29,11,11,24,45,10,4,18,2,8,21,16,4,5,0,4,5,2,34,7,6,19,5,8,3,9,1,2,2,2,0,1,2,1,1,0,0,0,3,2,0,1,0,1,1,1,1,0,0,0,0,0,22,7,5,4,4,5,3,1,0,0,0,0,0,0,0,0,0,0,0,0,2,1,1,0,1,0,0,6,5,0,0,4,2,2,4,3,0,0,2,1,1,1,0,0,9,2,3
12 - Ημαθίας,122 E.T. Δήμου Βέροιας,545,341,11,2,13,328,105,7,49,6,41,9,52,62,11,8,23,14,17,17,40,8,9,9,8,12,19,22,7,3,0,10,5,1,33,9,5,15,9,3,7,8,0,2,0,1,2,1,2,1,2,0,0,0,3,1,0,1,2,6,5,5,4,6,1,0,4,1,17,6,3,0,3,4,6,0,0,1,0,0,1,0,0,0,0,0,0,0,1,1,0,0,1,1,1,4,2,3,3,0,0,0,1,0,0,0,1,0,1,1,0,0,4,1,2
12 - Ημαθίας,123 E.T. Δήμου Βέροιας,540,361,7,3,10,351,147,7,82,7,50,19,64,73,6,19,27,21,17,18,33,8,5,9,5,1,17,20,4,5,2,7,11,2,26,7,5,15,2,1,6,4,1,0,1,1,0,0,0,0,1,0,0,0,2,1,1,1,1,2,2,2,2,2,0,0,0,0,13,5,0,3,4,3,2,0,0,0,0,0,0,0,0,0,0,0,0,0,5,2,1,3,0,3,3,7,3,0,0,3,3,3,0,0,0,0,0,0,3,3,0,0,5,5,4
12 - Ημαθίας,124 E.T. Δήμου Βέροιας,552,353,11,3,14,339,120,3,70,7,42,10,52,69,6,13,24,21,24,26,49,13,8,5,6,9,30,22,7,6,2,9,10,2,25,6,6,12,6,2,9,9,3,0,0,2,1,2,0,0,0,0,0,0,0,0,0,0,0,2,2,3,3,3,1,0,3,1,11,4,2,5,0,1,2,0,0,0,0,0,0,0,0,0,0,1,1,1,3,0,1,0,1,3,3,3,3,0,0,1,1,1,3,2,1,1,2,2,2,1,1,1,6,5,6
12 - Ημαθίας,125 E.T. Δήμου Βέροιας,545,371,8,1,9,362,101,4,45,2,36,6,50,81,7,14,22,28,23,21,50,12,4,8,3,12,26,43,12,5,4,18,11,2,23,8,4,9,2,1,3,4,2,2,0,0,0,2,4,4,0,0,0,0,4,1,1,2,1,4,1,4,1,5,0,0,0,1,13,4,2,4,2,0,1,0,0,1,0,1,1,0,0,1,0,2,2,0,0,0,0,0,0,0,0,6,4,0,0,2,1,1,2,2,0,0,1,1,0,0,1,1,10,7,9
12 - Ημαθίας,126 E.T. Δήμου Βέροιας,547,366,5,1,6,360,131,9,72,6,38,12,77,90,12,19,29,28,23,36,28,8,4,2,4,4,18,24,5,4,2,16,14,1,27,4,2,14,4,4,4,5,1,2,3,1,3,0,1,0,1,1,0,0,1,1,0,0,1,3,1,3,3,2,0,0,1,1,21,7,0,5,5,1,1,0,0,0,0,0,0,0,0,0,0,0,0,0,2,1,1,0,1,0,0,1,1,0,0,1,1,1,1,1,0,0,1,1,3,3,0,0,14,5,7
12 - Ημαθίας,127 E.T. Δήμου Βέροιας,536,351,8,3,11,340,107,8,61,6,36,12,53,69,9,23,21,18,16,29,42,10,9,6,7,6,23,34,7,2,1,16,13,1,24,4,4,12,5,0,3,9,2,3,2,2,1,3,2,2,0,0,0,0,0,0,0,0,0,3,3,7,3,6,3,2,1,1,12,5,4,3,1,8,2,0,0,1,1,0,1,0,0,1,1,0,0,0,4,2,1,2,0,1,0,2,1,0,0,1,0,0,2,1,1,1,2,2,0,0,0,0,10,7,8
12 - Ημαθίας,128 E.T. Δήμου Βέροιας,541,344,7,0,7,337,124,6,81,10,36,12,52,69,5,15,20,20,15,25,35,7,4,5,3,3,24,23,5,2,0,8,15,1,25,10,7,9,8,1,6,7,1,3,0,0,2,2,1,1,0,0,0,0,3,1,0,1,1,4,3,1,1,6,4,1,2,1,12,5,1,2,5,1,2,1,1,4,0,4,4,0,0,0,0,0,0,0,2,1,0,1,0,1,1,1,0,1,1,3,2,2,1,0,1,1,6,4,0,0,2,1,4,1,1
12 - Ημαθίας,129 E.T. Δήμου Βέροιας,549,355,0,2,2,353,128,4,71,10,54,7,62,63,4,9,25,18,12,16,40,8,9,8,3,4,21,35,8,2,1,19,19,0,45,15,8,20,6,5,7,2,1,0,1,0,0,0,1,1,0,0,0,0,2,1,1,0,0,5,0,4,1,3,0,1,1,2,15,5,4,3,3,2,2,0,0,0,0,0,0,0,0,0,0,1,1,1,1,0,0,1,1,0,0,1,1,0,0,0,0,0,0,0,0,0,1,1,1,1,0,0,5,3,4
12 - Ημαθίας,130 E.T. Δήμου Βέροιας,545,353,13,1,14,339,121,7,65,2,54,14,50,58,6,10,21,18,13,22,48,13,3,5,9,7,27,33,5,3,2,17,13,4,21,9,6,8,4,0,7,7,0,1,0,1,1,2,1,0,0,0,0,0,2,1,0,0,1,3,1,4,3,2,2,0,0,1,10,2,1,3,0,2,3,1,0,0,0,0,0,0,0,0,0,1,1,1,0,0,0,0,0,2,1,8,5,0,0,2,2,2,1,0,0,0,2,1,2,1,0,0,10,3,2
12 - Ημαθίας,131 E.T. Δήμου Βέροιας,539,296,11,3,14,282,88,3,47,4,38,5,56,46,4,19,12,16,7,10,35,5,6,5,4,4,22,25,6,1,1,11,12,2,26,5,2,14,4,3,6,11,1,5,2,2,1,4,1,1,2,0,0,0,1,0,0,1,1,4,3,2,1,1,0,0,1,1,17,8,5,4,2,4,2,0,0,0,0,0,0,0,0,1,1,0,0,0,3,1,1,1,1,2,0,1,1,0,0,0,0,0,4,3,2,1,2,0,0,0,0,0,8,3,6
12 - Ημαθίας,132 E.T. Δήμου Βέροιας,417,299,13,1,14,285,116,1,49,2,37,19,54,39,6,7,16,6,13,1,48,7,12,5,2,5,33,9,3,0,2,6,3,0,23,6,3,9,2,2,4,3,0,1,0,0,0,1,10,9,0,0,0,0,1,0,0,1,1,0,0,3,3,1,1,0,1,0,13,7,3,2,1,0,4,1,1,0,0,0,0,0,0,0,0,1,1,1,0,0,0,0,0,1,1,1,1,1,1,0,0,0,2,1,2,1,0,0,1,1,3,1,6,2,4
12 - Ημαθίας,133 E.T. Δήμου Βέροιας,523,338,4,1,5,333,144,5,69,12,57,11,73,63,8,12,17,18,13,17,39,15,6,5,5,7,16,20,4,2,1,9,9,2,17,5,1,8,2,2,4,7,2,3,0,0,2,0,1,1,0,0,0,0,2,0,1,0,1,2,1,4,3,4,1,2,1,0,8,1,1,1,1,2,1,0,0,0,0,0,0,0,0,0,0,0,0,0,2,0,2,0,1,1,1,2,2,0,0,2,1,2,1,1,1,1,2,0,4,3,0,0,7,3,2
12 - Ημαθίας,134 E.T. Δήμου Βέροιας,511,339,3,0,3,336,135,6,50,5,62,9,68,66,9,21,15,19,19,22,39,8,2,6,3,4,27,18,3,1,1,7,9,0,23,2,2,17,3,1,3,9,1,4,0,2,2,1,1,0,1,1,0,0,1,1,1,0,0,1,1,7,7,2,1,1,0,2,11,6,1,2,0,2,3,0,0,1,0,0,0,0,0,0,0,0,0,0,0,0,0,0,0,0,0,4,2,0,0,2,1,0,1,0,1,1,2,2,0,0,0,0,11,5,8
12 - Ημαθίας,135 E.T. Δήμου Βέροιας,505,328,5,3,8,320,150,11,67,5,67,22,56,46,5,8,15,8,13,16,31,5,2,3,5,7,20,18,0,0,0,11,8,1,25,3,2,16,4,2,4,12,1,6,1,3,0,5,1,1,1,1,0,0,0,0,0,0,0,4,3,5,3,2,1,0,0,0,6,2,2,2,0,1,1,0,0,1,0,1,1,0,0,2,0,1,1,0,2,1,1,1,0,0,0,1,0,0,0,1,0,1,1,1,1,0,0,0,2,2,0,0,7,3,3
12 - Ημαθίας,136 E.T. Δήμου Βέροιας,544,362,10,4,14,348,133,10,74,10,41,15,59,72,14,22,21,20,18,17,46,23,13,2,7,1,17,20,3,3,2,9,4,2,19,6,5,8,6,1,1,8,1,2,0,3,2,1,6,3,1,1,0,0,1,0,0,1,1,3,1,2,1,6,2,1,5,1,11,1,2,3,1,2,5,0,0,0,0,0,0,0,0,2,2,0,0,0,5,2,1,0,2,1,1,3,3,0,0,0,0,0,2,1,0,0,4,2,1,0,0,0,2,1,1
12 - Ημαθίας,137 E.T. Δήμου Βέροιας,547,355,11,0,11,344,136,9,64,6,58,9,74,64,8,15,19,12,24,18,38,7,1,5,9,7,24,18,3,4,3,11,2,0,30,7,4,16,5,1,4,10,2,0,2,2,0,4,1,0,0,0,0,0,0,0,0,0,0,4,4,5,4,3,0,1,0,0,11,5,3,3,2,2,1,1,0,1,1,0,0,0,0,1,1,0,0,0,1,0,0,0,0,1,1,2,0,1,0,1,1,1,0,0,2,2,1,0,2,1,2,0,8,4,6
12 - Ημαθίας,138 E.T. Δήμου Βέροιας,546,363,19,2,21,342,140,8,74,8,64,15,62,72,8,14,29,19,14,26,35,9,8,2,4,3,20,26,2,3,1,9,5,1,19,3,2,7,3,1,6,12,0,4,1,4,2,3,2,1,0,0,0,0,1,0,1,0,0,3,1,2,0,5,1,0,1,1,8,4,0,3,3,0,3,0,0,1,0,0,1,0,0,0,0,0,0,0,0,0,0,0,0,0,0,0,0,1,0,2,0,1,0,0,1,1,1,1,1,0,0,0,10,5,7
12 - Ημαθίας,139 E.T. Δήμου Βέροιας,515,331,4,0,4,327,148,7,97,7,68,10,52,60,6,15,23,8,13,23,40,6,5,6,5,3,21,15,3,2,2,7,6,0,12,2,4,4,4,2,1,3,0,1,0,2,1,0,0,0,0,0,1,0,1,1,1,0,0,1,1,0,0,3,0,0,1,1,21,6,6,3,2,2,3,0,0,0,0,0,0,0,0,0,0,0,0,0,1,0,1,0,1,1,1,4,3,1,0,4,1,3,1,1,2,2,4,1,0,0,1,1,3,1,2
12 - Ημαθίας,140 E.T. Δήμου Βέροιας,512,346,7,3,10,336,139,5,73,5,40,14,78,60,3,12,16,12,16,18,24,4,7,3,1,4,13,26,7,4,1,11,8,1,15,5,2,7,1,1,1,9,2,3,0,3,1,0,0,0,0,0,0,0,1,0,0,0,0,3,2,1,1,4,1,0,3,2,16,6,6,2,1,2,5,1,0,1,1,1,0,0,0,1,0,1,1,1,0,0,0,0,0,1,1,3,0,2,2,0,0,0,7,3,1,1,2,1,0,0,0,0,18,11,11
12 - Ημαθίας,141 E.T. Δήμου Βέροιας,528,334,6,2,8,326,142,4,71,10,53,15,56,58,6,12,25,8,9,13,35,7,0,13,2,10,21,19,4,1,2,7,4,0,18,5,3,7,1,1,4,6,1,2,1,1,0,1,1,1,0,0,0,0,0,0,0,0,0,6,6,3,2,2,0,0,0,0,12,4,4,3,2,2,3,0,0,1,0,0,0,0,0,0,0,0,0,0,1,0,1,0,0,0,0,2,2,0,0,3,3,1,4,2,2,2,2,1,3,1,0,0,6,1,3
12 - Ημαθίας,142 E.T. Δήμου Βέροιας,512,311,6,1,7,304,132,7,62,3,44,13,61,70,8,18,14,23,18,19,28,4,5,6,1,5,18,15,5,1,1,7,4,2,17,5,2,9,2,0,3,6,1,1,1,2,0,0,2,2,1,1,0,0,2,0,0,1,1,1,0,3,2,2,1,0,1,1,5,3,0,1,1,0,0,0,0,0,0,0,0,0,0,1,1,0,0,0,2,0,1,0,1,1,1,3,1,0,0,2,1,2,2,1,0,0,1,1,1,1,0,0,7,2,2
12 - Ημαθίας,143 E.T. Δήμου Βέροιας,513,318,2,0,2,316,132,13,76,9,44,13,55,56,3,9,26,8,10,23,42,4,5,9,8,6,26,17,1,2,2,9,3,2,28,11,5,13,4,2,6,8,2,5,1,2,0,2,0,0,0,0,0,0,0,0,0,0,0,2,1,4,3,0,0,0,0,0,6,3,2,1,2,0,2,0,0,0,0,0,0,0,0,0,0,1,1,0,1,0,0,0,0,1,1,3,3,0,0,2,1,1,0,0,0,0,0,0,0,0,3,1,10,6,5
12 - Ημαθίας,144 E.T. Δήμου Βέροιας,491,327,4,1,5,322,139,10,80,2,47,17,71,57,12,17,17,10,17,12,29,6,9,1,5,3,19,25,3,3,0,14,13,0,19,5,5,8,4,3,3,8,3,2,1,3,1,2,5,5,0,0,0,0,0,0,0,0,0,0,0,4,3,6,1,1,3,3,10,3,2,5,0,4,0,0,0,1,1,0,0,0,0,0,0,1,1,1,0,0,0,0,0,2,2,1,1,1,1,1,1,0,0,0,0,0,4,4,0,0,0,0,9,6,6
12 - Ημαθίας,145 E.T. Δήμου Βέροιας,523,343,5,4,9,334,131,5,88,6,45,6,58,66,8,25,20,17,14,17,37,10,3,4,4,10,18,22,4,4,2,4,10,0,21,7,5,5,3,1,6,6,1,2,1,0,2,1,2,1,0,0,0,0,0,0,0,0,0,3,3,6,3,3,0,0,0,1,9,3,2,1,2,4,1,1,1,1,0,1,1,0,0,2,2,2,1,1,0,0,0,0,0,0,0,5,4,0,0,4,3,3,2,2,0,0,1,1,3,3,0,0,7,4,6
12 - Ημαθίας,146 E.T. Δήμου Βέροιας,519,343,11,0,11,332,154,8,84,8,64,13,70,51,4,8,19,7,10,24,30,15,1,6,9,1,14,18,3,1,0,12,9,2,29,8,5,18,1,0,7,10,0,3,2,3,1,2,0,0,0,0,0,0,0,0,0,0,0,1,1,0,0,3,0,0,0,0,12,8,4,4,1,1,2,0,0,1,0,1,1,0,0,0,0,0,0,0,2,1,0,1,0,0,0,1,0,0,0,3,3,3,0,0,1,0,2,2,4,3,0,0,10,6,8
12 - Ημαθίας,147 E.T. Δήμου Βέροιας,524,350,3,1,4,346,171,6,86,2,64,16,74,55,5,8,23,6,9,17,24,7,5,5,5,2,8,14,2,2,1,5,7,0,12,4,4,8,1,0,2,13,4,5,2,2,2,3,0,0,1,0,0,0,2,0,0,1,1,6,2,3,2,5,1,0,0,1,20,3,4,7,4,2,6,0,0,0,0,0,0,0,0,0,0,0,0,0,0,0,0,0,0,0,0,4,4,0,0,1,0,1,3,2,0,0,1,0,2,1,0,0,9,3,3
12 - Ημαθίας,148 E.T. Δήμου Βέροιας,516,361,4,1,5,356,141,9,76,8,55,9,73,70,6,13,25,16,19,21,42,6,8,10,5,8,19,10,0,0,0,6,4,0,18,4,1,7,5,0,4,5,0,0,0,1,1,1,1,0,1,1,0,0,1,0,0,1,1,4,4,5,4,3,0,0,1,0,24,11,2,7,5,4,1,0,0,1,0,1,1,0,0,0,0,0,0,0,1,0,0,1,1,1,0,1,0,0,0,2,2,1,4,3,1,0,4,0,0,0,4,1,12,4,8
12 - Ημαθίας,149 E.T. Δήμου Βέροιας,509,351,4,1,5,346,160,10,91,4,61,18,61,66,5,17,19,20,13,24,36,9,7,9,5,7,13,10,3,1,1,4,3,2,13,1,5,7,5,1,3,8,5,1,2,2,0,2,4,3,1,0,0,0,2,1,0,1,0,3,2,2,2,2,1,0,2,0,19,14,7,3,2,0,1,1,0,1,0,0,0,0,0,0,0,0,0,0,0,0,0,0,0,0,0,2,1,0,0,2,2,2,0,0,0,0,1,0,0,0,3,3,10,4,7
12 - Ημαθίας,150 E.T. Δήμου Βέροιας,517,343,7,1,8,335,154,6,100,5,60,13,77,52,5,12,19,14,11,20,41,17,3,13,8,8,12,12,1,2,2,5,3,1,14,5,5,5,0,2,3,13,1,7,2,2,3,3,0,0,0,0,0,0,0,0,0,0,0,4,4,8,3,1,0,0,0,1,14,5,4,5,1,4,5,0,0,2,2,2,0,0,0,0,0,0,0,0,1,0,0,0,0,0,0,2,2,0,0,1,0,0,0,0,5,5,0,0,0,0,0,0,11,5,8
12 - Ημαθίας,151 E.T. Δήμου Βέροιας,516,369,6,2,8,361,137,11,64,7,53,9,74,78,10,12,30,22,20,17,47,17,4,2,5,11,20,13,2,1,0,6,6,0,26,7,5,14,5,0,8,13,2,4,1,4,3,1,0,0,3,2,0,0,0,0,0,0,0,3,3,2,2,6,0,1,2,1,11,6,2,4,1,1,1,3,2,0,0,0,0,0,0,1,1,0,0,0,1,1,1,0,0,0,0,2,1,1,1,1,0,0,3,2,1,0,0,0,1,1,0,0,8,4,7
12 - Ημαθίας,152 E.T. Δήμου Βέροιας,525,346,8,2,10,336,139,9,67,4,55,10,64,62,9,16,20,11,8,18,42,12,6,7,7,11,21,28,5,3,2,10,10,0,14,4,1,6,2,0,4,6,0,2,0,1,0,0,1,1,0,0,0,0,1,0,0,0,0,1,0,3,0,4,1,1,1,3,8,2,4,2,0,1,1,0,0,0,0,0,0,0,0,0,0,0,0,0,2,0,1,0,1,1,0,2,2,0,0,3,1,2,0,0,0,0,1,0,1,0,0,0,17,8,7
12 - Ημαθίας,153 E.T. Δήμου Βέροιας,524,355,8,3,11,344,139,12,86,4,35,19,57,90,5,13,36,17,18,27,29,3,2,12,2,8,10,13,1,4,1,6,4,0,22,5,1,10,1,0,5,5,0,1,0,1,0,0,0,0,0,0,0,0,4,1,0,2,1,3,3,2,1,2,1,1,0,0,7,3,3,2,1,0,0,0,0,1,1,1,0,0,0,0,0,0,0,0,2,0,1,1,1,0,0,4,3,1,1,2,2,2,2,0,1,1,3,3,0,0,0,0,12,5,7
12 - Ημαθίας,154 E.T. Δήμου Βέροιας,533,364,2,2,4,360,144,7,74,4,48,16,51,81,4,22,27,23,15,25,41,11,5,13,7,5,17,26,2,5,3,10,6,2,16,5,1,8,3,0,0,6,1,1,0,1,0,0,1,0,1,1,0,0,2,0,0,0,0,4,2,1,1,2,0,0,1,1,5,2,1,1,0,0,0,0,0,0,0,0,0,0,0,0,0,0,0,0,3,1,1,0,0,1,1,5,4,1,1,0,0,0,2,0,2,1,1,0,2,1,0,0,13,1,4
12 - Ημαθίας,155 E.T. Δήμου Βέροιας,531,352,3,2,5,347,127,7,78,12,26,9,67,79,9,17,24,26,26,23,41,10,4,5,9,16,12,18,3,2,0,8,7,0,16,7,3,4,6,1,4,11,1,3,3,0,2,6,2,2,0,0,0,0,1,1,0,1,0,1,1,4,4,0,0,0,0,0,20,9,6,6,2,2,5,0,0,1,0,1,1,0,0,2,2,0,0,0,2,0,0,0,0,0,0,3,1,0,0,0,0,0,2,2,0,0,1,1,4,4,0,0,12,5,6
12 - Ημαθίας,156 E.T. Δήμου Βέροιας,512,337,4,0,4,333,137,7,83,8,44,14,65,52,9,12,22,3,8,11,30,8,2,4,10,2,7,17,4,3,1,9,6,2,31,8,2,15,1,2,6,13,4,3,3,3,0,2,1,1,0,0,0,0,1,1,0,0,1,3,2,5,3,6,2,0,2,1,12,3,3,2,0,1,2,0,0,2,0,1,1,0,0,0,0,0,0,0,0,0,0,0,0,0,0,3,1,1,1,2,1,2,1,0,0,0,1,0,0,0,0,0,15,6,8
12 - Ημαθίας,157 E.T. Δήμου Βέροιας,532,354,8,2,10,344,149,5,85,6,70,16,61,71,8,27,27,6,21,14,33,6,5,6,8,9,13,24,4,1,3,12,9,3,20,4,4,7,5,1,5,10,3,1,0,0,0,2,2,2,0,0,0,0,0,0,0,0,0,4,4,1,1,4,0,0,0,1,11,4,2,3,1,3,1,0,0,0,0,0,0,0,0,0,0,0,0,0,0,0,0,0,0,0,0,3,2,0,0,2,2,1,3,2,1,1,1,0,2,2,0,0,3,0,2
12 - Ημαθίας,158 E.T. Δήμου Βέροιας,525,324,5,1,6,318,130,6,67,8,47,11,69,57,7,15,27,7,11,16,43,15,7,6,7,7,23,23,2,1,1,9,9,2,24,9,2,12,1,0,8,10,2,1,0,3,3,2,1,1,0,0,0,0,2,1,0,1,0,1,0,2,0,6,1,3,2,2,3,1,2,1,0,0,0,0,0,0,0,0,0,0,0,1,0,0,0,0,2,0,0,0,0,1,1,2,1,0,0,3,2,2,2,2,0,0,0,0,0,0,1,0,4,2,4
12 - Ημαθίας,159 E.T. Δήμου Βέροιας,527,369,8,1,9,360,163,11,84,8,55,22,80,80,9,11,33,19,20,22,29,9,4,5,3,7,15,18,2,3,2,10,6,0,21,2,4,10,4,1,2,9,2,5,1,0,1,0,0,0,4,0,0,0,2,0,0,2,2,2,0,1,0,3,0,0,1,1,10,6,2,1,2,4,1,0,0,0,0,0,0,0,0,0,0,0,0,0,1,1,0,0,0,0,0,1,1,0,0,2,2,1,1,0,0,0,2,0,0,0,0,0,11,7,7
12 - Ημαθίας,160 E.T. Δήμου Βέροιας,520,335,3,5,8,327,143,7,74,4,46,13,70,72,3,7,36,13,21,22,28,5,1,5,5,2,16,20,2,0,1,4,8,3,11,4,0,5,3,3,1,6,1,2,0,1,0,0,1,1,0,0,1,1,1,0,0,0,0,1,1,1,1,5,1,0,0,3,14,4,2,7,1,5,2,0,0,1,0,1,1,0,0,0,0,0,0,0,3,0,2,0,2,1,1,3,2,0,0,3,3,2,3,0,0,0,1,0,1,0,0,0,7,2,2
12 - Ημαθίας,161 E.T. Δήμου Βέροιας,512,338,5,0,5,333,141,6,75,6,40,14,54,58,7,17,24,12,10,16,43,14,4,5,7,11,18,22,1,3,1,8,7,1,20,9,2,5,3,1,2,8,0,3,2,1,2,1,2,1,0,0,0,0,1,0,0,1,1,1,0,2,1,6,4,2,0,1,12,5,4,1,3,1,3,0,0,0,0,0,0,0,0,0,0,0,0,0,2,0,0,0,1,1,1,2,1,0,0,1,0,1,1,1,0,0,3,1,0,0,0,0,7,5,4
12 - Ημαθίας,162 E.T. Δήμου Βέροιας,545,324,4,0,4,320,114,8,52,4,52,10,48,67,6,12,14,23,13,20,35,5,5,8,6,2,22,21,4,5,3,6,7,0,25,4,3,8,3,1,12,9,1,0,1,3,2,0,1,0,1,1,0,0,0,0,0,0,0,2,1,0,0,4,2,1,0,1,8,5,1,3,0,5,1,0,0,0,0,0,0,0,0,2,1,0,0,0,2,1,0,0,0,1,0,8,6,1,0,3,2,0,3,1,1,1,1,0,3,3,0,0,8,5,5
12 - Ημαθίας,163 E.T. Δήμου Βέροιας,525,327,7,2,9,318,139,10,73,8,49,13,56,45,5,7,19,7,12,11,47,12,9,6,5,11,24,14,5,1,2,6,7,0,28,6,10,13,5,3,7,4,1,1,1,2,0,2,2,2,0,0,0,0,0,0,0,0,0,2,2,2,2,4,0,0,2,3,14,6,3,4,3,3,2,0,0,0,0,0,0,0,0,0,0,0,0,0,0,0,0,0,0,1,1,0,0,0,0,2,0,2,1,0,0,0,1,0,0,0,2,1,10,3,6
12 - Ημαθίας,164 E.T. Δήμου Βέροιας,517,324,18,2,20,304,110,7,67,5,44,9,38,53,2,13,21,10,8,18,31,9,4,6,4,8,18,22,4,3,0,11,5,2,34,7,5,13,8,1,7,7,0,1,0,0,1,0,0,0,2,1,0,0,2,0,0,1,1,3,3,4,2,0,0,0,0,0,8,3,1,1,1,0,2,2,1,0,0,0,0,0,0,0,0,0,0,0,1,0,0,1,0,0,0,2,0,2,0,2,2,0,2,1,1,1,5,1,3,1,2,0,6,2,2
12 - Ημαθίας,165 E.T. Δήμου Βέροιας,525,319,9,3,12,307,107,7,51,9,50,12,49,61,5,13,22,7,11,19,38,8,2,9,4,9,27,27,6,1,1,13,10,4,17,7,5,9,3,2,2,8,2,4,1,3,1,2,1,1,0,0,0,0,0,0,0,0,0,4,3,4,4,1,0,0,0,0,16,8,6,2,3,1,6,0,0,3,0,2,2,0,0,1,1,0,0,0,2,1,0,1,0,1,0,3,2,0,0,5,4,4,1,0,0,0,3,2,0,0,0,0,4,3,2
12 - Ημαθίας,166 E.T. Δήμου Βέροιας,533,309,11,3,14,295,97,3,54,2,50,9,32,58,6,13,17,8,16,11,28,4,3,7,6,4,15,17,2,1,2,7,5,2,24,6,7,12,1,1,9,12,3,1,1,4,4,3,1,1,0,0,0,0,3,1,0,2,2,2,2,2,2,0,0,0,0,0,20,6,0,3,8,4,3,2,1,0,0,0,0,0,0,1,0,0,0,0,1,0,0,0,0,1,1,2,2,0,0,0,0,0,2,1,0,0,3,2,2,1,2,1,15,4,10
12 - Ημαθίας,167 E.T. Δήμου Βέροιας,533,300,8,3,11,289,110,8,65,2,41,18,49,50,8,15,11,14,8,17,39,6,3,5,3,6,27,17,3,2,0,8,9,2,24,6,7,10,6,1,6,5,1,2,1,1,1,0,3,2,0,0,0,0,0,0,0,0,0,0,0,1,0,3,1,0,1,2,16,8,3,4,4,3,4,0,0,1,0,1,1,0,0,0,0,0,0,0,0,0,0,0,0,1,0,5,3,0,0,5,4,5,0,0,0,0,2,1,0,0,0,0,7,3,5
12 - Ημαθίας,168 E.T. Δήμου Βέροιας,521,314,8,0,8,306,116,15,68,5,43,15,38,51,7,8,18,13,5,21,41,6,5,4,3,7,23,22,7,5,1,11,10,2,17,6,3,3,1,2,5,7,2,3,0,1,3,0,1,1,1,0,0,0,0,0,0,0,0,6,4,3,3,4,2,0,2,1,8,3,3,3,1,1,1,0,0,3,0,2,2,0,0,1,1,1,1,1,0,0,0,0,0,0,0,1,1,2,2,2,1,1,0,0,0,0,3,3,1,1,1,1,14,9,11
12 - Ημαθίας,169 E.T. Δήμου Βέροιας,538,317,10,4,14,303,102,1,62,8,38,6,35,54,9,16,19,15,2,13,43,8,3,8,7,6,26,24,8,4,0,16,9,0,25,6,4,14,5,0,2,7,1,3,0,3,1,2,0,0,0,0,0,0,1,0,0,1,1,1,0,0,0,6,3,1,0,0,15,3,1,3,2,3,1,0,0,0,0,0,0,0,0,1,1,0,0,0,0,0,0,0,0,0,0,4,4,0,0,0,0,0,4,3,1,1,2,2,2,2,0,0,11,3,7
12 - Ημαθίας,170 E.T. Δήμου Βέροιας,538,306,6,1,7,299,117,5,61,9,73,16,50,52,10,12,17,14,12,14,23,6,5,6,5,7,9,25,5,3,2,9,8,1,26,8,8,9,7,1,4,6,3,2,0,3,1,1,3,2,0,0,0,0,4,2,1,1,2,3,2,5,5,1,1,1,0,0,9,4,1,3,3,3,0,0,0,0,0,0,0,0,0,1,1,0,0,0,1,0,0,1,1,0,0,1,1,0,0,1,1,1,3,1,1,1,1,1,4,1,0,0,12,9,11
12 - Ημαθίας,171 E.T. Δήμου Βέροιας,534,308,1,10,11,297,110,9,64,3,38,11,50,54,4,12,24,19,9,16,33,9,3,3,1,10,18,15,3,2,1,8,9,0,24,12,6,11,4,0,1,11,4,3,0,0,3,2,1,0,1,0,0,0,1,0,1,1,0,4,2,0,0,1,1,1,0,0,16,7,3,2,2,3,1,2,2,3,0,3,1,0,0,1,1,0,0,0,0,0,0,0,0,0,0,1,1,0,0,4,0,3,3,3,1,1,1,1,0,0,1,0,9,5,6
12 - Ημαθίας,172 E.T. Δήμου Βέροιας,531,311,12,0,12,299,109,7,52,7,32,13,46,74,6,9,22,17,23,13,25,2,1,6,1,6,11,19,7,3,4,9,7,2,20,6,3,10,2,1,3,3,2,0,0,1,0,0,1,1,0,0,0,0,0,0,0,0,0,2,2,4,2,6,2,0,1,2,13,3,3,6,6,2,5,0,0,0,0,0,0,0,0,1,1,1,1,0,1,0,0,0,0,1,1,0,0,0,0,3,2,1,0,0,1,1,3,1,0,0,3,1,9,2,3
12 - Ημαθίας,173 E.T. Δήμου Βέροιας,545,337,6,0,6,331,128,6,81,3,45,18,50,57,12,11,20,14,13,15,36,7,0,11,7,8,18,23,3,3,1,12,8,1,22,7,3,7,1,2,3,8,0,4,1,0,0,3,0,0,0,0,0,0,2,1,0,1,0,3,2,3,2,4,0,0,4,0,8,3,2,2,1,4,1,0,0,0,0,0,0,0,0,0,0,2,1,1,1,0,0,0,0,1,0,9,7,1,0,2,1,0,3,1,0,0,4,2,1,0,1,0,12,3,5
12 - Ημαθίας,174 E.T. Δήμου Βέροιας,547,346,11,1,12,334,112,4,57,5,49,15,48,73,7,17,24,34,11,15,35,4,4,7,2,7,15,24,2,2,4,11,8,1,17,8,3,7,1,2,3,4,0,0,1,2,1,0,4,3,1,1,1,1,4,1,0,1,2,3,2,3,1,2,0,1,2,0,16,6,6,3,3,4,1,0,0,0,0,0,0,0,0,0,0,1,1,0,2,0,1,0,2,0,0,5,4,0,0,4,4,3,2,2,0,0,3,1,1,1,1,0,16,10,11
12 - Ημαθίας,175 E.T. Δήμου Βέροιας,514,282,8,2,10,272,97,6,54,11,37,7,37,59,8,11,23,13,16,13,28,2,6,3,3,4,14,11,5,1,1,5,2,0,21,9,2,7,3,1,5,9,1,1,2,2,2,0,0,0,0,0,0,0,0,0,0,0,0,0,0,2,2,4,2,0,0,1,18,6,4,1,6,6,4,1,0,0,0,0,0,0,0,3,3,0,0,0,0,0,0,0,0,1,1,1,0,1,0,2,2,1,1,0,0,0,1,0,2,2,1,0,9,2,7
12 - Ημαθίας,176 E.T. Δήμου Βέροιας,165,87,0,0,0,87,28,3,11,4,11,0,18,20,0,1,6,3,15,1,10,1,0,2,3,2,4,6,0,1,0,2,2,0,12,2,2,10,3,0,1,1,0,0,0,0,1,1,0,0,1,1,0,0,0,0,0,0,0,0,0,0,0,0,0,0,0,0,3,0,3,0,1,2,0,0,0,0,0,0,0,0,0,0,0,0,0,0,1,1,0,0,1,0,0,1,1,0,0,0,0,0,1,0,0,0,0,0,1,0,0,0,2,2,2
12 - Ημαθίας,177 E.T. Δήμου Βέροιας,168,125,1,1,2,123,49,4,18,12,25,1,18,22,2,6,8,9,7,2,4,1,0,0,0,0,3,1,0,0,0,0,0,0,20,0,0,13,1,0,10,1,0,1,0,1,0,0,0,0,1,1,0,0,0,0,0,0,0,1,1,0,0,0,0,0,0,0,12,5,6,3,1,0,3,0,0,3,0,3,3,0,0,0,0,0,0,0,0,0,0,0,0,1,1,3,3,1,1,0,0,0,0,0,0,0,1,0,2,2,0,0,1,1,0
12 - Ημαθίας,178 E.T. Δήμου Βέροιας,464,292,17,1,18,274,96,5,56,2,41,9,43,41,9,9,22,5,6,11,35,8,6,12,5,13,12,9,3,2,0,2,2,1,36,13,19,8,6,4,8,4,1,0,0,1,0,1,0,0,0,0,0,0,2,1,1,0,1,6,6,1,1,2,0,0,1,0,10,7,1,2,2,3,0,0,0,0,0,0,0,0,0,0,0,10,10,0,3,0,2,1,2,1,1,3,1,1,1,1,1,1,0,0,4,3,3,2,1,1,0,0,5,2,3
12 - Ημαθίας,179 E.T. Δήμου Βέροιας,476,319,11,1,12,307,109,4,71,8,37,4,52,56,3,16,23,19,12,20,48,8,16,20,6,7,14,12,7,3,0,3,1,1,25,15,6,9,0,3,7,3,2,2,1,0,1,0,1,0,0,0,1,0,0,0,0,0,0,1,1,5,4,5,1,0,2,1,5,3,1,2,2,0,1,0,0,1,1,1,0,0,0,1,1,7,7,1,2,1,0,1,0,0,0,9,4,0,0,0,0,0,5,2,0,0,0,0,1,1,1,0,9,7,8
12 - Ημαθίας,180 E.T. Δήμου Βέροιας,192,133,1,0,1,132,50,1,14,0,19,3,32,12,2,3,3,1,4,5,11,4,1,3,0,2,5,0,0,0,0,0,0,0,23,10,3,4,3,3,7,3,1,2,0,0,0,0,1,1,0,0,0,0,0,0,0,0,0,1,0,1,1,0,0,0,0,0,10,5,0,0,1,1,3,0,0,1,1,1,0,0,0,1,0,4,4,0,0,0,0,0,0,0,0,1,0,1,1,0,0,0,1,0,0,0,0,0,1,1,1,1,9,1,1
12 - Ημαθίας,181 E.T. Δήμου Βέροιας,579,422,14,1,15,407,203,8,81,13,104,16,110,46,6,6,30,9,2,12,28,5,1,11,3,5,14,18,0,1,0,3,10,3,59,16,8,23,1,1,18,2,0,0,0,0,0,0,0,0,0,0,0,0,0,0,0,0,0,5,0,3,2,1,0,0,1,1,25,13,6,4,5,10,1,1,1,0,0,0,0,0,0,0,0,1,1,1,0,0,0,0,0,1,0,1,0,0,0,0,0,0,0,0,0,0,1,0,3,2,0,0,9,1,6
12 - Ημαθίας,182 E.T. Δήμου Βέροιας,422,289,2,2,4,285,80,5,58,2,23,13,38,91,14,11,54,24,14,30,29,3,5,1,4,15,21,32,11,9,0,8,11,2,15,5,1,6,8,0,1,7,0,0,1,1,0,0,0,0,0,0,0,0,1,0,0,0,0,1,0,3,2,1,1,1,0,0,3,2,0,1,1,0,0,0,0,0,0,0,0,0,0,0,0,1,0,0,1,1,1,0,0,1,0,11,8,0,0,0,0,0,1,0,2,0,0,0,0,0,0,0,5,2,4
12 - Ημαθίας,183 E.T. Δήμου Βέροιας,109,62,1,0,1,61,15,0,10,1,5,1,7,14,5,5,4,8,2,2,6,4,0,0,0,0,6,11,5,1,1,9,4,0,6,0,2,2,1,1,4,0,0,0,0,0,0,0,0,0,1,1,0,0,0,0,0,0,0,0,0,0,0,0,0,0,0,0,2,0,0,2,2,0,0,0,0,0,0,0,0,0,0,2,2,0,0,0,0,0,0,0,0,0,0,0,0,0,0,0,0,0,0,0,0,0,0,0,0,0,0,0,4,2,3
12 - Ημαθίας,184 E.T. Δήμου Βέροιας,222,141,4,0,4,137,51,7,20,2,14,5,31,23,4,5,4,3,4,8,22,4,5,1,2,8,14,13,4,2,3,4,6,1,6,0,0,4,3,1,0,5,0,4,0,0,1,1,0,0,1,0,0,0,1,0,0,0,0,0,0,1,0,2,1,0,1,1,4,2,0,0,1,0,1,0,0,0,0,0,0,0,0,0,0,3,2,2,0,0,0,0,0,0,0,3,2,0,0,0,0,0,1,1,0,0,0,0,0,0,0,0,1,0,1
12 - Ημαθίας,185 E.T. Δήμου Βέροιας,153,112,1,2,3,109,42,3,30,5,7,1,21,7,1,1,2,1,3,1,19,6,5,3,1,2,14,13,0,1,0,3,5,0,6,3,1,3,1,0,0,0,0,0,0,0,0,0,1,1,0,0,0,0,0,0,0,0,0,0,0,3,1,0,0,0,0,0,9,3,0,4,0,5,2,0,0,0,0,0,0,0,0,0,0,0,0,0,0,0,0,0,0,2,0,1,0,0,0,1,0,1,0,0,0,0,0,0,0,0,0,0,5,1,3
12 - Ημαθίας,186 E.T. Δήμου Βέροιας,429,294,3,1,4,290,123,5,80,4,50,9,59,60,5,13,19,7,14,30,34,6,3,4,6,4,15,13,5,2,0,8,6,1,16,7,7,6,1,3,5,4,0,2,3,1,0,0,0,0,0,0,0,0,2,0,1,2,1,5,4,1,1,4,0,1,0,0,9,3,1,0,1,2,2,0,0,0,0,0,0,0,0,0,0,1,1,1,0,0,0,0,0,0,0,4,2,0,0,0,0,0,3,1,0,0,0,0,0,0,1,0,10,6,6
12 - Ημαθίας,187 E.T. Δήμου Βέροιας,416,290,1,1,2,288,137,13,89,7,59,7,45,54,7,10,21,10,18,23,24,5,0,3,7,2,18,12,3,1,2,7,3,0,21,5,5,10,4,4,2,4,0,2,0,0,3,2,0,0,0,0,0,0,0,0,0,0,0,1,0,0,0,3,0,1,0,1,7,1,3,3,2,2,2,0,0,0,0,0,0,0,0,0,0,0,0,0,7,3,2,3,1,0,0,4,2,0,0,1,0,1,3,1,1,1,0,0,0,0,1,0,8,5,3
12 - Ημαθίας,188 E.T. Δήμου Βέροιας,424,267,5,0,5,262,140,7,102,6,54,9,53,45,10,5,10,16,13,14,28,9,2,3,3,0,20,5,1,0,0,3,1,0,12,5,2,3,1,1,3,7,2,2,2,0,0,1,0,0,0,0,0,0,0,0,0,0,0,1,0,2,0,4,2,1,3,1,4,1,1,0,0,1,0,0,0,1,0,1,0,0,0,0,0,0,0,0,0,0,0,0,0,1,1,1,1,0,0,1,1,1,0,0,0,0,4,3,1,0,0,0,5,1,2
12 - Ημαθίας,189 E.T. Δήμου Βέροιας,414,278,5,0,5,273,121,9,69,6,55,11,45,54,12,13,18,14,10,16,26,9,0,4,2,6,19,19,6,8,1,10,4,1,13,2,4,7,0,0,1,5,0,3,0,2,0,1,1,1,1,0,0,0,2,0,1,0,1,1,0,2,1,1,0,0,0,0,8,5,3,1,2,1,4,0,0,2,0,1,1,0,0,1,1,0,0,0,2,1,1,0,0,1,1,2,1,1,0,1,1,1,1,0,0,0,2,1,1,1,0,0,5,3,0
12 - Ημαθίας,190 E.T. Δήμου Βέροιας,418,281,0,1,1,280,117,7,62,8,51,8,44,42,2,8,16,5,11,21,74,6,4,9,6,9,65,7,0,0,2,5,2,0,6,4,1,2,2,0,0,5,3,2,0,1,1,1,1,0,0,0,1,0,1,1,0,0,0,2,0,2,2,3,1,0,0,0,8,1,0,5,0,0,5,0,0,0,0,0,0,0,0,0,0,0,0,0,1,1,0,0,0,0,0,3,2,0,0,2,1,2,0,0,0,0,1,0,0,0,0,0,4,2,3
12 - Ημαθίας,191 E.T. Δήμου Βέροιας,355,254,7,3,10,244,99,3,59,14,30,15,54,20,0,2,9,4,6,3,29,3,3,2,10,3,21,24,5,4,1,12,8,4,18,4,1,13,2,1,3,5,0,2,0,1,0,0,0,0,0,0,0,0,1,0,0,1,1,6,2,4,2,3,0,0,0,0,19,7,1,2,0,3,4,0,0,0,0,0,0,0,0,3,2,0,0,0,1,0,0,0,0,1,0,1,0,1,0,1,0,1,1,1,0,0,1,1,1,1,0,0,5,1,2
12 - Ημαθίας,192 E.T. Δήμου Βέροιας,360,250,3,1,4,246,137,4,84,7,48,8,77,31,3,5,9,12,4,9,28,5,3,5,3,4,20,12,3,1,1,6,7,0,17,3,2,12,2,0,5,1,0,1,0,0,0,0,0,0,0,0,0,0,0,0,0,0,0,1,1,1,1,2,0,0,0,1,7,4,0,1,1,2,2,0,0,0,0,0,0,0,0,0,0,1,1,0,1,1,1,0,0,1,1,0,0,0,0,1,1,1,2,2,0,0,1,1,0,0,0,0,2,0,1
12 - Ημαθίας,193 E.T. Δήμου Βέροιας,453,309,4,3,7,302,106,6,53,10,26,8,58,72,3,18,42,11,11,12,29,9,3,3,4,9,13,25,6,3,0,18,12,3,22,6,6,8,3,1,7,10,1,7,1,4,2,0,0,0,0,0,0,0,1,0,0,1,1,2,2,1,1,1,0,0,1,0,12,5,2,2,0,4,2,0,0,0,0,0,0,0,0,1,0,0,0,0,1,0,0,1,0,0,0,2,2,0,0,2,2,0,1,0,1,0,2,0,1,1,1,1,9,6,7
12 - Ημαθίας,194 E.T. Δήμου Βέροιας,439,303,7,1,8,295,127,5,83,6,35,12,66,50,1,7,30,8,4,12,26,8,8,4,2,7,9,25,7,3,2,6,8,2,22,9,6,7,3,2,2,6,2,5,1,1,0,0,2,2,0,0,0,0,0,0,0,0,0,1,0,5,3,3,1,1,0,0,15,2,2,4,1,7,3,1,0,1,0,0,0,0,0,0,0,1,0,0,0,0,0,0,0,0,0,1,1,1,0,0,0,0,1,1,0,0,1,1,1,0,2,1,3,3,2
12 - Ημαθίας,195 E.T. Δήμου Βέροιας,484,307,8,2,10,297,111,17,60,2,30,14,51,59,9,9,19,15,22,10,41,13,2,8,11,17,9,6,5,2,1,1,0,0,34,8,5,15,2,1,4,2,1,0,0,0,0,1,2,2,0,0,0,0,1,0,0,1,0,1,0,4,1,4,2,1,1,1,3,0,0,0,0,0,0,0,0,0,0,0,0,0,0,0,0,0,0,0,2,0,0,0,0,2,2,5,3,0,0,1,0,0,3,2,1,1,1,1,5,5,2,0,7,3,5
12 - Ημαθίας,196 E.T. Δήμου Βέροιας,488,302,9,1,10,292,131,22,57,8,36,13,66,54,9,8,9,14,27,5,37,6,6,8,9,11,13,8,3,3,0,3,2,2,29,9,4,4,4,0,7,4,1,1,1,2,0,1,2,2,0,0,1,0,2,0,0,0,1,2,0,1,1,3,1,1,1,1,7,4,0,2,2,2,1,0,0,1,1,0,1,0,0,1,0,1,0,1,0,0,0,0,0,3,2,1,1,0,0,1,1,0,0,0,0,0,2,1,0,0,0,0,1,0,1
12 - Ημαθίας,197 E.T. Δήμου Βέροιας,433,317,5,3,8,309,109,5,81,6,18,5,60,72,1,14,25,26,35,10,47,12,12,10,2,26,9,11,0,2,1,4,2,1,24,5,1,6,3,3,13,5,0,0,0,2,1,2,2,1,0,0,0,0,0,0,0,0,0,2,2,1,1,2,1,0,1,0,14,8,2,2,6,4,4,1,1,4,1,3,3,0,0,0,0,0,0,0,2,1,1,0,2,1,0,1,1,0,0,0,0,0,0,0,2,2,2,1,2,2,0,0,5,4,4
12 - Ημαθίας,198 E.T. Δήμου Βέροιας,439,309,6,0,6,303,116,13,66,4,42,7,47,62,1,7,26,13,31,3,41,9,4,3,0,21,26,22,7,6,2,3,5,3,25,9,1,9,4,2,13,3,0,1,1,0,0,1,0,0,0,0,0,0,0,0,0,0,0,1,0,1,0,0,0,0,0,0,14,8,3,3,5,1,1,0,0,1,0,1,1,0,0,1,1,1,1,1,0,0,0,0,0,2,2,2,2,0,0,0,0,0,1,0,0,0,0,0,2,2,1,0,7,5,4
12 - Ημαθίας,199 E.T. Δήμου Βέροιας,424,287,0,1,1,286,92,15,67,1,15,5,41,69,3,12,36,21,24,11,50,17,5,5,6,28,19,18,4,2,0,9,2,3,11,1,0,3,2,0,5,5,3,3,2,0,0,0,0,0,0,0,0,0,0,0,0,0,0,1,0,0,0,1,0,0,0,1,22,2,9,1,9,8,4,0,0,0,0,0,0,1,0,0,0,1,1,1,3,0,1,0,0,1,1,0,0,1,1,1,0,1,4,4,0,0,1,1,0,0,0,0,4,3,3
12 - Ημαθίας,200 E.T. Δήμου Βέροιας,417,237,3,2,5,232,89,7,51,6,25,7,52,34,6,9,11,12,10,7,33,10,5,8,4,18,9,9,2,2,0,2,3,1,31,7,5,13,9,1,8,1,0,1,0,0,0,0,0,0,1,1,0,0,0,0,0,0,0,0,0,0,0,0,0,0,0,0,19,2,9,0,6,4,2,0,0,0,0,0,0,0,0,0,0,0,0,0,1,0,1,0,0,2,2,2,1,0,0,0,0,0,0,0,2,0,0,0,1,1,0,0,7,2,4
12 - Ημαθίας,201 E.T. Δήμου Βέροιας,487,278,2,1,3,275,99,9,61,7,28,7,41,26,3,6,7,6,9,6,53,13,8,14,5,5,26,15,4,1,0,7,2,2,42,5,3,19,10,1,8,7,1,3,0,5,0,0,1,1,1,1,0,0,2,0,0,1,1,0,0,7,7,1,0,0,0,0,10,4,2,2,1,3,0,0,0,2,1,0,0,0,0,0,0,0,0,0,2,0,0,0,0,0,0,0,0,0,0,0,0,0,2,2,0,0,2,2,0,0,0,0,3,0,0
12 - Ημαθίας,202 E.T. Δήμου Βέροιας,505,251,4,1,5,246,89,13,48,9,20,12,40,39,2,11,5,8,14,10,30,6,0,5,3,10,16,19,6,3,1,11,5,5,26,4,2,11,12,0,10,15,1,3,0,14,3,0,0,0,1,0,0,0,0,0,0,0,0,1,0,1,1,1,1,1,0,0,7,2,0,2,2,2,0,0,0,1,1,1,0,0,0,0,0,0,0,0,0,0,0,0,0,0,0,3,1,0,0,1,1,0,2,1,2,1,1,0,0,0,0,0,7,4,5
12 - Ημαθίας,203 E.T. Δήμου Βέροιας,529,298,5,3,8,290,99,4,62,6,26,10,40,46,3,9,13,7,16,16,30,6,2,4,7,4,21,24,3,1,2,14,4,7,38,11,3,22,4,3,9,6,0,2,1,2,1,1,1,1,1,1,0,0,1,0,1,0,1,4,1,2,1,0,0,0,0,0,14,4,2,4,3,5,2,0,0,1,0,1,0,0,0,0,0,1,0,1,0,0,0,0,0,0,0,4,3,0,0,2,1,1,0,0,0,0,2,2,0,0,0,0,14,8,8
12 - Ημαθίας,204 E.T. Δήμου Βέροιας,379,258,9,1,10,248,85,9,60,3,35,6,33,31,4,7,12,7,11,8,35,6,12,3,4,3,23,28,5,2,1,20,8,10,23,7,4,4,3,0,11,7,3,1,0,2,1,1,2,2,0,0,0,0,0,0,0,0,0,4,3,1,1,3,0,0,1,0,4,3,0,0,0,1,1,1,1,2,0,1,1,0,0,0,0,2,2,2,1,0,1,1,0,2,2,2,1,0,0,2,2,1,5,4,1,1,3,3,0,0,0,0,4,2,3
12 - Ημαθίας,205 E.T. Δήμου Βέροιας,391,271,5,0,5,266,87,7,52,3,31,9,43,36,0,11,11,11,9,10,43,9,17,5,7,7,17,32,4,0,1,25,2,20,29,11,6,6,3,3,10,6,0,4,0,2,2,2,1,1,0,0,0,0,2,0,0,1,1,1,0,3,3,1,0,1,0,0,6,1,0,2,1,2,3,0,0,0,0,0,0,0,0,0,0,0,0,0,2,0,1,1,1,2,2,3,1,0,0,2,2,2,1,1,0,0,2,2,2,0,0,0,5,4,2
12 - Ημαθίας,206 E.T. Δήμου Βέροιας,501,351,7,0,7,344,153,9,74,3,57,10,90,66,5,13,21,20,20,16,43,5,7,6,7,7,18,24,5,6,1,10,4,4,16,5,3,7,5,1,1,6,3,2,0,3,3,0,0,0,0,0,0,0,3,2,0,1,1,1,0,3,2,5,0,0,0,0,13,5,3,2,1,0,3,0,0,0,0,0,0,0,0,0,0,0,0,0,1,0,0,0,0,0,0,1,1,2,2,1,1,0,0,0,0,0,1,1,1,0,0,0,4,0,0
12 - Ημαθίας,207 E.T. Δήμου Βέροιας,506,361,1,1,2,359,196,13,103,8,70,8,106,49,6,13,21,12,10,14,38,8,8,7,7,7,13,14,3,5,0,6,7,2,15,6,2,2,4,4,3,10,1,3,2,3,3,2,1,1,0,0,0,0,1,1,0,1,0,0,0,1,0,6,0,1,3,2,10,3,2,1,2,1,4,0,0,0,0,0,0,0,0,0,0,1,0,0,0,0,0,0,0,0,0,1,1,0,0,1,1,0,1,1,0,0,2,1,0,0,0,0,12,4,7
12 - Ημαθίας,208 E.T. Δήμου Βέροιας,468,337,5,2,7,330,118,15,68,2,39,18,42,61,4,9,15,9,28,12,82,6,9,77,4,7,9,15,6,3,1,6,3,0,9,1,2,3,2,0,2,10,3,3,1,2,3,1,0,0,0,0,0,0,0,0,0,0,0,0,0,0,0,7,2,2,2,2,11,6,4,2,2,2,1,1,1,0,0,0,0,1,0,0,0,0,0,0,1,0,0,0,0,0,0,1,1,0,0,1,1,1,3,2,0,0,0,0,1,0,4,2,4,0,1
12 - Ημαθίας,209 E.T. Δήμου Βέροιας,450,300,6,0,6,294,93,3,62,2,21,9,45,42,2,16,11,9,14,7,77,3,7,72,2,2,6,16,3,0,1,13,11,0,19,4,1,11,1,2,3,3,0,0,0,0,0,0,1,1,0,0,0,0,2,2,2,0,0,2,1,0,0,8,0,1,1,1,4,2,0,1,0,1,0,0,0,0,0,0,0,0,0,0,0,1,1,0,2,0,1,0,2,0,0,2,2,0,0,0,0,0,2,0,0,0,1,1,2,0,0,0,17,10,14
12 - Ημαθίας,210 E.T. Δήμου Βέροιας,417,267,8,0,8,259,98,13,72,5,35,5,36,53,7,9,11,8,17,12,58,6,4,52,3,4,3,10,5,0,2,6,3,0,14,1,2,7,2,2,0,2,1,1,0,0,1,1,2,1,1,0,0,0,0,0,0,0,0,0,0,0,0,1,0,0,0,0,8,4,4,0,0,0,0,1,0,0,0,0,0,0,0,0,0,0,0,0,0,0,0,0,0,0,0,5,4,0,0,0,0,0,2,1,0,0,1,1,0,0,1,0,2,1,2
12 - Ημαθίας,211 E.T. Δήμου Βέροιας,577,339,18,2,20,319,143,9,99,4,61,3,57,74,4,6,20,17,39,32,34,1,5,22,5,2,13,14,1,2,2,4,10,1,13,4,4,5,2,1,4,3,1,2,1,0,1,0,2,1,0,0,0,0,0,0,0,0,0,3,2,3,1,3,0,0,1,0,5,3,0,1,1,3,0,1,0,0,0,0,0,1,1,0,0,1,1,1,0,0,0,0,0,0,0,5,4,0,0,1,0,1,4,4,0,0,3,2,0,0,0,0,6,3,4
12 - Ημαθίας,212 E.T. Δήμου Βέροιας,292,181,1,1,2,179,97,4,41,3,53,7,36,20,3,8,7,7,5,1,20,2,1,13,1,4,9,3,0,1,0,2,0,0,8,1,2,1,0,0,0,3,0,0,0,0,0,1,1,1,0,0,0,0,0,0,0,0,0,0,0,0,0,4,0,1,1,1,11,3,2,0,1,3,1,0,0,2,1,0,0,0,0,0,0,0,0,0,0,0,0,0,0,1,1,1,1,0,0,1,0,0,2,2,1,1,0,0,2,2,0,0,2,0,0
12 - Ημαθίας,213 E.T. Δήμου Βέροιας,222,99,0,1,1,98,28,1,17,2,13,4,12,37,5,17,9,17,4,6,10,0,1,6,0,7,2,7,0,0,0,5,3,0,7,2,0,2,2,0,0,2,0,0,0,0,0,0,0,0,0,0,0,0,0,0,0,0,0,0,0,0,0,2,0,0,0,0,2,0,1,1,0,1,1,0,0,1,0,1,1,0,0,0,0,0,0,0,0,0,0,0,0,0,0,0,0,0,0,0,0,0,0,0,0,0,0,0,0,0,0,0,2,1,2
12 - Ημαθίας,214 E.T. Δήμου Βέροιας,391,259,5,0,5,254,85,4,44,1,34,2,49,52,7,18,16,13,13,6,53,10,4,22,3,6,27,12,2,0,1,4,3,0,18,9,3,5,1,2,5,12,2,2,1,5,4,1,1,0,0,0,0,0,1,0,0,0,0,2,2,1,0,1,0,0,1,1,5,2,0,0,1,0,2,0,0,0,0,0,0,0,0,1,1,0,0,0,0,0,0,0,0,0,0,1,1,0,0,2,1,1,1,1,0,0,2,0,0,0,0,0,4,1,1
12 - Ημαθίας,215 E.T. Δήμου Βέροιας,410,256,5,0,5,251,102,3,63,6,32,6,56,51,6,28,6,25,7,6,43,2,9,21,0,3,20,15,1,2,2,6,8,1,10,1,2,6,0,0,1,5,0,2,0,3,0,0,1,1,2,0,0,0,1,0,0,0,0,1,1,0,0,3,3,1,0,0,4,1,1,0,0,0,1,0,0,1,1,0,1,0,0,0,0,0,0,0,0,0,0,0,0,0,0,1,1,0,0,0,0,0,1,1,0,0,2,2,0,0,0,0,8,4,5
12 - Ημαθίας,216 E.T. Δήμου Ηρωικής Πόλης Νάουσας,444,300,5,0,5,295,121,21,67,6,32,8,67,40,4,19,5,8,14,4,38,19,4,1,4,12,3,6,3,2,0,2,0,1,37,6,9,7,13,8,12,1,0,0,0,0,0,0,1,1,0,0,0,0,0,0,0,0,0,1,1,6,5,2,1,2,0,0,16,4,5,6,3,1,1,0,0,1,0,1,0,0,0,0,0,0,0,0,3,1,1,0,0,1,0,6,4,0,0,2,2,2,2,1,0,0,0,0,1,0,2,1,8,4,5
12 - Ημαθίας,217 E.T. Δήμου Ηρωικής Πόλης Νάουσας,443,300,7,2,9,291,96,31,51,3,23,11,39,50,1,19,11,4,38,1,40,30,1,2,7,4,10,9,4,3,4,1,3,1,30,6,7,10,12,2,11,2,0,1,0,1,2,0,8,6,2,2,0,0,1,1,0,0,1,3,2,4,1,3,2,1,0,0,16,5,5,5,5,2,1,0,0,3,0,3,3,0,0,0,0,0,0,0,1,0,1,0,1,2,1,1,1,1,1,3,3,3,0,0,0,0,1,1,1,1,0,0,14,6,11
12 - Ημαθίας,218 E.T. Δήμου Ηρωικής Πόλης Νάουσας,438,299,6,0,6,293,124,23,75,2,34,12,57,35,4,13,4,6,24,1,31,20,9,1,5,10,3,12,2,6,1,7,0,3,35,7,5,8,12,2,11,4,1,1,0,0,0,0,5,3,0,0,0,0,0,0,0,0,0,0,0,0,0,4,3,1,3,1,19,6,12,7,6,2,0,0,0,1,0,0,1,0,0,0,0,0,0,0,2,0,1,0,1,4,2,4,3,0,0,0,0,0,0,0,0,0,2,0,2,1,0,0,9,2,5
12 - Ημαθίας,219 E.T. Δήμου Ηρωικής Πόλης Νάουσας,466,316,14,2,16,300,105,23,45,8,23,9,48,59,2,11,17,7,46,5,46,30,5,0,4,17,16,11,2,5,1,4,2,3,26,6,8,2,8,0,7,3,0,0,0,1,1,2,1,0,2,0,0,0,2,0,1,1,0,2,2,2,1,3,0,1,2,3,10,4,3,4,1,2,1,0,0,3,1,3,0,0,0,0,0,3,3,3,1,1,0,0,1,0,0,0,0,0,0,0,0,0,1,1,0,0,1,0,2,2,0,0,17,8,12
12 - Ημαθίας,220 E.T. Δήμου Ηρωικής Πόλης Νάουσας,414,284,8,1,9,275,94,27,35,0,37,6,48,41,9,15,7,8,15,7,40,21,1,1,4,21,6,23,4,3,1,10,1,4,32,9,10,6,12,2,8,2,0,0,0,0,2,0,1,1,1,1,0,0,3,2,1,1,0,0,0,0,0,1,0,0,0,0,26,1,26,2,1,7,0,0,0,0,0,0,0,0,0,0,0,0,0,0,0,0,0,0,0,0,0,0,0,0,0,1,0,1,2,2,0,0,1,1,0,0,0,0,7,3,5
12 - Ημαθίας,221 E.T. Δήμου Ηρωικής Πόλης Νάουσας,427,303,10,1,11,292,114,15,49,1,56,5,52,27,13,10,3,2,5,0,35,13,8,1,2,19,8,35,4,2,5,28,1,23,31,5,7,3,18,2,14,9,1,2,1,1,7,0,0,0,0,0,1,1,1,1,1,0,0,1,0,0,0,2,0,0,0,1,24,10,22,1,0,2,0,0,0,0,0,0,0,0,0,0,0,1,1,1,1,0,0,0,0,0,0,3,1,0,0,1,0,1,1,1,0,0,0,0,0,0,0,0,5,1,5
12 - Ημαθίας,222 E.T. Δήμου Ηρωικής Πόλης Νάουσας,431,289,3,0,3,286,115,21,35,1,33,13,55,51,18,18,5,11,22,4,21,14,2,0,2,5,1,26,5,2,1,14,1,7,24,7,2,6,7,0,8,9,0,0,5,1,7,0,1,1,0,0,0,0,2,0,1,0,1,0,0,1,1,1,0,0,0,0,26,4,23,4,3,3,1,0,0,0,0,0,0,0,0,0,0,0,0,0,0,0,0,0,0,2,2,0,0,0,0,2,1,2,1,0,0,0,0,0,1,1,0,0,3,0,0
12 - Ημαθίας,223 E.T. Δήμου Ηρωικής Πόλης Νάουσας,414,290,1,0,1,289,79,14,35,2,24,4,42,63,13,24,12,11,20,26,42,22,6,0,2,27,10,27,3,2,1,22,2,17,13,4,2,1,6,2,4,13,0,1,2,0,11,2,1,1,0,0,0,0,1,1,0,1,0,0,0,1,1,1,0,0,1,1,35,6,34,2,0,5,0,0,0,1,0,1,1,0,0,0,0,1,1,0,1,0,0,1,0,0,0,1,1,0,0,2,2,2,0,0,0,0,0,0,0,0,0,0,7,4,5
12 - Ημαθίας,224 E.T. Δήμου Ηρωικής Πόλης Νάουσας,500,322,4,0,4,318,166,20,85,13,119,11,29,39,1,12,5,15,22,3,28,12,4,1,5,15,2,9,3,4,0,4,3,1,29,4,14,6,8,1,10,3,0,2,1,0,0,1,2,2,0,0,0,0,0,0,0,0,0,2,1,2,1,1,1,0,1,0,22,6,11,13,6,1,3,0,0,0,0,0,0,0,0,0,0,0,0,0,1,0,0,1,0,0,0,3,0,0,0,0,0,0,2,1,1,1,0,0,0,0,1,1,7,2,3
12 - Ημαθίας,225 E.T. Δήμου Ηρωικής Πόλης Νάουσας,487,313,5,3,8,305,140,9,60,3,97,14,45,42,1,20,7,9,9,0,24,8,0,1,2,16,3,17,2,5,0,7,3,10,32,4,4,8,14,1,8,7,2,4,0,0,1,3,3,3,0,0,0,0,1,0,0,1,0,2,2,0,0,2,0,0,0,0,26,5,14,14,2,0,1,1,1,0,0,0,0,0,0,0,0,0,0,0,0,0,0,0,0,0,0,0,0,2,2,0,0,0,2,2,0,0,0,0,0,0,0,0,4,2,1
12 - Ημαθίας,226 E.T. Δήμου Ηρωικής Πόλης Νάουσας,382,259,6,0,6,253,81,18,41,5,33,1,33,45,5,13,2,2,33,4,37,23,14,0,13,11,4,7,2,5,1,2,1,0,36,0,1,0,33,1,8,6,0,1,0,1,2,3,6,6,0,0,0,0,0,0,0,0,0,0,0,1,0,0,0,0,0,0,16,8,6,7,3,3,0,0,0,0,0,0,0,0,0,0,0,1,1,1,1,0,0,1,1,1,0,3,2,0,0,0,0,0,0,0,0,0,2,2,3,3,1,0,6,3,2
12 - Ημαθίας,227 E.T. Δήμου Ηρωικής Πόλης Νάουσας,383,239,3,1,4,235,109,15,33,5,60,4,47,31,3,11,2,11,11,3,16,11,4,0,2,4,0,5,0,0,1,4,0,3,39,0,2,0,38,0,6,5,0,3,1,1,0,2,6,6,0,0,0,0,2,0,0,1,0,0,0,0,0,0,0,0,0,0,15,2,9,2,6,1,0,0,0,0,0,0,0,0,0,0,0,2,2,2,0,0,0,0,0,0,0,0,0,0,0,0,0,0,0,0,0,0,0,0,0,0,0,0,5,2,4
12 - Ημαθίας,228 E.T. Δήμου Ηρωικής Πόλης Νάουσας,356,205,1,3,4,201,72,19,48,3,16,2,32,34,3,18,6,7,20,1,32,17,13,1,6,15,2,4,1,0,2,1,0,0,24,0,2,1,21,1,0,5,1,1,1,1,2,1,3,3,1,1,0,0,1,0,0,1,1,4,2,1,1,2,0,0,1,1,11,3,7,7,1,1,0,0,0,0,0,0,0,0,0,0,0,0,0,0,0,0,0,0,0,0,0,1,1,1,0,2,2,2,0,0,0,0,0,0,0,0,0,0,3,2,2
12 - Ημαθίας,229 E.T. Δήμου Ηρωικής Πόλης Νάουσας,203,109,2,0,2,107,35,5,12,2,15,0,13,5,0,0,1,0,3,0,21,9,11,1,1,9,2,1,0,0,0,1,0,0,21,5,0,3,16,2,1,0,0,0,0,0,0,0,3,3,0,0,0,0,0,0,0,0,0,1,0,2,0,0,0,0,0,0,7,4,1,2,0,1,2,0,0,1,0,1,1,0,0,0,0,0,0,0,0,0,0,0,0,0,0,0,0,0,0,0,0,0,0,0,0,0,0,0,0,0,0,0,10,6,6
12 - Ημαθίας,230 E.T. Δήμου Ηρωικής Πόλης Νάουσας,464,279,3,4,7,272,85,15,44,1,36,8,23,49,2,9,23,13,26,2,28,14,5,2,3,8,5,40,7,8,7,17,3,20,28,5,2,5,5,0,16,5,0,0,1,1,0,0,1,1,2,1,0,0,0,0,0,0,0,2,2,0,0,4,2,0,1,1,13,1,2,5,8,0,0,0,0,0,0,0,0,0,0,1,0,1,1,0,1,1,0,1,0,0,0,0,0,0,0,1,1,0,1,1,1,1,1,0,1,1,1,0,6,2,4
12 - Ημαθίας,231 E.T. Δήμου Ηρωικής Πόλης Νάουσας,434,283,3,1,4,279,111,19,69,2,41,4,40,31,4,9,10,9,9,4,31,17,7,2,9,12,4,28,0,7,4,10,1,18,46,3,2,1,0,2,37,1,0,1,0,0,0,0,0,0,0,0,0,0,0,0,0,0,0,0,0,1,1,2,1,0,1,1,17,8,2,2,6,3,0,0,0,1,1,1,0,0,0,0,0,0,0,0,0,0,0,0,0,1,0,0,0,0,0,0,0,0,0,0,0,0,2,1,1,1,2,1,4,2,2
12 - Ημαθίας,232 E.T. Δήμου Ηρωικής Πόλης Νάουσας,503,314,5,1,6,308,115,29,44,12,45,0,59,53,4,13,17,20,23,5,48,14,13,3,7,8,17,23,6,4,2,10,2,10,28,2,3,7,5,1,17,2,0,0,0,0,1,2,2,2,0,0,0,0,0,0,0,0,0,0,0,3,3,1,0,0,0,0,19,6,7,3,4,2,0,0,0,0,0,0,0,0,0,0,0,0,0,0,1,1,1,0,0,2,2,3,1,1,0,0,0,0,0,0,0,0,0,0,1,1,0,0,6,4,5
12 - Ημαθίας,233 E.T. Δήμου Ηρωικής Πόλης Νάουσας,531,313,3,0,3,310,122,19,51,24,36,1,75,51,3,9,7,26,22,8,39,16,3,1,2,11,11,26,3,11,2,7,2,8,26,5,3,4,9,0,12,3,2,0,1,1,0,0,1,0,0,0,0,0,2,1,1,0,0,2,2,1,1,1,0,0,0,1,20,7,12,5,5,1,1,0,0,0,0,0,0,0,0,0,0,0,0,0,3,1,2,1,1,1,0,0,0,0,0,3,2,2,1,1,1,0,1,1,1,1,0,0,5,0,1
12 - Ημαθίας,234 E.T. Δήμου Ηρωικής Πόλης Νάουσας,458,309,11,1,12,297,127,37,74,11,20,7,73,59,1,7,29,11,38,5,25,14,7,3,8,2,5,9,2,1,0,1,1,2,19,2,3,6,4,1,10,3,0,0,0,0,1,3,0,0,0,0,0,0,1,0,0,0,0,2,2,1,1,2,2,1,0,0,24,13,11,6,4,5,1,0,0,1,0,1,1,0,0,0,0,0,0,0,1,0,0,0,1,0,0,3,2,0,0,1,1,1,2,2,0,0,1,1,6,6,0,0,10,4,7
12 - Ημαθίας,235 E.T. Δήμου Ηρωικής Πόλης Νάουσας,452,294,4,1,5,289,107,18,63,1,28,19,61,78,4,9,33,13,38,6,30,21,12,1,5,4,9,8,0,4,1,1,1,2,23,4,5,2,5,1,16,4,1,0,0,0,0,0,1,1,0,0,0,0,1,1,0,0,0,0,0,0,0,1,0,0,0,0,17,10,4,1,4,4,1,0,0,1,0,1,0,0,0,0,0,1,1,1,0,0,0,0,0,0,0,1,1,0,0,1,1,1,2,2,1,1,2,2,1,1,0,0,9,6,8
12 - Ημαθίας,236 E.T. Δήμου Ηρωικής Πόλης Νάουσας,460,284,7,0,7,277,105,11,59,6,40,2,57,71,2,6,20,13,47,4,37,17,10,2,5,11,13,6,3,1,0,3,1,0,17,7,1,3,1,0,12,4,2,0,1,1,0,0,1,1,0,0,0,0,2,1,1,0,0,2,2,3,3,0,0,0,0,0,11,6,5,3,3,0,0,0,0,2,0,2,2,0,0,0,0,4,2,1,0,0,0,0,0,1,1,0,0,0,0,0,0,0,1,1,0,0,0,0,1,1,0,0,9,4,6
12 - Ημαθίας,237 E.T. Δήμου Ηρωικής Πόλης Νάουσας,469,274,3,2,5,269,94,18,62,4,19,1,60,71,0,4,29,6,44,2,25,10,11,3,8,5,3,9,1,3,2,1,1,2,36,3,2,8,10,5,18,2,0,1,0,0,0,1,0,0,0,0,0,0,0,0,0,0,0,0,0,1,1,1,0,0,1,1,19,11,3,4,2,0,0,0,0,0,0,0,0,0,0,0,0,0,0,0,0,0,0,0,0,0,0,0,0,0,0,1,1,1,1,1,1,1,0,0,2,2,0,0,6,4,3
12 - Ημαθίας,238 E.T. Δήμου Ηρωικής Πόλης Νάουσας,448,253,2,2,4,249,90,44,38,10,27,2,44,38,1,10,17,9,8,3,44,6,10,15,4,8,26,15,7,4,1,6,1,2,34,10,5,11,16,1,11,2,0,2,1,0,1,0,6,5,0,0,0,0,2,0,2,0,0,3,3,1,1,0,0,0,0,0,4,3,1,0,1,0,2,0,0,0,0,0,0,0,0,0,0,0,0,0,2,1,1,0,1,0,0,0,0,0,0,0,0,0,0,0,1,0,1,1,1,0,0,0,5,4,3
12 - Ημαθίας,239 E.T. Δήμου Ηρωικής Πόλης Νάουσας,447,262,7,1,8,254,116,52,52,6,26,11,58,25,5,6,13,4,10,0,31,5,3,11,5,5,19,6,4,1,0,1,2,0,19,4,2,8,7,0,8,5,2,2,0,3,1,1,1,1,0,0,1,0,8,1,7,1,1,6,4,2,1,1,0,0,0,0,15,9,2,6,1,2,3,0,0,1,0,1,1,0,0,0,0,1,1,1,2,1,0,1,0,0,0,1,1,0,0,1,1,0,1,0,0,0,2,1,2,2,0,0,7,3,5
12 - Ημαθίας,240 E.T. Δήμου Ηρωικής Πόλης Νάουσας,341,219,5,1,6,213,115,5,79,2,41,2,56,35,0,1,8,17,18,2,18,10,5,3,0,11,1,1,0,0,0,0,0,0,14,4,1,3,5,0,5,2,0,2,0,0,0,0,0,0,0,0,0,0,3,0,1,1,1,0,0,0,0,1,0,0,1,1,11,4,7,0,5,2,0,0,0,0,0,0,0,0,0,0,0,0,0,0,0,0,0,0,0,4,4,1,1,0,0,0,0,0,1,1,0,0,3,2,0,0,0,0,4,1,2
12 - Ημαθίας,241 E.T. Δήμου Ηρωικής Πόλης Νάουσας,367,248,3,2,5,243,72,32,47,1,17,1,32,84,2,3,3,79,29,2,28,4,4,5,1,16,7,4,0,2,0,1,0,1,25,6,2,4,4,0,10,3,0,2,0,0,0,1,0,0,0,0,0,0,1,1,1,0,0,2,2,1,1,3,2,1,1,2,12,4,5,2,3,1,2,0,0,1,0,1,1,0,0,0,0,0,0,0,0,0,0,0,0,0,0,0,0,0,0,0,0,0,1,1,0,0,1,1,2,2,0,0,3,3,3
12 - Ημαθίας,242 E.T. Δήμου Ηρωικής Πόλης Νάουσας,440,283,14,1,15,268,116,15,65,1,30,5,61,39,2,4,12,5,24,6,26,14,5,1,4,4,4,14,1,3,0,6,1,6,32,8,8,1,10,2,17,2,0,0,0,1,0,0,2,1,0,0,0,0,1,1,0,1,0,1,0,2,1,2,0,0,0,2,15,6,4,3,1,1,1,0,0,1,0,0,0,0,0,0,0,0,0,0,2,0,0,1,1,0,0,1,1,0,0,0,0,0,0,0,0,0,2,1,2,2,3,2,5,4,2
12 - Ημαθίας,243 E.T. Δήμου Ηρωικής Πόλης Νάουσας,431,305,5,1,6,299,149,32,97,3,24,6,91,46,3,8,22,8,22,1,21,12,3,6,4,4,3,9,0,0,2,3,0,7,24,7,1,3,4,1,15,2,1,0,0,0,1,1,1,1,0,0,0,0,1,0,0,0,0,0,0,3,3,1,0,0,0,1,23,9,11,4,5,5,4,0,0,0,0,0,0,0,0,1,0,0,0,0,3,0,0,0,0,0,0,0,0,0,0,0,0,0,0,0,1,1,0,0,2,2,1,1,11,2,4
12 - Ημαθίας,244 E.T. Δήμου Ηρωικής Πόλης Νάουσας,516,333,9,1,10,323,130,60,73,1,28,7,29,46,3,27,6,5,15,7,15,10,2,0,1,0,5,31,1,14,12,6,0,7,18,3,2,4,8,0,5,3,0,0,0,0,1,0,1,0,0,0,0,0,1,0,0,0,0,0,0,1,0,4,1,0,1,3,38,23,12,6,11,4,2,0,0,0,0,0,0,0,0,0,0,1,1,1,0,0,0,0,0,0,0,0,0,0,0,1,1,0,3,3,1,1,2,2,2,2,1,1,24,18,10
12 - Ημαθίας,245 E.T. Δήμου Ηρωικής Πόλης Νάουσας,561,360,4,4,8,352,133,65,64,1,31,0,28,52,1,22,4,6,22,3,20,10,2,1,0,4,1,35,3,11,18,6,0,9,20,2,1,6,5,1,5,7,1,2,2,0,0,0,2,0,5,3,0,0,0,0,0,0,0,8,4,6,4,0,0,0,0,0,34,16,4,2,16,2,7,0,0,0,0,0,0,0,0,0,0,0,0,0,2,1,1,0,0,0,0,0,0,0,0,2,2,1,0,0,1,0,2,2,2,2,3,2,18,12,14
12 - Ημαθίας,246 E.T. Δήμου Ηρωικής Πόλης Νάουσας,519,322,4,3,7,315,112,60,61,2,18,8,18,60,3,31,5,5,23,1,28,19,2,2,1,2,7,23,3,12,5,2,1,5,22,2,4,5,4,3,8,9,2,5,1,1,2,3,5,5,0,0,0,0,1,0,0,0,0,0,0,2,1,2,1,0,0,1,25,12,3,2,13,4,5,0,0,2,0,2,2,0,0,1,1,0,0,0,1,1,1,0,0,0,0,1,1,0,0,0,0,0,2,2,1,1,1,1,0,0,0,0,17,11,13
12 - Ημαθίας,247 E.T. Δήμου Ηρωικής Πόλης Νάουσας,526,317,5,0,5,312,94,47,44,0,12,7,36,81,7,47,10,6,29,2,25,20,2,2,3,1,0,36,4,13,15,4,0,6,14,0,2,3,3,1,9,12,1,2,3,0,0,2,2,2,0,0,1,1,1,0,0,0,0,1,0,0,0,0,0,0,0,0,20,13,2,0,9,0,2,0,0,1,0,0,0,0,0,0,0,2,2,0,1,1,1,0,0,1,1,3,2,0,0,0,0,0,1,0,1,1,0,0,2,2,0,0,13,5,12
12 - Ημαθίας,248 E.T. Δήμου Ηρωικής Πόλης Νάουσας,530,337,8,0,8,329,115,57,63,2,25,5,48,70,6,41,7,8,32,3,25,20,0,1,3,3,2,36,1,14,21,2,0,10,13,1,4,3,4,0,5,9,2,2,3,2,2,1,1,0,1,1,0,0,2,0,1,0,1,2,1,3,1,3,0,0,1,0,22,9,2,1,12,1,3,0,0,0,0,0,0,0,0,0,0,0,0,0,4,1,0,1,0,0,0,4,4,0,0,0,0,0,0,0,1,0,0,0,2,2,0,0,16,9,7
12 - Ημαθίας,249 E.T. Δήμου Ηρωικής Πόλης Νάουσας,524,311,1,3,4,307,102,48,58,4,9,5,38,39,1,22,3,5,20,6,30,21,6,3,6,5,3,53,3,35,17,14,2,15,17,1,3,6,3,3,8,8,1,3,1,0,0,0,3,3,1,1,0,0,3,0,1,1,2,0,0,0,0,2,0,0,1,1,28,16,3,0,15,1,2,0,0,3,1,2,1,0,0,1,1,0,0,0,1,0,0,0,0,0,0,1,1,0,0,0,0,0,3,3,0,0,2,2,2,2,0,0,8,2,6
12 - Ημαθίας,250 E.T. Δήμου Ηρωικής Πόλης Νάουσας,512,312,6,2,8,304,112,58,63,2,16,3,28,53,4,32,7,13,20,1,20,14,2,1,1,3,1,43,6,19,10,10,0,13,19,4,1,6,7,6,6,10,0,1,1,1,2,2,1,1,0,0,0,0,1,0,1,0,1,1,1,0,0,3,0,0,0,2,17,11,7,2,7,0,0,0,0,0,0,0,0,0,0,1,0,0,0,0,0,0,0,0,0,0,0,0,0,0,0,1,0,1,3,2,1,0,1,0,3,2,0,0,14,8,9
12 - Ημαθίας,251 E.T. Δήμου Ηρωικής Πόλης Νάουσας,516,309,6,0,6,303,95,37,56,1,33,3,24,58,3,26,4,10,22,5,15,14,1,1,0,0,1,40,3,22,17,15,0,13,12,1,3,3,4,0,6,16,4,5,2,3,0,1,3,1,0,0,0,0,2,1,2,0,1,2,2,1,0,3,2,0,0,2,33,19,10,5,18,1,0,0,0,1,0,0,0,0,0,0,0,1,1,0,0,0,0,0,0,0,0,0,0,0,0,0,0,0,2,2,1,1,1,1,5,5,0,0,12,6,10
12 - Ημαθίας,252 E.T. Δήμου Ηρωικής Πόλης Νάουσας,532,328,2,1,3,325,115,53,76,1,19,3,26,60,8,38,7,9,23,4,19,10,0,1,2,4,2,42,6,18,25,10,0,7,15,2,3,2,7,1,1,16,4,3,3,3,3,3,1,1,1,0,1,1,1,0,1,0,0,2,2,0,0,3,0,0,1,3,28,19,2,1,17,1,1,0,0,0,0,0,0,0,0,0,0,0,0,0,1,0,1,0,0,0,0,0,0,0,0,0,0,0,3,1,1,1,2,1,0,0,2,2,12,7,12
12 - Ημαθίας,253 E.T. Δήμου Ηρωικής Πόλης Νάουσας,524,374,12,7,19,355,135,71,83,0,13,1,33,63,1,36,4,9,29,7,34,21,0,0,7,7,6,34,2,20,16,10,1,4,18,2,3,6,6,1,9,7,1,1,1,0,1,2,0,0,0,0,0,0,1,0,0,0,0,3,2,1,1,2,1,0,0,1,25,8,2,1,21,1,0,0,0,0,0,0,0,0,0,2,2,0,0,0,1,0,0,0,0,0,0,5,5,0,0,0,0,0,2,2,2,1,5,2,0,0,0,0,15,10,8
12 - Ημαθίας,254 E.T. Δήμου Ηρωικής Πόλης Νάουσας,525,333,9,2,11,322,130,68,67,1,24,2,29,43,4,17,3,6,18,6,34,25,4,1,5,1,5,26,0,12,15,3,1,9,21,1,4,6,6,1,8,11,2,2,2,0,1,2,0,0,0,0,1,0,1,0,0,0,0,1,0,2,1,2,0,0,0,0,28,17,9,1,11,1,3,0,0,0,0,0,0,0,0,0,0,0,0,0,0,0,0,0,0,0,0,4,3,0,0,2,1,1,0,0,0,0,1,0,2,2,0,0,13,9,10
12 - Ημαθίας,255 E.T. Δήμου Ηρωικής Πόλης Νάουσας,528,343,6,0,6,337,119,56,69,4,18,3,34,52,0,40,7,11,18,4,40,21,2,2,2,3,11,29,4,14,11,7,2,6,29,6,8,2,8,2,12,6,1,1,2,1,0,0,3,3,1,0,0,0,1,0,0,0,1,1,1,4,3,1,0,0,0,1,25,14,4,1,14,3,1,1,0,2,0,0,0,0,0,0,0,0,0,0,0,0,0,0,0,1,0,1,1,0,0,0,0,0,0,0,1,1,1,1,0,0,0,0,19,11,17
12 - Ημαθίας,256 E.T. Δήμου Ηρωικής Πόλης Νάουσας,528,386,10,1,11,375,131,71,78,3,22,0,20,57,5,32,3,10,24,3,23,19,3,0,4,4,1,53,1,29,21,13,1,11,28,3,4,1,6,1,12,14,1,6,1,4,2,1,5,5,0,0,0,0,1,0,0,0,1,1,1,3,3,2,0,0,0,0,22,16,1,2,10,2,1,0,0,0,0,0,0,0,0,1,1,0,0,0,3,0,0,1,1,0,0,2,0,1,1,2,1,2,2,1,0,0,2,1,2,2,1,0,19,6,15
12 - Ημαθίας,257 E.T. Δήμου Ηρωικής Πόλης Νάουσας,519,365,4,0,4,361,115,43,73,0,24,2,41,77,8,42,7,8,26,3,28,19,4,1,3,6,2,58,4,21,27,12,1,12,17,8,4,4,2,2,6,13,1,1,2,4,2,2,0,0,1,0,0,0,0,0,0,0,0,2,0,2,1,3,1,0,0,2,22,9,2,2,11,0,5,1,1,0,0,0,0,1,0,0,0,0,0,0,0,0,0,0,0,1,1,0,0,0,0,1,1,1,1,1,1,1,1,1,7,4,0,0,9,5,6
12 - Ημαθίας,258 E.T. Δήμου Ηρωικής Πόλης Νάουσας,532,352,4,2,6,346,113,50,66,0,17,8,37,66,10,33,4,7,34,8,22,14,4,2,3,0,5,41,2,14,15,5,2,11,28,5,6,4,8,0,14,13,3,1,3,2,1,2,1,1,0,0,0,0,3,0,0,3,3,2,1,1,1,5,1,2,2,1,30,16,3,4,13,1,0,0,0,0,0,0,0,0,0,0,0,1,1,0,0,0,0,0,0,0,0,1,1,0,0,0,0,0,1,1,1,1,1,1,2,2,1,0,13,2,8
12 - Ημαθίας,259 E.T. Δήμου Ηρωικής Πόλης Νάουσας,530,380,6,3,9,371,125,42,66,4,27,5,38,66,5,26,18,12,31,7,30,23,2,1,3,7,2,53,3,32,18,6,2,14,28,6,8,2,3,2,10,8,1,1,0,1,2,1,1,0,0,0,0,0,1,1,0,1,0,2,1,0,0,0,0,0,0,0,26,11,4,0,21,2,2,0,0,0,0,0,0,0,0,1,0,0,0,0,1,0,0,1,1,1,1,3,2,0,0,0,0,0,0,0,0,0,2,1,2,1,2,2,19,7,13
12 - Ημαθίας,260 E.T. Δήμου Ηρωικής Πόλης Νάουσας,526,377,5,2,7,370,133,66,69,1,27,2,45,59,9,24,3,12,27,6,26,20,0,1,4,2,3,49,4,25,22,6,1,4,17,4,2,5,2,2,7,18,4,4,3,4,3,4,4,3,0,0,0,0,1,0,0,0,0,0,0,0,0,0,0,0,0,0,28,17,4,0,10,3,4,0,0,1,0,1,1,1,0,0,0,0,0,0,2,1,1,0,0,2,1,1,1,0,0,1,1,1,2,1,1,1,1,1,6,6,2,1,15,5,14
12 - Ημαθίας,261 E.T. Δήμου Ηρωικής Πόλης Νάουσας,536,322,9,1,10,312,99,54,54,1,20,4,22,57,4,39,3,7,20,6,44,33,5,2,5,3,4,33,1,17,8,8,0,17,21,1,1,7,4,3,12,4,0,2,1,0,0,1,2,2,0,0,0,0,4,0,0,2,1,2,0,0,0,1,0,0,1,0,31,17,1,4,15,1,2,0,0,0,0,0,0,0,0,1,1,0,0,0,0,0,0,0,0,1,0,0,0,0,0,1,1,1,2,2,0,0,0,0,0,0,1,1,8,4,3
12 - Ημαθίας,262 E.T. Δήμου Ηρωικής Πόλης Νάουσας,543,322,3,4,7,315,115,59,54,0,24,4,33,46,1,32,2,3,20,1,32,28,3,1,1,2,1,39,3,17,17,5,0,15,25,4,6,3,7,2,10,7,1,3,2,2,0,3,2,2,0,0,0,0,1,1,1,0,0,0,0,1,0,1,0,0,0,0,24,12,1,2,12,2,1,0,0,0,0,0,0,0,0,0,0,0,0,0,1,1,0,0,0,0,0,3,3,0,0,4,2,3,0,0,0,0,0,0,4,3,0,0,10,3,7
12 - Ημαθίας,263 E.T. Δήμου Ηρωικής Πόλης Νάουσας,549,339,4,2,6,333,131,69,67,0,20,10,37,69,8,35,4,13,33,1,26,16,2,0,0,5,3,26,3,11,9,2,0,7,15,4,1,4,4,0,2,11,3,1,0,0,0,1,2,1,2,0,0,0,0,0,0,0,0,0,0,0,0,0,0,0,0,0,19,10,1,1,9,2,2,0,0,0,0,0,0,0,0,1,1,0,0,0,1,0,0,0,0,2,1,0,0,0,0,0,0,0,1,0,1,1,5,1,2,1,0,0,19,4,14
12 - Ημαθίας,264 E.T. Δήμου Ηρωικής Πόλης Νάουσας,536,378,7,0,7,371,143,77,67,0,28,2,45,67,5,40,6,9,37,1,32,22,4,0,2,2,5,37,1,21,10,5,0,12,24,3,3,6,6,0,10,9,2,4,3,2,0,0,7,6,2,1,0,0,2,0,0,1,1,2,1,1,1,2,1,0,0,1,17,11,3,2,6,2,3,0,0,0,0,0,0,0,0,0,0,0,0,0,2,2,0,0,1,0,0,4,4,0,0,0,0,0,2,1,0,0,1,0,3,2,0,0,14,11,6
12 - Ημαθίας,265 E.T. Δήμου Ηρωικής Πόλης Νάουσας,530,341,8,3,11,330,134,56,86,3,28,4,31,38,2,17,2,4,20,2,27,16,5,1,10,1,3,38,7,13,16,5,2,15,32,4,5,11,3,3,15,5,1,3,3,0,1,2,2,2,0,0,0,0,0,0,0,0,0,4,4,1,1,4,1,1,1,3,26,20,4,2,12,1,2,1,0,2,1,1,1,0,0,0,0,1,1,0,0,0,0,0,0,1,1,3,1,0,0,1,0,0,2,2,0,0,2,1,0,0,0,0,6,2,5
12 - Ημαθίας,266 E.T. Δήμου Ηρωικής Πόλης Νάουσας,543,336,11,1,12,324,96,44,54,1,19,8,28,58,4,39,5,15,24,2,29,17,0,3,0,6,5,31,2,15,14,4,2,12,19,6,6,2,6,2,3,16,0,6,4,3,2,2,1,0,2,1,1,0,1,1,1,0,0,2,1,2,1,5,0,2,2,3,25,12,6,1,8,3,8,0,0,0,0,0,0,0,0,0,0,1,0,1,0,0,0,0,0,2,2,0,0,0,0,2,1,1,5,5,0,0,7,4,3,3,1,1,15,9,12
12 - Ημαθίας,267 E.T. Δήμου Ηρωικής Πόλης Νάουσας,532,350,5,1,6,344,113,50,57,0,36,8,39,70,8,43,7,13,30,4,25,21,1,2,5,3,5,39,3,19,14,13,0,13,19,8,2,4,9,4,9,9,2,5,0,0,1,2,0,0,0,0,1,1,2,0,2,1,1,3,2,0,0,0,0,0,0,0,27,17,6,6,9,1,4,0,0,1,0,1,0,1,0,0,0,2,1,1,2,2,1,1,0,0,0,3,3,0,0,5,4,2,1,1,0,0,2,2,3,3,0,0,16,8,14
12 - Ημαθίας,268 E.T. Δήμου Ηρωικής Πόλης Νάουσας,507,304,8,1,9,295,104,54,49,1,22,6,32,62,5,43,8,11,26,4,19,16,0,0,0,3,4,22,4,14,5,7,1,6,24,7,10,5,6,0,5,3,0,2,0,0,0,1,0,0,0,0,0,0,1,0,0,1,1,2,2,3,3,1,0,0,0,0,24,14,2,2,16,0,2,0,0,2,0,1,0,0,0,0,0,1,1,1,0,0,0,0,0,0,0,2,2,0,0,0,0,0,3,2,3,3,0,0,3,1,3,2,13,4,12
12 - Ημαθίας,269 E.T. Δήμου Ηρωικής Πόλης Νάουσας,533,351,5,3,8,343,129,61,72,2,29,8,41,59,3,32,9,4,20,3,27,17,6,2,3,5,6,41,4,20,16,4,4,21,28,5,5,5,4,6,9,9,0,2,1,1,0,2,0,0,0,0,0,0,1,0,0,0,0,4,3,3,2,0,0,0,0,0,17,12,3,0,7,1,2,0,0,1,0,1,0,0,0,1,0,1,0,0,1,0,0,0,0,0,0,2,2,0,0,1,1,1,2,2,0,0,3,2,3,3,2,0,8,5,5
12 - Ημαθίας,270 E.T. Δήμου Ηρωικής Πόλης Νάουσας,542,307,7,1,8,299,101,56,69,0,14,2,19,49,1,27,7,6,29,1,32,23,3,2,4,7,5,39,2,22,13,4,4,8,19,5,5,6,3,2,8,5,1,1,2,1,1,0,1,1,0,0,0,0,0,0,0,0,0,1,1,3,1,1,0,0,0,0,16,5,2,5,8,3,3,0,0,0,0,0,0,0,0,0,0,1,1,1,3,0,1,1,1,2,2,5,4,0,0,1,1,0,7,5,1,0,1,1,0,0,2,2,9,4,8
12 - Ημαθίας,271 E.T. Δήμου Ηρωικής Πόλης Νάουσας,536,313,7,3,10,303,116,64,62,1,23,3,30,63,4,34,4,7,35,5,21,14,1,1,5,1,1,21,8,8,5,5,0,6,12,1,5,2,4,0,4,3,1,2,1,0,0,0,3,3,2,0,0,0,0,0,0,0,0,1,0,3,2,5,0,0,1,2,28,16,3,4,9,3,1,0,0,1,0,0,0,0,0,0,0,0,0,0,1,0,1,1,0,0,0,4,2,2,1,2,2,2,0,0,1,0,2,1,0,0,0,0,12,9,9
12 - Ημαθίας,272 E.T. Δήμου Ηρωικής Πόλης Νάουσας,546,342,7,1,8,334,131,66,67,0,22,6,44,59,6,28,2,5,30,4,22,13,2,2,4,2,5,42,3,16,21,9,2,16,19,4,5,2,4,0,8,1,0,1,0,1,0,0,2,2,0,0,0,0,2,0,0,2,2,3,3,3,2,2,0,0,0,1,19,12,1,0,9,0,1,0,0,0,0,0,0,0,0,0,0,0,0,0,0,0,0,0,0,1,1,4,3,0,0,0,0,0,3,3,0,0,1,0,4,3,0,0,16,6,10
12 - Ημαθίας,273 E.T. Δήμου Ηρωικής Πόλης Νάουσας,536,351,12,1,13,338,116,53,65,0,22,8,39,58,1,26,9,4,42,5,29,23,3,1,0,4,7,42,7,16,21,8,2,9,23,7,4,5,3,0,10,1,0,1,0,0,0,0,3,3,0,0,0,0,3,2,0,1,2,2,1,3,2,3,0,0,0,3,20,9,1,1,12,2,1,0,0,0,0,0,0,0,0,1,0,0,0,0,3,0,0,0,0,0,0,2,0,0,0,0,0,0,2,2,0,0,2,1,1,1,0,0,24,15,16
12 - Ημαθίας,274 E.T. Δήμου Ηρωικής Πόλης Νάουσας,531,341,5,0,5,336,115,46,60,1,27,5,30,45,2,19,5,5,25,2,32,20,4,2,1,2,6,34,5,15,7,4,1,15,28,5,3,4,4,3,15,11,0,1,3,3,2,3,2,1,0,0,0,0,0,0,0,0,0,4,2,1,0,2,1,1,0,0,31,13,0,7,21,1,0,0,0,1,1,1,0,1,0,0,0,0,0,0,0,0,0,0,0,0,0,3,3,1,0,1,0,0,0,0,0,0,2,0,3,3,2,2,17,9,13
12 - Ημαθίας,275 E.T. Δήμου Ηρωικής Πόλης Νάουσας,540,324,6,1,7,317,113,46,68,1,21,3,29,54,5,25,7,13,20,5,20,15,0,2,3,7,3,35,4,16,12,9,0,7,24,2,3,5,8,0,8,5,0,2,1,1,0,2,2,2,0,0,0,0,1,1,0,0,0,1,1,4,3,2,0,0,1,1,29,21,1,5,16,0,1,0,0,1,0,0,1,0,0,0,0,0,0,0,0,0,0,0,0,0,0,1,1,0,0,0,0,0,3,0,1,0,0,0,2,2,0,0,19,4,12
12 - Ημαθίας,276 E.T. Δήμου Ηρωικής Πόλης Νάουσας,466,277,10,7,17,260,89,48,44,6,19,3,19,44,1,24,7,5,14,4,21,13,3,0,2,5,4,35,5,15,14,7,3,7,21,4,3,5,8,1,5,3,3,1,0,0,0,1,2,2,1,1,0,0,0,0,0,0,0,3,2,6,4,0,0,0,0,0,14,10,1,0,7,0,0,0,0,0,0,0,0,1,1,0,0,2,2,2,0,0,0,0,0,0,0,0,0,1,0,1,1,1,1,1,0,0,3,1,4,4,0,0,8,4,3
12 - Ημαθίας,277 E.T. Δήμου Ηρωικής Πόλης Νάουσας,624,417,8,1,9,408,177,60,109,1,49,4,42,61,2,21,9,4,43,3,60,40,4,9,3,13,14,22,2,13,4,3,0,9,17,1,5,3,1,1,7,10,1,1,2,1,2,1,1,1,0,0,0,0,3,0,0,0,1,3,3,4,3,3,1,1,0,1,19,12,4,1,4,0,2,0,0,0,0,0,0,0,0,0,0,0,0,0,3,1,0,1,0,1,1,1,0,1,1,1,0,0,2,2,0,0,2,2,3,3,1,1,13,9,8
12 - Ημαθίας,278 E.T. Δήμου Ηρωικής Πόλης Νάουσας,635,407,6,2,8,399,127,56,63,1,33,16,39,79,7,50,23,10,11,5,44,17,3,4,2,16,15,27,4,12,9,2,2,7,55,2,2,5,33,4,12,5,2,3,1,1,0,3,1,1,1,0,0,0,4,1,1,3,1,1,1,2,1,2,1,0,1,1,24,8,6,6,11,1,1,1,0,0,0,0,0,0,0,1,0,3,3,1,2,0,0,1,1,0,0,4,2,0,0,1,1,1,4,4,0,0,1,1,0,0,0,0,10,6,7
12 - Ημαθίας,279 E.T. Δήμου Ηρωικής Πόλης Νάουσας,652,452,10,2,12,440,172,40,90,7,87,8,51,45,4,25,17,4,17,3,43,19,6,0,5,12,19,43,2,11,3,19,2,36,52,5,2,8,20,2,22,14,7,2,0,0,1,2,1,1,0,0,0,0,2,1,1,0,0,4,3,2,2,2,0,0,2,1,30,12,5,2,17,0,4,0,0,0,0,0,0,0,0,1,0,0,0,0,1,0,0,0,0,0,0,7,4,1,1,7,6,1,0,0,0,0,0,0,1,1,1,0,11,5,9
12 - Ημαθίας,280 E.T. Δήμου Ηρωικής Πόλης Νάουσας,377,279,6,1,7,272,111,33,56,0,26,9,46,41,4,14,10,4,17,7,26,12,4,5,0,3,7,21,3,6,3,3,5,10,27,10,2,3,10,0,13,3,1,0,0,1,0,0,0,0,2,1,0,0,1,0,0,0,0,0,0,2,2,3,1,1,0,1,16,6,4,0,4,2,0,0,0,1,0,1,0,0,0,0,0,0,0,0,1,0,1,0,1,3,2,1,1,0,0,1,0,0,1,1,1,1,2,0,1,0,1,0,6,2,4
12 - Ημαθίας,281 E.T. Δήμου Ηρωικής Πόλης Νάουσας,381,274,7,1,8,266,122,27,74,1,37,8,45,35,2,17,7,0,17,5,23,9,7,1,5,4,7,12,4,3,3,3,1,1,35,8,5,8,4,3,11,2,1,0,0,0,0,1,1,0,2,1,0,0,2,0,0,2,1,3,0,3,1,1,0,0,0,0,10,5,4,0,2,0,1,0,0,0,0,0,0,0,0,0,0,0,0,0,2,1,1,0,0,1,0,1,0,0,0,2,0,0,1,0,1,1,1,1,0,0,0,0,6,1,6
12 - Ημαθίας,Ετερ. Ημαθίας (από 15ο Ε.Τ. Νομ. Θεσσαλονικης),198,121,0,0,0,121,50,9,22,3,16,4,12,24,8,13,1,8,6,2,10,7,3,1,6,0,1,11,7,4,0,5,1,0,7,3,1,1,4,1,4,3,1,1,0,0,0,0,0,0,0,0,0,0,1,0,1,1,0,2,2,0,0,4,3,2,2,0,3,2,2,0,1,1,0,0,0,0,0,0,0,0,0,0,0,0,0,0,1,0,0,0,0,0,0,0,0,0,0,0,0,0,3,2,0,0,0,0,0,0,0,0,2,0,0
12 - Ημαθίας,Ετερ. Ημαθίας (από Εφετείο Θεσσαλονίκης),40,30,1,1,2,28,9,1,1,1,4,0,1,2,1,0,0,0,0,1,1,1,0,0,0,0,0,3,3,0,0,1,1,0,3,1,1,0,2,1,0,1,0,1,0,0,0,1,0,0,0,0,0,0,1,0,0,0,0,0,0,0,0,0,0,0,0,0,0,0,0,0,0,0,0,0,0,0,0,0,0,0,0,0,0,0,0,0,2,0,0,0,0,0,0,1,1,0,0,0,0,0,1,0,0,0,0,0,0,0,0,0,4,1,1
12 - Ημαθίας,Ετερ. Ημαθίας (από 62ο Ε.Τ. Νομ. Αττικης-Αθηνών),323,227,0,0,0,227,77,8,27,3,31,3,21,63,10,20,10,20,17,11,20,12,5,5,1,6,3,21,12,4,3,8,3,2,9,5,0,2,2,1,0,9,0,2,1,0,2,1,2,2,0,0,0,0,4,1,2,1,1,1,1,2,2,3,1,1,2,2,5,2,0,1,1,1,0,0,0,0,0,0,0,0,0,0,0,0,0,0,0,0,0,0,0,0,0,0,0,0,0,0,0,0,1,0,0,0,0,0,0,0,0,0,10,5,7
Σύνολο,,135000,86025,1760,371,2131,83894,34285,4094,20043,1428,13139,2154,12864,14806,2814,4019,4196,2696,4557,2525,9509,2948,2731,1310,1042,1850,2967,4873,1173,1096,744,1790,924,829,6552,1661,1345,1738,1340,746,1729,1630,270,472,199,294,229,287,415,309,114,56,29,11,269,73,58,84,79,596,375,586,392,646,171,102,187,204,3831,1473,778,656,837,788,717,50,27,185,67,119,78,9,2,80,52,150,121,76,292,74,80,69,67,164,106,581,388,76,43,332,199,186,431,281,119,82,429,235,342,245,141,71,2372,1138,1491
