ΠΕΡΙΦΕΡΕΙΑ,ΕΚΛΟΓΙΚΟ ΤΜΗΜΑ,ΕΓΓΕΓΡΑΜΜΕΝΟΙ,ΨΗΦΙΣΑΝΤΕΣ,ΑΚΥΡΑ,ΛΕΥΚΑ,ΑΚΥΡΑ & ΛΕΥΚΑ,ΕΓΚΥΡΑ,Νέα Δημοκρατία,ΒΡΕΚΟΣ ΦΩΤΙΟΣ του Αποστόλου,ΚΩΤΣΟΣ ΓΕΩΡΓΙΟΣ του Κωνσταντίνου,ΝΤΑΛΝΤΑΝΗ ΑΙΚΑΤΕΡΙΝΗ (ΚΑΤΕΡΙΝΑ) του Δημητρίου,ΣΚΟΝΔΡΑ ΑΣΗΜΙΝΑ του Κωνσταντίνου,ΣΠΑΝΙΑΣ ΑΡΙΣΤΟΤΕΛΗΣ (ΤΕΛΗΣ) του Γεωργίου,ΤΣΙΑΡΑΣ ΚΩΝΣΤΑΝΤΙΝΟΣ του Αλεξάνδρου,ΣΥΡΙΖΑ,ΑΓΟΡΗΣ ΚΩΝΣΤΑΝΤΙΝΟΣ του Θεοχάρη,ΒΑΪΟΠΟΥΛΟΣ ΓΕΩΡΓΙΟΣ του Αθανασίου,ΚΑΤΣΑΒΡΙΑ-ΣΙΩΡΟΠΟΥΛΟΥ ΧΡΥΣΟΥΛΑ του Αθανασίου,ΚΟΥΚΟΥΜΤΖΗ ΑΓΟΡΗ (ΡΟΥΛΑ) του Κωνσταντίνου,ΜΙΧΑΛΑΚΗΣ ΝΙΚΟΛΑΟΣ του Ηλία,ΤΕΝΤΟΛΟΥΡΗ ΑΓΓΕΛΙΚΗ του Δημητρίου,ΠΑΣΟΚ-Κίνημα Αλλαγής,ΕΥΘΥΜΙΑΔΗΣ ΝΙΚΟΛΑΟΣ του Κωνσταντίνου,ΚΟΝΤΑΚΤΣΗΣ ΠΑΝΑΓΙΩΤΗΣ του Χρήστου,ΜΠΑΚΑΛΑΚΟΥ ΣΩΤΗΡΙΑ του Χρήστου,ΝΤΑΛΗ ΑΝΔΡΟΝΙΚΗ (ΝΙΚΗ) του Ηλία,ΠΑΠΑΓΕΩΡΓΙΟΥ ΣΩΤΗΡΙΟΣ του Δημητρίου,ΠΑΠΑΔΟΠΟΥΛΟΣ ΧΑΡΑΛΑΜΠΟΣ (ΜΠΑΜΠΗΣ) του Στεφάνου,Κ.Κ.Ε.,ΑΓΓΕΛΟΥ ΛΗΔΑ ΞΕΝΙΑ του Δημητρίου,ΓΑΖΟΣ ΕΚΤΟΡΑΣ του Χρήστου,ΜΠΟΥΤΑ ΠΗΝΕΛΟΠΗ (ΠΟΠΗ) του Ευαγγέλου,ΤΕΓΟΣ ΝΙΚΟΛΑΟΣ του Χρήστου,ΤΖΟΚΑΣ ΠΑΝΑΓΙΩΤΗΣ του Κοσμά,ΤΣΙΟΥΤΡΑΣ ΙΩΑΝΝΗΣ του Ευαγγέλου,Ελληνική Λύση - Κ. Βελόπουλος,ΑΓΓΕΛΟΠΟΥΛΟΣ ΣΠΥΡΙΔΩΝ του Χρήστου,ΓΚΑΡΑΒΕΛΟΣ ΑΘΑΝΑΣΙΟΣ του Στέφανου,ΛΑΠΠΑΣ ΣΩΚΡΑΤΗΣ του Χρήστου,ΠΑΠΠΑ ΣΤΥΛΙΑΝΗ του Γεωργίου,ΣΑΒΒΙΔΟΥ ΕΙΡΗΝΗ του Παντελή,ΤΣΙΡΙΚΑΣ ΑΘΑΝΑΣΙΟΣ του Παναγιώτη,ΜέΡΑ25-ΣΥΜΜΑΧΙΑ ΓΙΑ ΤΗ ΡΗΞΗ,ΚΛΗΜΟΠΟΥΛΟΣ ΑΛΕΞΑΝΔΡΟΣ του Στέργιου,ΜΠΟΥΚΟΥΒΑΛΑΣ ΓΕΩΡΓΙΟΣ του Ηλία,ΞΗΡΟΦΩΤΟΥ ΕΙΡΗΝΗ (ΡΕΝΑ) του Γεωργίου,ΤΣΙΑΜΟΥΡΑ ΕΥΘΑΛΙΑ-ΘΕΟΔΩΡΑ (ΘΑΛΕΙΑ) του Βασιλείου,ΕΝΩΝΩ ΣΥΜΜΑΧΙΑ ΕΛΕΥΘΕΡΙΑΣ,ΔΕΜΕΡΤΖΗ ΑΙΚΑΤΕΡΙΝΗ του Κωνσταντίνου,ΜΠΑΜΠΑΤΣΙΚΟΣ ΠΕΤΡΟΣ του Ηλία,ΝΤΑΒΑΡΟΣ ΔΗΜΗΤΡΙΟΣ του Κωνσταντίνου,Κ.Κ.Ε. (μ-λ),ΔΡΑΓΟΥΤΣΟΥ ΧΡΥΣΑ του Στέφανου,ΚΑΠΝΙΑΣ ΣΤΕΦΑΝΟΣ του Ευάγγελου,ΚΥΡΙΤΣΗΣ ΑΠΟΣΤΟΛΟΣ του Θωμά,ΣΑΓΞΑΡΙΔΟΥ ΔΕΣΠΟΙΝΑ του Γεωργίου,ΦΙΛΙΠΠΟΥ ΝΙΚΟΛΑΟΣ του Γεωργίου,Ο.Κ.Δ.Ε.,ΠΛΑΣΤΗΡΑ ΕΛΠΙΝΙΚΗ του Δημητρίου,ΑΝΤ.ΑΡ.ΣΥ.Α.,ΑΝΤΩΝΙΟΥ ΚΛΕΑΝΘΗΣ του Αντωνίου,ΒΟΥΡΚΟΤΙΩΤΗ ΒΑΣΙΛΙΚΗ του Δημοσθένη,ΜΠΟΥΝΤΟΛΟΣ ΙΩΑΝΝΗΣ του Σωκράτη,ΝΤΟΒΟΛΟΥ ΑΝΑΣΤΑΣΙΑ του Δημητρίου,Κίνημα 21,ΖΑΧΟΥ ΑΓΓΕΛΙΚΗ του Ιωάννη,ΕΘΝΙΚΗ ΔΗΜΙΟΥΡΓΙΑ,ΑΡΒΑΝΙΤΗΣ ΓΕΩΡΓΙΟΣ του Αναστασίου,ΙΟΡΔΑΝΟΥ ΔΕΣΠΟΙΝΑ του Χαραλάμπους,ΝΙΚΗ,ΑΓΓΕΛΟΥΔΗΣ ΔΗΜΗΤΡΙΟΣ του Παύλου,ΞΑΝΘΗΣ ΔΗΜΗΤΡΙΟΣ του Μάρκου,ΡΙΓΚΟΥ ΚΩΝΣΤΑΝΤΙΝΙΑ του Ιωάννου,ΤΣΩΝΟΥ ΞΑΝΘΗ του Παναγιώτη,κοινωνία αξιών,ΤΣΙΟΥΜΑ ΦΩΤΕΙΝΗ του Γεωργίου,ΒΟΡΕΙΑ ΛΕΓΚΑ - ΚΡΑΜΑ,ΚΟΖΑΚΙΔΗΣ ΓΕΩΡΓΙΟΣ του Θεοδώρου,Ο.Α.Κ.Κ.Ε.,ΚΑΝΣΟΣ ΔΗΜΗΤΡΙΟΣ του Πάτροκλου,Μ-Λ Κ.Κ.Ε.,ΒΑΣΙΛΕΙΟΥ ΓΕΩΡΓΙΟΣ του Παναγιώτη,Ελλήνων Συνέλευσις,ΝΤΑΟΥΛΑΣ ΓΕΩΡΓΙΟΣ του Σωτηρίου,ΤΡΑΪΚΟΥ ΧΡΥΣΟΥΛΑ του Γεωργίου,Ένωση Κεντρώων,ΜΑΝΤΖΑΚΙΔΗΣ ΒΑΣΙΛΕΙΟΣ του Δαμιανού,ΤΣΙΜΠΡΙΜΑΝΗ ΣΟΦΙΑ του Στυλιανού,ΤΩΡΑ ΟΛΟΙ ΜΑΖΙ (Τ.ΟΛ.ΜΑ),ΛΑΠΠΑ ΕΥΣΤΑΘΙΑ του Αθανάσιου,ΣΥΜΜΑΧΙΑ ΑΝΑΤΡΟΠΗΣ,ΜΑΥΡΟΥΔΗΣ ΛΑΜΠΡΟΣ του Αναστασίου,ΜΠΟΥΝΤΟΥΡΗ ΕΥΑΝΘΙΑ (ΕΥΑ) του Ηλία,ΝΕΑ ΔΟΜΗ,ΠΟΛΥΖΟΣ ΝΙΚΟΛΑΟΣ του Χρήστου,ΠΟΛΙΤΙΚΗ ΠΡΩΤΟΒΟΥΛΙΑ ,ΤΣΟΥΚΑΣ ΔΗΜΗΤΡΙΟΣ του Θωμά,ΕΛΕΥΘΕΡΟΙ ΞΑΝΑ,ΠΑΝΑΓΟΥ ΧΡΙΣΤΙΝΑ του Αλέξανδρου,ΠΝΟΗ ΔΗΜΟΚΡΑΤΙΑΣ,ΓΚΕΚΑ ΓΕΩΡΓΙΑ του Σπυρίδωνος,ΠΡΑΣΙΝΟ ΚΙΝΗΜΑ,ΑΛΕΞΙΟΥ ΔΗΜΗΤΡΙΟΣ του Βασιλείου,ΚΟΝΤΑΞΗΣ ΑΛΕΞΑΝΔΡΟΣ του Ευριπίδη,ΜΗΤΡΟΠΟΥΛΟΥ ΑΡΓΥΡΩ του Γεωργίου,ΠΑΠΑΓΕΡΑ - ΠΑΠΑΓΕΡΟΥΔΗ ΔΕΣΠΟΙΝΑ του Στέλλιου,ΕΝΟΤΗΤΑ - ΑΛΗΘΕΙΑ ΕΝ.Α,ΚΑΛΥΒΙΩΤΗ ΝΙΚΟΛΕΤΑ του Θωμά,Πλεύση Ελευθερίας - Ζωή Κωνστ.,ΓΚΙΟΛΙΑ ΡΑΦΑΗΛΙΑ του Δημητρίου,ΤΑΓΑΡΟΥΛΙΑΣ ΑΘΑΝΑΣΙΟΣ του Νικολάου
25 - Καρδίτσας,1 E.T. Δήμου Αργιθέας,288,134,3,1,4,130,72,5,37,5,13,8,41,32,12,7,5,4,6,7,15,3,0,3,0,12,1,0,0,0,0,0,0,0,2,1,0,0,0,1,2,1,1,0,1,0,1,1,1,0,1,0,0,0,0,0,0,0,0,0,0,0,0,0,0,1,1,1,3,3,1,1,1,0,0,0,0,0,0,0,0,0,0,0,0,0,0,0,0,1,1,1,0,0,0,0,1,0,0,0,0,0,0,0,0,0,0,0,0,0
25 - Καρδίτσας,2 E.T. Δήμου Αργιθέας,106,25,0,0,0,25,14,3,7,0,1,0,6,5,1,1,0,1,1,4,6,0,0,0,0,5,0,0,0,0,0,0,0,0,0,0,0,0,0,0,0,0,0,0,0,0,0,0,0,0,0,0,0,0,0,0,0,0,0,0,0,0,0,0,0,0,0,0,0,0,0,0,0,0,0,0,0,0,0,0,0,0,0,0,0,0,0,0,0,0,0,0,0,0,0,0,0,0,0,0,0,0,0,0,0,0,0,0,0,0
25 - Καρδίτσας,3 E.T. Δήμου Αργιθέας,202,69,0,0,0,69,50,9,37,2,13,2,27,11,10,10,0,1,0,0,4,0,0,1,1,3,0,1,0,0,0,1,0,0,0,0,0,0,0,0,0,1,1,1,0,0,0,0,0,0,0,0,0,0,0,0,0,0,0,0,0,0,0,0,0,0,0,0,2,0,0,1,0,0,0,0,0,0,0,0,0,0,0,0,0,0,0,0,0,0,0,0,0,0,0,0,0,0,0,0,0,0,0,0,0,0,0,0,0,0
25 - Καρδίτσας,4 E.T. Δήμου Αργιθέας,182,75,4,0,4,71,27,1,18,1,4,1,13,22,11,9,1,4,5,9,15,2,0,9,1,11,1,3,1,2,2,1,0,0,1,0,1,1,0,0,0,0,0,0,0,0,0,0,0,0,1,0,0,0,0,0,0,0,0,0,0,0,0,0,0,0,0,0,0,0,0,0,0,0,0,1,0,0,0,0,0,0,0,0,0,0,0,0,0,0,0,0,0,0,0,0,0,0,0,0,0,0,0,0,0,0,0,1,0,0
25 - Καρδίτσας,5 E.T. Δήμου Αργιθέας,467,154,0,0,0,154,66,2,33,3,31,1,27,46,25,15,4,4,12,17,14,1,1,6,1,8,1,7,2,1,2,3,1,0,3,2,0,3,0,1,0,2,0,1,1,1,1,0,0,1,0,0,0,0,0,0,0,0,0,0,0,0,0,0,0,4,3,4,1,0,0,0,1,0,0,0,0,0,0,0,0,0,0,0,0,0,0,0,0,2,2,1,0,0,0,0,0,0,0,0,1,1,0,0,1,3,3,4,1,1
25 - Καρδίτσας,6 E.T. Δήμου Αργιθέας,468,131,0,1,1,130,62,1,42,2,22,4,32,29,17,4,2,3,11,20,19,2,0,10,0,15,2,6,2,3,0,0,0,0,2,1,1,0,0,0,0,1,0,0,0,0,1,0,0,1,0,0,0,0,0,0,0,0,0,0,0,0,0,0,0,2,2,0,2,1,2,1,0,1,0,0,0,0,0,1,0,0,0,0,0,0,0,0,0,2,1,1,0,0,0,0,0,0,0,0,0,0,0,0,0,0,0,2,0,0
25 - Καρδίτσας,7 E.T. Δήμου Αργιθέας,129,45,0,0,0,45,11,1,11,0,2,3,0,9,1,5,4,1,1,4,20,2,0,4,1,18,3,3,0,2,0,0,0,0,1,0,0,1,1,0,0,0,0,0,0,0,0,0,0,0,0,0,0,0,0,0,0,0,0,0,0,0,0,0,0,0,0,0,1,0,0,0,0,0,0,0,0,0,0,0,0,0,0,0,0,0,0,0,0,0,0,0,0,0,0,0,0,0,0,0,0,0,0,0,0,0,0,0,0,0
25 - Καρδίτσας,8 E.T. Δήμου Αργιθέας,254,45,0,0,0,45,20,1,15,2,1,1,11,10,7,0,0,3,3,0,9,2,0,2,1,8,3,3,1,2,2,0,0,0,0,0,0,0,0,0,0,2,2,0,0,2,1,1,1,0,0,0,0,0,0,0,0,0,0,0,0,0,0,0,0,0,0,0,0,0,0,0,0,0,0,0,0,0,0,0,0,0,0,0,0,0,0,0,0,0,0,0,0,0,0,0,0,0,0,0,0,0,0,0,0,0,0,0,0,0
25 - Καρδίτσας,9 E.T. Δήμου Αργιθέας,100,43,1,0,1,42,18,5,10,3,0,0,14,9,7,1,1,1,1,1,10,5,0,2,2,10,0,1,0,1,1,0,0,0,2,0,1,1,0,0,0,0,0,0,0,0,1,0,1,1,0,0,0,0,0,0,0,0,0,0,0,0,0,0,0,0,0,0,0,0,0,0,0,0,0,0,0,0,0,0,0,0,0,0,0,0,0,0,0,0,0,0,0,0,0,0,0,0,0,0,0,0,0,0,0,0,0,1,1,1
25 - Καρδίτσας,10 E.T. Δήμου Αργιθέας,404,183,2,2,4,179,85,4,58,0,21,5,44,47,20,16,5,5,16,11,28,1,1,11,2,22,2,6,1,3,1,2,0,0,5,1,1,3,1,1,1,1,0,0,0,0,1,1,0,0,0,0,0,0,0,0,0,0,0,0,0,0,0,1,1,0,0,0,1,1,0,0,0,0,0,0,0,0,0,0,0,0,0,0,0,0,0,0,0,0,0,0,0,0,0,0,0,0,1,1,1,0,1,0,1,0,0,2,2,2
25 - Καρδίτσας,11 E.T. Δήμου Αργιθέας,417,185,0,0,0,185,100,7,62,3,14,7,61,33,5,7,2,0,12,25,27,1,0,12,7,19,1,7,1,2,4,2,0,0,2,1,1,0,0,0,0,1,1,1,0,0,0,0,0,0,2,0,0,0,0,0,0,0,0,0,0,0,0,1,1,1,0,0,5,3,1,2,1,1,1,0,0,0,0,0,0,0,0,0,1,1,1,0,0,1,1,0,0,0,0,0,0,0,1,1,0,0,0,0,0,0,0,2,2,1
25 - Καρδίτσας,12 E.T. Δήμου Αργιθέας,244,136,1,2,3,133,95,4,70,5,15,3,59,14,6,1,2,2,5,4,13,2,2,2,4,4,2,1,0,0,0,0,0,0,0,0,0,0,0,0,0,4,1,0,0,1,0,0,0,0,0,0,0,0,0,0,0,0,0,0,0,0,0,0,0,0,0,0,0,0,0,0,0,0,0,0,0,0,0,0,0,0,0,0,0,0,0,0,0,0,0,0,0,0,0,0,0,0,0,0,1,0,0,0,0,1,0,4,2,2
25 - Καρδίτσας,13 E.T. Δήμου Αργιθέας,324,140,1,1,2,138,81,6,63,0,22,3,30,26,5,10,4,3,2,16,14,2,0,3,1,10,1,2,0,0,1,0,0,1,2,1,0,0,0,0,0,0,0,0,0,0,2,0,1,2,0,0,0,0,0,0,0,0,0,0,0,0,0,0,0,6,5,5,0,0,0,0,0,0,0,0,0,0,0,0,0,0,0,0,1,1,1,0,0,2,1,0,0,0,0,0,0,0,0,0,0,0,0,0,0,0,0,2,0,0
25 - Καρδίτσας,14 E.T. Δήμου Αργιθέας,258,61,1,0,1,60,42,0,30,0,8,6,26,6,3,1,0,1,2,1,5,1,0,0,0,2,3,0,0,0,0,0,0,0,1,1,0,0,0,0,0,0,0,0,0,0,0,0,0,0,1,0,0,0,0,0,0,0,0,0,0,0,0,0,0,0,0,0,1,0,1,0,0,0,0,0,0,0,0,0,0,0,0,0,0,0,0,0,0,1,0,0,0,0,0,0,0,0,0,0,0,0,0,0,0,2,2,1,1,1
25 - Καρδίτσας,15 E.T. Δήμου Αργιθέας,180,72,1,0,1,71,51,3,34,3,8,1,31,8,5,1,1,0,2,2,7,0,0,3,0,3,0,1,0,0,0,0,0,0,4,0,0,0,0,0,0,0,0,0,0,0,0,0,0,0,0,0,0,0,0,0,0,0,0,0,0,0,0,0,0,0,0,0,0,0,0,0,0,0,0,0,0,0,0,0,0,0,0,0,0,0,0,0,0,0,0,0,0,0,0,0,0,0,0,0,0,0,0,0,0,0,0,0,0,0
25 - Καρδίτσας,16 E.T. Δήμου Αργιθέας,259,103,0,0,0,103,69,5,49,2,13,11,45,12,7,1,1,1,3,3,6,0,0,1,0,5,1,5,3,2,2,1,1,0,0,0,0,0,0,0,0,0,0,0,0,0,1,0,1,1,0,0,0,0,0,0,0,0,1,1,0,0,0,0,0,0,0,0,8,7,0,3,0,0,0,0,0,0,0,0,0,1,0,0,0,0,0,0,0,0,0,0,0,0,0,0,0,0,0,0,0,0,0,0,0,0,0,0,0,0
25 - Καρδίτσας,17 E.T. Δήμου Αργιθέας,297,69,0,0,0,69,36,3,24,4,7,2,16,12,2,10,0,0,0,5,11,0,0,4,1,9,2,1,0,0,0,0,0,0,2,0,0,1,2,0,0,2,0,1,0,0,0,0,0,0,0,0,0,0,0,0,0,0,0,0,0,0,0,0,0,2,1,1,3,2,2,1,1,0,0,0,0,0,0,0,0,0,0,0,0,0,0,0,0,0,0,0,0,0,0,0,0,0,0,0,0,0,0,0,0,0,0,0,0,0
25 - Καρδίτσας,18 E.T. Δήμου Αργιθέας,239,53,2,1,3,50,25,0,15,7,7,1,16,10,5,3,0,0,5,4,4,0,0,4,1,3,0,0,0,0,0,0,0,0,10,8,3,3,2,4,0,0,0,0,0,0,0,0,0,0,0,0,0,0,0,0,0,0,0,0,0,0,0,0,0,0,0,0,0,0,0,0,0,0,0,0,0,0,0,0,0,0,0,0,0,0,0,0,0,0,0,0,0,0,0,0,0,0,1,0,0,0,0,0,0,0,0,0,0,0
25 - Καρδίτσας,19 E.T. Δήμου Αργιθέας,294,92,1,2,3,89,41,2,32,1,9,0,14,23,18,2,6,0,4,8,14,0,0,7,1,10,0,1,0,1,0,1,0,0,4,3,2,0,0,0,0,0,0,0,0,0,1,0,0,1,0,0,0,0,0,0,0,0,0,0,0,0,0,0,0,0,0,0,0,0,0,0,0,0,0,0,0,0,0,0,0,1,1,1,0,0,0,1,0,2,0,0,0,0,0,0,0,0,0,0,0,0,0,0,0,0,0,1,1,0
25 - Καρδίτσας,20 E.T. Δήμου Αργιθέας,215,79,1,0,1,78,51,5,19,2,7,7,47,8,8,0,0,0,7,0,8,0,0,1,0,7,4,0,0,0,0,0,0,0,0,0,0,0,0,0,0,0,0,0,0,0,10,1,10,0,0,0,0,0,0,0,0,0,0,0,0,0,0,0,0,0,0,0,0,0,0,0,0,0,0,0,0,0,0,0,0,0,0,0,0,0,0,0,0,1,0,1,0,0,0,0,0,0,0,0,0,0,0,0,0,0,0,0,0,0
25 - Καρδίτσας,21 E.T. Δήμου Αργιθέας,268,121,0,0,0,121,62,1,33,1,26,1,25,33,29,0,3,1,5,5,8,0,0,4,0,7,0,13,5,4,6,2,0,1,2,1,0,0,0,0,0,1,1,0,0,0,0,0,0,0,0,0,0,0,0,0,0,0,0,0,0,0,0,0,0,0,0,0,1,1,0,0,0,0,0,0,0,0,0,0,0,0,0,0,0,0,0,0,0,0,0,0,0,0,0,0,0,0,0,0,0,0,0,0,0,0,0,1,1,0
25 - Καρδίτσας,22 E.T. Δήμου Αργιθέας,347,136,1,0,1,135,65,3,43,3,19,0,24,49,40,5,4,0,8,7,6,1,0,1,1,6,0,6,1,3,1,1,0,0,3,1,0,0,2,0,0,1,0,0,0,0,0,0,0,0,0,0,0,0,0,0,0,0,0,0,0,0,0,1,1,0,0,0,2,2,0,0,1,0,0,0,0,0,0,0,0,0,0,0,0,0,0,0,0,0,0,0,0,0,0,0,0,0,0,0,0,0,0,0,0,1,1,1,0,0
25 - Καρδίτσας,23 E.T. Δήμου Αργιθέας,123,57,1,0,1,56,36,0,12,0,9,3,27,14,11,1,4,0,0,4,4,0,0,0,1,3,1,2,0,0,1,1,0,0,0,0,0,0,0,0,0,0,0,0,0,0,0,0,0,0,0,0,0,0,0,0,0,0,0,0,0,0,0,0,0,0,0,0,0,0,0,0,0,0,0,0,0,0,0,0,0,0,0,0,0,0,0,0,0,0,0,0,0,0,0,0,0,0,0,0,0,0,0,0,0,0,0,0,0,0
25 - Καρδίτσας,24 E.T. Δήμου Αργιθέας,280,121,5,1,6,115,71,2,38,1,45,1,27,17,15,5,0,1,4,0,16,0,3,6,1,12,3,0,0,0,0,0,0,0,1,0,0,1,0,0,1,3,0,0,0,0,0,0,0,0,0,0,0,0,0,0,0,0,0,0,0,0,0,0,0,0,0,0,2,0,1,0,0,0,0,0,0,0,0,0,0,0,0,0,0,0,0,0,0,0,0,0,0,0,0,0,1,1,0,0,0,0,0,0,0,0,0,4,4,3
25 - Καρδίτσας,25 E.T. Δήμου Αργιθέας,147,57,0,0,0,57,30,0,4,0,20,2,25,17,16,0,0,1,7,5,2,0,0,0,0,1,0,0,0,0,0,0,0,0,1,0,0,0,1,0,1,0,0,0,0,0,1,1,1,0,0,0,0,0,0,0,0,0,1,0,0,0,0,0,0,0,0,0,1,0,0,1,1,0,0,0,0,0,0,0,0,0,0,0,0,0,0,0,0,0,0,0,0,0,0,0,0,0,0,0,0,0,0,0,0,0,0,4,4,2
25 - Καρδίτσας,26 E.T. Δήμου Καρδίτσας,417,249,3,1,4,245,103,27,47,4,17,13,57,41,7,12,6,4,28,6,64,5,1,40,5,31,3,15,3,3,5,5,1,0,3,0,0,0,2,1,0,5,1,1,5,2,0,0,0,0,3,2,1,2,0,0,0,0,3,0,1,0,1,1,1,2,1,1,1,0,1,0,0,0,0,0,0,0,0,0,0,1,1,1,0,0,0,0,0,0,0,0,0,0,0,0,0,0,1,0,0,0,0,0,0,0,0,2,0,0
25 - Καρδίτσας,27 E.T. Δήμου Καρδίτσας,574,308,7,0,7,301,188,20,80,10,61,58,84,38,6,1,6,11,25,11,32,1,0,15,5,28,4,19,4,5,6,8,1,4,13,3,2,5,5,0,0,2,0,1,0,0,0,0,0,0,0,0,0,0,0,0,0,0,0,0,0,0,0,0,0,1,1,1,1,0,0,1,1,0,0,0,0,0,0,0,0,1,1,1,0,0,0,0,0,0,0,0,0,0,0,0,1,0,0,0,0,0,0,0,0,2,2,3,2,0
25 - Καρδίτσας,28 E.T. Δήμου Καρδίτσας,528,377,5,0,5,372,111,32,48,4,16,11,52,58,9,11,16,2,23,14,54,4,3,15,5,41,4,126,11,71,14,23,15,52,6,0,4,2,2,0,2,4,0,0,0,1,0,0,0,0,1,1,0,0,1,0,0,0,0,0,0,0,0,1,1,1,0,0,4,0,1,1,3,0,0,0,0,0,0,0,0,0,0,0,0,0,0,0,0,0,0,0,0,0,0,0,0,0,1,1,1,1,0,0,0,0,0,4,3,2
25 - Καρδίτσας,29 E.T. Δήμου Καρδίτσας,545,391,1,2,3,388,99,22,31,7,24,15,47,69,12,12,9,1,43,22,45,6,1,19,4,31,6,143,12,95,19,23,6,54,7,0,2,1,3,2,1,6,2,1,3,0,0,0,0,0,1,0,0,1,0,0,0,0,0,0,0,0,0,0,0,0,0,0,4,1,0,1,0,0,0,0,0,0,0,0,0,2,2,1,2,1,2,2,0,0,0,0,0,0,0,0,1,1,1,0,0,0,0,0,0,0,0,6,2,2
25 - Καρδίτσας,30 E.T. Δήμου Καρδίτσας,362,217,3,2,5,212,73,8,29,11,14,20,24,51,20,9,9,3,28,10,35,3,0,4,2,33,1,17,2,9,1,6,3,7,3,2,0,2,0,0,0,1,0,0,0,0,0,0,0,0,6,0,2,0,0,4,0,0,3,3,0,0,0,1,0,1,1,0,11,5,3,2,0,1,1,0,0,0,0,0,0,0,0,0,0,0,0,2,2,0,0,0,0,0,2,0,0,0,0,0,0,0,0,0,0,0,0,5,2,1
25 - Καρδίτσας,31 E.T. Δήμου Καρδίτσας,146,105,0,0,0,105,51,7,12,4,17,14,28,23,7,9,1,2,10,3,6,1,0,0,0,4,1,16,0,1,5,9,0,4,1,1,1,0,0,0,0,1,0,0,0,0,1,1,0,0,0,0,0,0,0,0,0,0,0,0,0,0,0,0,0,2,0,0,4,3,1,1,3,0,0,0,0,0,0,0,0,0,0,0,0,0,0,0,0,0,0,0,0,0,0,0,0,0,0,0,0,0,0,0,0,0,0,0,0,0
25 - Καρδίτσας,32 E.T. Δήμου Καρδίτσας,204,141,1,0,1,140,42,0,21,3,7,5,22,18,4,5,2,5,3,3,48,10,1,7,11,40,1,13,1,2,2,10,0,0,2,0,0,1,0,1,0,1,0,0,0,0,0,0,0,0,0,0,0,0,0,0,0,0,0,0,0,0,0,1,1,0,0,0,3,1,0,1,1,0,0,0,0,0,0,1,0,0,0,0,0,0,0,0,0,5,0,0,0,0,0,0,0,0,0,0,0,0,0,0,0,5,4,1,0,0
25 - Καρδίτσας,33 E.T. Δήμου Καρδίτσας,505,288,6,0,6,282,97,15,44,6,32,29,45,62,6,6,9,9,29,22,50,1,1,1,32,47,0,32,1,8,10,23,1,13,5,1,0,2,1,2,1,4,1,3,1,0,6,3,3,2,1,0,1,1,0,0,0,0,2,1,0,0,1,4,2,1,0,0,7,1,3,1,1,0,0,0,0,0,0,0,0,0,0,0,0,0,0,0,0,1,1,0,0,0,0,0,1,1,2,0,0,0,0,0,0,1,1,6,3,1
25 - Καρδίτσας,34 E.T. Δήμου Καρδίτσας,215,134,5,0,5,129,55,2,23,3,16,28,21,29,4,4,15,2,12,2,12,1,0,0,7,9,0,5,3,1,2,1,0,1,8,4,3,3,1,1,0,2,0,0,1,0,2,2,0,1,0,0,0,0,0,0,0,0,2,0,0,1,0,1,1,4,4,3,4,2,1,0,4,0,0,0,0,0,0,0,0,0,0,0,1,1,0,0,0,0,0,0,0,0,0,0,0,0,0,0,2,1,0,0,1,0,0,2,2,1
25 - Καρδίτσας,35 E.T. Δήμου Καρδίτσας,388,211,2,1,3,208,87,24,41,10,20,12,39,29,4,10,7,1,17,4,14,2,0,4,2,10,0,49,5,38,7,14,0,14,2,0,0,1,1,0,0,3,2,0,0,0,0,0,0,0,0,0,0,0,0,0,0,0,0,0,0,0,0,6,5,3,1,1,7,6,0,1,3,0,0,0,0,0,0,0,0,0,0,0,0,0,0,2,2,0,0,0,0,0,0,0,0,0,2,2,1,0,1,1,0,1,1,2,2,0
25 - Καρδίτσας,36 E.T. Δήμου Καρδίτσας,238,121,1,0,1,120,31,8,8,2,8,5,16,29,5,7,6,1,14,4,26,2,1,4,1,23,12,13,4,4,2,8,2,4,4,2,0,1,0,3,0,1,1,1,0,0,0,0,0,0,0,0,0,0,0,0,0,0,0,0,0,0,0,4,4,0,0,0,1,1,0,1,0,0,0,0,0,0,0,0,0,0,0,0,0,0,0,0,0,2,2,2,0,0,1,0,0,0,1,1,0,0,0,0,0,2,2,5,2,1
25 - Καρδίτσας,37 E.T. Δήμου Καρδίτσας,223,140,4,0,4,136,76,15,32,2,27,14,38,18,3,2,6,1,10,3,20,0,0,2,0,9,17,4,0,2,1,2,0,1,4,1,0,1,0,0,0,2,1,0,0,2,0,0,0,0,0,0,0,0,0,0,0,0,1,0,0,1,1,2,2,0,0,0,0,0,0,0,0,0,0,0,0,0,0,0,0,0,0,0,0,0,0,2,2,0,0,0,0,0,2,2,0,0,1,1,0,0,0,0,0,1,1,3,2,2
25 - Καρδίτσας,38 E.T. Δήμου Καρδίτσας,605,347,8,1,9,338,219,145,74,8,41,16,82,34,5,4,5,1,17,5,20,1,1,8,3,13,5,34,7,13,5,17,0,7,7,1,1,2,1,0,1,1,0,0,0,0,2,1,0,0,1,1,0,0,1,0,0,0,0,0,0,0,0,1,1,2,1,0,7,1,1,2,3,0,0,0,0,0,0,0,0,1,0,0,2,1,1,0,0,0,0,0,0,0,0,0,1,0,1,0,3,2,1,1,0,1,0,1,0,0
25 - Καρδίτσας,39 E.T. Δήμου Καρδίτσας,599,309,5,2,7,302,172,19,69,6,53,17,108,52,17,21,9,4,24,5,42,4,0,10,4,24,9,5,0,1,4,2,2,1,8,5,1,0,1,2,1,2,2,1,1,0,1,0,0,1,0,0,0,0,0,0,0,0,0,0,0,0,0,0,0,3,3,2,9,4,2,1,2,0,0,0,0,0,0,0,0,0,0,0,0,0,0,0,0,3,3,2,0,0,1,1,0,0,3,2,1,0,0,1,1,0,0,0,0,0
25 - Καρδίτσας,40 E.T. Δήμου Καρδίτσας,359,224,6,5,11,213,103,13,29,21,22,11,60,44,6,8,11,8,17,9,31,4,2,5,1,23,7,11,1,5,4,3,2,0,2,0,0,0,0,1,1,4,1,1,1,1,2,0,0,2,1,0,0,1,0,0,0,0,2,0,1,0,1,2,1,0,0,0,1,1,0,0,1,0,0,0,0,0,0,0,0,0,0,0,0,0,0,0,0,0,0,0,0,0,0,0,2,2,2,2,1,0,0,0,0,2,1,3,2,0
25 - Καρδίτσας,41 E.T. Δήμου Καρδίτσας,468,301,10,1,11,290,142,18,43,6,40,22,96,37,1,8,7,9,19,11,48,2,1,5,2,40,9,18,8,5,3,3,3,2,10,4,1,1,0,0,1,3,1,1,1,0,4,3,2,2,3,0,0,0,0,0,0,0,1,0,0,0,1,1,0,4,0,0,6,2,1,2,2,1,0,0,0,0,0,0,0,0,0,0,0,0,0,0,0,2,1,2,0,0,0,0,3,1,2,2,1,1,0,0,0,0,0,4,2,2
25 - Καρδίτσας,42 E.T. Δήμου Καρδίτσας,459,270,5,3,8,262,117,15,47,8,26,15,70,62,9,6,39,5,33,6,42,3,1,9,2,38,8,29,5,6,7,2,3,1,3,0,0,0,1,1,0,2,0,0,1,0,1,1,1,0,1,0,0,0,0,0,0,0,1,0,0,0,1,0,0,0,0,0,2,0,0,0,0,0,0,0,0,0,0,0,0,0,0,0,0,0,0,0,0,0,0,0,0,0,0,0,0,0,0,0,0,0,0,0,0,0,0,2,0,0
25 - Καρδίτσας,43 E.T. Δήμου Καρδίτσας,458,250,6,1,7,243,92,7,32,5,21,9,59,40,4,7,22,2,21,4,47,0,0,4,1,47,3,34,2,12,9,11,9,8,8,4,3,3,2,0,0,0,0,0,0,0,1,0,1,1,0,0,0,0,0,0,0,0,0,0,0,0,0,4,3,0,0,0,4,3,1,2,2,1,1,0,0,0,0,0,0,0,0,0,0,0,0,0,0,1,1,1,0,0,0,0,1,0,2,2,1,0,0,0,0,0,0,7,3,1
25 - Καρδίτσας,44 E.T. Δήμου Καρδίτσας,429,286,8,1,9,277,117,15,42,1,19,14,80,56,20,1,26,12,19,9,58,2,0,15,1,52,6,24,4,6,5,6,4,10,5,2,0,1,0,0,1,2,0,0,2,0,4,2,1,0,2,1,0,0,0,0,0,0,0,0,0,0,0,0,0,0,0,0,0,0,0,0,0,3,1,1,0,0,0,0,0,0,0,0,0,0,0,1,0,1,1,1,0,0,0,0,0,0,0,0,1,1,0,0,0,1,1,1,1,0
25 - Καρδίτσας,45 E.T. Δήμου Καρδίτσας,210,134,2,0,2,132,74,8,17,2,18,39,45,22,7,5,5,2,15,1,20,0,0,10,4,13,2,5,0,1,2,0,0,0,4,1,2,2,2,0,0,1,0,0,0,1,0,0,0,0,0,0,0,0,0,0,0,0,2,1,1,1,0,0,0,0,0,0,0,0,0,0,0,0,0,0,0,0,0,0,0,1,1,1,1,0,0,0,0,0,0,0,0,0,0,0,1,0,0,0,1,0,0,1,1,0,0,0,0,0
25 - Καρδίτσας,46 E.T. Δήμου Καρδίτσας,533,339,9,1,10,329,128,10,58,8,38,9,78,69,5,26,13,2,22,24,62,12,1,17,1,42,15,23,3,3,6,11,2,13,9,2,2,2,3,1,2,8,1,0,3,3,12,6,3,6,0,0,0,0,0,0,0,0,1,0,0,0,0,0,0,1,0,1,5,0,0,0,4,0,0,0,0,0,0,0,0,1,1,1,0,0,0,1,1,2,1,0,0,0,0,0,1,0,2,0,1,0,1,0,0,3,1,0,0,0
25 - Καρδίτσας,47 E.T. Δήμου Καρδίτσας,391,280,2,0,2,278,82,9,15,7,30,15,51,31,4,11,2,2,18,13,140,1,0,6,15,135,15,9,2,4,2,1,2,0,4,1,1,1,1,1,0,0,0,0,0,0,1,1,0,0,2,0,0,1,1,2,0,0,0,0,0,0,0,0,0,0,0,0,2,0,0,1,1,0,0,0,0,0,0,2,0,0,0,0,1,1,1,0,0,1,0,0,0,0,1,0,0,0,0,0,0,0,0,0,0,1,1,1,0,0
25 - Καρδίτσας,48 E.T. Δήμου Καρδίτσας,381,255,5,0,5,250,64,3,10,2,20,19,40,26,2,10,7,4,10,8,135,1,0,3,10,133,8,3,0,0,1,1,0,0,5,0,1,1,1,1,1,1,0,0,0,0,0,0,0,0,1,0,0,1,0,0,0,0,0,0,0,0,0,0,0,0,0,0,2,1,0,1,0,0,0,0,0,0,0,0,0,0,0,0,0,0,0,0,0,0,0,0,0,0,0,0,0,0,4,0,0,0,0,0,0,1,1,8,1,0
25 - Καρδίτσας,49 E.T. Δήμου Καρδίτσας,543,346,1,1,2,344,192,17,95,9,66,16,97,51,3,22,14,6,20,3,58,1,0,14,2,44,13,6,1,0,0,3,0,1,9,0,0,1,3,7,2,3,0,0,3,2,1,0,1,0,0,0,0,0,0,0,0,0,0,0,0,0,0,3,2,1,0,0,3,1,0,1,3,0,0,0,0,0,0,0,0,1,1,1,1,1,0,0,0,4,3,4,0,0,0,0,0,0,3,2,5,2,1,1,0,0,0,3,1,0
25 - Καρδίτσας,50 E.T. Δήμου Καρδίτσας,555,344,2,0,2,342,199,23,116,7,71,20,84,42,4,14,12,4,17,6,45,0,0,10,0,40,10,15,3,5,7,4,1,3,16,4,4,5,3,4,0,1,0,0,1,1,3,1,1,0,2,1,0,0,0,1,0,0,0,0,0,0,0,1,0,0,0,0,4,1,0,2,0,0,0,0,0,0,0,1,0,0,0,0,1,0,0,1,0,2,1,2,0,0,1,1,2,1,0,0,3,2,1,0,1,2,2,1,1,1
25 - Καρδίτσας,51 E.T. Δήμου Καρδίτσας,357,255,3,2,5,250,114,19,44,4,28,14,72,49,8,11,12,5,26,19,46,3,1,13,0,40,13,15,2,0,3,6,12,2,4,1,1,0,2,1,0,5,1,0,2,3,2,1,0,2,0,0,0,0,0,0,0,0,2,1,1,0,1,1,1,1,1,1,1,0,0,1,1,0,0,0,0,0,0,0,0,0,0,0,0,0,0,1,1,1,0,0,0,0,0,0,0,0,0,0,2,2,0,1,0,2,2,4,2,2
25 - Καρδίτσας,52 E.T. Δήμου Καρδίτσας,443,306,5,3,8,298,159,16,57,17,44,34,87,36,2,6,6,18,9,7,52,6,0,30,2,44,1,6,1,2,3,2,1,1,12,7,2,4,3,0,1,7,2,3,3,4,1,1,0,0,0,0,0,0,0,0,0,0,1,0,0,0,0,1,0,4,2,3,6,2,1,1,4,0,0,0,0,0,0,0,0,0,0,0,0,0,0,1,1,0,0,0,0,0,2,0,1,1,1,1,0,0,0,0,0,1,1,7,5,2
25 - Καρδίτσας,53 E.T. Δήμου Καρδίτσας,444,288,3,1,4,284,154,5,57,14,57,27,84,49,5,10,7,13,27,17,37,4,0,13,2,30,6,13,4,8,1,3,3,1,7,4,2,1,1,1,0,3,0,1,2,1,0,0,0,0,4,0,4,1,0,0,0,0,2,0,0,1,0,2,1,1,0,0,4,1,1,1,1,1,0,0,0,0,0,1,1,0,0,0,0,0,0,0,0,0,0,0,0,0,0,0,0,0,0,0,3,1,1,2,1,1,1,2,1,0
25 - Καρδίτσας,54 E.T. Δήμου Καρδίτσας,485,349,4,0,4,345,155,8,42,16,30,39,95,44,2,17,12,5,14,8,83,4,0,22,1,58,23,17,3,5,3,2,1,5,11,1,3,0,1,4,1,2,0,1,1,1,2,0,0,2,0,0,0,0,0,0,0,0,3,2,1,0,0,2,2,3,1,2,2,0,2,0,0,0,0,0,0,0,0,0,0,2,0,0,1,1,0,3,0,3,0,1,0,0,1,0,1,0,0,0,4,2,0,0,0,0,0,6,4,4
25 - Καρδίτσας,55 E.T. Δήμου Καρδίτσας,475,325,5,3,8,317,158,3,41,5,55,34,99,41,0,15,7,9,17,3,66,5,0,22,5,49,8,14,1,3,5,5,1,1,13,2,4,3,2,2,0,8,0,1,4,4,2,0,0,2,0,0,0,0,0,0,0,0,0,0,0,0,0,2,1,0,0,0,3,2,2,1,1,1,1,0,0,0,0,0,0,0,0,0,0,0,0,2,1,0,0,0,0,0,0,0,1,1,0,0,2,1,1,1,0,0,0,4,3,3
25 - Καρδίτσας,56 E.T. Δήμου Καρδίτσας,377,240,8,1,9,231,124,19,34,7,30,16,64,35,0,16,3,6,22,11,35,3,1,5,0,33,3,10,0,4,4,4,0,0,4,2,1,1,2,0,0,3,1,2,0,1,1,1,0,1,2,0,0,0,0,0,0,0,1,0,0,0,0,0,0,1,1,0,5,0,0,0,3,0,0,0,0,0,0,0,0,0,0,0,0,0,0,0,0,0,0,0,0,0,0,0,0,0,0,0,2,1,0,0,0,2,2,6,5,4
25 - Καρδίτσας,57 E.T. Δήμου Καρδίτσας,434,313,5,0,5,308,122,6,43,10,45,20,67,52,9,11,12,4,32,10,38,2,0,4,6,35,4,37,9,15,10,15,2,10,5,0,0,2,2,0,0,11,1,1,4,3,0,0,0,0,0,0,0,0,0,0,0,0,4,2,1,2,1,11,10,3,2,1,5,1,1,1,2,0,0,0,0,0,0,0,0,2,1,2,1,1,0,1,1,1,0,0,0,0,0,0,0,0,2,2,7,7,1,0,1,0,0,6,2,1
25 - Καρδίτσας,58 E.T. Δήμου Καρδίτσας,435,293,5,1,6,287,85,4,33,6,22,14,53,58,5,10,10,7,28,12,62,6,1,11,3,56,7,41,4,12,10,25,2,16,7,1,0,2,0,0,1,0,0,0,0,0,0,0,0,0,0,0,0,0,0,0,0,0,1,0,0,0,0,4,2,2,1,2,8,0,0,1,1,0,0,0,0,0,0,1,0,2,0,0,0,0,0,1,1,0,0,0,1,0,0,0,1,1,1,1,9,9,0,1,1,0,0,3,1,1
25 - Καρδίτσας,59 E.T. Δήμου Καρδίτσας,516,351,9,1,10,341,157,25,45,13,44,33,85,65,10,12,11,13,39,11,35,4,1,9,3,31,5,35,4,18,5,19,7,5,12,4,1,3,5,5,0,5,1,0,1,1,2,0,1,2,0,0,0,0,0,0,0,0,0,0,0,0,0,3,2,1,1,1,9,5,2,1,2,0,0,0,0,0,0,0,0,0,0,0,1,1,1,2,2,2,1,0,0,0,2,0,2,1,4,4,1,1,0,0,1,0,0,3,2,0
25 - Καρδίτσας,60 E.T. Δήμου Καρδίτσας,521,344,3,3,6,338,141,25,40,14,34,27,80,67,7,12,8,11,40,16,49,6,2,11,3,37,6,30,5,13,4,10,2,0,10,3,2,2,2,2,2,15,2,1,4,5,2,0,0,0,1,0,1,1,0,0,0,0,1,1,0,0,1,4,2,1,0,0,7,3,3,0,1,0,0,0,0,0,0,0,0,0,0,0,3,0,1,0,0,1,0,0,0,0,0,0,1,1,3,2,1,0,0,0,0,0,0,1,1,0
25 - Καρδίτσας,61 E.T. Δήμου Καρδίτσας,516,335,3,2,5,330,123,15,43,13,29,19,73,57,8,14,10,6,23,12,39,7,1,8,3,26,9,38,8,19,4,11,4,9,12,3,3,5,3,1,0,10,0,1,3,4,0,0,0,0,1,0,0,0,0,0,0,0,8,3,1,3,2,0,0,2,1,2,10,4,2,5,5,0,0,0,0,0,0,0,0,0,0,0,0,0,0,2,2,6,2,2,0,0,0,0,3,1,4,4,2,2,1,0,0,4,3,9,5,3
25 - Καρδίτσας,62 E.T. Δήμου Καρδίτσας,508,289,7,1,8,281,96,10,34,5,20,18,71,84,24,13,10,9,32,16,35,2,0,11,2,24,4,19,3,6,4,11,5,2,12,4,0,2,3,5,1,12,2,4,4,4,0,0,0,0,2,1,0,1,1,1,0,0,3,0,0,0,0,0,0,1,1,1,10,4,0,3,3,0,0,0,0,0,0,0,0,0,0,0,0,0,0,0,0,0,0,0,0,0,0,0,0,0,0,0,2,1,0,1,0,1,1,4,1,2
25 - Καρδίτσας,63 E.T. Δήμου Καρδίτσας,517,311,8,2,10,301,97,17,33,6,21,19,52,79,11,10,13,11,42,18,33,5,1,11,1,26,6,47,6,12,13,22,7,9,10,2,3,3,3,2,1,6,2,1,3,0,0,0,0,0,2,0,1,0,0,1,0,0,2,0,0,1,0,3,3,2,1,0,5,0,0,3,3,1,0,0,0,0,0,1,0,0,0,0,1,1,0,0,0,1,0,0,0,0,1,1,1,0,1,1,1,0,0,1,1,5,2,2,2,2
25 - Καρδίτσας,64 E.T. Δήμου Καρδίτσας,506,316,7,1,8,308,95,9,34,11,19,14,55,86,12,23,12,11,59,17,35,6,2,8,2,27,4,39,6,11,16,21,6,3,12,2,1,6,2,1,1,7,0,1,3,2,1,1,0,0,2,1,1,1,1,0,1,0,1,0,0,0,0,4,2,2,2,2,3,2,1,0,1,0,0,0,0,0,0,0,0,0,0,0,0,0,0,1,1,6,4,4,0,0,2,2,2,0,0,0,0,0,0,0,0,0,0,9,7,6
25 - Καρδίτσας,65 E.T. Δήμου Καρδίτσας,518,324,4,1,5,319,138,28,45,18,23,34,68,72,12,12,11,21,35,22,34,6,1,7,0,28,5,28,3,15,5,9,9,5,8,2,1,3,2,1,2,5,2,0,3,3,1,0,0,0,0,0,0,0,0,0,0,0,6,1,1,4,2,0,0,1,0,0,10,5,2,4,2,0,0,0,0,0,0,0,0,0,0,0,0,0,0,0,0,2,2,2,0,0,0,0,1,1,0,0,4,3,0,1,0,1,1,8,5,4
25 - Καρδίτσας,66 E.T. Δήμου Καρδίτσας,505,306,9,1,10,296,114,14,40,12,39,28,52,71,9,12,11,17,44,26,28,3,2,4,4,24,5,37,10,8,9,15,5,2,7,2,0,1,0,1,1,4,1,1,1,2,1,1,1,0,3,1,2,0,0,1,0,0,2,0,0,0,0,1,1,2,0,0,6,2,2,1,2,0,0,1,1,0,0,1,1,0,0,0,1,0,1,2,2,6,4,4,0,0,0,0,0,0,2,1,1,0,0,0,0,2,1,4,3,3
25 - Καρδίτσας,67 E.T. Δήμου Καρδίτσας,507,289,4,3,7,282,106,16,36,10,31,19,57,61,5,8,12,13,19,17,25,6,0,3,1,17,11,32,8,10,11,16,2,4,9,1,1,1,3,2,1,10,2,3,4,3,1,1,1,0,3,1,2,2,0,0,0,0,6,2,1,1,0,2,2,3,1,1,12,4,3,2,7,0,0,0,0,0,0,0,0,0,0,0,0,0,0,0,0,3,1,2,0,0,0,0,1,0,0,0,0,0,0,0,0,2,2,6,2,3
25 - Καρδίτσας,68 E.T. Δήμου Καρδίτσας,523,335,9,2,11,324,112,17,36,2,26,29,56,84,14,11,7,11,62,20,33,4,2,6,3,19,4,36,6,13,9,13,5,2,12,5,3,1,3,1,1,9,1,0,1,4,0,0,0,0,0,0,0,0,0,0,0,0,3,0,0,1,1,1,1,1,0,0,9,2,3,0,5,0,0,0,0,0,0,1,0,1,1,1,0,0,0,3,2,4,4,2,0,0,2,1,1,0,0,0,1,0,0,1,0,2,2,9,6,5
25 - Καρδίτσας,69 E.T. Δήμου Καρδίτσας,513,312,3,0,3,309,118,31,39,14,25,22,57,84,16,13,24,12,42,20,30,5,1,5,2,26,2,21,2,9,6,9,1,1,13,7,2,3,1,2,3,10,2,2,6,5,3,0,1,2,2,0,1,0,0,1,0,0,3,2,0,1,1,0,0,3,2,1,5,4,3,0,1,0,0,0,0,0,0,1,0,0,0,0,1,1,0,1,0,3,2,2,0,0,1,1,0,0,0,0,0,0,0,0,0,2,2,8,8,6
25 - Καρδίτσας,70 E.T. Δήμου Καρδίτσας,514,364,20,1,21,343,129,18,53,15,35,25,63,79,15,14,11,15,45,24,43,7,0,17,1,26,5,38,6,6,14,16,4,6,10,0,3,3,5,0,1,9,1,2,3,3,3,1,0,1,1,0,0,0,0,0,1,0,1,1,0,0,0,0,0,3,2,1,7,3,1,1,4,0,0,0,0,0,0,0,0,0,0,0,0,0,0,0,0,3,1,2,0,0,0,0,7,3,4,1,2,0,1,1,2,1,1,2,1,1
25 - Καρδίτσας,71 E.T. Δήμου Καρδίτσας,512,344,12,0,12,332,163,16,61,17,52,38,68,61,12,11,12,11,33,15,30,2,1,4,0,27,1,38,6,9,8,21,7,0,8,0,0,1,2,1,0,6,0,4,5,1,0,0,0,0,0,0,0,0,0,0,0,0,2,0,0,1,0,0,0,3,2,2,11,4,3,2,3,0,0,0,0,0,0,0,0,0,0,0,2,2,1,0,0,0,0,0,0,0,0,0,1,1,0,0,1,1,0,0,0,0,0,6,3,1
25 - Καρδίτσας,72 E.T. Δήμου Καρδίτσας,516,321,12,2,14,307,128,12,30,10,24,39,70,65,5,10,24,9,35,14,35,7,0,5,5,26,4,29,5,7,5,12,4,1,10,4,2,1,3,3,1,3,2,1,1,0,1,0,0,1,1,0,0,0,0,0,0,0,4,3,1,1,0,0,0,3,1,2,7,3,4,3,2,0,0,0,0,0,0,0,0,0,0,0,1,1,1,1,1,4,3,3,0,0,0,0,0,0,2,1,2,1,0,1,0,1,1,10,6,3
25 - Καρδίτσας,73 E.T. Δήμου Καρδίτσας,517,340,2,2,4,336,153,24,39,15,26,26,90,58,12,8,13,12,29,20,40,1,0,7,4,33,11,26,3,11,4,8,6,2,7,2,1,1,3,3,0,8,1,3,6,2,2,0,0,1,1,0,0,0,0,0,0,0,5,2,1,1,2,3,1,3,1,0,11,8,4,6,1,0,0,0,0,0,0,0,0,0,0,0,0,0,0,1,1,1,1,1,0,0,0,0,1,1,4,1,3,0,0,2,1,1,1,8,2,2
25 - Καρδίτσας,74 E.T. Δήμου Καρδίτσας,520,285,8,2,10,275,94,9,42,4,19,21,44,98,23,11,13,13,46,22,23,4,1,4,1,18,1,29,7,4,10,16,3,1,3,0,1,0,0,0,0,5,0,1,3,0,2,1,0,1,0,0,0,0,0,0,0,0,1,1,0,0,1,2,1,1,0,0,1,0,1,1,0,0,0,0,0,0,0,0,0,2,1,0,1,1,1,0,0,2,1,1,0,0,0,0,1,0,1,0,1,0,0,0,0,3,2,5,3,3
25 - Καρδίτσας,75 E.T. Δήμου Καρδίτσας,512,345,6,3,9,336,144,15,48,10,31,37,73,71,9,8,16,11,44,16,33,5,1,9,1,24,4,50,11,12,17,10,3,3,7,2,4,2,0,1,1,6,2,3,0,2,1,0,0,1,0,0,0,0,0,0,0,0,0,0,0,0,0,3,0,1,1,0,6,2,2,2,1,0,0,0,0,0,0,0,0,1,1,1,2,0,1,0,0,5,3,1,0,0,0,0,0,0,0,0,1,0,1,1,0,2,1,3,0,0
25 - Καρδίτσας,76 E.T. Δήμου Καρδίτσας,524,348,8,0,8,340,142,22,44,13,28,41,72,68,8,8,12,8,43,24,34,3,0,12,2,25,8,32,4,8,10,12,7,0,13,3,1,3,5,1,1,9,3,2,5,4,1,1,1,0,6,0,4,1,0,2,0,0,1,0,0,1,1,1,0,2,1,1,10,2,1,3,5,0,0,1,1,0,0,0,0,0,0,0,1,0,0,1,1,1,1,1,0,0,0,0,5,1,1,1,4,0,0,3,2,3,2,4,3,2
25 - Καρδίτσας,77 E.T. Δήμου Καρδίτσας,493,301,14,1,15,286,120,13,40,9,35,17,64,73,12,10,17,8,36,13,29,9,1,7,2,16,4,25,8,5,4,8,3,1,9,2,3,2,1,2,0,2,0,0,2,2,2,2,0,1,3,0,0,0,0,3,0,0,2,0,0,0,0,2,2,1,0,0,5,0,3,0,3,1,1,0,0,0,0,0,0,1,0,0,0,0,0,0,0,0,0,0,0,0,0,0,0,0,0,0,2,0,0,2,1,2,1,7,6,4
25 - Καρδίτσας,78 E.T. Δήμου Καρδίτσας,518,383,12,1,13,370,160,31,50,16,18,27,95,75,13,14,15,11,37,9,44,5,1,11,1,39,2,36,8,11,9,13,7,1,11,5,1,7,1,0,0,9,4,2,4,3,1,1,1,0,0,0,0,0,0,0,0,0,4,2,0,1,0,2,0,0,0,0,9,3,1,3,4,1,0,0,0,0,0,0,0,0,0,0,1,0,0,3,2,5,1,0,0,0,0,0,1,1,0,0,2,2,0,0,0,0,0,6,2,0
25 - Καρδίτσας,79 E.T. Δήμου Καρδίτσας,515,364,13,3,16,348,170,27,61,21,28,49,93,72,14,16,10,11,40,25,34,1,0,7,3,27,5,21,2,11,7,11,5,0,8,3,2,2,1,1,0,5,1,3,2,2,2,0,2,2,5,0,3,1,0,2,0,0,2,1,0,0,0,0,0,2,1,0,10,1,0,2,1,0,0,0,0,0,0,0,0,0,0,0,0,0,0,0,0,2,1,1,0,0,0,0,6,3,1,1,2,0,1,2,1,2,0,4,4,3
25 - Καρδίτσας,80 E.T. Δήμου Καρδίτσας,519,328,13,2,15,313,125,22,50,17,28,19,51,89,30,7,20,10,37,13,41,4,0,5,1,34,6,24,6,5,6,7,5,6,7,3,1,1,3,3,1,7,0,1,0,3,0,0,0,0,0,0,0,0,0,0,0,0,0,0,0,0,0,0,0,2,1,0,6,1,2,1,4,0,0,0,0,0,0,0,0,0,0,0,0,0,0,0,0,0,0,0,0,0,0,0,1,1,2,2,1,0,0,1,1,0,0,8,2,2
25 - Καρδίτσας,81 E.T. Δήμου Καρδίτσας,527,345,10,4,14,331,131,26,40,16,22,25,60,78,14,15,11,8,36,17,50,3,0,12,3,41,5,24,2,11,6,10,3,1,6,0,0,2,3,0,1,8,3,0,3,2,0,0,0,0,2,0,0,0,0,0,0,0,0,0,0,0,0,2,1,4,0,0,6,1,1,2,2,0,0,1,0,0,0,0,0,0,0,0,1,0,0,1,1,0,0,0,0,0,0,0,0,0,3,2,2,1,0,0,1,1,0,11,5,4
25 - Καρδίτσας,82 E.T. Δήμου Καρδίτσας,530,359,6,2,8,351,152,30,53,13,32,29,86,70,9,6,20,11,40,16,40,5,1,12,7,30,4,28,6,14,7,13,5,1,11,3,6,1,1,2,1,4,0,0,2,0,0,0,0,0,1,0,0,0,0,0,0,0,3,1,0,0,2,4,4,4,2,2,8,1,2,2,3,0,0,0,0,0,0,1,0,0,0,0,1,1,1,0,0,1,0,0,0,0,1,0,4,3,3,1,4,0,0,1,1,2,1,9,4,3
25 - Καρδίτσας,83 E.T. Δήμου Καρδίτσας,511,353,6,1,7,346,136,16,38,11,26,43,74,80,11,15,7,18,47,18,53,5,0,9,5,40,8,28,5,7,6,13,4,3,10,3,4,1,1,2,0,4,2,0,3,1,0,0,0,0,4,0,0,1,0,3,1,0,2,0,0,0,0,2,1,3,1,0,3,1,1,0,2,0,0,0,0,0,0,0,0,0,0,0,1,1,1,0,0,2,1,1,0,0,0,0,0,0,8,4,1,0,0,1,1,3,3,5,2,2
25 - Καρδίτσας,84 E.T. Δήμου Καρδίτσας,529,348,3,3,6,342,151,24,22,17,35,30,84,62,12,4,12,8,32,24,39,2,1,8,8,32,4,35,5,9,9,15,2,3,7,0,2,4,0,0,0,5,0,0,1,1,0,0,0,0,0,0,0,0,0,0,0,0,6,1,1,2,1,2,2,2,0,1,15,7,0,4,4,1,0,0,0,0,0,0,0,2,0,0,0,0,0,4,4,2,1,1,0,0,0,0,0,0,1,0,1,0,0,0,0,3,3,4,3,1
25 - Καρδίτσας,85 E.T. Δήμου Καρδίτσας,555,385,2,4,6,379,139,16,59,9,23,28,77,97,17,13,15,16,37,24,43,6,1,9,3,30,4,36,5,13,9,12,9,2,8,3,3,1,1,1,1,10,2,1,4,3,1,0,0,0,2,0,1,2,1,0,0,0,4,1,1,4,1,1,1,5,5,3,10,3,3,2,3,0,0,0,0,0,0,0,0,0,0,0,1,0,1,1,0,5,2,1,0,0,0,0,1,1,2,2,0,0,0,0,0,0,0,13,13,12
25 - Καρδίτσας,86 E.T. Δήμου Καρδίτσας,561,400,18,3,21,379,162,27,60,11,29,26,78,66,15,5,13,10,41,20,46,7,1,15,2,34,10,31,11,12,8,11,1,0,8,2,1,3,2,2,1,12,3,1,3,3,1,0,0,0,2,0,0,1,0,2,0,0,5,1,1,4,1,7,0,5,1,2,20,6,3,4,9,1,0,0,0,0,0,0,0,0,0,0,0,0,0,1,1,0,0,0,0,0,0,0,1,1,1,0,2,0,0,0,0,1,1,7,4,1
25 - Καρδίτσας,87 E.T. Δήμου Καρδίτσας,554,361,10,2,12,349,149,17,43,12,30,35,99,77,12,18,16,11,36,12,25,3,0,7,0,22,5,43,7,18,9,15,8,3,11,1,1,5,3,1,0,4,2,0,2,1,2,0,1,2,1,0,1,0,0,0,0,0,2,0,0,0,1,1,1,2,1,1,14,4,1,0,8,0,0,0,0,0,0,0,0,0,0,0,0,0,0,2,2,5,2,1,0,0,0,0,2,0,1,1,1,0,0,1,0,1,0,6,2,1
25 - Καρδίτσας,88 E.T. Δήμου Καρδίτσας,510,365,7,1,8,357,156,23,46,19,35,35,89,79,11,9,14,21,42,21,47,5,1,12,0,39,4,26,6,13,5,14,4,2,7,2,0,1,1,3,1,5,2,1,3,2,0,0,0,0,1,0,0,0,0,0,0,0,3,0,0,2,1,3,2,2,1,1,5,0,1,1,2,1,1,1,1,0,0,0,0,0,0,0,0,0,0,0,0,4,3,3,0,0,1,0,2,1,1,1,0,0,0,0,0,3,3,10,6,3
25 - Καρδίτσας,89 E.T. Δήμου Καρδίτσας,496,348,10,3,13,335,142,13,37,24,27,34,88,69,8,6,13,8,48,19,23,2,1,6,0,18,6,39,10,13,4,12,8,2,14,5,2,1,7,3,3,7,0,0,3,2,1,0,0,0,0,0,0,0,0,0,0,0,4,0,0,2,0,2,1,1,1,1,14,6,2,1,5,0,0,0,0,0,0,0,0,0,0,0,1,1,0,2,1,4,2,1,0,0,0,0,3,2,1,1,1,1,0,0,0,2,0,5,2,2
25 - Καρδίτσας,90 E.T. Δήμου Καρδίτσας,528,360,11,2,13,347,126,20,39,9,27,42,65,85,20,10,11,12,49,25,42,5,0,11,1,32,7,31,8,8,4,11,6,3,11,1,3,2,3,1,1,13,1,4,4,2,0,0,0,0,2,0,1,1,0,0,1,0,3,3,0,0,0,0,0,5,2,2,7,3,2,2,4,0,0,1,0,0,0,0,0,0,0,0,1,1,1,2,1,3,2,1,0,0,0,0,1,1,1,0,1,1,0,1,0,3,0,8,6,2
25 - Καρδίτσας,91 E.T. Δήμου Καρδίτσας,522,362,9,2,11,351,146,28,37,13,40,31,77,85,20,8,14,16,46,28,43,7,0,9,1,27,12,25,5,11,5,10,0,3,4,0,1,0,2,1,0,9,1,1,3,1,2,1,1,0,0,0,0,0,0,0,0,0,2,2,0,0,1,4,4,3,1,0,6,2,1,1,3,1,1,1,0,0,0,0,0,0,0,0,1,0,0,1,1,3,2,1,0,0,0,0,1,0,0,0,3,1,1,2,0,1,1,10,6,5
25 - Καρδίτσας,92 E.T. Δήμου Καρδίτσας,533,379,12,4,16,363,145,34,38,14,35,27,83,92,14,21,13,20,36,28,40,3,1,14,5,31,2,25,2,9,6,8,7,1,20,2,0,6,9,6,1,8,1,1,3,1,3,1,1,2,3,1,1,0,0,0,0,0,0,0,0,0,0,2,1,1,0,0,7,1,1,3,4,0,0,0,0,0,0,1,0,0,0,0,0,0,0,0,0,3,2,0,0,0,1,1,1,0,2,1,3,1,0,1,1,4,3,2,0,0
25 - Καρδίτσας,93 E.T. Δήμου Καρδίτσας,501,364,2,2,4,360,157,31,51,11,41,36,88,87,6,9,21,12,50,26,29,3,1,10,4,21,4,27,8,10,7,5,7,3,7,1,1,1,2,0,3,10,2,2,5,7,3,0,0,0,3,0,0,0,0,0,0,0,2,2,0,2,0,0,0,3,2,2,11,4,3,2,1,1,1,2,1,0,0,0,0,0,0,0,0,0,0,2,2,1,1,1,0,0,0,0,3,2,5,2,1,0,0,0,0,0,0,6,5,2
25 - Καρδίτσας,94 E.T. Δήμου Καρδίτσας,552,363,16,3,19,344,135,14,42,9,37,33,75,87,12,18,8,15,56,14,24,1,2,4,1,18,2,35,8,10,9,13,3,4,10,3,1,3,3,2,1,8,1,0,5,1,1,1,1,0,3,0,1,0,0,0,0,0,5,2,1,1,0,3,2,3,1,0,6,1,0,0,1,0,0,0,0,0,0,0,0,0,0,0,0,0,0,1,1,2,1,2,0,0,1,1,1,1,4,3,0,0,0,0,0,7,4,8,7,5
25 - Καρδίτσας,95 E.T. Δήμου Καρδίτσας,549,377,7,2,9,368,148,18,59,19,34,22,72,97,17,8,21,12,53,31,27,3,0,6,2,22,3,34,6,16,4,12,3,0,9,4,1,3,1,0,1,10,5,2,4,3,0,0,0,0,0,0,0,0,0,0,0,0,3,2,1,0,0,0,0,4,1,1,13,7,2,3,2,0,0,0,0,0,0,0,0,0,0,0,1,0,0,3,3,3,2,3,0,0,2,1,1,0,1,0,2,0,0,0,2,2,1,8,5,1
25 - Καρδίτσας,96 E.T. Δήμου Καρδίτσας,543,391,5,8,13,378,137,16,46,18,30,41,63,89,12,14,11,17,58,23,58,6,0,8,3,50,11,37,5,15,5,14,5,2,10,2,3,1,2,2,1,9,1,3,0,2,2,1,1,1,1,1,0,0,0,1,1,1,4,0,0,3,1,2,2,0,0,0,5,1,1,1,1,0,0,3,3,0,0,0,0,1,0,0,1,0,0,0,0,2,1,0,0,0,0,0,0,0,2,2,3,1,0,1,1,1,1,10,7,5
25 - Καρδίτσας,97 E.T. Δήμου Καρδίτσας,557,346,10,1,11,335,115,13,31,15,31,23,59,95,25,7,6,11,33,14,49,12,0,8,4,33,7,23,10,10,7,6,1,1,16,2,2,7,2,3,1,6,2,2,1,1,0,0,0,0,0,0,0,0,0,0,0,0,2,0,0,1,0,0,0,0,0,0,11,4,3,4,6,0,0,0,0,0,0,0,0,0,0,0,1,0,1,0,0,2,0,0,1,1,0,0,4,0,1,1,2,1,0,2,1,0,0,7,6,1
25 - Καρδίτσας,98 E.T. Δήμου Καρδίτσας,544,364,4,1,5,359,150,18,63,13,34,38,76,72,14,13,15,15,28,15,29,2,1,3,3,27,4,44,6,13,8,16,8,2,15,5,3,5,5,2,1,8,1,1,1,1,3,0,0,1,1,0,1,1,0,0,0,0,3,1,0,0,0,2,1,3,2,1,12,4,0,3,4,0,0,0,0,0,0,0,0,0,0,0,0,0,0,1,1,3,1,2,0,0,1,0,2,0,0,0,0,0,0,0,0,2,0,8,5,5
25 - Καρδίτσας,99 E.T. Δήμου Καρδίτσας,548,371,7,2,9,362,120,15,34,11,26,27,56,89,23,11,18,13,56,18,53,8,2,10,10,36,10,36,10,15,9,7,3,3,7,1,1,2,3,2,0,15,3,2,8,4,2,2,0,1,4,1,2,0,1,1,1,0,2,1,1,1,1,1,1,0,0,0,10,0,2,5,5,0,0,0,0,0,0,1,1,0,0,0,0,0,0,1,1,4,2,2,0,0,1,0,2,2,0,0,1,0,0,0,0,1,1,11,10,3
25 - Καρδίτσας,100 E.T. Δήμου Καρδίτσας,540,361,3,1,4,357,158,49,58,16,36,34,82,69,12,9,14,17,43,14,36,3,1,11,2,34,1,36,8,16,4,12,8,2,15,1,6,5,3,0,0,8,2,1,3,2,1,1,0,1,0,0,0,0,0,0,0,0,3,0,0,0,0,3,2,3,1,1,5,1,1,0,2,0,0,3,2,0,0,0,0,0,0,0,1,0,1,1,1,6,3,0,0,0,0,0,1,1,0,0,1,1,0,0,0,0,0,7,2,1
25 - Καρδίτσας,101 E.T. Δήμου Καρδίτσας,548,388,3,2,5,383,140,20,59,10,31,28,67,97,15,16,13,29,55,21,52,7,1,9,1,41,7,30,8,12,1,10,3,1,17,0,4,14,1,1,0,13,1,4,8,6,2,2,0,2,2,1,0,1,0,1,0,0,1,0,0,1,0,1,0,3,1,2,8,2,2,1,3,0,0,1,0,0,0,0,0,0,0,0,0,0,0,0,0,3,0,2,0,0,2,1,1,1,0,0,3,0,1,1,0,4,4,3,3,0
25 - Καρδίτσας,102 E.T. Δήμου Καρδίτσας,538,387,4,2,6,381,166,12,60,17,48,24,93,63,6,6,12,9,39,20,49,7,1,13,3,32,12,38,3,19,2,14,7,1,14,4,3,3,2,2,0,13,2,3,6,5,3,2,1,0,3,1,1,0,0,0,0,0,4,1,1,2,1,0,0,3,1,2,10,4,2,3,2,1,0,1,0,0,0,0,0,0,0,0,1,0,0,1,0,2,0,1,0,0,0,0,1,1,1,1,2,1,1,0,1,2,2,3,3,1
25 - Καρδίτσας,103 E.T. Δήμου Καρδίτσας,546,378,15,3,18,360,163,21,59,12,30,44,88,69,8,13,7,13,38,14,32,5,2,4,3,26,9,28,3,11,10,10,3,3,15,3,3,9,5,2,0,13,2,1,5,3,2,2,0,1,0,0,0,0,0,0,0,0,6,2,3,3,1,0,0,1,0,0,6,3,3,0,3,0,0,0,0,0,0,1,0,2,1,1,1,0,0,2,1,3,2,2,0,0,0,0,1,0,4,3,1,0,0,0,0,2,2,8,5,0
25 - Καρδίτσας,104 E.T. Δήμου Καρδίτσας,546,385,8,1,9,376,152,20,65,11,28,38,65,91,11,15,20,11,51,26,37,2,0,9,2,32,6,31,3,9,7,13,9,1,6,1,3,0,2,3,0,7,5,0,2,3,2,1,0,1,3,1,3,0,0,1,0,0,4,2,1,1,0,0,0,5,2,1,17,6,4,3,9,0,0,0,0,0,0,0,0,0,0,0,1,0,0,1,0,1,0,1,0,0,0,0,2,2,3,2,3,2,1,1,0,4,4,6,6,3
25 - Καρδίτσας,105 E.T. Δήμου Καρδίτσας,540,356,5,1,6,350,163,4,82,13,30,31,93,76,13,10,13,16,41,9,35,3,0,8,0,30,5,22,3,10,5,12,2,1,5,1,0,1,1,1,0,6,2,3,3,2,1,0,0,0,3,0,1,0,0,1,0,0,4,2,0,2,1,4,2,6,4,4,14,5,3,5,7,1,0,0,0,0,0,0,0,0,0,0,0,0,0,0,0,1,0,0,0,0,0,0,0,0,1,1,0,0,0,0,0,2,2,6,4,2
25 - Καρδίτσας,106 E.T. Δήμου Καρδίτσας,537,374,9,3,12,362,163,16,55,17,31,39,103,69,12,15,16,19,33,14,44,6,1,12,0,27,13,33,4,15,11,6,2,2,9,2,2,4,3,3,0,16,4,3,5,6,1,0,1,0,2,1,0,0,1,1,0,0,3,0,1,0,1,1,1,0,0,0,8,3,0,1,5,0,0,0,0,0,0,0,0,0,0,0,0,0,0,0,0,2,2,2,0,0,0,0,0,0,2,1,3,1,0,1,0,0,0,6,3,2
25 - Καρδίτσας,107 E.T. Δήμου Καρδίτσας,505,317,7,2,9,308,172,21,74,4,49,38,79,52,9,8,8,9,25,12,38,3,0,8,1,32,15,9,1,4,3,2,1,0,3,1,0,1,1,1,0,2,1,0,0,1,4,0,0,1,1,0,0,0,0,0,0,0,0,0,0,0,0,0,0,0,0,0,12,3,2,3,4,0,0,1,1,0,0,0,0,0,0,0,0,0,0,0,0,2,0,2,0,0,0,0,0,0,2,1,3,2,1,0,1,2,1,5,1,0
25 - Καρδίτσας,108 E.T. Δήμου Καρδίτσας,554,371,2,0,2,369,177,5,70,10,78,27,87,58,7,20,5,9,30,14,76,14,0,20,1,61,19,12,1,8,0,2,3,0,8,5,2,2,0,1,2,2,0,0,0,0,2,0,0,1,2,0,0,0,0,1,0,0,1,0,1,1,0,2,1,7,2,1,6,3,1,1,1,1,0,0,0,0,0,0,0,0,0,0,1,1,0,0,0,2,1,1,0,0,0,0,1,1,2,1,1,0,0,0,1,4,3,4,3,1
25 - Καρδίτσας,109 E.T. Δήμου Καρδίτσας,559,378,8,0,8,370,203,11,73,8,96,34,105,63,6,12,6,7,39,16,35,3,1,9,0,30,2,11,1,4,3,5,0,4,12,4,1,5,6,2,0,5,1,1,2,3,3,1,1,0,2,1,1,0,0,0,0,0,3,2,1,0,1,1,1,3,2,1,3,1,1,0,1,0,0,0,0,0,0,0,0,2,2,2,7,5,1,4,3,1,1,1,0,0,0,0,1,1,0,0,3,1,0,2,2,0,0,8,7,6
25 - Καρδίτσας,110 E.T. Δήμου Καρδίτσας,543,340,7,0,7,333,206,22,67,8,116,35,85,49,2,10,10,5,23,18,30,2,0,11,3,26,1,4,0,2,0,1,0,0,14,1,4,6,4,4,2,4,0,0,2,3,1,0,1,0,1,0,1,1,0,0,0,0,0,0,0,0,0,3,2,2,2,1,6,1,3,2,2,1,0,0,0,1,0,0,0,0,0,0,0,0,0,3,2,3,2,3,0,0,0,0,1,0,1,0,0,0,0,0,0,0,0,3,1,1
25 - Καρδίτσας,111 E.T. Δήμου Καρδίτσας,450,301,4,2,6,295,139,17,41,3,36,24,93,65,4,19,16,16,26,16,33,6,0,9,3,24,6,17,4,4,8,3,2,3,5,0,1,0,0,2,1,11,0,0,1,8,3,0,0,3,0,0,0,0,0,0,0,0,1,0,1,0,1,1,0,3,0,1,1,1,0,1,0,0,0,0,0,0,0,0,0,0,0,0,0,0,0,3,3,0,0,0,0,0,1,1,0,0,1,1,0,0,0,0,0,0,0,11,6,6
25 - Καρδίτσας,112 E.T. Δήμου Καρδίτσας,458,273,5,2,7,266,116,7,38,10,36,19,60,51,4,21,9,11,22,10,36,5,0,6,0,29,6,7,3,4,1,2,1,3,15,3,4,5,0,3,2,3,0,0,0,3,1,0,1,0,2,1,1,0,0,0,0,0,0,0,0,0,0,1,0,1,1,1,9,0,0,0,8,1,1,0,0,0,0,0,0,0,0,0,1,1,1,0,0,2,1,0,1,0,1,1,0,0,0,0,0,0,0,0,0,5,3,13,10,9
25 - Καρδίτσας,113 E.T. Δήμου Καρδίτσας,467,306,3,2,5,301,137,12,42,5,44,22,75,48,3,18,9,9,25,7,41,6,0,3,5,37,5,21,3,8,5,7,1,3,8,5,0,0,0,0,1,8,1,0,0,8,0,0,0,0,1,0,0,0,0,0,0,0,2,1,2,0,1,0,0,0,0,0,6,1,1,1,3,1,1,1,0,0,0,0,0,0,0,0,2,0,1,0,0,4,2,4,0,0,1,1,1,1,0,0,3,1,0,0,0,5,4,11,7,5
25 - Καρδίτσας,114 E.T. Δήμου Καρδίτσας,435,263,3,0,3,260,108,9,32,2,62,14,50,66,6,34,14,11,36,4,28,3,0,4,0,21,5,17,2,9,10,4,2,1,14,5,3,0,4,2,0,8,0,1,4,7,1,1,0,1,0,0,0,0,0,0,1,1,0,0,0,0,0,0,0,2,2,2,7,1,0,1,6,0,0,0,0,0,0,0,0,0,0,0,0,0,0,0,0,0,0,0,0,0,0,0,0,0,1,1,1,1,0,1,0,0,0,6,5,4
25 - Καρδίτσας,115 E.T. Δήμου Καρδίτσας,472,317,13,1,14,303,131,14,29,5,48,35,64,61,4,19,1,8,37,8,29,9,0,3,2,17,4,22,2,3,5,6,1,3,13,2,3,4,1,3,2,16,1,2,1,11,1,0,0,0,0,0,0,0,0,0,0,0,3,1,0,1,0,2,0,1,1,1,2,1,2,0,1,0,0,1,0,0,0,0,0,1,0,0,1,0,0,0,0,1,0,0,0,0,0,0,0,0,2,1,0,0,0,0,0,0,0,16,8,7
25 - Καρδίτσας,116 E.T. Δήμου Καρδίτσας,418,297,6,2,8,289,92,7,42,10,24,10,55,91,5,15,7,78,14,9,52,3,0,12,1,45,6,19,2,16,12,5,1,0,6,2,1,1,0,2,1,0,0,0,0,0,2,0,1,2,0,0,0,0,0,0,0,0,2,0,0,0,0,1,1,2,1,1,5,1,0,2,1,1,1,0,0,0,0,0,0,0,0,0,0,0,0,0,0,3,1,1,0,0,3,2,1,1,1,0,1,0,0,1,1,0,0,7,4,1
25 - Καρδίτσας,117 E.T. Δήμου Καρδίτσας,457,343,5,3,8,335,118,2,48,9,18,26,83,77,6,14,3,61,27,7,78,5,1,7,5,73,10,34,2,2,18,11,1,3,7,2,1,2,1,1,1,2,1,0,0,0,1,0,0,1,1,0,1,1,0,0,0,0,1,0,0,0,0,2,0,1,0,1,5,0,0,0,0,0,0,0,0,0,0,0,0,0,0,0,0,0,0,1,0,2,0,0,0,0,0,0,0,0,0,0,0,0,0,0,0,0,0,5,4,4
25 - Καρδίτσας,118 E.T. Δήμου Καρδίτσας,596,419,4,1,5,414,166,24,41,7,28,28,123,66,5,23,16,13,30,13,75,5,0,26,7,66,14,61,7,26,12,34,2,19,11,4,2,3,1,3,1,8,2,1,4,4,2,0,0,2,0,0,0,0,0,0,0,0,2,0,1,0,1,1,1,0,0,0,8,3,0,0,1,1,0,3,1,0,0,0,0,0,0,0,2,1,0,0,0,0,0,0,0,0,0,0,0,0,0,0,1,0,0,0,1,3,2,4,2,2
25 - Καρδίτσας,119 E.T. Δήμου Καρδίτσας,362,250,3,2,5,245,99,9,41,13,34,14,55,77,4,22,3,48,25,9,29,1,0,9,3,23,8,13,2,4,3,2,5,2,7,2,1,0,1,0,1,4,1,0,2,3,3,0,0,3,0,0,0,0,0,0,0,0,0,0,0,0,0,1,0,0,0,0,4,0,0,0,2,1,0,0,0,0,0,0,0,2,2,2,1,1,0,1,1,0,0,0,0,0,0,0,0,0,1,0,0,0,0,0,0,0,0,2,2,1
25 - Καρδίτσας,120 E.T. Δήμου Καρδίτσας,322,207,1,1,2,205,88,6,41,23,26,27,27,43,4,13,0,25,15,8,38,1,0,4,1,33,3,8,1,2,3,1,6,0,1,0,0,0,0,0,1,10,2,2,3,5,1,1,1,0,0,0,0,0,0,0,0,0,0,0,0,0,0,6,2,1,1,1,4,3,0,1,2,0,0,0,0,0,0,0,0,0,0,0,1,0,1,0,0,0,0,0,0,0,0,0,0,0,1,0,0,0,0,0,0,1,0,2,2,1
25 - Καρδίτσας,121 E.T. Δήμου Καρδίτσας,573,374,11,1,12,362,189,13,88,8,55,40,104,56,6,6,11,9,34,9,53,3,1,10,1,46,14,11,2,2,4,3,0,2,9,2,2,4,6,2,1,5,3,1,1,2,4,2,1,1,0,0,0,0,0,0,0,0,0,0,0,0,0,2,1,2,2,1,11,1,3,2,4,0,0,0,0,1,0,0,0,0,0,0,0,0,0,1,0,1,0,0,0,0,0,0,2,2,0,0,0,0,0,0,0,5,4,10,9,5
25 - Καρδίτσας,122 E.T. Δήμου Καρδίτσας,529,346,9,3,12,334,134,8,26,18,35,24,90,58,5,19,5,22,26,5,49,3,1,5,3,42,3,30,1,12,11,2,2,3,18,6,5,3,1,5,0,4,1,1,1,1,9,4,3,1,1,0,1,0,0,0,0,0,0,0,0,0,0,4,1,5,3,2,4,0,1,3,2,1,0,0,0,0,0,0,0,0,0,0,2,1,0,0,0,1,1,1,0,0,0,0,4,1,0,0,2,1,1,0,1,2,2,6,1,2
25 - Καρδίτσας,123 E.T. Δήμου Καρδίτσας,509,344,0,2,2,342,116,8,43,11,31,11,73,74,16,15,9,14,25,16,53,3,2,16,4,39,12,55,2,6,46,31,3,2,6,3,0,1,1,2,0,4,0,1,3,1,1,0,0,0,3,1,1,1,0,0,0,0,4,0,1,1,2,3,1,1,1,1,8,1,2,2,5,0,0,0,0,0,0,0,0,0,0,0,1,1,0,1,1,1,1,1,0,0,0,0,0,0,0,0,2,0,1,1,1,1,1,8,5,4
25 - Καρδίτσας,124 E.T. Δήμου Καρδίτσας,501,324,1,0,1,323,113,17,30,12,34,16,65,76,10,16,13,10,22,29,38,2,1,7,0,28,6,51,2,10,41,25,1,2,5,0,1,0,2,1,0,10,2,5,4,2,1,0,1,1,1,0,0,0,0,0,0,0,0,0,0,0,0,0,0,2,0,0,6,0,0,3,4,2,1,0,0,0,0,0,0,0,0,0,1,0,0,2,1,2,2,1,0,0,0,0,1,1,0,0,2,1,0,0,0,0,0,10,7,6
25 - Καρδίτσας,125 E.T. Δήμου Καρδίτσας,514,344,10,1,11,333,102,3,43,8,15,17,60,51,11,6,8,8,25,15,79,6,2,20,5,54,25,70,2,11,56,34,1,2,6,0,1,1,1,1,0,3,0,3,0,3,0,0,0,0,1,0,1,0,0,0,0,0,2,0,1,0,0,6,5,0,0,0,2,1,1,0,1,0,0,0,0,0,0,0,0,1,0,0,0,0,0,0,0,0,0,0,0,0,0,0,0,0,0,0,2,0,0,1,2,1,0,7,6,3
25 - Καρδίτσας,126 E.T. Δήμου Καρδίτσας,654,451,10,1,11,440,214,29,64,20,63,51,111,58,9,18,7,6,30,8,73,7,1,11,7,63,8,56,3,18,42,21,4,2,18,7,4,2,1,4,2,3,0,1,1,1,0,0,0,0,0,0,0,0,0,0,0,0,0,0,0,0,0,1,0,1,0,0,4,0,2,0,3,0,0,0,0,0,0,0,0,0,0,0,0,0,0,1,1,0,0,0,0,0,0,0,0,0,2,0,2,2,0,0,0,1,0,6,0,0
25 - Καρδίτσας,127 E.T. Δήμου Καρδίτσας,206,131,1,0,1,130,75,5,27,4,32,25,37,12,2,0,5,5,6,3,3,0,0,1,0,2,1,19,4,5,9,10,2,0,0,0,0,0,0,0,0,7,0,3,1,4,0,0,0,0,0,0,0,0,0,0,0,0,2,0,0,0,1,0,0,0,0,0,3,1,0,0,0,0,0,0,0,0,0,1,1,0,0,0,0,0,0,0,0,0,0,0,0,0,0,0,1,0,0,0,0,0,0,0,0,0,0,7,5,5
25 - Καρδίτσας,128 E.T. Δήμου Καρδίτσας,458,348,2,0,2,346,136,21,63,2,25,9,97,67,5,14,14,13,36,13,62,7,1,24,2,48,9,40,3,9,23,12,1,2,11,1,4,3,5,0,0,5,0,1,0,2,3,2,1,0,1,0,0,1,0,0,0,0,2,0,0,0,0,3,3,0,0,0,1,0,0,0,1,0,0,0,0,0,0,0,0,0,0,0,2,2,0,0,0,0,0,0,0,0,1,0,2,1,0,0,1,0,0,1,0,2,1,7,3,2
25 - Καρδίτσας,129 E.T. Δήμου Λίμνης Πλαστήρα,65,16,0,0,0,16,12,2,7,0,1,1,9,0,0,0,0,0,0,0,1,0,0,0,0,1,0,0,0,0,0,0,0,0,0,0,0,0,0,0,0,0,0,0,0,0,3,0,0,0,0,0,0,0,0,0,0,0,0,0,0,0,0,0,0,0,0,0,0,0,0,0,0,0,0,0,0,0,0,0,0,0,0,0,0,0,0,0,0,0,0,0,0,0,0,0,0,0,0,0,0,0,0,0,0,0,0,0,0,0
25 - Καρδίτσας,130 E.T. Δήμου Λίμνης Πλαστήρα,331,155,0,0,0,155,49,6,24,3,16,11,21,37,10,5,11,10,11,6,22,4,1,5,4,13,6,21,5,3,10,9,1,1,1,0,0,0,0,0,1,8,0,0,5,4,0,0,0,0,1,0,0,1,0,1,0,0,3,0,3,0,2,1,1,0,0,0,2,1,1,0,0,0,0,0,0,0,0,0,0,0,0,0,0,0,0,0,0,0,0,0,0,0,1,0,0,0,0,0,2,1,0,1,0,0,0,7,3,3
25 - Καρδίτσας,131 E.T. Δήμου Λίμνης Πλαστήρα,323,226,6,0,6,220,112,28,34,7,23,23,76,27,5,6,3,6,16,3,43,4,0,12,3,36,6,13,4,5,4,5,0,0,4,0,0,0,1,2,0,4,2,0,0,2,1,0,0,0,1,1,0,0,0,0,2,1,0,0,0,0,0,0,0,0,0,0,5,2,3,0,2,0,0,0,0,0,0,1,0,0,0,0,0,0,0,1,0,0,0,0,0,0,0,0,2,2,0,0,0,0,0,0,0,0,0,4,3,1
25 - Καρδίτσας,132 E.T. Δήμου Λίμνης Πλαστήρα,345,195,3,0,3,192,101,23,43,9,28,14,52,31,5,8,2,5,20,3,23,5,0,8,2,11,14,14,2,5,6,5,0,1,6,3,1,1,1,2,0,5,1,0,1,1,2,0,2,0,2,0,1,1,0,0,0,0,0,0,0,0,0,0,0,1,0,0,5,2,3,0,1,0,0,0,0,0,0,0,0,0,0,0,0,0,0,0,0,0,0,0,0,0,0,0,1,0,1,1,0,0,0,0,0,0,0,0,0,0
25 - Καρδίτσας,133 E.T. Δήμου Λίμνης Πλαστήρα,204,121,1,1,2,119,37,4,14,3,7,5,23,21,0,8,2,5,8,3,30,2,0,11,7,22,3,13,5,6,4,3,2,1,3,0,0,3,1,0,0,0,0,0,0,0,0,0,0,0,0,0,0,0,0,0,0,0,1,0,0,0,0,1,1,2,0,1,3,1,1,0,1,0,0,0,0,0,0,0,0,0,0,0,0,0,0,0,0,5,5,5,0,0,0,0,0,0,0,0,1,1,0,0,1,0,0,2,2,0
25 - Καρδίτσας,134 E.T. Δήμου Λίμνης Πλαστήρα,361,212,1,1,2,210,103,13,39,5,35,29,51,41,9,16,12,8,17,8,37,4,0,16,0,25,11,12,2,2,2,9,0,4,2,1,1,0,0,0,0,3,0,0,1,1,0,0,0,0,1,0,0,1,0,0,0,0,1,0,0,1,0,3,1,1,1,0,1,1,1,0,0,2,0,0,0,0,0,1,0,0,0,0,0,0,0,0,0,0,0,0,0,0,0,0,1,0,0,0,1,0,0,0,0,0,0,0,0,0
25 - Καρδίτσας,135 E.T. Δήμου Λίμνης Πλαστήρα,358,207,3,2,5,202,82,6,28,8,29,17,41,45,7,6,4,7,32,8,26,2,0,5,3,14,3,11,0,1,5,7,1,0,4,0,1,0,2,1,0,3,1,0,3,1,3,0,0,1,1,1,0,0,1,0,0,0,1,0,0,0,0,0,0,1,1,0,4,3,2,1,2,0,0,0,0,0,0,0,0,0,0,0,0,0,0,0,0,0,0,0,0,0,0,0,3,0,2,0,2,0,1,1,1,5,5,9,5,3
25 - Καρδίτσας,136 E.T. Δήμου Λίμνης Πλαστήρα,336,201,6,1,7,194,93,7,29,4,20,22,55,44,5,9,11,6,31,8,25,3,1,9,6,20,11,11,1,0,3,3,1,1,2,0,0,1,1,0,0,2,0,0,2,2,1,0,0,1,1,0,0,1,0,0,0,0,3,0,0,0,2,1,0,0,0,0,3,0,0,1,3,0,0,0,0,0,0,0,0,0,0,0,0,0,0,1,1,2,2,2,0,0,0,0,0,0,1,1,1,0,0,0,0,2,2,1,1,1
25 - Καρδίτσας,137 E.T. Δήμου Λίμνης Πλαστήρα,389,226,1,0,1,225,115,16,50,5,41,7,64,32,8,7,11,7,8,7,35,3,1,18,0,31,2,5,1,1,2,1,0,1,9,3,5,4,2,1,1,2,0,0,1,1,0,0,0,0,0,0,0,0,0,0,0,0,1,0,0,0,0,4,3,4,2,2,5,5,2,3,0,0,0,0,0,0,0,1,0,0,0,0,1,1,1,0,0,0,0,0,0,0,0,0,0,0,4,4,0,0,0,0,0,3,1,4,3,2
25 - Καρδίτσας,138 E.T. Δήμου Λίμνης Πλαστήρα,400,245,2,0,2,243,94,21,23,5,29,21,53,43,7,5,12,2,23,10,21,2,0,8,0,17,3,27,3,5,9,7,5,4,9,2,4,0,2,1,0,10,2,4,4,3,2,2,1,0,1,1,0,1,0,0,0,0,0,0,0,0,0,6,4,2,1,1,11,5,3,2,4,0,0,0,0,0,0,0,0,2,2,1,0,0,0,0,0,2,0,2,0,0,1,1,2,1,2,2,0,0,0,0,0,2,1,6,4,3
25 - Καρδίτσας,139 E.T. Δήμου Λίμνης Πλαστήρα,393,237,5,1,6,231,97,39,24,7,23,7,51,51,9,5,9,8,33,9,32,2,1,2,1,27,3,21,6,5,5,8,0,6,6,0,0,3,2,2,1,3,0,0,3,0,1,0,0,1,1,0,0,0,0,0,1,0,0,0,0,0,0,0,0,1,0,1,4,2,0,0,2,0,0,0,0,0,0,0,0,1,0,0,1,1,1,0,0,0,0,0,0,0,0,0,3,3,4,3,2,1,0,0,0,0,0,2,1,1
25 - Καρδίτσας,140 E.T. Δήμου Λίμνης Πλαστήρα,362,212,5,0,5,207,81,20,24,5,19,7,43,49,7,10,8,6,25,12,40,6,1,5,1,32,8,7,0,1,1,3,2,0,6,2,2,4,0,2,0,7,0,2,7,1,2,1,0,1,0,0,0,0,0,0,0,0,3,0,2,0,2,0,0,1,1,1,3,1,1,0,0,0,0,0,0,0,0,0,0,0,0,0,0,0,0,0,0,1,0,0,0,0,0,0,0,0,3,3,0,0,0,0,0,0,0,4,1,1
25 - Καρδίτσας,141 E.T. Δήμου Λίμνης Πλαστήρα,429,242,3,1,4,238,97,12,55,8,23,19,53,32,10,10,5,4,13,8,38,3,2,27,3,29,10,36,4,19,12,20,2,4,8,2,1,1,4,2,1,5,0,2,3,1,0,0,0,0,1,0,0,0,0,0,0,0,2,0,2,1,0,3,2,4,1,1,2,2,0,2,0,0,0,0,0,0,0,0,0,0,0,0,0,0,0,0,0,0,0,0,0,0,0,0,0,0,1,1,0,0,0,0,0,1,1,8,7,4
25 - Καρδίτσας,142 E.T. Δήμου Λίμνης Πλαστήρα,425,248,2,1,3,245,135,16,57,6,41,46,63,35,9,5,9,4,7,7,32,3,1,16,3,20,4,27,3,12,9,10,4,6,2,1,2,0,0,0,0,1,0,0,1,0,0,0,0,0,0,0,0,0,0,0,0,0,0,0,0,0,0,1,1,1,0,0,1,0,0,0,0,0,0,0,0,0,0,1,0,0,0,0,2,1,1,1,1,1,0,0,0,0,0,0,0,0,0,0,3,1,1,0,0,0,0,2,1,1
25 - Καρδίτσας,143 E.T. Δήμου Λίμνης Πλαστήρα,424,265,3,2,5,260,101,14,42,2,26,25,53,50,10,16,13,5,22,15,45,7,0,18,1,32,11,27,0,20,9,15,0,0,9,3,2,1,2,4,1,3,0,1,3,2,2,0,1,1,0,0,0,0,0,0,0,0,1,0,1,0,1,5,4,0,0,0,4,2,0,2,1,0,0,0,0,1,0,0,0,0,0,0,0,0,0,0,0,5,4,5,0,0,0,0,0,0,1,1,2,0,0,1,1,0,0,4,4,4
25 - Καρδίτσας,144 E.T. Δήμου Λίμνης Πλαστήρα,290,177,1,0,1,176,76,7,13,4,33,6,44,31,7,5,7,3,12,14,24,3,0,16,2,11,1,17,3,15,8,5,0,2,3,0,1,0,0,0,1,2,0,0,0,1,1,0,0,0,1,0,0,0,0,0,0,0,1,0,0,0,0,0,0,0,0,0,8,2,1,1,0,0,0,0,0,0,0,0,0,0,0,0,0,0,0,0,0,4,1,1,0,0,0,0,0,0,1,0,1,0,0,1,1,2,1,4,3,3
25 - Καρδίτσας,145 E.T. Δήμου Λίμνης Πλαστήρα,304,158,1,1,2,156,57,4,15,4,20,8,36,27,4,8,2,4,8,9,33,2,0,15,1,17,2,15,2,3,4,5,0,1,5,4,2,1,0,0,0,5,1,0,2,0,1,0,0,0,1,0,0,1,0,1,0,0,0,0,0,0,0,0,0,0,0,0,3,1,1,2,2,0,0,0,0,0,0,0,0,0,0,0,0,0,0,0,0,1,0,0,0,0,0,0,0,0,3,2,3,2,1,1,1,1,1,1,1,1
25 - Καρδίτσας,146 E.T. Δήμου Λίμνης Πλαστήρα,346,189,6,2,8,181,58,6,11,2,18,9,44,38,8,10,10,9,10,4,32,7,0,3,3,27,4,11,2,3,2,7,1,1,10,5,1,4,2,2,0,7,0,1,2,4,1,0,1,0,2,0,0,2,0,0,0,0,1,0,0,0,0,2,2,2,0,0,6,3,2,0,4,0,0,0,0,0,0,0,0,1,0,0,0,0,0,4,3,1,1,0,0,0,0,0,1,0,0,0,0,0,0,0,0,2,0,2,2,2
25 - Καρδίτσας,147 E.T. Δήμου Λίμνης Πλαστήρα,363,198,2,0,2,196,79,14,28,4,26,19,36,39,3,11,7,12,19,4,40,3,0,13,3,32,11,17,2,6,2,5,3,1,1,0,0,0,1,1,0,4,0,1,2,0,1,0,0,0,0,0,0,0,0,0,0,0,2,0,1,0,0,3,2,1,1,1,4,3,0,0,3,0,0,0,0,0,0,0,0,0,0,0,1,0,1,0,0,1,1,1,0,0,0,0,0,0,0,0,0,0,0,0,0,0,0,3,2,2
25 - Καρδίτσας,148 E.T. Δήμου Λίμνης Πλαστήρα,313,207,2,1,3,204,93,13,42,8,24,16,66,42,12,13,11,4,16,8,11,2,1,3,2,7,1,28,7,14,11,4,1,1,9,2,4,2,2,2,1,0,0,0,0,0,1,0,0,0,3,1,1,1,0,1,0,0,3,0,0,2,0,1,0,1,0,0,4,2,0,1,3,0,0,0,0,0,0,0,0,0,0,0,2,1,2,0,0,1,0,0,0,0,0,0,0,0,0,0,1,0,0,0,0,0,0,4,0,0
25 - Καρδίτσας,149 E.T. Δήμου Λίμνης Πλαστήρα,331,207,4,0,4,203,99,13,39,7,29,13,58,42,4,12,9,9,23,12,14,4,0,4,0,7,4,25,0,15,4,8,2,2,7,3,0,1,1,2,0,2,0,0,1,1,1,1,0,1,0,0,0,0,0,0,0,0,0,0,0,0,0,0,0,1,0,0,2,0,0,0,1,0,0,0,0,0,0,0,0,1,0,0,2,0,0,2,0,1,0,0,0,0,0,0,2,2,1,1,0,0,0,0,0,0,0,1,0,0
25 - Καρδίτσας,150 E.T. Δήμου Λίμνης Πλαστήρα,461,300,2,2,4,296,120,9,23,3,94,10,26,46,10,9,11,10,19,13,45,4,0,13,4,35,5,39,2,15,22,12,8,2,10,4,5,3,1,1,0,8,2,1,7,3,4,1,1,2,2,0,1,0,0,1,0,0,1,1,0,0,0,2,2,0,0,0,8,3,2,1,2,0,0,0,0,0,0,0,0,0,0,0,1,0,1,0,0,1,0,1,0,0,2,1,0,0,1,1,1,0,0,0,0,0,0,5,5,5
25 - Καρδίτσας,151 E.T. Δήμου Μουζακίου,392,161,2,2,4,157,77,6,29,9,22,7,49,26,6,4,3,6,6,7,15,3,1,3,1,11,3,20,2,6,9,7,0,2,1,0,1,0,0,0,0,0,0,0,0,0,3,2,1,1,1,0,0,0,0,0,1,0,2,1,1,0,0,0,0,0,0,0,1,0,0,0,1,0,0,0,0,0,0,0,0,0,0,0,0,0,0,0,0,0,0,0,0,0,0,0,1,1,2,1,2,0,0,0,0,1,1,4,2,2
25 - Καρδίτσας,152 E.T. Δήμου Μουζακίου,393,228,3,2,5,223,108,10,56,9,24,13,61,50,8,14,5,6,21,7,20,1,0,1,0,19,4,15,3,2,4,3,2,0,4,0,2,0,1,1,0,4,0,2,0,0,0,0,0,0,0,0,0,0,0,0,0,0,1,0,0,1,0,1,1,1,0,0,4,0,1,0,2,0,0,0,0,0,0,0,0,0,0,0,0,0,0,0,0,2,1,0,0,0,0,0,1,0,4,2,2,0,0,0,0,1,1,5,3,0
25 - Καρδίτσας,153 E.T. Δήμου Μουζακίου,379,193,1,0,1,192,94,6,38,8,30,7,61,37,5,9,12,7,7,12,15,0,0,6,0,15,4,25,5,7,6,7,3,3,4,0,1,0,0,0,0,3,2,0,2,1,1,1,0,0,0,0,0,0,0,0,0,0,0,0,0,0,0,3,1,2,0,0,2,0,1,1,2,0,0,0,0,0,0,0,0,0,0,0,0,0,0,1,1,0,0,0,0,0,0,0,0,0,0,0,2,0,1,2,1,0,0,3,2,0
25 - Καρδίτσας,154 E.T. Δήμου Μουζακίου,383,164,1,0,1,163,113,6,52,8,25,2,81,26,4,10,7,0,6,8,10,0,0,3,1,8,1,1,1,0,1,0,0,0,5,3,1,2,1,0,0,1,0,1,1,0,0,0,0,0,0,0,0,0,0,0,0,0,0,0,0,0,0,1,1,0,0,0,0,0,0,0,0,0,0,0,0,0,0,0,0,0,0,0,0,0,0,0,0,0,0,0,0,0,0,0,1,0,0,0,0,0,0,0,0,1,0,4,2,1
25 - Καρδίτσας,155 E.T. Δήμου Μουζακίου,625,295,4,3,7,288,206,63,125,19,23,87,43,33,12,5,2,2,4,19,3,1,0,0,0,2,0,4,1,1,2,0,0,0,12,3,2,3,2,0,0,2,1,0,0,0,1,0,0,0,0,0,0,0,0,0,1,0,0,0,0,0,0,0,0,2,1,1,10,5,2,0,2,0,0,0,0,0,0,0,0,0,0,0,0,0,0,0,0,3,2,2,0,0,1,1,1,0,0,0,1,0,0,0,0,2,1,6,4,4
25 - Καρδίτσας,156 E.T. Δήμου Μουζακίου,395,227,1,1,2,225,92,9,50,3,13,6,49,44,8,3,5,10,20,12,23,0,0,9,1,17,6,40,4,3,30,23,4,4,4,0,2,1,0,0,1,3,1,0,1,0,0,0,0,0,3,0,1,3,0,0,0,0,1,0,0,0,0,0,0,2,0,0,4,2,1,1,1,0,0,0,0,0,0,0,0,0,0,0,0,0,0,1,0,0,0,0,0,0,0,0,1,1,0,0,1,0,0,0,1,2,2,4,1,0
25 - Καρδίτσας,157 E.T. Δήμου Μουζακίου,394,193,3,1,4,189,66,7,27,8,10,8,32,51,8,10,4,7,26,10,6,0,0,2,0,1,3,36,4,5,17,11,1,7,7,1,4,2,0,0,1,5,1,0,0,1,1,0,0,0,0,0,0,0,0,0,0,0,1,1,1,0,0,0,0,0,0,0,1,1,1,0,0,1,0,0,0,0,0,0,0,0,0,0,0,0,0,0,0,2,2,1,0,0,0,0,3,3,1,1,2,1,0,0,1,1,1,5,2,3
25 - Καρδίτσας,158 E.T. Δήμου Μουζακίου,312,183,4,0,4,179,98,19,73,2,13,25,36,36,5,17,10,3,12,7,17,1,0,8,0,12,3,8,1,2,1,3,0,0,4,2,1,0,1,1,0,3,0,0,0,0,0,0,0,0,0,0,0,0,0,0,0,0,1,0,0,0,0,2,2,1,0,0,5,2,2,1,1,0,0,0,0,0,0,0,0,0,0,0,0,0,0,1,0,1,0,1,0,0,0,0,0,0,0,0,1,1,0,0,0,0,0,1,1,0
25 - Καρδίτσας,159 E.T. Δήμου Μουζακίου,227,138,2,1,3,135,65,11,19,2,11,5,41,24,5,7,3,12,7,6,15,2,0,1,0,15,1,15,5,6,5,1,1,3,3,0,1,1,2,1,0,2,1,0,1,1,0,0,0,0,0,0,0,0,0,0,0,0,2,2,0,0,0,0,0,0,0,0,3,0,0,0,1,0,0,0,0,0,0,0,0,0,0,0,0,0,0,0,0,0,0,0,0,0,0,0,1,0,2,2,1,1,1,0,0,0,0,2,1,1
25 - Καρδίτσας,160 E.T. Δήμου Μουζακίου,259,140,1,0,1,139,94,17,41,6,25,10,58,10,3,2,4,1,4,1,8,0,0,1,3,5,1,1,0,0,1,1,0,0,4,3,2,1,0,2,0,3,2,0,1,3,0,0,0,0,1,0,0,0,0,0,0,0,1,0,1,0,1,1,1,2,1,2,6,3,2,3,4,0,0,0,0,0,0,0,0,0,0,0,1,0,0,1,1,1,0,0,0,0,0,0,0,0,1,1,0,0,0,0,0,1,1,3,3,1
25 - Καρδίτσας,161 E.T. Δήμου Μουζακίου,271,155,2,1,3,152,86,15,37,5,21,10,49,30,3,14,3,10,14,5,18,1,1,6,2,14,1,4,0,0,2,1,0,0,1,0,0,0,0,0,0,2,0,0,1,1,1,1,1,0,0,0,0,0,0,0,0,0,0,0,0,0,0,0,0,1,0,0,4,4,1,0,2,0,0,0,0,0,0,0,0,0,0,0,0,0,0,2,0,0,0,0,0,0,0,0,0,0,0,0,2,0,1,1,0,0,0,1,0,0
25 - Καρδίτσας,162 E.T. Δήμου Μουζακίου,117,58,3,0,3,55,29,2,14,0,7,0,24,13,2,3,5,2,2,9,7,0,1,1,1,4,0,4,2,2,3,0,0,0,1,0,0,0,0,0,0,0,0,0,0,0,1,1,0,1,0,0,0,0,0,0,0,0,0,0,0,0,0,0,0,0,0,0,0,0,0,0,0,0,0,0,0,0,0,0,0,0,0,0,0,0,0,0,0,0,0,0,0,0,0,0,0,0,0,0,0,0,0,0,0,0,0,0,0,0
25 - Καρδίτσας,163 E.T. Δήμου Μουζακίου,552,320,10,1,11,309,171,12,94,11,33,5,90,50,6,28,8,10,11,14,32,0,1,18,2,26,2,5,1,1,2,2,1,1,20,6,4,2,5,5,2,4,1,2,1,1,1,1,1,0,0,0,0,0,0,0,0,0,1,0,0,0,0,3,3,3,1,1,11,5,4,4,5,0,0,0,0,0,0,0,0,0,0,0,0,0,0,1,1,0,0,0,0,0,0,0,0,0,7,7,0,0,0,0,0,0,0,0,0,0
25 - Καρδίτσας,164 E.T. Δήμου Μουζακίου,403,219,3,0,3,216,99,18,42,4,17,8,52,60,18,21,6,6,15,31,23,1,0,5,0,20,2,5,0,0,1,2,1,0,8,4,2,0,0,0,0,1,0,0,0,1,2,1,0,0,1,1,0,0,0,1,0,0,0,0,0,0,0,1,0,1,1,0,2,1,0,2,1,0,0,0,0,0,0,0,0,1,0,0,1,1,1,5,4,2,0,0,0,0,0,0,0,0,0,0,0,0,0,0,0,1,1,3,2,2
25 - Καρδίτσας,165 E.T. Δήμου Μουζακίου,394,189,2,1,3,186,71,17,28,11,11,8,30,32,10,10,0,0,6,18,46,1,0,11,2,40,0,5,0,0,0,1,3,0,10,5,1,2,1,1,1,2,0,0,0,0,2,0,0,2,1,0,0,0,0,0,0,0,1,0,0,0,0,3,2,0,0,0,6,1,0,2,5,0,0,0,0,0,0,0,0,0,0,0,0,0,0,4,3,0,0,0,0,0,0,0,0,0,1,1,1,1,0,0,0,0,0,1,1,1
25 - Καρδίτσας,166 E.T. Δήμου Μουζακίου,600,351,2,1,3,348,151,26,86,8,21,9,90,90,12,44,11,6,6,42,46,9,1,19,2,27,7,17,3,0,9,6,1,0,20,4,2,3,4,1,0,2,0,1,1,0,0,0,0,0,1,0,0,0,0,0,0,0,0,0,0,0,0,2,2,1,1,1,2,1,1,0,0,0,0,0,0,0,0,0,0,4,4,4,1,0,0,1,0,0,0,0,0,0,0,0,2,1,1,0,4,1,0,2,1,0,0,3,3,3
25 - Καρδίτσας,167 E.T. Δήμου Μουζακίου,376,196,2,1,3,193,69,4,31,1,6,1,56,57,2,17,26,2,3,31,20,6,0,10,2,13,2,11,5,0,6,4,0,0,3,2,0,0,1,1,0,6,0,1,2,1,3,1,1,1,0,0,0,0,0,0,0,0,0,0,0,0,0,1,0,0,0,0,14,12,0,0,12,0,0,0,0,0,0,0,0,0,0,0,0,0,0,0,0,1,1,1,0,0,0,0,0,0,1,0,1,0,0,0,0,4,4,2,1,1
25 - Καρδίτσας,168 E.T. Δήμου Μουζακίου,415,215,5,0,5,210,115,4,55,3,17,9,84,46,8,16,17,0,5,17,18,3,0,4,0,13,8,6,2,1,0,2,0,0,2,0,0,0,0,0,0,3,0,0,0,2,2,1,0,2,1,0,0,0,0,0,0,0,0,0,0,0,0,0,0,1,0,0,7,6,2,1,4,0,0,0,0,0,0,0,0,1,0,0,0,0,0,0,0,0,0,0,0,0,0,0,1,1,0,0,0,0,0,0,0,3,3,4,3,1
25 - Καρδίτσας,169 E.T. Δήμου Μουζακίου,173,93,0,1,1,92,52,5,43,3,7,3,21,27,3,9,0,1,6,18,2,0,0,1,0,1,1,3,0,1,1,0,0,2,1,0,0,1,1,0,0,0,0,0,0,0,1,0,1,0,0,0,0,0,0,0,0,0,0,0,0,0,0,0,0,1,0,0,3,2,0,0,1,0,0,1,1,0,0,0,0,0,0,0,0,0,0,0,0,0,0,0,0,0,0,0,0,0,0,0,1,0,0,0,0,0,0,0,0,0
25 - Καρδίτσας,170 E.T. Δήμου Μουζακίου,293,138,3,0,3,135,85,0,42,5,15,3,63,19,6,4,3,6,5,9,9,2,1,2,2,5,0,3,1,0,1,0,0,1,9,4,3,2,0,1,1,2,0,0,0,0,0,0,0,0,0,0,0,0,0,0,0,0,1,0,1,0,1,0,0,0,0,0,3,2,1,0,1,0,0,0,0,0,0,0,0,0,0,0,0,0,0,2,2,0,0,0,0,0,1,0,0,0,0,0,0,0,0,0,0,0,0,1,0,0
25 - Καρδίτσας,171 E.T. Δήμου Μουζακίου,535,282,2,0,2,280,152,13,85,8,29,4,84,53,6,20,10,6,12,23,28,6,0,5,2,16,4,7,0,2,0,3,0,0,17,8,3,3,2,2,4,1,0,1,0,1,1,0,0,0,0,0,0,0,0,0,1,0,0,0,0,0,0,3,1,2,0,0,8,4,2,2,4,0,0,0,0,0,0,0,0,3,3,3,0,0,0,1,1,1,0,1,0,0,0,0,1,1,0,0,0,0,0,0,0,1,1,0,0,0
25 - Καρδίτσας,172 E.T. Δήμου Μουζακίου,479,347,3,0,3,344,108,5,52,3,27,1,67,178,3,171,2,7,5,12,20,3,0,7,1,10,8,5,2,3,0,0,0,0,5,2,1,2,0,0,0,4,1,1,2,1,3,1,3,1,0,0,0,0,0,0,0,0,1,0,0,0,0,5,5,3,1,1,0,0,0,0,0,0,0,2,2,0,0,0,0,1,0,0,1,1,1,2,2,1,1,0,0,0,0,0,0,0,1,0,1,1,0,0,1,1,1,2,0,1
25 - Καρδίτσας,173 E.T. Δήμου Μουζακίου,471,289,9,2,11,278,148,11,89,12,49,4,66,48,6,32,7,3,4,5,46,5,1,11,1,37,17,7,1,4,3,2,0,0,2,0,0,2,1,1,0,2,0,0,0,1,0,0,0,0,1,0,0,0,0,0,1,0,1,0,0,0,0,3,3,0,0,0,2,1,1,0,0,1,0,0,0,0,0,0,0,0,0,0,0,0,0,2,2,0,0,0,11,10,0,0,0,0,0,0,0,0,0,0,0,0,0,3,1,0
25 - Καρδίτσας,174 E.T. Δήμου Μουζακίου,373,231,5,1,6,225,121,8,49,10,47,9,60,42,4,29,1,6,2,11,25,1,0,3,1,20,3,3,2,1,1,0,1,0,6,2,0,0,1,1,0,2,0,0,0,1,0,0,0,0,0,0,0,0,0,0,1,0,3,0,1,0,1,2,0,0,0,0,3,0,0,0,2,0,0,0,0,0,0,0,0,0,0,0,2,1,1,1,0,0,0,0,9,9,0,0,0,0,0,0,0,0,0,0,0,0,0,5,2,0
25 - Καρδίτσας,175 E.T. Δήμου Μουζακίου,473,305,1,1,2,303,150,2,99,5,41,4,67,62,14,26,12,4,13,32,21,1,0,4,1,14,3,21,2,8,7,13,1,1,10,5,2,1,3,0,0,6,1,2,1,2,2,0,1,1,0,0,0,0,0,0,0,0,3,1,0,1,0,3,2,2,1,1,9,8,3,3,4,0,0,0,0,0,0,0,0,1,1,0,0,0,0,1,1,0,0,0,0,0,1,1,1,1,2,1,1,0,0,0,0,6,6,1,1,0
25 - Καρδίτσας,176 E.T. Δήμου Μουζακίου,462,241,3,2,5,236,124,6,80,4,29,8,65,39,8,20,5,5,4,14,20,2,0,5,1,14,7,12,1,2,6,8,0,0,14,4,2,5,5,5,0,2,0,0,1,1,4,2,2,2,1,1,0,0,1,0,0,0,1,0,0,0,1,2,2,0,0,0,6,4,0,3,1,0,0,0,0,1,0,1,0,1,1,1,1,0,1,0,0,0,0,0,0,0,0,0,0,0,4,1,1,1,1,0,0,0,0,2,1,2
25 - Καρδίτσας,177 E.T. Δήμου Μουζακίου,476,242,3,3,6,236,139,5,76,7,27,3,85,38,10,17,3,3,5,15,19,5,0,6,5,10,0,7,0,5,1,5,0,0,6,3,1,0,1,3,0,4,0,0,2,2,3,2,1,1,0,0,0,0,0,0,0,0,0,0,0,0,0,0,0,0,0,0,6,2,1,1,2,0,0,0,0,0,0,0,0,3,2,3,0,0,0,0,0,2,2,1,0,0,0,0,2,2,1,1,3,0,1,1,0,0,0,3,3,2
25 - Καρδίτσας,178 E.T. Δήμου Μουζακίου,532,358,5,1,6,352,190,12,75,4,40,3,136,70,17,19,13,7,10,51,37,6,1,13,3,25,8,12,2,2,3,6,4,1,9,2,2,2,3,2,1,3,0,1,1,0,1,1,1,0,0,0,0,0,0,0,0,0,1,0,0,0,0,4,1,0,0,0,10,5,0,1,4,0,0,0,0,0,0,0,0,1,1,1,0,0,0,0,0,2,0,0,0,0,0,0,1,0,0,0,1,0,0,0,0,2,2,8,2,0
25 - Καρδίτσας,179 E.T. Δήμου Μουζακίου,541,343,3,5,8,335,182,19,97,3,36,9,116,69,8,29,8,5,8,49,28,1,2,4,1,19,6,11,1,4,6,3,1,0,14,0,4,1,3,1,3,1,0,0,0,0,0,0,0,0,0,0,0,0,0,0,0,0,0,0,0,0,0,7,5,5,1,2,10,4,2,4,4,0,0,0,0,0,0,0,0,2,2,1,0,0,0,2,0,1,0,0,0,0,0,0,0,0,1,0,0,0,0,0,0,0,0,2,0,0
25 - Καρδίτσας,180 E.T. Δήμου Μουζακίου,555,385,7,4,11,374,203,13,84,4,35,8,142,77,15,40,2,7,8,56,39,5,0,7,0,28,7,7,0,2,4,3,1,0,5,1,0,1,2,2,0,4,1,1,0,0,3,0,0,3,0,0,0,0,0,0,0,0,1,0,0,0,0,2,2,4,2,2,7,2,2,3,6,0,0,3,3,1,0,0,0,6,6,5,3,3,3,0,0,2,1,1,0,0,0,0,1,1,1,1,1,1,1,0,0,1,1,3,1,1
25 - Καρδίτσας,181 E.T. Δήμου Μουζακίου,525,333,8,0,8,325,165,12,70,4,30,15,97,75,11,32,5,7,11,51,32,5,1,8,2,26,5,4,2,1,2,1,1,0,6,2,3,1,2,1,0,5,2,1,1,1,0,0,0,0,0,0,0,0,0,0,0,0,1,1,0,1,0,6,5,5,0,0,8,2,3,2,1,0,0,0,0,0,0,0,0,6,6,6,1,1,1,1,1,0,0,0,0,0,0,0,0,0,3,2,1,0,0,0,0,2,2,4,2,1
25 - Καρδίτσας,182 E.T. Δήμου Μουζακίου,502,268,2,0,2,266,137,5,89,10,38,6,69,62,11,27,10,4,9,32,19,2,1,2,2,15,3,2,1,0,0,0,0,0,10,2,4,1,1,1,0,1,0,0,0,0,1,1,1,0,0,0,0,0,0,0,0,0,0,0,0,0,0,3,0,3,2,2,14,8,4,6,3,3,3,0,0,0,0,0,0,0,0,0,0,0,0,0,0,4,4,4,0,0,1,0,0,0,2,0,1,0,0,0,0,2,1,1,1,1
25 - Καρδίτσας,183 E.T. Δήμου Μουζακίου,351,213,5,0,5,208,97,8,63,2,13,5,63,46,14,19,5,4,4,15,16,0,1,4,0,16,2,4,0,1,1,0,0,1,8,1,3,0,1,2,0,0,0,0,0,0,1,1,1,0,0,0,0,0,0,0,0,0,0,0,0,0,0,1,0,2,2,2,16,2,3,2,3,0,0,0,0,0,0,0,0,1,1,1,1,0,0,6,5,2,2,1,1,1,0,0,2,1,0,0,1,0,1,1,0,1,0,2,1,0
25 - Καρδίτσας,184 E.T. Δήμου Μουζακίου,309,214,4,0,4,210,128,13,87,6,31,6,53,28,2,17,1,4,0,15,15,0,0,10,3,10,2,11,3,1,2,2,1,1,9,5,4,1,3,1,1,2,1,2,1,0,2,0,0,2,0,0,0,0,0,0,0,0,0,0,0,0,0,0,0,1,0,0,6,1,1,0,1,0,0,0,0,0,0,0,0,0,0,0,0,0,0,0,0,3,1,1,0,0,0,0,1,1,0,0,2,0,0,0,0,1,1,1,1,0
25 - Καρδίτσας,185 E.T. Δήμου Μουζακίου,578,265,0,1,1,264,125,13,58,6,24,8,66,60,15,23,3,9,8,38,41,1,1,8,2,32,5,5,0,0,2,0,0,0,3,2,1,0,0,0,0,4,0,0,2,2,1,0,0,0,0,0,0,0,0,0,0,0,2,0,0,0,0,1,1,2,1,0,3,2,0,0,2,0,0,0,0,0,0,1,0,0,0,0,1,1,1,1,0,6,3,2,0,0,1,0,0,0,0,0,1,0,0,0,0,0,0,6,5,3
25 - Καρδίτσας,186 E.T. Δήμου Μουζακίου,454,262,4,0,4,258,164,7,68,10,55,19,95,43,9,10,10,9,14,17,11,0,1,1,1,9,3,6,4,1,1,0,0,2,11,5,1,4,5,3,4,3,1,0,0,0,1,0,0,0,1,1,0,0,0,1,0,0,3,1,1,0,1,2,2,1,0,0,4,4,3,1,0,0,0,0,0,0,0,0,0,1,1,0,0,0,0,0,0,0,0,0,0,0,0,0,0,0,1,0,1,1,0,0,0,2,1,3,2,2
25 - Καρδίτσας,187 E.T. Δήμου Μουζακίου,421,220,8,1,9,211,102,8,35,4,27,21,61,31,5,8,4,3,12,6,28,4,0,6,2,21,2,9,2,2,1,4,0,1,9,5,3,2,1,0,1,3,1,0,2,2,1,1,0,0,2,0,1,0,2,0,1,0,0,0,0,0,0,7,4,1,0,0,7,4,2,1,4,0,0,0,0,0,0,0,0,1,1,1,0,0,0,1,1,0,0,0,0,0,1,0,0,0,0,0,1,1,1,0,0,2,1,4,3,2
25 - Καρδίτσας,188 E.T. Δήμου Μουζακίου,452,252,2,4,6,246,122,7,39,2,44,21,95,51,4,5,10,10,20,18,29,3,3,8,5,18,3,5,0,2,3,2,0,0,13,4,3,0,4,3,2,1,0,1,0,1,0,0,0,0,0,0,0,0,0,0,0,0,2,0,0,0,0,2,1,0,0,0,6,2,1,1,1,0,0,0,0,0,0,0,0,0,0,0,0,0,0,2,1,0,0,0,0,0,0,0,3,3,1,1,0,0,0,0,0,3,3,6,4,3
25 - Καρδίτσας,189 E.T. Δήμου Μουζακίου,472,291,4,0,4,287,152,5,85,9,49,9,105,49,10,14,8,4,21,10,24,3,2,5,9,19,3,12,3,5,5,1,1,1,18,4,3,5,5,0,2,6,3,1,3,0,1,1,1,0,0,0,0,0,0,0,0,0,2,1,1,0,1,5,4,1,0,1,5,5,0,1,0,1,1,0,0,0,0,0,0,0,0,0,0,0,0,2,0,0,0,0,0,0,0,0,3,0,0,0,3,2,1,1,0,1,0,2,1,0
25 - Καρδίτσας,190 E.T. Δήμου Μουζακίου,400,270,4,2,6,264,152,4,68,12,43,12,109,34,4,6,2,5,13,10,26,4,1,9,2,20,1,7,1,3,4,0,2,0,11,4,3,1,3,2,3,4,0,1,2,1,4,0,1,3,0,0,0,0,0,0,0,0,2,0,1,0,1,2,2,2,2,1,8,3,2,6,0,0,0,0,0,0,0,0,0,0,0,0,1,0,0,1,1,2,1,1,0,0,0,0,1,1,0,0,2,0,1,0,0,1,0,4,3,3
25 - Καρδίτσας,191 E.T. Δήμου Μουζακίου,443,280,5,1,6,274,126,11,60,7,30,10,89,87,7,50,21,4,31,24,26,7,0,7,2,24,6,18,1,9,10,6,2,2,3,0,2,0,1,0,0,0,0,0,0,0,0,0,0,0,1,0,1,1,0,0,0,0,1,0,0,0,0,0,0,0,0,0,1,0,0,0,0,0,0,0,0,0,0,0,0,0,0,0,2,0,1,0,0,0,0,0,0,0,0,0,0,0,0,0,4,2,0,1,1,1,1,4,3,2
25 - Καρδίτσας,192 E.T. Δήμου Μουζακίου,459,279,5,1,6,273,116,9,56,14,30,17,55,68,6,45,8,1,12,28,25,1,0,10,2,19,9,36,3,18,16,8,9,8,10,4,1,6,0,0,3,0,0,0,0,0,2,0,1,2,1,0,0,0,0,0,0,0,2,1,0,1,0,1,1,0,0,0,5,3,3,0,0,3,3,0,0,0,0,0,0,0,0,0,0,0,0,0,0,0,0,0,0,0,0,0,0,0,0,0,2,2,0,0,0,1,0,1,0,0
25 - Καρδίτσας,193 E.T. Δήμου Μουζακίου,429,273,3,1,4,269,118,16,69,9,30,4,54,61,5,18,10,13,19,16,32,4,0,4,3,25,8,17,1,5,7,7,0,2,2,1,1,0,0,0,0,0,0,0,0,0,0,0,0,0,1,0,0,0,0,0,0,0,0,0,0,0,0,1,1,0,0,0,5,4,1,0,3,0,0,0,0,0,0,1,1,0,0,0,0,0,0,0,0,5,3,2,0,0,0,0,1,0,0,0,3,1,1,0,0,18,14,4,0,0
25 - Καρδίτσας,194 E.T. Δήμου Μουζακίου,437,275,2,0,2,273,143,14,55,9,42,3,89,54,8,25,3,15,13,11,30,10,0,2,1,22,3,21,1,5,3,4,0,3,3,1,0,0,0,0,0,3,0,1,2,1,2,0,1,1,2,0,0,0,0,0,0,0,0,0,0,0,0,0,0,1,1,1,2,2,0,1,1,0,0,0,0,0,0,0,0,1,1,1,0,0,0,0,0,2,1,1,0,0,0,0,0,0,1,0,0,0,0,0,0,5,2,3,0,1
25 - Καρδίτσας,195 E.T. Δήμου Μουζακίου,491,292,4,1,5,287,126,7,47,7,27,11,85,73,5,34,3,12,31,12,30,5,1,6,2,25,1,20,5,2,4,7,0,0,12,4,2,0,1,0,1,3,0,1,0,0,0,0,0,0,5,1,2,0,3,0,1,0,1,0,0,0,0,0,0,2,1,2,4,0,0,2,4,0,0,1,1,0,0,0,0,0,0,0,1,0,0,0,0,1,0,1,0,0,2,1,1,0,2,0,0,0,0,0,0,0,0,2,2,0
25 - Καρδίτσας,196 E.T. Δήμου Μουζακίου,481,266,8,2,10,256,150,17,63,7,57,10,91,49,5,24,4,5,22,21,30,1,0,5,0,20,4,1,0,0,1,0,1,0,6,0,3,3,0,0,1,5,2,0,2,2,0,0,0,0,1,0,0,0,0,0,0,0,1,0,0,1,0,1,0,0,0,0,2,0,0,0,0,0,0,0,0,0,0,0,0,3,3,1,0,0,0,0,0,2,1,1,0,0,0,0,1,0,1,1,1,1,0,0,0,1,0,1,1,1
25 - Καρδίτσας,197 E.T. Δήμου Παλαμά,494,341,7,1,8,333,178,18,60,13,64,19,106,41,5,13,12,5,22,13,52,4,0,9,6,42,11,26,12,7,10,6,1,5,6,1,2,1,3,4,0,5,2,2,1,2,5,2,0,3,1,1,0,0,0,1,0,0,1,0,0,1,0,0,0,2,2,2,1,0,0,0,0,2,1,0,0,0,0,0,0,1,0,0,0,0,0,0,0,2,1,1,0,0,0,0,2,1,0,0,1,1,1,0,0,4,3,3,2,1
25 - Καρδίτσας,198 E.T. Δήμου Παλαμά,512,327,1,1,2,325,157,4,55,12,48,25,104,57,10,25,14,5,19,13,51,7,1,20,0,36,10,22,4,1,10,10,2,8,9,5,3,2,1,2,0,0,0,0,0,0,0,0,0,0,2,0,2,0,0,0,0,0,2,1,0,0,1,3,2,1,1,1,6,2,3,1,0,0,0,1,0,0,0,2,1,0,0,0,1,1,1,0,0,0,0,0,0,0,0,0,1,1,5,3,0,0,0,0,0,0,0,5,3,2
25 - Καρδίτσας,199 E.T. Δήμου Παλαμά,478,310,6,2,8,302,143,3,67,11,57,11,87,75,5,31,10,17,29,22,41,8,0,9,1,33,3,20,8,5,8,4,0,4,8,2,3,3,2,0,0,7,1,1,4,2,1,1,1,0,0,0,0,0,0,0,0,0,0,0,0,0,0,0,0,0,0,0,1,1,0,1,0,0,0,1,1,0,0,0,0,0,0,0,0,0,0,0,0,0,0,0,0,0,0,0,0,0,2,2,1,0,0,0,0,0,0,2,2,1
25 - Καρδίτσας,200 E.T. Δήμου Παλαμά,519,321,3,2,5,316,183,9,77,8,47,23,111,39,10,16,6,4,18,8,45,6,1,10,3,41,9,25,15,8,7,7,1,8,6,1,1,2,2,0,0,3,0,1,0,1,1,0,0,1,0,0,0,0,0,0,0,0,3,2,0,0,0,0,0,2,2,2,3,1,2,0,1,0,0,1,0,0,0,0,0,0,0,0,1,0,0,0,0,2,1,1,0,0,1,0,0,0,1,0,0,0,0,0,0,0,0,0,0,0
25 - Καρδίτσας,201 E.T. Δήμου Παλαμά,499,329,6,0,6,323,152,14,63,12,49,15,89,56,6,32,10,6,14,13,42,2,1,12,1,36,5,31,13,7,13,5,8,6,7,4,0,1,5,1,0,9,1,2,4,5,0,0,0,0,1,0,1,0,0,0,0,0,1,0,1,0,1,0,0,0,0,0,5,2,1,0,1,0,0,2,1,0,0,0,0,0,0,0,0,0,0,2,2,2,2,1,0,0,0,0,3,1,4,3,1,0,0,1,0,5,4,0,0,0
25 - Καρδίτσας,202 E.T. Δήμου Παλαμά,497,334,3,2,5,329,129,12,63,5,39,9,70,81,12,37,21,12,28,25,62,7,1,20,3,55,18,24,13,2,13,6,1,4,10,5,4,2,2,0,2,6,0,0,6,1,2,2,0,2,1,0,0,0,0,0,0,0,2,0,0,0,0,0,0,0,0,0,2,1,1,0,0,1,1,0,0,0,0,0,0,0,0,0,0,0,0,0,0,0,0,0,0,0,1,1,2,1,1,1,1,0,0,0,0,1,1,3,1,1
25 - Καρδίτσας,203 E.T. Δήμου Παλαμά,528,342,5,1,6,336,173,8,71,13,44,23,98,43,4,18,11,2,17,13,50,4,0,13,5,39,15,23,11,4,12,4,4,4,17,4,2,5,4,2,2,2,0,0,0,0,1,0,0,1,0,0,0,0,0,0,0,0,0,0,0,0,0,2,2,3,1,1,8,5,1,3,4,0,0,0,0,0,0,1,1,1,0,0,0,0,0,1,1,0,0,0,0,0,0,0,4,4,0,0,1,1,0,0,0,1,0,5,1,1
25 - Καρδίτσας,204 E.T. Δήμου Παλαμά,494,308,6,1,7,301,145,12,45,9,37,26,78,53,10,28,4,9,20,11,41,8,1,9,2,30,8,26,14,6,7,2,5,5,10,1,1,2,0,3,1,3,0,1,0,2,2,0,1,2,2,1,1,1,0,1,0,0,3,0,0,0,0,1,1,1,1,0,6,2,0,2,2,0,0,0,0,0,0,0,0,0,0,0,0,0,0,0,0,3,2,1,0,0,0,0,0,0,0,0,2,0,1,1,1,0,0,3,2,0
25 - Καρδίτσας,205 E.T. Δήμου Παλαμά,509,328,9,4,13,315,138,5,58,5,32,24,91,58,12,25,12,4,23,7,59,6,2,19,1,53,13,27,9,8,9,10,1,8,12,4,2,4,3,3,0,2,0,1,1,1,1,1,0,0,0,0,0,0,0,0,0,0,2,0,0,0,0,1,1,0,0,0,3,1,2,0,1,0,0,0,0,0,0,0,0,0,0,0,1,1,1,0,0,0,0,0,0,0,2,0,1,0,1,1,2,0,0,0,0,2,2,3,0,0
25 - Καρδίτσας,206 E.T. Δήμου Παλαμά,428,294,8,2,10,284,91,4,38,10,24,6,50,64,9,29,17,5,25,21,63,6,1,18,5,52,7,36,19,7,14,5,11,5,6,0,0,2,1,1,1,3,0,0,0,3,1,0,0,0,1,0,0,0,0,0,0,0,3,0,0,0,0,4,2,1,1,1,5,1,1,2,2,0,0,0,0,0,0,0,0,1,1,1,0,0,0,0,0,0,0,0,0,0,0,0,1,1,0,0,1,1,0,1,0,1,0,2,1,1
25 - Καρδίτσας,207 E.T. Δήμου Παλαμά,264,184,6,0,6,178,89,12,42,5,28,26,45,26,2,12,5,1,14,6,25,0,1,11,1,17,5,13,2,4,1,6,1,1,2,0,1,0,2,1,0,3,0,0,1,0,1,0,0,0,1,0,0,0,0,1,0,0,0,0,0,0,0,0,0,1,0,0,8,4,1,3,0,0,0,0,0,0,0,0,0,0,0,0,0,0,0,0,0,2,2,2,0,0,0,0,0,0,3,3,3,2,0,0,0,0,0,1,1,1
25 - Καρδίτσας,208 E.T. Δήμου Παλαμά,139,103,1,0,1,102,65,12,24,4,22,4,39,15,2,7,4,0,6,2,3,0,0,2,0,1,2,2,1,1,0,0,0,0,8,3,0,0,2,2,0,2,1,0,1,1,2,2,0,2,0,0,0,0,0,0,0,0,0,0,0,0,0,1,0,1,0,0,3,1,1,0,2,0,0,0,0,0,0,0,0,0,0,0,0,0,0,0,0,0,0,0,0,0,0,0,0,0,0,0,0,0,0,0,0,0,0,0,0,0
25 - Καρδίτσας,209 E.T. Δήμου Παλαμά,643,420,7,0,7,413,231,31,74,15,68,12,150,61,16,21,13,4,23,27,67,7,1,10,7,60,6,16,7,2,5,0,0,3,1,0,0,1,0,0,0,3,0,1,1,0,3,2,0,0,1,0,1,1,0,0,0,0,0,0,0,0,0,1,0,3,2,3,10,5,0,7,1,0,0,0,0,0,0,0,0,0,0,0,0,0,0,0,0,0,0,0,0,0,0,0,1,0,10,0,1,1,0,0,0,0,0,4,0,0
25 - Καρδίτσας,210 E.T. Δήμου Παλαμά,562,354,11,0,11,343,148,11,36,15,38,19,103,80,9,31,19,6,32,18,73,2,0,57,1,33,10,9,3,1,2,1,1,3,7,1,0,1,2,4,0,2,0,0,0,0,3,1,0,0,1,0,0,1,0,0,0,0,1,1,1,0,0,1,0,2,1,2,6,1,1,5,2,0,0,0,0,0,0,0,0,0,0,0,0,0,0,0,0,5,5,5,0,0,0,0,0,0,2,2,0,0,0,0,0,0,0,3,2,0
25 - Καρδίτσας,211 E.T. Δήμου Παλαμά,629,356,6,1,7,349,145,11,45,15,46,35,89,88,7,36,15,32,32,17,50,2,3,21,3,25,10,37,20,1,13,3,6,18,8,2,2,2,1,1,0,2,0,1,0,0,1,0,1,0,0,0,0,0,0,0,0,0,1,0,0,0,0,1,1,1,0,0,3,1,0,2,0,0,0,0,0,0,0,1,0,0,0,0,0,0,0,0,0,2,0,1,0,0,0,0,0,0,0,0,2,2,2,0,0,3,3,4,2,1
25 - Καρδίτσας,212 E.T. Δήμου Παλαμά,313,221,5,1,6,215,121,12,69,7,23,9,58,42,2,21,1,9,11,9,33,0,1,11,0,25,8,4,0,1,2,1,0,0,9,1,2,2,1,0,1,1,0,0,1,1,0,0,0,0,0,0,0,0,0,0,0,0,0,0,0,0,0,0,0,1,1,1,1,1,0,0,1,0,0,0,0,0,0,0,0,0,0,0,0,0,0,0,0,0,0,0,0,0,1,1,0,0,0,0,0,0,0,0,0,0,0,2,2,1
25 - Καρδίτσας,213 E.T. Δήμου Παλαμά,682,471,9,4,13,458,262,36,75,28,27,48,178,48,11,18,9,4,7,18,80,1,0,30,2,58,11,7,5,0,5,0,1,0,11,2,1,3,3,3,1,8,0,3,3,2,3,0,0,2,0,0,0,0,0,0,0,0,0,0,0,0,0,3,3,0,0,0,13,4,1,3,2,1,1,0,0,0,0,0,0,4,1,0,0,0,0,5,3,2,1,0,0,0,0,0,1,1,3,2,2,0,0,1,0,0,0,5,4,0
25 - Καρδίτσας,214 E.T. Δήμου Παλαμά,502,319,2,4,6,313,171,12,73,9,47,14,101,32,6,12,13,3,8,4,76,8,0,21,0,64,13,7,1,2,6,1,1,3,11,4,1,4,0,3,1,0,0,0,0,0,1,1,0,1,1,0,0,1,0,0,0,0,0,0,0,0,0,0,0,0,0,0,5,2,0,0,0,0,0,0,0,0,0,0,0,0,0,0,0,0,0,0,0,0,0,0,0,0,0,0,1,1,3,0,0,0,0,0,0,2,0,3,1,0
25 - Καρδίτσας,215 E.T. Δήμου Παλαμά,407,238,6,3,9,229,90,11,25,10,37,11,61,49,7,23,13,8,20,5,43,3,0,6,0,32,14,7,2,1,3,0,0,0,5,1,2,0,1,0,1,4,2,0,3,0,0,0,0,0,3,1,2,1,0,0,0,0,1,0,0,0,0,4,3,1,1,1,7,3,4,1,2,1,0,0,0,0,0,0,0,0,0,0,0,0,0,1,1,4,0,1,0,0,0,0,1,0,3,2,2,1,1,1,1,1,1,2,1,0
25 - Καρδίτσας,216 E.T. Δήμου Παλαμά,392,259,3,1,4,255,111,15,43,8,46,7,54,63,20,20,18,9,24,22,47,3,0,7,1,41,16,7,3,2,2,2,0,0,8,3,2,0,3,2,1,2,0,1,1,0,2,0,1,2,1,1,0,0,1,0,0,0,0,0,0,0,0,2,1,1,0,0,4,2,1,1,1,1,0,1,1,0,0,0,0,0,0,0,1,1,1,0,0,0,0,0,0,0,1,1,0,0,1,0,0,0,0,0,0,1,1,1,0,0
25 - Καρδίτσας,217 E.T. Δήμου Παλαμά,377,256,1,1,2,254,129,8,47,10,53,21,67,40,5,26,14,0,11,4,44,0,0,14,1,34,17,10,2,2,2,5,0,6,10,1,1,7,2,2,1,1,0,0,0,1,0,0,0,0,2,0,2,2,0,0,0,0,0,0,0,0,0,0,0,0,0,0,2,1,0,0,1,1,0,0,0,0,0,0,0,1,1,1,0,0,0,0,0,1,0,0,0,0,0,0,0,0,3,2,0,0,0,0,0,1,1,9,1,2
25 - Καρδίτσας,218 E.T. Δήμου Παλαμά,359,216,14,1,15,201,111,15,36,4,46,22,54,38,6,14,5,5,18,10,21,0,0,13,1,13,4,9,2,0,5,3,0,3,4,0,4,0,2,0,0,2,0,1,1,0,1,0,0,0,0,0,0,0,0,0,0,0,0,0,0,0,0,2,0,1,0,1,5,0,4,1,4,0,0,0,0,0,0,0,0,2,2,1,1,1,0,1,1,1,1,0,0,0,0,0,0,0,0,0,1,1,0,0,0,0,0,1,0,0
25 - Καρδίτσας,219 E.T. Δήμου Παλαμά,346,233,1,0,1,232,128,10,39,2,22,7,92,48,9,27,8,10,17,6,31,4,1,9,2,23,8,8,2,1,1,4,0,6,3,0,0,1,0,0,1,0,0,0,0,0,0,0,0,0,1,0,0,0,0,0,0,0,0,0,0,0,0,1,1,2,0,0,1,0,1,0,0,1,0,0,0,0,0,0,0,1,1,0,0,0,0,2,1,0,0,0,0,0,0,0,1,1,0,0,0,0,0,0,0,2,1,2,0,0
25 - Καρδίτσας,220 E.T. Δήμου Παλαμά,357,232,4,2,6,226,123,16,63,6,34,0,73,39,4,21,9,4,16,5,32,2,0,11,3,26,10,13,1,1,3,9,1,7,7,4,0,2,1,0,2,1,0,0,0,0,2,1,0,1,0,0,0,0,0,0,0,0,0,0,0,0,0,1,0,3,3,1,2,1,1,0,0,0,0,0,0,0,0,0,0,0,0,0,0,0,0,1,1,1,1,1,0,0,0,0,0,0,0,0,0,0,0,0,0,0,0,1,0,0
25 - Καρδίτσας,221 E.T. Δήμου Παλαμά,226,143,1,1,2,141,86,15,29,3,34,8,48,22,2,12,1,0,13,5,10,3,0,2,0,7,2,2,0,0,1,0,0,1,6,2,0,1,2,2,0,1,0,1,1,0,1,1,0,1,0,0,0,0,0,0,0,0,1,0,0,0,1,0,0,1,0,0,3,2,0,1,1,0,0,0,0,0,0,0,0,1,1,1,3,1,0,0,0,1,0,0,0,0,0,0,2,1,1,0,0,0,0,0,0,0,0,0,0,0
25 - Καρδίτσας,222 E.T. Δήμου Παλαμά,665,448,4,0,4,444,242,22,106,15,83,24,134,90,9,30,36,13,37,19,62,4,0,26,0,42,26,12,1,3,5,2,1,4,7,2,2,1,1,1,0,4,2,1,1,3,0,0,0,0,0,0,0,0,0,0,0,0,1,0,0,0,0,1,1,1,1,0,13,6,0,3,5,0,0,0,0,0,0,0,0,0,0,0,0,0,0,1,1,1,0,0,0,0,0,0,1,0,1,0,0,0,0,0,0,1,0,6,4,0
25 - Καρδίτσας,223 E.T. Δήμου Παλαμά,438,261,3,1,4,257,126,33,38,10,38,15,80,55,1,24,10,17,21,7,25,3,0,3,1,23,6,13,3,1,6,4,3,3,11,2,0,2,3,2,2,1,1,1,0,0,2,2,2,0,0,0,0,0,0,0,0,0,0,0,0,0,0,1,1,0,0,0,8,3,2,2,5,0,0,0,0,0,0,0,0,1,1,0,1,1,1,4,4,2,2,2,0,0,0,0,0,0,0,0,1,0,0,1,1,2,2,4,2,2
25 - Καρδίτσας,224 E.T. Δήμου Παλαμά,464,311,4,1,5,306,177,71,47,9,58,21,138,60,7,37,3,18,34,10,39,3,0,12,0,38,8,5,5,4,0,0,0,1,12,2,0,0,2,2,3,5,1,1,1,3,2,2,0,1,0,0,0,0,0,0,0,0,0,0,0,0,0,2,2,0,0,0,2,0,0,1,0,0,0,0,0,0,0,0,0,0,0,0,0,0,0,0,0,0,0,0,0,0,0,0,0,0,1,1,0,0,0,0,0,0,0,1,1,0
25 - Καρδίτσας,225 E.T. Δήμου Παλαμά,454,295,0,0,0,295,159,44,53,3,49,8,109,47,8,23,5,5,25,6,57,11,1,16,3,43,10,4,1,1,1,2,1,0,8,2,1,3,2,1,2,3,2,0,1,0,2,1,0,1,0,0,0,0,0,0,0,0,0,0,0,0,0,1,1,0,0,0,5,2,1,1,0,0,0,0,0,0,0,0,0,0,0,0,0,0,0,0,0,0,0,0,0,0,0,0,1,1,1,1,0,0,0,0,0,1,0,6,3,4
25 - Καρδίτσας,226 E.T. Δήμου Παλαμά,463,295,12,0,12,283,125,30,37,3,32,15,92,66,13,29,6,16,44,5,46,4,2,11,0,37,11,10,1,2,4,3,2,1,9,0,1,3,3,2,0,2,1,1,2,0,5,1,1,3,0,0,0,0,0,0,0,0,0,0,0,0,0,1,0,0,0,0,9,2,1,6,5,1,1,0,0,0,0,0,0,1,0,0,0,0,0,0,0,0,0,0,0,0,1,1,0,0,0,0,0,0,0,0,0,0,0,7,3,4
25 - Καρδίτσας,227 E.T. Δήμου Παλαμά,396,271,7,1,8,263,139,11,66,4,50,9,86,35,7,12,3,4,14,7,38,6,2,15,0,26,12,32,24,6,4,6,5,3,3,1,0,0,2,2,1,5,1,1,2,2,0,0,0,0,1,0,0,0,1,1,0,0,0,0,0,0,0,0,0,1,1,1,1,1,0,0,0,0,0,1,0,0,0,1,0,0,0,0,1,0,0,0,0,0,0,0,0,0,0,0,0,0,0,0,0,0,0,0,0,0,0,5,2,1
25 - Καρδίτσας,228 E.T. Δήμου Παλαμά,385,269,3,1,4,265,167,12,56,11,66,11,118,31,2,9,7,4,14,8,29,1,0,13,3,20,2,18,10,3,2,3,0,4,2,0,0,0,0,0,0,1,0,0,1,0,4,3,1,2,1,0,0,0,0,0,0,0,0,0,0,0,0,0,0,3,2,1,1,0,0,1,1,0,0,1,1,0,0,0,0,0,0,0,0,0,0,1,1,0,0,0,0,0,0,0,0,0,5,3,0,0,0,0,0,0,0,1,1,1
25 - Καρδίτσας,229 E.T. Δήμου Παλαμά,386,273,7,1,8,265,155,23,54,14,41,6,103,29,2,10,3,5,12,8,30,5,3,8,2,17,12,23,15,3,3,8,0,1,9,3,2,3,2,1,1,6,1,1,3,3,3,0,1,1,0,0,0,0,0,0,0,0,0,0,0,0,0,2,1,1,0,0,1,1,0,0,0,0,0,0,0,0,0,0,0,0,0,0,1,0,0,0,0,0,0,0,0,0,0,0,0,0,3,2,1,0,0,0,0,1,1,0,0,0
25 - Καρδίτσας,230 E.T. Δήμου Παλαμά,160,110,4,0,4,106,44,5,8,6,10,12,27,23,2,15,2,0,14,4,14,0,0,0,0,11,7,12,4,3,8,4,0,0,6,3,0,1,3,0,0,1,0,0,0,0,0,0,0,0,1,1,0,0,0,1,0,0,0,0,0,0,0,0,0,0,0,0,4,2,0,4,2,0,0,0,0,0,0,0,0,0,0,0,0,0,0,0,0,0,0,0,0,0,0,0,0,0,0,0,0,0,0,0,0,1,1,0,0,0
25 - Καρδίτσας,231 E.T. Δήμου Παλαμά,272,180,3,1,4,176,58,2,26,2,21,1,31,20,3,13,4,2,3,8,59,5,1,23,0,32,21,21,11,3,2,4,16,5,8,0,2,3,2,2,0,0,0,0,0,0,0,0,0,0,1,0,0,0,0,0,1,0,0,0,0,0,0,0,0,1,0,0,2,0,0,1,1,0,0,0,0,0,0,0,0,0,0,0,0,0,0,0,0,0,0,0,0,0,0,0,0,0,1,1,1,0,0,0,0,0,0,3,3,1
25 - Καρδίτσας,232 E.T. Δήμου Παλαμά,374,213,2,1,3,210,96,1,43,7,62,6,43,38,6,16,12,9,11,7,34,2,0,9,2,28,6,12,9,1,1,10,0,0,8,2,1,2,5,4,0,5,0,0,3,1,1,1,0,1,0,0,0,0,0,0,0,0,1,1,0,0,0,1,1,0,0,0,3,1,1,1,2,1,0,0,0,0,0,0,0,0,0,0,0,0,0,0,0,1,1,0,0,0,0,0,1,0,0,0,0,0,0,0,0,1,1,7,4,2
25 - Καρδίτσας,233 E.T. Δήμου Παλαμά,298,203,2,0,2,201,116,15,46,11,52,3,50,33,9,13,10,4,4,6,21,0,0,7,1,16,11,11,4,6,0,1,1,0,2,0,1,0,1,0,0,3,0,0,1,2,0,0,0,0,0,0,0,0,0,0,0,0,2,0,1,1,0,1,1,4,3,3,3,0,0,1,1,0,0,0,0,0,0,0,0,0,0,0,0,0,0,0,0,0,0,0,0,0,0,0,1,1,0,0,2,0,0,1,1,0,0,2,1,0
25 - Καρδίτσας,234 E.T. Δήμου Παλαμά,264,192,1,0,1,191,97,7,28,7,43,5,46,20,0,10,1,1,3,9,33,3,1,11,7,18,11,25,5,6,7,1,1,3,5,3,2,1,0,0,0,6,1,1,1,0,0,0,0,0,0,0,0,0,0,0,0,0,0,0,0,0,0,0,0,0,0,0,0,0,0,0,0,0,0,0,0,0,0,0,0,0,0,0,1,0,0,0,0,0,0,0,0,0,0,0,0,0,1,1,0,0,0,0,0,1,1,2,1,0
25 - Καρδίτσας,235 E.T. Δήμου Παλαμά,401,276,0,0,0,276,160,16,74,10,44,4,80,37,3,18,5,6,7,4,27,2,1,3,1,16,15,21,5,1,7,13,1,6,2,0,1,0,1,1,0,3,1,2,1,1,3,2,0,1,0,0,0,0,0,0,0,0,1,1,0,0,0,1,1,1,0,0,9,5,1,6,3,1,1,0,0,0,0,0,0,0,0,0,0,0,0,1,0,2,2,1,0,0,0,0,0,0,1,1,3,1,0,3,1,3,1,0,0,0
25 - Καρδίτσας,236 E.T. Δήμου Παλαμά,400,274,2,0,2,272,154,14,62,13,66,3,76,45,9,25,10,6,11,10,39,1,0,6,0,31,13,12,8,2,0,6,1,0,7,2,2,3,1,1,2,2,0,0,0,0,3,1,0,0,0,0,0,0,0,0,0,0,0,0,0,0,0,0,0,0,0,0,2,1,1,0,0,0,0,0,0,0,0,0,0,0,0,0,1,0,0,0,0,0,0,0,0,0,0,0,0,0,0,0,1,1,0,1,0,0,0,6,5,1
25 - Καρδίτσας,237 E.T. Δήμου Σοφάδων,541,352,7,1,8,344,173,19,44,9,39,91,87,65,4,18,26,5,31,18,50,4,0,11,2,33,20,19,3,7,6,2,1,7,12,4,2,5,2,4,2,0,0,0,0,0,0,0,0,0,1,0,0,0,0,0,0,0,1,1,0,0,1,3,1,2,0,0,4,1,1,0,2,0,0,0,0,0,0,8,1,0,0,0,1,1,0,1,0,0,0,0,0,0,0,0,2,0,0,0,0,0,0,0,0,0,0,2,0,0
25 - Καρδίτσας,238 E.T. Δήμου Σοφάδων,530,355,14,5,19,336,169,29,35,8,54,70,99,65,5,14,17,5,31,17,60,3,0,10,0,45,21,18,8,1,4,2,1,11,12,5,3,3,4,1,0,3,1,0,1,2,0,0,0,0,1,0,0,0,0,0,0,0,1,0,0,0,0,0,0,0,0,0,1,0,0,1,1,0,0,0,0,0,0,0,0,0,0,0,0,0,0,0,0,1,0,1,0,0,0,0,3,1,0,0,0,0,0,0,0,0,0,2,1,1
25 - Καρδίτσας,239 E.T. Δήμου Σοφάδων,534,326,4,1,5,321,160,17,34,5,47,91,83,77,12,15,24,5,35,22,38,5,3,7,3,31,12,17,8,4,3,1,0,4,13,3,1,4,4,2,0,2,0,0,1,1,1,1,0,0,1,0,0,1,0,0,0,0,0,0,0,0,0,2,0,0,0,0,3,1,1,1,2,0,0,1,0,0,0,1,0,0,0,0,0,0,0,0,0,1,1,0,0,0,0,0,2,2,0,0,0,0,0,0,0,1,1,1,1,1
25 - Καρδίτσας,240 E.T. Δήμου Σοφάδων,317,206,2,1,3,203,96,13,39,12,23,22,49,44,6,6,17,3,23,13,29,3,1,6,0,19,15,20,4,4,5,8,0,7,1,0,0,0,0,0,0,2,1,0,0,0,0,0,0,0,1,1,1,0,0,0,0,0,1,0,1,0,1,3,3,0,0,0,0,0,0,0,0,0,0,0,0,0,0,0,0,0,0,0,0,0,0,2,2,0,0,0,0,0,0,0,0,0,0,0,1,0,1,0,1,0,0,3,1,0
25 - Καρδίτσας,241 E.T. Δήμου Σοφάδων,609,426,1,1,2,424,247,17,118,17,65,12,120,33,2,9,11,0,11,14,100,0,0,34,2,84,38,9,1,2,1,1,0,2,10,4,0,4,2,0,1,0,0,0,0,0,2,1,1,2,0,0,0,0,0,0,0,0,3,0,1,0,0,0,0,4,2,2,4,0,1,3,2,0,0,0,0,0,0,0,0,0,0,0,1,0,0,0,0,0,0,0,0,0,0,0,1,1,1,0,3,2,0,0,0,0,0,6,5,3
25 - Καρδίτσας,242 E.T. Δήμου Σοφάδων,470,308,2,0,2,306,146,33,44,12,37,42,76,65,1,21,10,10,17,20,41,3,0,10,0,29,20,14,5,5,7,0,0,3,11,2,4,1,2,0,0,2,0,0,0,0,0,0,0,0,1,0,1,0,1,0,0,0,1,0,0,1,0,4,3,0,0,0,5,1,1,1,0,0,0,0,0,0,0,1,1,0,0,0,2,1,1,2,1,0,0,0,0,0,0,0,3,3,3,3,2,2,0,2,0,1,1,2,2,1
25 - Καρδίτσας,243 E.T. Δήμου Σοφάδων,200,101,0,0,0,101,71,5,25,1,9,33,53,2,1,1,1,1,0,0,4,1,1,1,1,1,2,4,1,2,0,2,1,0,5,4,3,1,0,1,1,1,0,0,0,0,1,0,0,0,0,0,0,0,0,0,0,0,2,1,1,0,1,0,0,1,0,0,6,4,2,1,1,0,0,0,0,0,0,0,0,0,0,0,0,0,0,1,0,1,1,1,0,0,1,1,0,0,0,0,0,0,0,0,0,1,1,0,0,0
25 - Καρδίτσας,244 E.T. Δήμου Σοφάδων,308,171,3,0,3,168,86,9,54,9,31,12,41,19,0,4,11,5,7,2,36,3,1,7,2,26,17,15,7,7,5,0,1,0,4,2,1,1,3,1,0,2,0,0,1,1,0,0,0,0,0,0,0,0,0,0,0,0,1,0,1,0,1,0,0,1,1,0,3,1,0,1,0,0,0,0,0,0,0,0,0,1,1,1,0,0,0,0,0,0,0,0,0,0,0,0,0,0,0,0,0,0,0,0,0,0,0,0,0,0
25 - Καρδίτσας,245 E.T. Δήμου Σοφάδων,321,193,4,0,4,189,103,13,65,5,41,5,48,31,2,2,6,2,16,14,20,0,0,4,2,11,6,15,2,5,2,7,3,4,4,1,1,0,1,0,1,2,0,1,1,2,2,1,1,1,0,0,0,0,0,0,0,0,0,0,0,0,0,0,0,0,0,0,1,1,1,0,0,0,0,2,0,0,0,0,0,0,0,0,0,0,0,1,1,2,1,2,0,0,0,0,0,0,0,0,0,0,0,0,0,0,0,6,4,4
25 - Καρδίτσας,246 E.T. Δήμου Σοφάδων,393,271,8,2,10,261,135,11,92,12,40,5,51,21,4,0,4,4,11,4,38,0,0,8,2,22,19,32,5,5,5,10,0,7,4,1,0,0,0,0,2,6,2,1,2,2,2,0,1,1,1,1,0,1,0,0,0,0,2,1,0,2,0,0,0,0,0,0,3,1,1,0,0,0,0,2,1,0,0,0,0,1,1,1,0,0,0,8,8,1,1,0,0,0,1,1,0,0,0,0,1,0,0,0,1,1,1,2,1,1
25 - Καρδίτσας,247 E.T. Δήμου Σοφάδων,391,264,5,0,5,259,118,11,79,8,31,3,42,39,9,9,8,2,18,9,36,2,0,6,1,27,28,27,6,8,4,10,2,11,4,0,1,0,2,0,0,6,2,1,0,3,1,1,0,1,0,0,0,0,0,0,0,0,6,1,0,3,2,1,1,0,0,0,4,0,1,2,1,0,0,0,0,0,0,0,0,2,1,0,0,0,0,5,5,0,0,0,0,0,0,0,6,2,0,0,2,2,0,0,0,0,0,2,0,0
25 - Καρδίτσας,248 E.T. Δήμου Σοφάδων,601,348,9,4,13,335,185,25,115,8,47,27,70,48,8,27,12,7,16,11,48,1,1,7,6,14,39,23,3,7,6,9,4,9,4,2,0,1,1,0,1,5,1,2,2,1,1,1,0,0,2,0,1,1,0,0,0,0,3,1,1,0,0,2,2,1,0,0,6,3,2,2,3,1,1,0,0,0,0,0,0,0,0,0,0,0,0,0,0,0,0,0,0,0,0,0,0,0,1,1,0,0,0,0,0,0,0,5,5,3
25 - Καρδίτσας,249 E.T. Δήμου Σοφάδων,329,228,3,0,3,225,111,17,62,1,51,14,60,27,9,5,7,7,15,5,40,8,2,11,2,25,21,21,6,5,3,12,0,6,8,1,0,0,0,0,1,3,1,1,1,1,1,0,0,0,0,0,0,0,0,0,0,0,4,0,0,1,1,0,0,1,0,0,2,1,0,0,0,0,0,0,0,0,0,0,0,1,1,0,1,1,0,0,0,0,0,0,0,0,0,0,1,1,0,0,0,0,0,0,0,0,0,4,4,3
25 - Καρδίτσας,250 E.T. Δήμου Σοφάδων,559,270,7,1,8,262,102,9,40,7,34,13,57,44,15,6,15,5,16,9,53,4,10,8,2,29,28,12,3,1,5,2,1,2,19,2,2,2,5,1,1,10,3,3,3,4,5,0,1,2,2,1,1,0,0,1,0,0,2,1,1,0,1,1,1,2,2,1,2,1,0,2,1,0,0,2,1,0,0,1,0,0,0,0,1,0,0,0,0,0,0,0,0,0,0,0,1,0,0,0,0,0,0,0,0,0,0,3,2,2
25 - Καρδίτσας,251 E.T. Δήμου Σοφάδων,437,283,6,1,7,276,113,12,45,8,28,6,66,61,9,16,13,13,22,18,53,2,0,4,0,28,33,14,3,2,5,8,0,4,4,0,1,1,0,0,0,2,1,1,1,1,1,1,1,0,0,0,0,0,0,0,3,1,2,0,0,1,1,0,0,1,0,0,7,1,1,1,4,1,1,1,0,0,0,0,0,0,0,0,2,0,0,1,0,1,1,1,0,0,0,0,0,0,0,0,1,0,0,0,0,2,2,6,3,3
25 - Καρδίτσας,252 E.T. Δήμου Σοφάδων,445,270,14,0,14,256,92,10,44,7,27,5,48,90,23,11,21,16,12,8,31,5,0,1,2,21,16,8,2,0,2,0,1,2,8,3,2,0,1,2,0,4,1,0,1,1,2,0,0,0,0,0,0,0,0,0,0,0,1,1,0,0,1,2,2,2,1,0,1,0,0,0,0,0,0,0,0,0,0,0,0,0,0,0,1,0,0,0,0,0,0,0,0,0,2,1,1,0,1,0,0,0,0,0,0,1,0,9,2,7
25 - Καρδίτσας,253 E.T. Δήμου Σοφάδων,438,271,8,1,9,262,128,18,63,13,27,11,64,50,17,8,11,10,9,7,46,9,0,5,1,25,32,10,5,3,4,0,1,1,9,5,2,2,2,3,0,2,0,0,0,0,0,0,0,0,0,0,0,0,0,0,0,0,0,0,0,0,0,1,1,1,1,1,2,0,0,0,0,0,0,1,1,0,0,0,0,0,0,0,0,0,0,0,0,0,0,0,0,0,0,0,0,0,2,2,2,0,0,1,1,3,2,5,4,4
25 - Καρδίτσας,254 E.T. Δήμου Σοφάδων,446,302,7,0,7,295,126,9,45,8,20,12,86,76,12,15,23,12,15,26,52,0,0,9,2,37,27,11,2,2,2,3,0,4,5,1,1,0,0,0,0,6,0,0,3,4,1,0,0,0,0,0,0,0,0,0,0,0,0,0,0,0,0,0,0,2,2,0,0,0,0,0,0,0,0,1,0,0,0,0,0,0,0,0,0,0,0,0,0,2,0,0,0,0,0,0,1,1,1,0,0,0,0,0,0,2,2,9,6,6
25 - Καρδίτσας,255 E.T. Δήμου Σοφάδων,451,286,2,1,3,283,108,9,46,4,21,3,62,87,9,14,29,6,22,14,52,4,3,6,0,28,33,5,1,2,2,1,0,0,9,4,2,2,2,1,1,2,0,0,1,0,0,0,0,0,1,0,0,0,0,0,0,0,2,0,1,1,0,1,1,1,0,0,1,0,0,0,0,1,0,1,0,0,0,0,0,1,0,0,1,0,0,1,0,1,0,0,0,0,1,0,2,1,0,0,2,1,0,1,0,0,0,3,3,2
25 - Καρδίτσας,256 E.T. Δήμου Σοφάδων,463,227,5,3,8,219,78,4,22,11,20,3,61,88,12,12,26,10,24,19,25,2,0,2,0,13,12,14,2,3,6,7,0,4,2,0,0,0,0,0,0,2,1,1,0,2,2,0,0,1,0,0,0,0,0,0,0,0,0,0,0,0,0,0,0,1,0,0,1,0,1,0,0,0,0,0,0,0,0,0,0,0,0,0,0,0,0,0,0,1,1,1,0,0,0,0,0,0,0,0,0,0,0,0,0,2,2,3,3,2
25 - Καρδίτσας,257 E.T. Δήμου Σοφάδων,464,237,10,1,11,226,90,0,10,10,4,4,81,116,28,8,26,4,15,8,7,0,0,1,0,2,2,1,0,0,0,0,0,0,1,0,0,0,1,1,0,2,0,0,0,0,0,0,0,0,1,0,1,0,0,0,0,0,1,0,0,0,0,0,0,0,0,0,0,0,0,0,0,0,0,0,0,0,0,1,0,0,0,0,2,1,1,0,0,0,0,0,0,0,0,0,1,0,0,0,0,0,0,0,0,2,0,1,0,0
25 - Καρδίτσας,258 E.T. Δήμου Σοφάδων,471,253,4,0,4,249,99,8,36,7,9,9,79,101,23,17,24,13,21,20,14,1,1,1,0,9,8,10,5,2,1,5,0,3,5,1,1,1,1,0,2,3,1,0,1,0,0,0,0,0,1,0,0,0,0,0,0,0,1,0,1,1,0,2,2,1,0,1,5,3,1,2,1,0,0,0,0,0,0,0,0,0,0,0,0,0,0,1,0,0,0,0,0,0,0,0,0,0,0,0,3,1,0,1,1,2,1,1,1,0
25 - Καρδίτσας,259 E.T. Δήμου Σοφάδων,416,253,3,0,3,250,99,16,26,5,25,6,67,58,8,15,16,6,26,20,57,8,1,7,3,21,45,6,1,2,0,0,0,0,5,3,1,0,0,1,0,1,1,1,0,0,0,0,0,0,0,0,0,0,0,0,0,0,2,0,0,1,1,0,0,1,0,0,3,0,1,1,2,2,1,0,0,0,0,0,0,0,0,0,0,0,0,0,0,2,1,1,0,0,2,1,1,1,2,1,2,0,0,0,1,2,2,5,4,1
25 - Καρδίτσας,260 E.T. Δήμου Σοφάδων,475,242,10,1,11,231,88,10,24,8,14,5,73,110,25,20,21,9,25,18,14,2,0,3,1,4,8,5,1,2,0,3,0,1,1,0,0,0,0,0,0,1,0,0,0,0,0,0,0,0,0,0,0,0,0,0,0,0,0,0,0,0,0,0,0,0,0,0,0,0,0,0,0,1,1,0,0,0,0,0,0,1,0,0,1,0,0,0,0,0,0,0,0,0,0,0,1,0,0,0,3,0,1,1,1,1,1,4,4,3
25 - Καρδίτσας,261 E.T. Δήμου Σοφάδων,453,265,13,0,13,252,101,9,32,7,20,6,68,90,22,9,26,9,25,12,37,3,0,5,3,14,23,9,1,1,5,3,0,0,2,0,0,0,1,0,0,1,1,1,0,0,1,0,0,0,0,0,0,0,0,0,1,0,0,0,0,0,0,0,0,0,0,0,0,0,0,0,0,0,0,0,0,0,0,0,0,1,0,0,1,1,0,1,0,0,0,0,0,0,0,0,1,1,1,0,0,0,0,0,0,2,1,3,0,0
25 - Καρδίτσας,262 E.T. Δήμου Σοφάδων,458,242,7,2,9,233,101,6,27,5,16,9,70,95,12,17,20,10,24,16,18,0,0,1,0,13,10,3,1,0,0,0,1,0,2,1,1,0,1,1,0,5,2,1,1,2,1,0,0,0,0,0,0,0,0,0,0,0,0,0,0,0,0,0,0,1,0,0,2,1,0,0,1,0,0,0,0,0,0,0,0,1,1,1,0,0,0,0,0,0,0,0,0,0,0,0,0,0,1,0,0,0,0,0,0,0,0,3,1,1
25 - Καρδίτσας,263 E.T. Δήμου Σοφάδων,450,284,3,0,3,281,117,10,38,5,34,18,75,86,13,14,28,10,20,25,40,3,0,6,0,19,24,10,1,2,2,4,4,3,7,2,1,0,0,1,0,2,0,0,0,0,0,0,0,0,0,0,0,0,0,0,0,0,3,0,1,0,0,0,0,1,0,0,6,2,1,4,3,0,0,0,0,0,0,0,0,0,0,0,0,0,0,1,1,0,0,0,0,0,1,1,1,1,0,0,1,0,0,0,0,1,1,4,2,2
25 - Καρδίτσας,264 E.T. Δήμου Σοφάδων,400,277,4,1,5,272,125,35,36,9,33,10,82,18,1,3,3,0,2,9,83,3,1,11,6,26,69,7,0,0,2,1,0,0,17,4,3,5,4,6,1,3,0,0,2,1,0,0,0,0,0,0,0,0,0,0,0,0,1,0,1,0,1,3,2,0,0,0,2,1,0,0,1,0,0,0,0,0,0,0,0,1,0,1,0,0,0,1,0,1,1,1,0,0,0,0,0,0,0,0,1,0,0,0,0,0,0,9,5,5
25 - Καρδίτσας,265 E.T. Δήμου Σοφάδων,219,145,5,0,5,140,74,7,40,4,15,4,46,20,0,8,7,0,12,3,23,0,0,6,1,20,13,1,0,0,1,1,0,0,5,1,0,3,1,2,0,4,1,0,2,3,0,0,0,0,0,0,0,0,0,0,0,0,1,0,0,0,0,1,0,0,0,0,3,0,0,0,0,4,2,0,0,0,0,0,0,0,0,0,0,0,0,0,0,1,1,1,0,0,0,0,1,1,0,0,1,0,0,0,0,0,0,1,1,1
25 - Καρδίτσας,266 E.T. Δήμου Σοφάδων,467,320,3,0,3,317,159,17,48,9,55,21,95,42,9,7,22,6,7,8,54,2,0,10,2,30,25,38,5,8,10,16,2,17,9,2,1,0,2,2,0,3,0,0,0,1,0,0,0,0,0,0,0,0,0,0,0,0,0,0,0,0,0,2,2,0,0,0,1,0,1,0,0,0,0,0,0,0,0,0,0,1,1,1,0,0,0,1,1,1,0,1,0,0,0,0,0,0,1,1,0,0,0,0,0,0,0,5,5,1
25 - Καρδίτσας,267 E.T. Δήμου Σοφάδων,112,81,2,1,3,78,30,0,12,3,8,2,16,16,1,7,5,3,3,3,17,1,0,3,0,14,10,9,2,3,4,3,0,2,2,0,0,0,0,0,0,0,0,0,0,0,0,0,0,0,0,0,0,0,0,0,0,0,0,0,0,0,0,2,2,0,0,0,0,0,0,0,0,0,0,0,0,0,0,0,0,0,0,0,0,0,0,0,0,0,0,0,0,0,0,0,0,0,0,0,0,0,0,0,0,1,0,1,1,0
25 - Καρδίτσας,268 E.T. Δήμου Σοφάδων,466,345,6,1,7,338,214,35,99,14,66,11,120,22,1,1,4,3,0,10,71,3,0,13,2,58,27,8,1,2,1,1,0,4,5,0,0,0,1,0,0,2,1,0,0,1,2,1,0,2,1,1,1,0,0,0,0,0,0,0,0,0,0,0,0,0,0,0,1,1,0,0,1,0,0,0,0,0,0,1,0,1,0,0,3,0,0,2,2,0,0,0,0,0,0,0,0,0,0,0,0,0,0,0,0,0,0,5,1,0
25 - Καρδίτσας,269 E.T. Δήμου Σοφάδων,406,244,3,1,4,240,149,7,54,12,42,18,132,26,2,12,14,1,8,2,42,2,2,5,0,14,31,6,2,1,3,0,0,3,3,0,0,0,0,1,0,1,1,0,1,0,0,0,0,0,1,0,0,1,0,0,0,0,0,0,0,0,0,3,0,2,1,2,1,0,0,0,0,0,0,0,0,0,0,0,0,0,0,0,3,1,2,0,0,0,0,0,0,0,0,0,0,0,0,0,1,0,1,0,0,0,0,2,1,1
25 - Καρδίτσας,270 E.T. Δήμου Σοφάδων,570,390,13,0,13,377,180,17,57,8,60,30,111,41,5,22,13,9,8,7,86,2,0,20,2,59,50,10,1,5,0,4,1,8,14,4,3,1,3,5,1,0,0,0,0,0,0,0,0,0,1,0,0,0,0,0,0,0,1,0,0,0,0,1,0,0,0,0,25,14,4,6,9,1,0,0,0,0,0,0,0,2,0,2,0,0,0,0,0,0,0,0,1,1,3,2,1,0,3,3,0,0,0,0,0,0,0,7,6,4
25 - Καρδίτσας,271 E.T. Δήμου Σοφάδων,518,360,7,3,10,350,170,10,40,6,46,17,121,62,6,25,16,2,32,9,54,0,0,9,0,48,12,16,1,4,7,3,1,0,12,5,1,3,3,1,1,2,0,0,0,0,4,2,3,1,1,1,0,1,0,0,1,0,0,0,0,0,0,0,0,5,1,0,7,2,1,3,4,0,0,0,0,0,0,0,0,0,0,0,0,0,0,0,0,1,0,1,0,0,1,0,1,0,2,1,2,0,0,0,1,5,3,4,3,2
25 - Καρδίτσας,272 E.T. Δήμου Σοφάδων,494,372,3,0,3,369,195,20,76,8,57,25,122,60,6,28,16,3,25,13,67,9,2,14,2,61,16,8,0,2,3,2,1,2,6,2,0,1,2,3,1,1,0,0,0,0,4,2,2,0,1,0,1,0,1,0,0,0,2,2,1,0,0,0,0,2,1,0,5,5,0,1,2,0,0,0,0,0,0,0,0,0,0,0,0,0,0,1,0,1,0,0,0,0,1,0,3,2,2,2,1,0,0,0,0,5,4,4,3,2
25 - Καρδίτσας,273 E.T. Δήμου Σοφάδων,482,324,5,2,7,317,149,18,50,12,32,17,108,52,3,14,11,10,7,30,60,6,0,8,3,33,33,8,0,0,2,3,0,2,6,1,1,1,4,3,1,10,1,3,2,3,1,0,0,1,3,1,0,1,1,0,0,0,0,0,0,0,0,3,1,0,0,0,2,0,0,0,1,0,0,1,1,0,0,0,0,0,0,0,0,0,0,2,0,2,2,2,0,0,1,0,0,0,3,2,1,1,0,0,0,2,2,11,5,5
25 - Καρδίτσας,274 E.T. Δήμου Σοφάδων,548,359,3,3,6,353,198,11,41,15,47,18,164,39,3,3,15,10,15,11,43,2,0,10,4,31,25,28,2,4,12,8,1,11,8,3,0,2,2,3,0,3,1,2,1,1,6,3,2,3,0,0,0,0,0,0,0,0,0,0,0,0,0,1,1,2,0,0,7,2,0,3,2,0,0,0,0,0,0,1,0,0,0,0,0,0,0,2,1,4,1,1,0,0,0,0,5,1,0,0,0,0,0,0,0,1,0,5,2,3
25 - Καρδίτσας,275 E.T. Δήμου Σοφάδων,313,223,2,1,3,220,119,2,39,14,24,5,91,21,2,1,13,0,3,6,49,6,0,1,0,29,27,5,0,0,1,0,0,3,0,0,0,0,0,0,0,2,1,0,0,1,1,1,0,1,0,0,0,0,0,0,0,0,0,0,0,0,0,0,0,0,0,0,6,0,0,0,3,0,0,0,0,0,0,0,0,0,0,0,1,1,0,0,0,3,2,1,0,0,0,0,1,0,0,0,0,0,0,0,0,11,9,1,1,0
25 - Καρδίτσας,276 E.T. Δήμου Σοφάδων,480,293,1,0,1,292,129,18,34,3,42,31,83,40,3,12,6,2,11,8,50,3,1,5,1,33,27,17,2,0,10,5,1,2,8,2,2,0,0,1,0,4,1,1,1,1,1,1,1,0,0,0,0,0,0,0,0,0,0,0,0,0,0,1,1,1,0,0,13,3,0,2,2,6,2,0,0,0,0,0,0,0,0,0,4,1,0,1,0,6,4,3,0,0,1,0,3,3,1,0,2,1,0,0,0,0,0,4,4,2
25 - Καρδίτσας,277 E.T. Δήμου Σοφάδων,495,335,10,0,10,325,239,24,92,17,39,14,158,35,4,14,8,2,9,10,28,3,0,13,1,5,22,7,2,1,2,1,0,1,2,0,0,0,1,0,0,4,1,0,2,3,0,0,0,0,2,1,1,1,1,0,0,0,2,1,0,1,0,0,0,0,0,0,0,0,0,0,0,0,0,0,0,0,0,0,0,1,0,0,0,0,0,0,0,0,0,0,0,0,0,0,1,0,1,0,0,0,0,0,0,1,1,2,1,1
25 - Καρδίτσας,278 E.T. Δήμου Σοφάδων,478,307,5,3,8,299,149,6,49,14,44,60,66,38,3,12,23,0,8,1,55,4,1,13,5,38,27,19,1,4,5,1,3,7,6,2,0,1,1,0,0,3,1,1,3,1,1,0,0,0,0,0,0,0,0,0,0,0,3,0,0,2,0,1,1,2,2,2,8,2,0,2,3,0,0,0,0,0,0,0,0,0,0,0,0,0,0,0,0,4,1,1,0,0,0,0,3,1,0,0,0,0,0,0,0,0,0,7,5,4
25 - Καρδίτσας,279 E.T. Δήμου Σοφάδων,471,293,3,0,3,290,166,12,53,4,44,77,69,38,2,4,31,2,7,5,42,3,0,5,0,27,22,21,4,5,2,6,1,10,3,0,1,0,0,0,0,0,0,0,0,0,1,1,0,1,0,0,0,0,0,0,0,0,0,0,0,0,0,0,0,1,1,1,7,4,2,2,2,0,0,0,0,0,0,1,0,0,0,0,3,0,2,0,0,1,0,1,0,0,1,0,1,0,0,0,0,0,0,0,0,0,0,4,2,1
25 - Καρδίτσας,280 E.T. Δήμου Σοφάδων,297,186,3,1,4,182,105,8,39,16,24,20,49,20,5,6,7,2,2,4,23,0,0,2,1,20,12,16,3,2,4,1,5,10,3,1,1,0,2,1,0,3,1,1,0,1,1,1,0,0,1,0,1,0,0,0,0,0,0,0,0,0,0,1,0,1,0,0,3,0,0,0,0,0,0,0,0,0,0,0,0,1,1,1,0,0,0,1,1,0,0,0,0,0,0,0,1,1,0,0,0,0,0,0,0,0,0,2,2,0
25 - Καρδίτσας,281 E.T. Δήμου Σοφάδων,476,274,2,0,2,272,144,24,50,15,45,12,82,51,10,12,35,5,11,7,28,6,1,7,3,17,7,16,3,2,5,1,3,11,9,3,4,2,2,2,2,5,3,1,2,1,0,0,0,0,1,0,0,1,0,1,0,0,2,0,1,1,1,0,0,0,0,0,4,1,0,4,3,0,0,0,0,0,0,0,0,2,1,2,0,0,0,2,1,2,0,0,0,0,0,0,2,1,1,0,0,0,0,0,0,0,0,3,2,1
25 - Καρδίτσας,282 E.T. Δήμου Σοφάδων,403,190,1,2,3,187,79,4,29,2,11,35,53,15,2,6,9,0,3,7,29,0,0,3,0,15,19,49,1,5,4,5,18,45,2,1,0,0,1,1,0,0,0,0,0,0,3,1,1,1,0,0,0,0,0,0,0,0,0,0,0,0,0,0,0,0,0,0,2,1,0,1,0,1,0,0,0,0,0,0,0,0,0,0,1,0,1,0,0,0,0,0,0,0,1,0,2,1,0,0,1,0,0,0,0,0,0,2,2,2
25 - Καρδίτσας,283 E.T. Δήμου Σοφάδων,280,154,2,0,2,152,76,8,29,13,27,8,41,19,1,9,2,1,10,6,24,1,0,2,0,22,17,24,4,4,4,1,14,18,4,0,0,0,0,0,1,0,0,0,0,0,0,0,0,0,0,0,0,0,0,0,0,0,0,0,0,0,0,0,0,0,0,0,2,0,0,0,1,0,0,0,0,0,0,0,0,0,0,0,0,0,0,0,0,0,0,0,0,0,0,0,0,0,0,0,0,0,0,0,0,2,2,1,1,1
25 - Καρδίτσας,284 E.T. Δήμου Σοφάδων,464,209,1,3,4,205,100,5,50,2,27,0,51,48,2,13,28,2,5,6,23,2,1,3,2,6,12,13,3,1,3,3,2,6,2,0,2,0,0,0,0,2,0,0,1,2,0,0,0,0,0,0,0,0,0,0,0,0,1,1,0,0,0,1,1,0,0,0,5,5,0,0,0,0,0,0,0,0,0,0,0,0,0,0,1,1,0,0,0,0,0,0,0,0,0,0,0,0,2,2,1,0,1,1,0,2,2,4,4,1
25 - Καρδίτσας,285 E.T. Δήμου Σοφάδων,109,46,0,0,0,46,15,1,5,1,6,0,8,8,0,4,2,1,5,0,8,1,0,1,1,6,4,9,1,5,3,1,0,7,3,1,0,0,0,0,0,0,0,0,0,0,0,0,0,0,0,0,0,0,0,0,0,0,0,0,0,0,0,0,0,2,1,1,0,0,0,0,0,0,0,0,0,0,0,0,0,0,0,0,0,0,0,0,0,0,0,0,0,0,0,0,0,0,1,1,0,0,0,0,0,0,0,0,0,0
25 - Καρδίτσας,286 E.T. Δήμου Σοφάδων,511,269,1,2,3,266,105,15,45,5,24,11,60,60,6,15,44,4,10,7,45,1,2,25,1,29,8,31,2,2,11,3,7,15,9,5,3,1,1,0,3,0,0,0,0,0,2,0,1,1,1,0,0,0,0,0,0,0,1,0,0,1,0,1,1,0,0,0,3,2,1,0,2,0,0,0,0,0,0,0,0,0,0,0,0,0,0,0,0,2,1,2,0,0,0,0,2,2,1,1,0,0,0,0,0,0,0,3,1,0
25 - Καρδίτσας,287 E.T. Δήμου Σοφάδων,474,299,2,1,3,296,124,18,50,6,36,29,57,64,2,7,49,2,11,6,48,5,1,24,4,28,20,31,5,8,5,1,9,21,1,0,0,0,0,0,0,0,0,0,0,0,5,1,0,5,0,0,0,0,0,0,0,0,3,0,0,2,0,1,0,0,0,0,5,3,0,0,1,0,0,1,0,1,0,0,0,0,0,0,0,0,0,3,2,0,0,0,0,0,0,0,0,0,0,0,1,1,0,0,0,0,0,8,3,2
25 - Καρδίτσας,Ετερ. Καρδίτσας (από 20ο Ε.Τ. Νομ. Θεσσαλονικης),237,175,5,0,5,170,85,11,28,6,21,6,50,39,5,12,8,10,8,14,5,1,1,2,0,0,1,14,1,3,2,4,0,5,6,2,0,1,1,2,1,8,2,4,3,3,0,0,0,0,1,0,0,0,0,0,0,0,1,0,0,0,0,1,1,1,0,0,5,4,1,1,3,0,0,0,0,0,0,0,0,0,0,0,1,0,1,0,0,1,1,0,0,0,0,0,0,0,0,0,0,0,0,0,0,0,0,2,2,2
25 - Καρδίτσας,Ετερ. Καρδίτσας (από Εφετείο Θεσσαλονίκης),40,24,0,0,0,24,12,0,4,3,2,0,6,5,2,0,2,0,1,2,3,0,0,2,1,1,0,3,0,0,1,0,0,0,0,0,0,0,0,0,0,0,0,0,0,0,0,0,0,0,0,0,0,0,0,0,0,0,0,0,0,0,0,0,0,0,0,0,0,0,0,0,0,0,0,0,0,0,0,0,0,0,0,0,0,0,0,0,0,0,0,0,0,0,0,0,0,0,1,1,0,0,0,0,0,0,0,0,0,0
25 - Καρδίτσας,Ετερ. Καρδίτσας (από Εφετείο Λάρισσας),83,67,2,0,2,65,37,1,20,1,9,3,21,11,2,3,3,0,1,4,6,0,0,2,0,4,2,2,0,1,0,1,0,0,4,1,2,0,1,0,0,1,0,1,1,0,0,0,0,0,0,0,0,0,0,0,0,0,0,0,0,0,0,0,0,0,0,0,1,1,0,0,1,0,0,0,0,0,0,0,0,0,0,0,0,0,0,0,0,0,0,0,0,0,0,0,0,0,2,2,0,0,0,0,0,0,0,1,1,1
25 - Καρδίτσας,Ετερ. Καρδίτσας (από 2ο Ε.Τ. Νομ. Μαγνησίας),82,54,3,0,3,51,19,0,9,0,5,1,15,10,4,2,3,3,2,2,6,1,0,2,3,1,4,2,0,0,0,2,0,2,2,2,1,0,0,0,1,5,1,3,1,1,0,0,0,0,0,0,0,0,0,0,0,0,0,0,0,0,0,0,0,0,0,0,3,0,0,2,3,0,0,0,0,0,0,0,0,0,0,0,0,0,0,0,0,1,1,1,0,0,0,0,0,0,0,0,0,0,0,0,0,0,0,3,2,1
25 - Καρδίτσας,Ετερ. Καρδίτσας (από Εφετείο Λαμίας),70,31,0,0,0,31,12,1,5,0,4,1,4,7,3,1,0,0,0,0,0,0,0,0,0,0,0,9,4,2,1,1,0,0,0,0,0,0,0,0,0,0,0,0,0,0,0,0,0,0,1,0,1,0,0,0,0,0,0,0,0,0,0,0,0,0,0,0,1,0,0,0,0,0,0,0,0,0,0,0,0,0,0,0,0,0,0,0,0,0,0,0,0,0,0,0,0,0,0,0,0,0,0,0,0,0,0,1,0,0
25 - Καρδίτσας,Ετερ. Καρδίτσας (από 86ο Ε.Τ. Νομ. Αττικης-Αθηνών),533,397,5,2,7,390,187,13,58,15,81,12,110,86,29,20,23,20,13,15,28,4,0,14,6,11,4,37,11,5,14,7,4,6,12,5,0,2,3,1,1,7,0,1,1,1,1,0,1,1,3,1,1,2,1,0,0,0,1,0,0,0,0,0,0,5,2,0,7,5,2,2,2,0,0,0,0,0,0,1,0,0,0,0,1,0,0,1,1,1,1,1,0,0,0,0,2,1,2,1,0,0,0,0,0,0,0,8,3,4
25 - Καρδίτσας,Ετερ. Καρδίτσας (από 87ο Ε.Τ. Νομ. Αττικης-Αθηνών),540,392,3,2,5,387,165,16,62,14,55,7,105,86,22,21,23,17,15,26,58,15,0,27,8,24,8,27,8,5,12,9,4,9,11,4,6,5,3,1,0,9,1,2,4,5,0,0,0,0,0,0,0,0,0,0,0,0,3,0,0,1,1,1,1,3,3,3,5,1,1,4,4,0,0,0,0,0,0,1,1,1,0,1,0,0,0,0,0,2,2,1,0,0,0,0,2,1,3,3,0,0,0,0,0,0,0,10,9,8
25 - Καρδίτσας,Ετερ. Καρδίτσας (από 88ο Ε.Τ. Νομ. Αττικης-Αθηνών),523,376,2,0,2,374,160,21,48,8,51,15,97,98,25,29,23,12,22,33,42,8,3,17,3,20,9,36,9,5,13,9,1,7,8,3,2,0,1,1,1,4,1,0,3,4,2,2,1,1,0,0,0,0,0,0,0,0,1,0,0,1,1,0,0,1,0,0,4,2,3,1,2,0,0,0,0,0,0,1,0,0,0,0,2,2,2,0,0,2,0,0,0,0,1,1,2,2,4,3,0,0,0,0,0,0,0,6,4,4
25 - Καρδίτσας,Ετερ. Καρδίτσας (από 89ο Ε.Τ. Νομ. Αττικης-Αθηνών),533,402,4,2,6,396,173,16,57,17,64,12,115,93,25,21,17,8,24,42,46,10,7,16,10,20,0,37,9,4,16,11,2,4,4,1,0,1,2,0,0,7,0,1,0,2,1,0,1,0,2,1,0,1,1,0,0,0,8,3,3,1,3,1,1,1,0,1,8,1,1,2,2,0,0,0,0,0,0,0,0,0,0,0,2,2,2,0,0,1,1,1,0,0,0,0,2,2,4,4,0,0,0,0,0,0,0,6,5,3
25 - Καρδίτσας,Ετερ. Καρδίτσας (από 90ο Ε.Τ. Νομ. Αττικης-Αθηνών),542,385,9,3,12,373,174,20,60,11,47,7,120,96,26,18,23,15,30,41,29,7,3,8,7,10,5,38,7,7,13,15,2,9,11,3,2,4,3,0,1,7,1,2,3,1,1,1,0,1,0,0,0,0,0,0,0,0,1,0,1,0,1,5,3,2,0,1,4,2,1,1,2,0,0,0,0,0,0,0,0,0,0,0,0,0,0,0,0,0,0,0,0,0,0,0,0,0,2,2,0,0,0,0,0,0,0,3,1,1
25 - Καρδίτσας,Ετερ. Καρδίτσας (από 91ο Ε.Τ. Νομ. Αττικης-Αθηνών),531,383,2,2,4,379,169,13,44,18,48,21,109,86,30,13,27,14,20,27,42,6,3,14,11,17,11,36,6,3,11,12,3,4,7,1,0,1,2,2,2,10,2,2,3,2,1,1,1,0,0,0,0,0,0,0,0,0,2,1,0,1,0,2,2,2,0,0,9,5,1,3,2,0,0,0,0,0,0,0,0,0,0,0,0,0,0,1,0,1,1,0,0,0,1,1,0,0,2,1,0,0,0,0,0,0,0,8,5,5
25 - Καρδίτσας,Ετερ. Καρδίτσας (από 13ο Ε.Τ. Νομ. Αττικης-Πειραιώς),140,95,1,0,1,94,38,2,14,2,10,0,21,23,1,4,5,4,6,8,8,3,1,1,0,4,1,5,2,1,3,2,0,2,5,2,2,0,0,0,0,2,2,1,0,0,0,0,0,0,0,0,0,0,0,0,0,0,0,0,0,0,0,1,0,2,0,0,0,0,0,0,0,0,0,0,0,0,0,0,0,0,0,0,0,0,0,0,0,3,2,2,0,0,0,0,0,0,1,1,0,0,0,0,0,0,0,6,3,4
Σύνολο,,125814,77967,1364,336,1700,76267,35375,4069,13827,2405,9498,5162,20094,15106,2565,4067,3054,2255,5809,3836,10450,975,183,2602,656,7665,2554,5544,1053,1674,1660,1795,607,979,2069,571,412,468,456,347,172,1145,211,216,408,388,372,138,108,156,229,42,71,57,23,43,23,4,359,89,67,89,76,385,250,379,170,150,1436,542,280,349,526,70,33,52,26,6,0,46,10,107,68,60,140,64,56,196,134,352,186,174,25,22,74,36,239,128,301,186,290,113,43,79,61,329,239,1168,699,473
