ΠΕΡΙΦΕΡΕΙΑ,ΕΚΛΟΓΙΚΟ ΤΜΗΜΑ,ΕΓΓΕΓΡΑΜΜΕΝΟΙ,ΨΗΦΙΣΑΝΤΕΣ,ΑΚΥΡΑ,ΛΕΥΚΑ,ΑΚΥΡΑ & ΛΕΥΚΑ,ΕΓΚΥΡΑ,Νέα Δημοκρατία,ΚΑΠΠΑΤΟΣ ΠΑΝΑΓΗΣ του Σπυρίδωνος-Διονυσίου,ΜΑΡΑΒΕΓΙΑΣ ΝΑΠΟΛΕΩΝ του Νικολάου,ΣΑΡΔΕΛΗ ΣΜΑΡΑΓΔΟΥΛΑ (ΣΜΑΡΑΓΔΑ) του Θεοδώρου,ΣΥΡΙΖΑ,ΓΑΛΙΑΤΣΑΤΟΣ ΣΠΥΡΙΔΩΝ του Μιχαήλ Σωτηρίου,ΠΟΛΛΑΤΟΥ ΔΙΟΝΥΣΙΑ του Βασιλείου,ΦΑΡΑΝΤΟΥΡΗΣ ΝΙΚΟΛΑΟΣ του Ευάγγελου,ΠΑΣΟΚ-Κίνημα Αλλαγής,ΚΑΠΠΑΤΟΥ ΓΕΩΡΓΙΑ του Παναγιώτη (Σίγγερ),ΚΡΗΤΙΚΟΣ ΕΛΕΥΘΕΡΙΟΣ του Γερασίμου,ΤΟΥΛΑΤΟΣ ΣΤΑΥΡΟΣ του Κωνσταντίνου,Κ.Κ.Ε.,ΚΑΜΠΙΤΣΗΣ ΣΠΥΡΙΔΩΝ του Νικολάου,ΚΩΝΣΤΑΝΤΟΠΟΥΛΟΥ ΑΓΓΕΛΙΚΗ του Σωτηρίου,ΜΑΝΤΖΟΥΡΑΤΟΣ ΔΗΜΗΤΡΙΟΣ του Χαράλαμπου,Ελληνική Λύση - Κ. Βελόπουλος,ΑΤΣΑΡΟΣ ΧΡΙΣΤΟΧΡΟΝΗΣ του Σπυρογεράσιμου,ΓΑΛΙΑΤΣΑΤΟΣ ΝΙΚΟΛΑΟΣ του Χρήστου,ΓΙΑΝΝΟΠΟΥΛΟΥ ΑΝΘΟΥΛΑ του Παναγιώτη,ΜέΡΑ25-ΣΥΜΜΑΧΙΑ ΓΙΑ ΤΗ ΡΗΞΗ,ΓΑΒΡΙΕΛΑΤΟΣ ΓΕΡΑΣΙΜΟΣ του Ιωάννη,ΔΗΜΗΤΡΑΤΟΣ ΓΕΡΑΣΙΜΟΣ του Ιάσονα,ΜΑΡΟΥΛΗ ΧΡΙΣΤΙΝΑ του Παναγιώτη,ΕΝΩΝΩ ΣΥΜΜΑΧΙΑ ΕΛΕΥΘΕΡΙΑΣ,ΖΑΠΑΝΤΗΣ ΕΡΩΤΟΚΡΙΤΟΣ του Αντωνίου,Κ.Κ.Ε. (μ-λ),ΚΑΠΑΓΕΡΙΔΗΣ ΧΑΡΑΛΑΜΠΟΣ του Βασιλείου,Ο.Κ.Δ.Ε.,ΤΣΕΡΕΓΚΟΥΝΗΣ ΓΕΩΡΓΙΟΣ του Αλεξάνδρου,ΑΝΤ.ΑΡ.ΣΥ.Α.,ΓΑΪΤΑΝΙΔΟΥ ΕΥΑΝΘΙΑ του Γερασίμου Δημητρίου,ΛΟΥΡΑΝΤΟΣ ΝΙΚΟΛΑΟΣ του Γερασίμου,ΜΙΧΑΛΑΤΟΣ ΝΕΚΤΑΡΙΟΣ του Ευαγγέλου,Κίνημα 21,ΑΝΥΦΑΝΤΗΣ ΒΑΣΙΛΕΙΟΣ του Χρήστου,ΚΙΝΗΜΑ ΦΤΩΧΩΝ ΕΛΛΑΔΟΣ,ΠΑΡΑΣΚΕΥΟΠΟΥΛΟΥ ΠΑΡΘΕΝΟΠΗ του Θεοδώρου,ΕΘΝΙΚΗ ΔΗΜΙΟΥΡΓΙΑ,ΑΡΑΒΑΝΤΙΝΟΣ ΚΩΝΣΤΑΝΤΙΝΟΣ του Καίσαρος Χοιδά,ΝΙΚΗ,ΑΘΑΝΑΣΑΤΟΣ ΣΤΑΥΡΟΣ του Γεωργίου,κοινωνία αξιών,ΡΟΔΟΠΟΥΛΟΥ ΝΕΦΕΛΗ του Θεοδώρου,ΒΟΡΕΙΑ ΛΕΓΚΑ - ΚΡΑΜΑ,ΚΡΙΘΑΡΙΔΗΣ ΟΔΥΣΣΕΑΣ του Λεόντιου,Μ-Λ Κ.Κ.Ε.,ΚΑΒΑΛΛΙΕΡΑΤΟΣ ΑΝΑΣΤΑΣΙΟΣ του Γεράσιμου,Ελλήνων Συνέλευσις,ΜΙΝΕΤΟΣ ΧΡΗΣΤΟΣ του Γεράσιμου,Ένωση Κεντρώων,ΜΑΡΑΤΟΣ ΓΕΡΑΣΙΜΟΣ του Νικολάου,ΤΩΡΑ ΟΛΟΙ ΜΑΖΙ (Τ.ΟΛ.ΜΑ),ΜΑΥΡΟΜΑΤΗΣ ΣΠΥΡΙΔΩΝ του Γεωργίου,ΣΥΜΜΑΧΙΑ ΑΝΑΤΡΟΠΗΣ,ΚΡΗΤΙΚΟΣ ΕΥΑΓΓΕΛΟΣ του Σπυρίδωνος,ΠΑΠΑΔΗΜΗΤΡΑΤΟΥ ΓΚΟΛΦΩ του Μενελάου,ΠΟΛΙΤΙΚΗ ΠΡΩΤΟΒΟΥΛΙΑ ,ΠΑΠΑΓΙΑΝΝΟΠΟΥΛΟΣ ΣΠΥΡΙΔΩΝ του Νικολάου,ΠΝΟΗ ΔΗΜΟΚΡΑΤΙΑΣ,ΠΙΑ ΑΙΚΑΤΕΡΙΝΗ του Παναγιώτη,ΠΡΑΣΙΝΟ ΚΙΝΗΜΑ,ΤΟΛΙΔΗΣ ΑΘΑΝΑΣΙΟΣ του Γεωργίου,Πλεύση Ελευθερίας - Ζωή Κωνστ.,ΦΩΤΕΙΝΑΤΟΣ ΜΑΡΙΝΟΣ του Διονυσίου
28 - Κεφαλληνίας,1 E.T. Δήμου Ιθάκης,248,43,0,1,1,42,11,5,3,1,11,3,3,4,3,0,3,0,6,1,1,0,2,0,1,0,2,2,0,0,3,0,0,0,0,0,0,0,0,0,0,0,0,0,2,0,0,0,0,0,0,0,0,0,0,0,0,0,0,0,0,0,0,0,0,1,0,0,0,1,1
28 - Κεφαλληνίας,2 E.T. Δήμου Ιθάκης,245,32,0,0,0,32,8,3,2,3,9,2,0,6,0,0,0,0,8,0,6,1,0,0,0,0,2,0,1,0,0,0,0,0,0,0,1,1,0,0,0,0,0,0,1,1,0,0,0,0,0,0,0,0,0,0,2,1,0,0,0,0,0,0,0,0,0,1,1,0,0
28 - Κεφαλληνίας,3 E.T. Δήμου Ιθάκης,526,224,7,2,9,215,89,37,12,29,41,10,1,28,15,4,4,0,18,1,5,8,6,4,1,0,3,0,0,0,4,2,1,0,0,0,4,0,4,0,0,0,4,4,3,0,5,2,1,0,1,0,0,0,0,0,4,0,0,0,2,1,1,0,0,3,2,1,1,10,3
28 - Κεφαλληνίας,4 E.T. Δήμου Ιθάκης,509,190,2,3,5,185,63,18,14,26,46,11,2,30,14,6,4,4,28,5,4,11,3,1,1,0,3,0,0,1,2,0,1,0,0,0,1,0,0,0,1,0,1,0,1,1,4,4,0,0,1,1,0,0,0,0,1,0,0,0,3,0,1,1,1,2,1,1,1,8,4
28 - Κεφαλληνίας,5 E.T. Δήμου Ιθάκης,485,194,1,1,2,192,58,24,12,17,46,17,1,21,19,4,6,5,34,5,0,22,5,2,2,0,4,3,0,1,1,1,1,0,0,0,8,0,4,0,1,0,5,4,2,1,1,1,0,0,0,0,0,0,0,0,0,0,0,0,2,1,0,0,0,0,0,0,0,5,2
28 - Κεφαλληνίας,6 E.T. Δήμου Ιθάκης,499,193,13,3,16,177,62,14,12,29,42,10,5,21,11,3,5,0,26,3,5,13,4,1,2,0,6,3,1,1,1,0,0,0,0,0,3,1,0,0,2,2,2,1,2,1,1,0,0,0,0,0,3,2,0,0,1,1,0,0,2,0,0,0,0,2,2,1,0,6,3
28 - Κεφαλληνίας,7 E.T. Δήμου Ιθάκης,548,190,7,2,9,181,59,20,17,19,38,13,0,16,27,11,5,4,29,4,5,16,3,1,1,0,4,1,0,0,0,0,0,0,0,0,5,0,4,0,2,2,0,0,0,0,2,2,0,0,1,0,0,0,1,1,3,1,0,0,1,0,0,0,0,0,0,0,0,6,5
28 - Κεφαλληνίας,8 E.T. Δήμου Ιθάκης,506,123,9,2,11,112,19,8,2,6,47,16,3,16,12,8,1,1,16,2,3,4,3,1,0,0,3,0,1,0,0,0,0,0,0,0,0,0,0,0,0,0,2,0,0,0,0,0,0,0,0,0,1,0,0,0,1,0,0,0,2,0,1,0,0,0,0,2,0,4,0
28 - Κεφαλληνίας,9 E.T. Δήμου Ιθάκης,289,34,0,0,0,34,12,7,3,1,6,3,1,2,3,1,1,1,7,3,1,3,4,0,0,2,1,0,1,0,0,0,0,0,0,0,0,0,0,0,0,0,0,0,0,0,0,0,0,0,0,0,0,0,0,0,0,0,0,0,0,0,0,0,0,0,0,1,0,0,0
28 - Κεφαλληνίας,10 E.T. Δήμου Ιθάκης,500,246,3,1,4,242,69,16,11,37,55,11,2,33,35,9,18,4,44,6,16,7,2,1,0,0,5,0,2,1,2,1,1,1,0,0,4,0,3,0,1,1,0,0,0,0,5,3,0,0,0,0,0,0,0,0,1,0,2,1,0,0,0,0,0,3,2,0,0,13,6
28 - Κεφαλληνίας,11 E.T. Δήμου Ιθάκης,654,159,4,0,4,155,70,32,10,21,37,11,1,24,12,6,2,2,11,1,0,3,2,1,0,1,2,1,0,1,3,2,0,0,0,0,2,1,1,0,1,0,2,1,3,1,1,1,1,0,0,0,0,0,0,0,2,2,0,0,0,0,0,0,0,1,1,1,0,4,2
28 - Κεφαλληνίας,12 E.T. Δήμου Ιθάκης,690,204,6,2,8,196,84,36,10,30,32,14,4,8,21,8,4,3,32,4,12,8,5,0,2,0,13,4,3,3,0,0,0,0,0,0,0,0,0,0,0,0,3,2,0,0,3,0,0,0,0,0,0,0,0,0,1,0,0,0,0,0,0,0,0,0,0,0,0,2,0
28 - Κεφαλληνίας,13 E.T. Δήμου Αργοστολίου,297,120,0,0,0,120,64,24,39,0,13,6,0,5,12,6,6,0,15,5,3,6,5,0,1,4,3,2,1,0,1,1,0,0,0,0,0,0,0,0,0,0,0,0,0,0,1,1,0,0,0,0,0,0,0,0,0,0,0,0,0,0,0,0,0,0,0,0,0,6,5
28 - Κεφαλληνίας,14 E.T. Δήμου Αργοστολίου,606,359,5,3,8,351,125,66,33,5,82,26,2,42,34,11,12,2,32,8,3,7,17,4,5,0,11,4,3,0,4,2,0,0,0,0,1,1,0,0,7,5,2,1,4,2,12,6,0,0,0,0,0,0,0,0,1,1,2,1,1,1,0,0,0,4,1,0,0,12,9
28 - Κεφαλληνίας,15 E.T. Δήμου Αργοστολίου,501,248,3,2,5,243,104,64,25,3,57,20,0,36,13,5,5,1,22,5,3,3,10,4,3,0,8,1,3,1,0,0,0,0,0,0,0,0,0,0,1,0,2,0,3,2,4,2,0,0,1,0,0,0,3,2,0,0,2,0,2,0,1,1,0,1,1,0,0,9,4
28 - Κεφαλληνίας,16 E.T. Δήμου Αργοστολίου,533,263,7,1,8,255,102,47,37,3,60,33,1,25,21,7,12,1,26,12,2,5,4,1,2,0,15,9,3,0,0,0,0,0,1,0,3,2,0,0,2,2,3,3,1,1,2,1,0,0,0,0,0,0,0,0,0,0,0,0,1,0,0,0,0,1,0,3,3,10,6
28 - Κεφαλληνίας,17 E.T. Δήμου Αργοστολίου,507,271,6,1,7,264,94,53,21,3,73,15,5,47,23,6,13,1,24,10,0,7,7,3,1,0,13,4,4,4,1,0,0,0,0,0,2,0,0,2,2,2,2,2,4,2,1,1,1,0,1,0,0,0,1,0,1,0,1,1,1,1,0,0,0,1,1,2,0,9,5
28 - Κεφαλληνίας,18 E.T. Δήμου Αργοστολίου,521,243,6,3,9,234,82,50,26,2,86,25,0,58,16,11,3,0,21,5,3,7,4,0,3,0,5,1,1,2,0,0,0,0,0,0,2,1,0,0,0,0,2,2,5,1,1,1,1,0,0,0,0,0,0,0,0,0,1,1,1,0,0,0,0,1,0,0,0,6,4
28 - Κεφαλληνίας,19 E.T. Δήμου Αργοστολίου,513,254,5,3,8,246,101,63,25,1,60,16,0,39,20,7,8,2,13,6,3,2,7,2,3,0,6,1,2,0,4,3,0,0,1,0,0,0,0,0,4,3,2,2,2,2,2,0,0,0,1,1,0,0,1,1,0,0,3,3,3,1,0,1,0,3,1,2,1,10,6
28 - Κεφαλληνίας,20 E.T. Δήμου Αργοστολίου,521,278,6,2,8,270,105,51,34,4,78,24,0,53,27,7,11,9,20,9,5,3,6,0,2,3,7,6,0,1,1,1,1,1,0,0,0,0,0,0,0,0,2,2,6,6,5,3,0,0,0,0,1,1,1,1,1,0,0,0,1,0,0,1,1,1,0,0,0,6,4
28 - Κεφαλληνίας,21 E.T. Δήμου Αργοστολίου,517,267,6,3,9,258,91,60,20,2,78,15,0,54,27,8,13,1,15,3,0,1,8,2,1,0,8,4,2,1,2,2,0,0,0,0,1,0,0,0,2,1,3,2,2,0,5,1,2,0,0,0,0,0,1,0,2,2,1,0,4,0,1,0,0,0,0,1,1,5,2
28 - Κεφαλληνίας,22 E.T. Δήμου Αργοστολίου,510,234,6,2,8,226,98,46,35,6,54,15,3,31,25,8,9,3,16,6,1,1,5,0,0,0,7,3,0,2,0,0,1,1,0,0,3,0,0,1,1,0,2,1,0,0,1,1,1,0,0,0,2,2,0,0,1,1,0,0,3,1,1,0,0,2,1,1,0,3,1
28 - Κεφαλληνίας,23 E.T. Δήμου Αργοστολίου,522,257,4,5,9,248,88,41,32,5,70,22,5,40,10,2,4,2,24,12,2,3,12,1,4,1,13,7,3,0,2,1,0,0,0,0,0,0,0,0,4,1,2,0,2,1,1,0,0,0,0,0,0,0,0,0,1,1,1,0,0,0,0,1,1,2,1,2,0,13,3
28 - Κεφαλληνίας,24 E.T. Δήμου Αργοστολίου,514,265,9,1,10,255,91,55,25,1,67,19,4,43,20,10,6,1,31,14,7,6,2,0,1,0,15,9,2,2,1,1,0,0,1,1,0,0,0,0,4,3,0,0,3,1,3,1,0,0,1,1,1,0,0,0,3,1,0,0,4,1,3,0,0,1,1,0,0,7,2
28 - Κεφαλληνίας,25 E.T. Δήμου Αργοστολίου,526,248,9,0,9,239,94,54,24,8,81,17,4,53,17,7,9,0,9,3,1,1,5,0,5,0,8,3,3,1,1,1,0,0,0,0,2,0,0,0,0,0,2,0,2,1,2,1,0,0,0,0,0,0,2,1,1,0,0,0,0,0,0,0,0,0,0,1,0,12,10
28 - Κεφαλληνίας,26 E.T. Δήμου Αργοστολίου,511,235,14,3,17,218,80,55,16,1,59,17,1,37,21,9,10,0,15,8,1,1,7,3,1,0,11,5,0,5,0,0,0,0,0,0,3,2,0,1,4,3,2,1,1,1,2,1,0,0,0,0,2,2,0,0,0,0,0,0,0,0,0,1,0,1,1,1,0,8,3
28 - Κεφαλληνίας,27 E.T. Δήμου Αργοστολίου,502,275,11,2,13,262,101,54,33,4,61,11,2,43,30,9,15,3,20,10,1,3,13,3,4,2,9,6,2,0,0,0,0,0,0,0,2,2,0,0,1,1,2,0,4,1,2,0,0,0,0,0,0,0,2,2,1,1,0,0,4,0,3,2,2,2,0,0,0,6,5
28 - Κεφαλληνίας,28 E.T. Δήμου Αργοστολίου,538,246,6,2,8,238,77,35,20,3,66,18,4,39,20,4,10,4,24,9,4,2,4,0,1,2,10,4,3,1,2,1,0,0,0,0,4,2,0,2,2,1,3,1,4,1,5,4,0,0,0,0,0,0,0,0,0,0,0,0,4,0,4,0,0,2,2,2,1,9,4
28 - Κεφαλληνίας,29 E.T. Δήμου Αργοστολίου,480,234,13,3,16,218,91,54,27,5,47,8,0,34,18,6,10,1,20,8,2,5,6,0,1,2,10,5,1,2,1,1,0,0,0,0,0,0,0,0,0,0,2,2,1,1,4,0,1,0,0,0,0,0,1,0,0,0,0,0,2,2,0,2,2,3,3,1,0,8,7
28 - Κεφαλληνίας,30 E.T. Δήμου Αργοστολίου,532,276,2,3,5,271,119,83,20,5,64,15,3,40,16,6,4,2,22,6,3,2,9,0,0,5,11,8,1,0,2,1,0,0,0,0,2,2,0,0,0,0,1,1,5,1,1,1,1,0,4,4,0,0,1,1,2,1,1,0,0,0,0,0,0,0,0,1,1,9,5
28 - Κεφαλληνίας,31 E.T. Δήμου Αργοστολίου,518,253,28,3,31,222,87,57,18,1,59,16,4,37,25,5,17,2,23,9,5,5,9,2,3,2,3,1,0,1,1,1,2,2,0,0,1,1,0,0,0,0,3,3,1,1,0,0,0,0,0,0,0,0,0,0,0,0,1,1,0,0,0,0,0,1,1,0,0,6,6
28 - Κεφαλληνίας,32 E.T. Δήμου Αργοστολίου,545,259,8,2,10,249,100,54,32,3,70,18,2,45,27,7,18,0,18,8,3,3,7,1,2,1,12,5,1,2,1,0,0,0,0,0,2,0,0,0,0,0,0,0,0,0,1,0,0,0,0,0,0,0,0,0,1,0,0,0,1,0,0,0,0,1,0,0,0,8,3
28 - Κεφαλληνίας,33 E.T. Δήμου Αργοστολίου,192,87,0,0,0,87,25,9,8,0,26,9,0,16,11,6,4,0,6,3,1,1,4,0,3,0,0,0,0,0,0,0,1,1,0,0,0,0,0,0,7,7,1,1,1,0,1,1,0,0,0,0,0,0,0,0,0,0,0,0,0,0,0,0,0,0,0,1,1,3,2
28 - Κεφαλληνίας,34 E.T. Δήμου Αργοστολίου,323,135,2,0,2,133,28,14,12,0,42,1,0,35,43,34,8,0,8,2,0,3,2,0,0,0,3,2,0,0,0,0,0,0,0,0,0,0,0,0,1,1,0,0,1,0,0,0,0,0,1,1,0,0,0,0,0,0,0,0,0,0,0,0,0,0,0,0,0,4,0
28 - Κεφαλληνίας,35 E.T. Δήμου Αργοστολίου,363,126,2,1,3,123,33,12,17,2,39,7,1,29,23,21,2,0,5,3,0,0,2,1,0,1,1,0,0,0,0,0,0,0,0,0,1,1,0,0,0,0,3,1,2,2,2,1,0,0,1,1,1,1,0,0,1,0,0,0,1,0,0,0,0,2,1,1,1,5,1
28 - Κεφαλληνίας,36 E.T. Δήμου Αργοστολίου,396,172,5,0,5,167,77,47,17,8,47,5,0,40,18,11,4,1,6,3,1,1,3,0,1,0,4,4,0,0,0,0,0,0,0,0,0,0,0,0,0,0,0,0,0,0,2,2,0,0,1,0,0,0,1,0,0,0,1,0,0,0,0,0,0,0,0,3,1,4,1
28 - Κεφαλληνίας,37 E.T. Δήμου Αργοστολίου,181,92,0,0,0,92,44,16,28,0,20,4,1,15,12,6,5,0,7,2,0,2,1,1,0,0,0,0,0,0,2,1,0,0,0,0,0,0,0,0,0,0,1,1,1,0,0,0,1,1,0,0,0,0,0,0,0,0,0,0,0,0,0,0,0,1,1,0,0,2,2
28 - Κεφαλληνίας,38 E.T. Δήμου Αργοστολίου,414,113,5,1,6,107,29,13,8,2,26,13,0,9,22,16,4,2,14,10,3,1,0,0,0,0,7,0,5,1,0,0,0,0,0,0,0,0,0,0,0,0,1,1,2,2,1,1,0,0,0,0,0,0,1,1,1,1,0,0,0,0,0,0,0,1,1,0,0,2,2
28 - Κεφαλληνίας,39 E.T. Δήμου Αργοστολίου,411,93,1,2,3,90,32,19,6,2,26,17,0,9,11,8,3,0,8,2,0,3,1,1,0,0,4,0,1,2,0,0,0,0,0,0,1,1,0,0,0,0,0,0,0,0,1,0,0,0,0,0,0,0,0,0,0,0,1,1,0,0,0,1,1,0,0,0,0,4,2
28 - Κεφαλληνίας,40 E.T. Δήμου Αργοστολίου,97,44,3,0,3,41,18,11,6,0,6,3,1,1,6,4,1,0,8,3,0,1,0,0,0,0,0,0,0,0,1,0,0,0,0,0,0,0,0,0,0,0,0,0,1,0,0,0,0,0,0,0,0,0,0,0,0,0,0,0,0,0,0,0,0,0,0,0,0,1,0
28 - Κεφαλληνίας,41 E.T. Δήμου Αργοστολίου,218,83,2,1,3,80,41,22,17,0,28,6,0,21,4,1,2,0,1,0,0,0,4,1,1,0,0,0,0,0,1,1,0,0,0,0,0,0,0,0,0,0,1,1,0,0,0,0,0,0,0,0,0,0,0,0,0,0,0,0,0,0,0,0,0,0,0,0,0,0,0
28 - Κεφαλληνίας,42 E.T. Δήμου Αργοστολίου,395,150,2,0,2,148,48,21,22,4,30,10,1,15,13,2,6,1,33,21,1,1,3,0,0,1,7,1,1,3,1,1,1,1,0,0,1,1,0,0,1,0,1,1,2,2,2,1,0,0,0,0,0,0,0,0,0,0,1,0,1,1,0,0,0,0,0,1,0,2,0
28 - Κεφαλληνίας,43 E.T. Δήμου Αργοστολίου,552,209,7,2,9,200,56,35,12,3,58,22,0,33,21,10,6,3,25,10,10,1,5,1,3,1,5,2,2,0,2,0,1,1,1,0,1,0,0,1,2,1,2,1,1,0,0,0,0,0,0,0,1,1,0,0,0,0,1,1,1,1,0,0,0,0,0,3,3,14,13
28 - Κεφαλληνίας,44 E.T. Δήμου Αργοστολίου,524,202,5,2,7,195,59,28,16,5,62,9,7,45,18,11,4,2,15,8,3,1,2,0,2,0,5,2,2,1,3,0,1,1,0,0,1,1,0,0,6,3,2,2,0,0,1,1,0,0,0,0,0,0,1,1,1,0,0,0,1,1,0,1,0,0,0,1,0,15,12
28 - Κεφαλληνίας,45 E.T. Δήμου Αργοστολίου,409,151,2,1,3,148,49,21,22,2,37,9,0,28,20,9,9,0,11,1,4,2,1,0,0,0,13,5,4,2,0,0,0,0,0,0,0,0,0,0,0,0,0,0,2,0,2,2,0,0,0,0,1,0,0,0,0,0,2,0,0,0,0,0,0,0,0,0,0,10,5
28 - Κεφαλληνίας,46 E.T. Δήμου Αργοστολίου,553,244,4,2,6,238,77,48,12,10,64,21,1,36,39,3,32,0,25,6,1,13,7,3,2,0,1,1,0,0,1,1,1,1,0,0,2,1,0,0,1,1,1,1,1,1,4,4,0,0,0,0,2,2,0,0,2,2,0,0,1,1,0,1,1,0,0,0,0,8,7
28 - Κεφαλληνίας,47 E.T. Δήμου Αργοστολίου,337,92,1,0,1,91,32,24,3,3,18,4,1,8,20,0,19,0,4,2,0,1,4,2,0,0,1,1,0,0,0,0,0,0,0,0,0,0,0,0,1,1,3,3,0,0,1,1,0,0,0,0,0,0,0,0,0,0,0,0,0,0,0,0,0,0,0,0,0,7,7
28 - Κεφαλληνίας,48 E.T. Δήμου Αργοστολίου,89,23,0,0,0,23,9,6,3,0,8,4,1,3,6,0,6,0,0,0,0,0,0,0,0,0,0,0,0,0,0,0,0,0,0,0,0,0,0,0,0,0,0,0,0,0,0,0,0,0,0,0,0,0,0,0,0,0,0,0,0,0,0,0,0,0,0,0,0,0,0
28 - Κεφαλληνίας,49 E.T. Δήμου Αργοστολίου,413,145,3,0,3,142,52,25,16,4,28,8,0,17,10,0,8,0,22,13,0,2,9,1,0,0,4,4,0,0,0,0,0,0,0,0,0,0,0,0,0,0,1,1,3,3,3,2,0,0,0,0,0,0,2,1,0,0,1,0,2,1,1,0,0,1,0,1,1,3,1
28 - Κεφαλληνίας,50 E.T. Δήμου Αργοστολίου,460,160,1,1,2,158,60,29,22,2,39,13,2,21,16,2,12,1,15,6,2,6,5,2,1,2,5,3,1,0,0,0,1,0,0,0,0,0,0,0,3,2,0,0,0,0,1,0,0,0,0,0,0,0,0,0,0,0,0,0,3,0,2,0,0,1,0,1,1,8,4
28 - Κεφαλληνίας,51 E.T. Δήμου Αργοστολίου,230,76,1,0,1,75,30,13,13,0,16,4,2,10,8,1,5,0,11,4,1,4,2,0,0,1,2,1,0,0,0,0,0,0,0,0,1,0,0,0,0,0,0,0,0,0,0,0,0,0,0,0,0,0,1,1,0,0,0,0,0,0,0,0,0,0,0,1,1,3,3
28 - Κεφαλληνίας,52 E.T. Δήμου Αργοστολίου,395,118,4,1,5,113,54,22,14,13,33,15,1,16,8,2,6,0,6,3,0,3,3,1,1,0,1,1,0,0,1,0,0,0,0,0,0,0,0,0,0,0,0,0,0,0,0,0,0,0,0,0,0,0,0,0,0,0,0,0,4,0,2,0,0,0,0,0,0,3,1
28 - Κεφαλληνίας,53 E.T. Δήμου Αργοστολίου,435,182,7,2,9,173,75,41,21,8,42,11,1,28,24,0,23,0,15,6,2,0,4,1,1,0,1,1,0,0,1,0,0,0,0,0,1,0,0,1,2,1,0,0,2,1,2,0,0,0,0,0,0,0,0,0,0,0,0,0,0,0,0,0,0,0,0,0,0,4,2
28 - Κεφαλληνίας,54 E.T. Δήμου Αργοστολίου,542,236,9,2,11,225,103,55,23,13,39,4,0,35,46,3,42,1,10,6,0,1,1,0,0,0,6,1,2,3,0,0,1,0,0,0,0,0,0,0,0,0,1,1,1,0,0,0,0,0,1,0,0,0,1,0,0,0,0,0,4,3,0,0,0,0,0,1,0,10,9
28 - Κεφαλληνίας,55 E.T. Δήμου Αργοστολίου,517,213,6,4,10,203,82,50,14,8,40,8,5,27,43,0,42,1,14,6,1,3,6,2,0,0,6,1,0,2,0,0,1,0,0,0,0,0,0,0,0,0,1,1,1,1,0,0,0,0,0,0,1,1,1,1,1,1,0,0,0,0,0,1,1,1,1,0,0,4,4
28 - Κεφαλληνίας,56 E.T. Δήμου Αργοστολίου,464,230,2,3,5,225,91,54,17,9,49,12,4,24,42,1,37,2,15,7,2,1,3,0,2,0,3,1,0,0,0,0,1,1,0,0,0,0,0,0,5,2,2,2,2,0,1,0,0,0,0,0,2,1,0,0,0,0,0,0,0,0,0,0,0,0,0,2,2,7,4
28 - Κεφαλληνίας,57 E.T. Δήμου Αργοστολίου,540,219,1,0,1,218,91,62,21,2,41,6,1,30,38,6,27,1,11,6,3,0,10,4,1,0,6,2,0,1,1,1,0,0,0,0,3,1,0,2,0,0,2,1,2,1,3,3,0,0,0,0,0,0,1,0,0,0,0,0,0,0,0,0,0,0,0,0,0,9,3
28 - Κεφαλληνίας,58 E.T. Δήμου Αργοστολίου,521,238,5,4,9,229,130,68,44,5,21,3,0,18,35,5,28,1,5,3,1,0,5,3,1,0,6,2,1,1,0,0,0,0,0,0,1,0,0,1,3,1,0,0,0,0,1,0,1,0,0,0,0,0,0,0,1,0,0,0,3,1,1,1,1,0,0,0,0,16,11
28 - Κεφαλληνίας,59 E.T. Δήμου Αργοστολίου,335,123,0,0,0,123,51,21,16,3,35,12,1,18,8,0,7,0,10,5,2,2,1,1,0,0,4,2,0,1,0,0,0,0,0,0,1,0,0,1,1,1,1,1,2,2,0,0,0,0,0,0,0,0,0,0,1,1,0,0,1,0,1,0,0,0,0,0,0,7,7
28 - Κεφαλληνίας,60 E.T. Δήμου Αργοστολίου,353,157,2,0,2,155,40,16,19,3,42,9,2,29,10,0,8,1,36,30,1,3,5,1,1,1,7,3,1,2,1,0,0,0,0,0,1,0,0,0,0,0,0,0,0,0,1,1,0,0,0,0,0,0,1,1,0,0,0,0,5,2,1,0,0,0,0,0,0,6,2
28 - Κεφαλληνίας,61 E.T. Δήμου Αργοστολίου,496,240,3,0,3,237,71,28,28,4,49,11,1,36,20,1,14,0,21,11,2,4,7,1,1,2,7,2,1,1,2,0,0,0,0,0,11,0,0,8,1,0,5,2,1,0,5,5,0,0,0,0,0,0,17,10,0,0,0,0,0,0,0,0,0,2,2,0,0,18,7
28 - Κεφαλληνίας,62 E.T. Δήμου Αργοστολίου,476,270,6,4,10,260,99,60,30,1,46,16,3,27,32,8,20,1,22,11,5,2,10,2,5,2,3,1,1,0,1,1,0,0,0,0,12,2,0,10,0,0,1,1,4,4,10,10,2,2,0,0,0,0,6,6,0,0,1,1,1,0,0,0,0,0,0,0,0,10,10
28 - Κεφαλληνίας,63 E.T. Δήμου Αργοστολίου,377,199,5,0,5,194,88,58,24,3,48,14,5,28,10,2,7,0,9,4,1,1,10,6,3,1,5,4,1,0,1,1,0,0,0,0,0,0,0,0,0,0,2,2,0,0,3,3,0,0,2,2,0,0,2,2,0,0,2,2,2,0,0,1,0,0,0,2,2,7,4
28 - Κεφαλληνίας,64 E.T. Δήμου Αργοστολίου,544,288,7,1,8,280,118,63,48,2,60,23,0,36,32,3,21,4,15,7,0,5,10,1,3,2,3,1,0,2,0,0,0,0,1,0,2,1,0,1,3,2,3,1,3,2,6,2,0,0,1,1,1,1,0,0,3,2,1,1,1,0,0,0,0,3,2,1,0,13,9
28 - Κεφαλληνίας,65 E.T. Δήμου Αργοστολίου,269,116,7,0,7,109,41,31,8,0,20,6,1,12,1,0,1,0,12,8,2,0,10,4,5,0,15,1,13,0,1,1,1,0,0,0,1,1,0,0,0,0,1,0,0,0,1,1,0,0,0,0,0,0,2,1,0,0,0,0,0,0,0,0,0,0,0,0,0,3,2
28 - Κεφαλληνίας,66 E.T. Δήμου Αργοστολίου,356,178,1,1,2,176,72,43,19,10,40,8,3,27,23,10,12,0,6,2,1,0,4,1,0,0,5,3,0,1,1,1,0,0,0,0,4,2,1,1,1,0,1,0,0,0,1,1,0,0,0,0,0,0,0,0,1,1,1,1,3,1,1,0,0,0,0,0,0,13,8
28 - Κεφαλληνίας,67 E.T. Δήμου Αργοστολίου,355,121,2,1,3,118,34,21,9,2,36,8,3,23,12,8,3,0,13,10,1,0,8,2,4,0,2,1,0,1,0,0,0,0,0,0,2,1,0,1,3,1,0,0,0,0,1,0,0,0,0,0,0,0,0,0,0,0,2,1,0,0,0,0,0,1,0,0,0,4,2
28 - Κεφαλληνίας,68 E.T. Δήμου Αργοστολίου,294,128,3,2,5,123,34,18,13,2,31,7,1,21,20,6,12,0,19,15,0,1,5,1,0,0,1,0,0,1,2,0,0,0,0,0,3,1,0,2,0,0,0,0,1,1,1,1,0,0,0,0,0,0,0,0,0,0,0,0,0,0,0,0,0,1,0,0,0,5,2
28 - Κεφαλληνίας,69 E.T. Δήμου Αργοστολίου,653,353,10,2,12,341,114,76,28,5,94,27,6,51,40,14,21,2,25,16,1,3,18,2,3,1,5,1,0,2,5,2,1,0,1,1,2,0,0,2,3,2,3,0,3,1,3,1,0,0,1,0,1,0,2,2,1,1,1,0,4,1,3,0,0,0,0,1,0,13,8
28 - Κεφαλληνίας,70 E.T. Δήμου Αργοστολίου,501,214,7,0,7,207,100,20,70,6,46,7,3,33,14,3,9,1,15,12,1,1,7,1,3,3,6,2,1,0,1,0,1,0,0,0,1,1,0,0,0,0,0,0,3,1,3,2,0,0,2,0,0,0,0,0,2,2,0,0,1,0,1,0,0,0,0,0,0,5,4
28 - Κεφαλληνίας,71 E.T. Δήμου Αργοστολίου,471,194,5,3,8,186,68,34,19,5,55,13,4,34,16,6,5,2,14,3,2,8,4,0,2,0,8,4,0,4,2,0,1,1,0,0,2,0,0,0,1,1,1,0,3,1,3,3,0,0,0,0,0,0,1,0,0,0,0,0,0,0,0,1,1,0,0,0,0,6,4
28 - Κεφαλληνίας,72 E.T. Δήμου Αργοστολίου,468,186,6,1,7,179,71,43,18,3,56,31,6,16,13,6,6,0,9,2,1,2,10,2,5,0,4,2,1,1,1,1,0,0,0,0,0,0,0,0,0,0,2,1,0,0,0,0,2,1,0,0,0,0,5,1,1,0,0,0,1,1,0,0,0,0,0,0,0,4,2
28 - Κεφαλληνίας,73 E.T. Δήμου Αργοστολίου,673,320,3,3,6,314,97,44,41,3,78,20,3,55,23,8,10,0,41,25,1,5,7,1,4,1,13,4,3,4,3,0,4,1,0,0,3,1,0,1,2,0,0,0,3,2,2,1,2,0,1,0,0,0,0,0,3,2,2,1,1,0,1,0,0,0,0,1,1,28,16
28 - Κεφαλληνίας,74 E.T. Δήμου Αργοστολίου,478,202,4,2,6,196,91,38,45,2,61,30,4,24,10,2,7,0,7,4,1,2,4,0,3,0,4,4,0,0,0,0,0,0,0,0,0,0,0,0,1,1,2,0,1,0,2,1,0,0,0,0,0,0,2,1,1,0,1,0,0,0,0,0,0,0,0,0,0,9,9
28 - Κεφαλληνίας,75 E.T. Δήμου Αργοστολίου,500,238,0,1,1,237,109,55,42,7,56,18,1,35,14,5,7,0,17,15,0,2,4,1,3,0,3,0,1,0,0,0,1,1,0,0,1,0,0,1,3,2,5,4,2,2,2,2,0,0,0,0,1,1,5,5,0,0,0,0,1,0,0,2,1,0,0,0,0,11,11
28 - Κεφαλληνίας,76 E.T. Δήμου Αργοστολίου,444,225,5,3,8,217,72,35,30,3,73,22,4,46,10,1,8,1,18,11,0,1,5,3,1,1,2,0,0,0,1,1,1,0,0,0,0,0,0,0,4,0,3,2,2,2,0,0,1,1,0,0,0,0,2,2,1,0,0,0,3,0,2,0,0,0,0,1,1,18,18
28 - Κεφαλληνίας,77 E.T. Δήμου Ληξουρίου,488,191,3,1,4,187,43,24,12,2,35,7,6,20,18,4,11,0,66,9,16,27,6,3,0,1,5,0,0,2,2,1,1,0,0,0,0,0,0,0,2,0,0,0,0,0,1,0,0,0,0,0,3,1,0,0,0,0,0,0,1,1,0,0,0,0,0,0,0,4,1
28 - Κεφαλληνίας,78 E.T. Δήμου Ληξουρίου,294,110,1,0,1,109,39,19,15,0,32,5,5,22,10,3,4,0,24,0,13,10,1,0,0,0,0,0,0,0,0,0,0,0,0,0,0,0,0,0,0,0,0,0,0,0,0,0,1,1,0,0,1,1,0,0,0,0,0,0,0,0,0,0,0,0,0,1,0,0,0
28 - Κεφαλληνίας,79 E.T. Δήμου Ληξουρίου,318,126,4,0,4,122,20,18,1,0,50,3,13,32,13,4,6,2,28,2,4,16,2,0,2,0,1,0,0,0,0,0,1,1,0,0,0,0,0,0,1,1,0,0,0,0,2,1,0,0,0,0,0,0,0,0,1,1,0,0,1,0,0,0,0,0,0,0,0,2,1
28 - Κεφαλληνίας,80 E.T. Δήμου Ληξουρίου,458,220,9,1,10,210,51,30,12,1,43,8,6,22,38,2,24,6,42,2,5,19,13,1,6,0,2,1,0,1,4,2,0,0,0,0,0,0,0,0,7,4,2,1,2,2,1,0,0,0,0,0,0,0,1,0,0,0,0,0,2,0,0,0,0,1,1,0,0,1,0
28 - Κεφαλληνίας,81 E.T. Δήμου Ληξουρίου,506,285,3,0,3,282,79,47,17,5,70,12,41,16,26,9,15,0,62,2,12,30,6,4,1,0,9,1,5,1,3,2,1,0,1,1,0,0,0,0,1,0,0,0,1,1,0,0,0,0,0,0,0,0,1,1,0,0,1,1,3,1,0,0,0,4,1,0,0,14,7
28 - Κεφαλληνίας,82 E.T. Δήμου Ληξουρίου,179,73,0,2,2,71,18,13,2,0,18,3,5,8,7,0,6,0,18,0,2,11,5,0,2,0,1,1,0,0,0,0,0,0,0,0,0,0,0,0,0,0,0,0,0,0,0,0,0,0,0,0,0,0,0,0,0,0,0,0,3,0,2,0,0,0,0,0,0,1,0
28 - Κεφαλληνίας,83 E.T. Δήμου Ληξουρίου,302,174,2,0,2,172,63,40,10,0,29,4,10,13,16,3,9,3,30,0,1,27,9,3,0,3,7,2,0,2,2,1,1,0,0,0,0,0,0,0,1,0,1,1,4,3,0,0,1,1,0,0,1,0,0,0,1,0,0,0,2,2,0,0,0,1,0,0,0,3,2
28 - Κεφαλληνίας,84 E.T. Δήμου Ληξουρίου,496,235,7,0,7,228,93,53,23,6,57,4,8,43,19,6,8,3,24,6,4,12,8,1,1,1,8,3,0,1,0,0,0,0,0,0,0,0,0,0,3,1,2,0,3,1,1,0,0,0,0,0,0,0,0,0,0,0,0,0,1,1,0,2,1,0,0,1,1,6,2
28 - Κεφαλληνίας,85 E.T. Δήμου Ληξουρίου,518,260,5,2,7,253,56,20,24,7,95,11,22,53,19,3,14,0,38,1,10,20,8,4,1,1,7,1,1,4,4,3,1,1,0,0,2,2,0,0,6,3,0,0,0,0,1,0,0,0,0,0,0,0,0,0,1,0,0,0,3,1,0,1,1,1,0,2,2,8,6
28 - Κεφαλληνίας,86 E.T. Δήμου Ληξουρίου,506,230,6,0,6,224,64,29,24,2,58,6,19,31,16,2,13,0,44,6,1,22,4,0,2,1,8,3,1,3,3,1,0,0,0,0,0,0,0,0,5,4,2,1,0,0,4,2,0,0,1,0,1,1,0,0,0,0,1,1,3,3,0,0,0,0,0,1,1,9,5
28 - Κεφαλληνίας,87 E.T. Δήμου Ληξουρίου,516,264,4,2,6,258,83,46,24,8,65,10,14,38,27,3,15,1,47,0,12,28,7,2,0,0,5,2,0,1,0,0,0,0,1,1,0,0,0,0,1,0,0,0,0,0,5,3,0,0,0,0,0,0,0,0,2,1,1,0,1,0,1,2,1,0,0,3,2,8,4
28 - Κεφαλληνίας,88 E.T. Δήμου Ληξουρίου,515,225,2,0,2,223,93,46,33,8,48,11,13,21,19,6,9,3,36,2,4,23,4,1,1,0,8,1,0,2,0,0,0,0,0,0,0,0,0,0,0,0,2,1,1,1,0,0,0,0,0,0,1,1,0,0,0,0,0,0,2,0,1,0,0,1,0,0,0,8,3
28 - Κεφαλληνίας,89 E.T. Δήμου Ληξουρίου,523,252,4,0,4,248,84,37,34,3,69,13,13,39,14,5,4,0,44,0,2,31,7,0,2,0,2,0,1,1,2,2,0,0,0,0,0,0,0,0,3,3,3,1,2,2,2,1,0,0,0,0,0,0,0,0,0,0,1,0,0,0,0,0,0,1,0,1,1,13,6
28 - Κεφαλληνίας,90 E.T. Δήμου Ληξουρίου,512,275,2,2,4,271,92,48,35,2,96,14,25,51,22,13,7,1,28,3,4,18,6,2,2,1,3,2,0,1,3,2,0,0,0,0,3,3,0,0,2,1,2,2,2,1,4,2,0,0,0,0,0,0,0,0,1,1,0,0,1,0,1,1,0,0,0,0,0,5,4
28 - Κεφαλληνίας,91 E.T. Δήμου Ληξουρίου,502,232,3,2,5,227,65,29,26,4,72,6,29,32,20,5,10,2,24,0,5,15,7,3,0,2,6,1,2,0,0,0,0,0,0,0,0,0,0,0,2,1,2,1,2,0,4,2,1,1,0,0,0,0,0,0,1,0,0,0,2,1,0,1,0,0,0,0,0,18,7
28 - Κεφαλληνίας,92 E.T. Δήμου Ληξουρίου,512,239,5,1,6,233,80,33,23,6,66,8,22,32,16,3,6,0,31,4,5,18,5,2,1,0,11,2,5,2,1,0,0,0,0,0,2,2,0,0,3,1,3,1,3,0,3,0,0,0,0,0,1,0,0,0,0,0,0,0,2,2,0,0,0,0,0,1,0,5,3
28 - Κεφαλληνίας,93 E.T. Δήμου Ληξουρίου,442,150,2,0,2,148,39,23,11,3,43,10,10,23,13,4,4,3,28,4,2,12,4,1,2,0,3,1,0,2,0,0,0,0,1,0,1,1,0,0,1,1,1,0,1,1,1,1,0,0,0,0,0,0,0,0,1,0,0,0,6,3,1,0,0,0,0,0,0,5,3
28 - Κεφαλληνίας,94 E.T. Δήμου Ληξουρίου,95,43,1,0,1,42,9,1,5,0,9,3,0,6,6,0,3,0,11,0,0,11,0,0,0,0,3,1,0,0,0,0,0,0,0,0,0,0,0,0,3,1,0,0,0,0,0,0,0,0,0,0,1,1,0,0,0,0,0,0,0,0,0,0,0,0,0,0,0,0,0
28 - Κεφαλληνίας,95 E.T. Δήμου Ληξουρίου,369,129,0,1,1,128,39,27,8,2,46,13,11,20,13,4,4,2,10,0,2,7,5,0,4,0,1,1,0,0,1,1,0,0,0,0,1,1,0,0,0,0,2,2,0,0,4,3,0,0,0,0,0,0,1,1,0,0,0,0,0,0,0,0,0,2,2,0,0,3,3
28 - Κεφαλληνίας,96 E.T. Δήμου Ληξουρίου,417,189,3,0,3,186,53,19,27,3,57,7,23,26,11,1,8,0,31,1,5,18,11,6,2,1,2,1,0,0,3,3,0,0,0,0,0,0,0,0,1,0,1,1,0,0,2,1,0,0,0,0,0,0,0,0,2,0,0,0,5,2,0,0,0,0,0,1,0,6,3
28 - Κεφαλληνίας,97 E.T. Δήμου Ληξουρίου,225,98,1,2,3,95,28,18,7,0,23,3,7,11,6,4,1,0,16,0,1,15,13,4,2,1,1,1,0,0,0,0,1,1,0,0,3,2,0,0,0,0,0,0,0,0,0,0,0,0,0,0,0,0,0,0,0,0,1,0,0,0,0,0,0,1,0,1,1,1,0
28 - Κεφαλληνίας,98 E.T. Δήμου Ληξουρίου,354,99,3,0,3,96,35,13,18,0,42,11,9,21,7,3,2,1,6,0,1,3,0,0,0,0,0,0,0,0,0,0,0,0,0,0,0,0,0,0,0,0,0,0,2,1,0,0,0,0,0,0,0,0,0,0,1,0,0,0,0,0,0,0,0,0,0,0,0,3,1
28 - Κεφαλληνίας,99 E.T. Δήμου Ληξουρίου,427,145,3,0,3,142,55,32,15,4,48,14,7,23,13,5,3,2,6,0,1,4,4,2,0,1,1,0,1,0,1,0,0,0,0,0,0,0,0,0,1,1,0,0,1,1,5,3,0,0,0,0,0,0,0,0,1,0,0,0,1,0,1,0,0,0,0,2,0,3,0
28 - Κεφαλληνίας,100 E.T. Δήμου Ληξουρίου,395,175,4,1,5,170,42,23,12,2,72,5,20,38,13,2,6,2,21,1,2,13,8,1,3,0,4,2,1,0,1,0,0,0,0,0,1,1,0,0,0,0,0,0,0,0,1,1,0,0,0,0,0,0,0,0,0,0,2,0,0,0,0,0,0,0,0,0,0,5,1
28 - Κεφαλληνίας,101 E.T. Δήμου Σάμης,228,99,2,1,3,96,50,25,11,4,19,6,1,11,7,3,2,1,9,1,1,7,1,0,0,0,1,0,0,0,0,0,1,0,0,0,0,0,0,0,2,1,0,0,1,0,2,1,0,0,0,0,0,0,0,0,1,1,1,0,0,0,0,0,0,0,0,1,1,0,0
28 - Κεφαλληνίας,102 E.T. Δήμου Σάμης,142,45,0,0,0,45,20,4,13,2,12,6,0,6,2,0,1,1,2,0,0,2,1,0,0,0,1,1,0,0,0,0,0,0,0,0,0,0,0,0,1,0,0,0,0,0,3,2,0,0,0,0,0,0,0,0,0,0,0,0,2,0,0,0,0,0,0,0,0,1,0
28 - Κεφαλληνίας,103 E.T. Δήμου Σάμης,170,61,1,0,1,60,38,20,14,0,9,0,1,8,2,0,1,1,3,0,2,0,3,1,0,1,3,3,0,0,0,0,1,0,0,0,0,0,0,0,0,0,0,0,0,0,0,0,0,0,0,0,0,0,0,0,0,0,0,0,0,0,0,0,0,0,0,0,0,1,0
28 - Κεφαλληνίας,104 E.T. Δήμου Σάμης,64,21,2,0,2,19,10,2,2,0,5,0,0,3,2,0,0,0,0,0,0,0,0,0,0,0,0,0,0,0,0,0,0,0,0,0,0,0,0,0,0,0,0,0,1,0,0,0,0,0,0,0,0,0,0,0,0,0,0,0,0,0,0,0,0,0,0,0,0,1,1
28 - Κεφαλληνίας,105 E.T. Δήμου Σάμης,158,56,4,0,4,52,36,19,11,0,5,2,0,3,0,0,0,0,3,1,1,1,1,1,0,0,2,2,0,0,2,1,0,0,0,0,0,0,0,0,2,2,0,0,0,0,0,0,0,0,0,0,0,0,0,0,0,0,0,0,1,1,0,0,0,0,0,0,0,0,0
28 - Κεφαλληνίας,106 E.T. Δήμου Σάμης,222,54,1,0,1,53,9,6,3,0,7,3,0,3,10,3,1,4,15,6,2,6,0,0,0,0,4,1,0,0,0,0,0,0,1,0,1,0,0,0,0,0,0,0,0,0,0,0,0,0,0,0,0,0,0,0,0,0,0,0,3,1,0,0,0,0,0,0,0,3,3
28 - Κεφαλληνίας,107 E.T. Δήμου Σάμης,101,26,0,0,0,26,9,6,2,0,5,2,0,3,1,0,1,0,8,8,0,0,0,0,0,0,0,0,0,0,0,0,0,0,0,0,0,0,0,0,1,1,0,0,0,0,0,0,0,0,0,0,0,0,0,0,0,0,0,0,0,0,0,0,0,0,0,0,0,2,1
28 - Κεφαλληνίας,108 E.T. Δήμου Σάμης,200,64,1,1,2,62,36,18,12,3,9,2,0,7,1,0,1,0,6,1,1,2,1,0,0,1,1,1,0,0,0,0,0,0,0,0,2,1,1,0,0,0,1,1,0,0,4,4,0,0,0,0,0,0,0,0,0,0,0,0,1,0,0,0,0,0,0,0,0,0,0
28 - Κεφαλληνίας,109 E.T. Δήμου Σάμης,180,24,0,0,0,24,12,3,5,1,7,0,1,6,1,0,1,0,3,0,1,1,1,1,0,0,0,0,0,0,0,0,0,0,0,0,0,0,0,0,0,0,0,0,0,0,0,0,0,0,0,0,0,0,0,0,0,0,0,0,0,0,0,0,0,0,0,0,0,0,0
28 - Κεφαλληνίας,110 E.T. Δήμου Σάμης,171,54,0,0,0,54,23,7,16,0,17,3,0,14,3,3,0,0,8,1,0,4,1,0,1,0,1,0,0,0,0,0,0,0,0,0,0,0,0,0,0,0,0,0,0,0,0,0,0,0,0,0,0,0,0,0,0,0,0,0,0,0,0,0,0,0,0,0,0,1,1
28 - Κεφαλληνίας,111 E.T. Δήμου Σάμης,94,38,0,2,2,36,11,3,6,0,8,2,0,6,2,1,0,1,3,2,0,0,1,0,1,0,4,1,2,0,0,0,0,0,0,0,0,0,0,0,1,1,1,1,0,0,2,2,0,0,0,0,1,1,0,0,0,0,0,0,1,1,0,0,0,0,0,0,0,1,1
28 - Κεφαλληνίας,112 E.T. Δήμου Σάμης,577,187,2,0,2,185,91,51,23,8,30,8,1,21,21,8,9,2,11,1,1,7,3,0,2,1,6,2,1,2,1,0,0,0,0,0,0,0,0,0,1,1,1,0,0,0,4,4,0,0,1,0,0,0,0,0,1,1,0,0,6,0,3,0,0,0,0,1,1,7,5
28 - Κεφαλληνίας,113 E.T. Δήμου Σάμης,526,202,4,3,7,195,121,72,24,5,32,9,1,15,9,2,2,1,17,1,0,13,2,0,1,0,4,4,0,0,0,0,0,0,0,0,0,0,0,0,1,0,0,0,2,0,0,0,0,0,0,0,0,0,0,0,1,0,1,0,1,0,0,1,0,0,0,1,0,2,0
28 - Κεφαλληνίας,114 E.T. Δήμου Σάμης,442,222,4,1,5,217,93,45,27,8,57,12,1,40,6,1,0,2,30,3,8,12,8,2,3,0,3,3,0,0,0,0,1,0,0,0,1,0,0,0,0,0,1,1,3,0,3,1,0,0,1,0,1,0,0,0,2,1,0,0,3,0,2,1,0,0,0,1,0,2,1
28 - Κεφαλληνίας,115 E.T. Δήμου Σάμης,426,194,5,2,7,187,87,40,30,10,53,7,3,39,8,3,3,2,7,1,1,1,7,2,2,2,7,3,0,1,1,0,0,0,0,0,0,0,0,0,1,1,2,0,3,1,4,4,3,0,0,0,0,0,1,1,0,0,0,0,1,0,0,0,0,0,0,1,1,1,1
28 - Κεφαλληνίας,116 E.T. Δήμου Σάμης,588,244,5,3,8,236,91,41,33,4,58,9,1,41,26,5,10,5,23,4,4,6,7,2,1,1,4,0,2,1,0,0,0,0,0,0,1,0,0,0,1,0,2,0,4,1,3,1,0,0,0,0,1,1,1,0,0,0,0,0,0,0,0,2,2,0,0,3,3,9,3
28 - Κεφαλληνίας,117 E.T. Δήμου Σάμης,394,165,2,1,3,162,61,21,27,4,36,4,0,28,18,3,4,10,25,6,7,4,5,0,0,1,9,4,2,0,0,0,1,1,0,0,0,0,0,0,0,0,0,0,0,0,0,0,0,0,0,0,0,0,0,0,1,0,0,0,1,1,0,0,0,1,1,1,0,3,1
28 - Κεφαλληνίας,118 E.T. Δήμου Σάμης,409,127,1,2,3,124,42,24,13,0,28,5,2,17,23,8,2,8,11,2,2,4,5,1,1,0,2,1,0,0,1,1,0,0,0,0,2,0,0,0,1,0,1,1,0,0,0,0,0,0,0,0,0,0,0,0,0,0,1,0,0,0,0,0,0,0,0,0,0,7,2
28 - Κεφαλληνίας,119 E.T. Δήμου Σάμης,389,118,2,2,4,114,41,23,7,4,39,6,0,32,14,2,3,8,8,1,1,4,2,1,1,0,1,1,0,0,0,0,0,0,0,0,1,0,0,0,0,0,0,0,0,0,1,1,0,0,1,1,0,0,0,0,0,0,0,0,0,0,0,0,0,0,0,1,0,5,2
28 - Κεφαλληνίας,120 E.T. Δήμου Σάμης,358,134,2,0,2,132,30,14,8,5,44,9,0,33,10,3,0,4,26,5,6,2,6,1,1,3,1,0,0,0,1,0,0,0,0,0,1,0,0,0,1,1,0,0,0,0,1,0,0,0,0,0,0,0,1,0,1,1,0,0,0,0,0,0,0,1,0,1,1,7,2
28 - Κεφαλληνίας,121 E.T. Δήμου Σάμης,664,224,3,2,5,219,58,25,17,3,85,1,2,74,23,7,4,9,20,1,4,8,6,0,2,2,6,3,0,1,0,0,1,1,0,0,1,0,1,0,0,0,1,1,0,0,0,0,0,0,0,0,7,6,0,0,1,1,0,0,2,0,1,0,0,0,0,1,1,7,5
28 - Κεφαλληνίας,122 E.T. Δήμου Σάμης,305,162,5,0,5,157,45,26,11,4,44,1,2,39,26,2,4,18,20,4,1,3,4,0,1,1,1,1,0,0,0,0,1,1,0,0,1,0,0,0,3,1,1,0,1,0,1,0,0,0,0,0,0,0,0,0,0,0,0,0,1,1,0,0,0,0,0,0,0,8,5
28 - Κεφαλληνίας,123 E.T. Δήμου Σάμης,426,109,4,0,4,105,48,19,19,1,22,0,1,21,14,2,2,8,6,1,2,2,6,3,0,0,3,1,1,0,0,0,0,0,0,0,0,0,0,0,0,0,0,0,2,2,0,0,1,0,0,0,0,0,1,1,0,0,0,0,0,0,0,0,0,0,0,0,0,2,1
28 - Κεφαλληνίας,124 E.T. Δήμου Σάμης,550,158,4,2,6,152,57,40,13,2,44,9,4,28,20,1,4,13,18,4,5,4,2,1,1,0,0,0,0,0,0,0,1,1,0,0,0,0,0,0,1,1,0,0,0,0,5,1,0,0,0,0,0,0,0,0,0,0,0,0,0,0,0,0,0,0,0,0,0,4,1
28 - Κεφαλληνίας,125 E.T. Δήμου Σάμης,433,214,1,2,3,211,52,37,4,5,95,10,1,75,13,3,1,7,28,5,1,13,3,0,0,0,3,0,1,1,0,0,0,0,0,0,4,2,1,0,0,0,1,0,2,1,0,0,0,0,1,0,0,0,0,0,0,0,0,0,1,0,0,0,0,0,0,0,0,8,0
28 - Κεφαλληνίας,126 E.T. Δήμου Σάμης,434,227,2,2,4,223,69,34,20,9,76,3,2,67,16,2,6,4,28,2,2,10,8,2,0,4,5,2,0,2,0,0,0,0,0,0,1,0,0,0,0,0,0,0,2,1,2,1,1,0,1,0,0,0,0,0,0,0,0,0,3,1,0,0,0,0,0,0,0,11,3
28 - Κεφαλληνίας,127 E.T. Δήμου Σάμης,416,211,3,0,3,208,59,35,13,3,79,4,2,73,15,2,3,6,19,4,5,4,5,0,0,1,8,4,2,0,1,0,1,0,0,0,1,0,0,0,0,0,1,0,0,0,2,2,0,0,2,0,0,0,1,1,1,0,1,1,0,0,0,1,0,0,0,2,1,9,6
28 - Κεφαλληνίας,128 E.T. Δήμου Σάμης,382,134,1,1,2,132,33,20,9,0,56,6,0,49,15,0,4,8,10,3,0,2,8,0,2,1,1,0,0,0,0,0,0,0,0,0,0,0,0,0,0,0,2,1,0,0,5,2,0,0,0,0,0,0,0,0,0,0,1,1,0,0,0,0,0,0,0,0,0,1,0
28 - Κεφαλληνίας,Ετερ. Κεφαλληνίας (από Εφετείο Θεσσαλονίκης),54,35,0,0,0,35,13,3,6,2,10,2,2,4,2,2,0,0,3,0,0,2,1,0,0,1,2,0,1,0,0,0,0,0,0,0,0,0,0,0,0,0,0,0,0,0,2,0,0,0,0,0,0,0,0,0,1,1,0,0,1,0,1,0,0,0,0,0,0,0,0
28 - Κεφαλληνίας,Ετερ. Κεφαλληνίας (από Εφετείο Πάτρας),93,58,0,0,0,58,28,13,9,3,13,1,2,9,1,1,0,0,11,0,1,7,1,0,0,1,2,0,1,0,0,0,0,0,0,0,0,0,0,0,0,0,0,0,0,0,2,1,0,0,0,0,0,0,0,0,0,0,0,0,0,0,0,0,0,0,0,0,0,0,0
28 - Κεφαλληνίας,Ετερ. Κεφαλληνίας (από 97ο Ε.Τ. Νομ. Αττικης-Αθηνών),489,346,0,1,1,345,144,64,49,10,80,11,11,48,27,7,9,2,48,2,12,15,6,1,0,1,6,0,1,3,0,0,3,3,0,0,1,0,0,0,1,1,0,0,8,3,4,1,0,0,0,0,0,0,0,0,2,0,1,0,6,1,1,0,0,0,0,0,0,8,3
28 - Κεφαλληνίας,Ετερ. Κεφαλληνίας (από 98ο Ε.Τ. Νομ. Αττικης-Αθηνών),489,360,2,1,3,357,140,66,45,17,88,15,13,50,26,7,7,2,42,5,2,18,13,3,2,1,10,3,0,4,1,0,1,1,0,0,1,1,0,0,2,0,0,0,3,1,3,1,0,0,0,0,0,0,2,1,1,1,2,2,6,4,1,0,0,3,0,0,0,13,9
28 - Κεφαλληνίας,Ετερ. Κεφαλληνίας (από 99ο Ε.Τ. Νομ. Αττικης-Αθηνών),490,333,1,2,3,330,150,59,59,14,67,9,5,43,29,18,2,4,43,10,11,6,10,4,1,2,9,2,2,2,1,0,0,0,0,0,0,0,0,0,1,1,0,0,2,0,3,1,0,0,0,0,0,0,0,0,1,1,0,0,4,0,1,0,0,1,1,0,0,9,6
28 - Κεφαλληνίας,Ετερ. Κεφαλληνίας (από 15ο Ε.Τ. Νομ. Αττικης-Πειραιώς),211,147,3,0,3,144,51,27,15,6,39,8,4,24,16,9,3,1,23,6,6,9,2,0,1,1,2,1,0,0,0,0,0,0,0,0,0,0,0,0,0,0,0,0,0,0,0,0,0,0,0,0,1,1,0,0,2,1,0,0,5,3,2,0,0,0,0,0,0,3,1
Σύνολο,,55071,23774,506,162,668,23106,8474,4355,2565,658,6027,1353,545,3711,2250,648,1053,250,2530,652,372,851,675,158,176,84,631,243,119,109,115,55,45,25,10,4,147,48,20,39,161,91,147,86,175,85,246,141,26,8,30,13,41,29,78,51,80,38,48,23,177,54,51,31,18,71,36,75,42,816,467
