ΠΕΡΙΦΕΡΕΙΑ,ΕΚΛΟΓΙΚΟ ΤΜΗΜΑ,ΕΓΓΕΓΡΑΜΜΕΝΟΙ,ΨΗΦΙΣΑΝΤΕΣ,ΑΚΥΡΑ,ΛΕΥΚΑ,ΑΚΥΡΑ & ΛΕΥΚΑ,ΕΓΚΥΡΑ,Νέα Δημοκρατία,ΒΡΟΥΤΣΗΣ ΙΩΑΝΝΗΣ (ΓΙΑΝΝΗΣ) του Βασιλείου,ΚΑΦΟΥΡΟΣ ΜΑΡΚΟΣ του Εμμανουήλ,ΜΟΝΟΓΥΙΟΥ ΑΙΚΑΤΕΡΙΝΗ του Μιχαήλ,ΠΡΙΝΙΑ ΔΕΣΠΟΙΝΑ του Ιωάννη,ΦΟΡΤΩΜΑΣ ΦΙΛΙΠΠΟΣ του Αριστοτέλη,ΧΑΛΚΙΑ ΑΝΘΗ του Γεωργίου,ΣΥΡΙΖΑ,ΒΛΑΣΤΑΡΗ ΕΙΡΗΝΗ του Κωνσταντίνου,ΓΛΕΖΟΣ ΒΑΣΙΛΕΙΟΣ του Γεωργίου,ΚΑΡΑΜΟΛΕΓΚΟΥ ΘΑΛΛΕΛΑΙΑ (ΙΑΚΩΒΙΝΑ - ΘΑΛΕΙΑ) του Ηλία,ΜΑΡΑΓΚΟΣ ΓΕΩΡΓΙΟΣ του Ισιδώρου,ΣΥΡΜΑΛΕΝΙΟΣ ΝΙΚΟΛΑΟΣ του Ευάγγελου,ΧΑΝΙΩΤΗ ΜΑΡΙΑ του Κωνσταντίνου,ΠΑΣΟΚ-Κίνημα Αλλαγής,ΑΝΑΓΝΩΣΤΟΠΟΥΛΟΥ (ΑΝΤΩΝΑΚΗ) ΜΑΡΓΑΡΙΤΑ του Κωνσταντίνου,ΒΛΑΣΕΡΟΣ ΙΩΑΝΝΗΣ του Νικολάου,ΜΑΚΡΥΩΝΙΤΗΣ ΓΕΩΡΓΙΟΣ (ΤΖΩΡΤΖΗΣ) του Νικολάου,ΠΟΛΑΤΣΙΔΗΣ ΧΡΗΣΤΟΣ του Ιωάννη,ΠΟΛΙΤΗ ΟΛΓΑ του Νικολάου,ΠΟΛΥΧΡΟΝΑΚΟΣ ΙΩΑΝΝΗΣ του Αλεξίου (Σέργης),Κ.Κ.Ε.,ΒΛΑΧΟΣ ΑΝΔΡΕΑΣ του Χρήστου,ΓΚΙΚΑΣ ΑΝΑΣΤΑΣΙΟΣ του Ιωάννη,ΚΑΪΛΗΣ ΝΙΚΟΛΑΟΣ του Αποστόλου,ΚΟΡΡΕΣ ΕΥΑΓΓΕΛΟΣ του Δημητρίου,ΠΡΩΤΟΠΑΠΑ ΦΡΑΤΖΕΣΚΑ του Ιακώβου,ΡΕΜΟΥΝΔΟΥ ΑΙΚΑΤΕΡΙΝΗ του Χαράλαμπου,Ελληνική Λύση - Κ. Βελόπουλος,ΑΡΑΜΠΑΤΖΗΣ ΝΙΚΟΛΑΟΣ του Γρηγορίου,ΒΡΑΧΑΜΗ ΕΙΡΗΝΗ του Ελευθερίου,ΜΠΟΥΛΜΕΤΗΣ ΙΩΑΝΝΗΣ του Νικολάου,ΣΑΚΕΛΛΑΡΙΟΣ ΝΙΚΟΛΑΟΣ του Φλώρου,ΧΑΡΑΛΑΜΠΟΠΟΥΛΟΣ ΠΕΤΡΟΣ του Θεοδώρου,ΧΑΣΤΑΤΖΕΡΗ ΣΟΥΛΙΩΤΗ ΒΑΣΙΛΙΚΗ του Σωκράτη,ΜέΡΑ25-ΣΥΜΜΑΧΙΑ ΓΙΑ ΤΗ ΡΗΞΗ,ΓΛΕΖΟΥ ΑΙΚΑΤΕΡΙΝΗ του Δημητρίου,ΕΛΕΝΗ ΜΑΡΙΑ του Αναστασίου,ΖΟΥΛΙΑΣ ΔΗΜΗΤΡΙΟΣ του Ιωάννη,ΝΕΡΟΥΤΣΟΣ ΙΣΙΔΩΡΟΣ του Ιωάννη,ΠΑΠΙΟΠΟΥΛΟΥ ΑΝΝΑ του Παναγιώτη,ΕΝΩΝΩ ΣΥΜΜΑΧΙΑ ΕΛΕΥΘΕΡΙΑΣ,ΤΣΙΝΤΖΑΣ ΑΘΑΝΑΣΙΟΣ του Ανδρέα,Κ.Κ.Ε. (μ-λ),ΜΑΚΟΣ ΗΛΙΑΣ του Αλεξάνδρου,Ο.Κ.Δ.Ε.,ΣΕΜΙΖΙΔΟΥ ΜΑΡΙΑ του Ιωάννη,ΑΝΤ.ΑΡ.ΣΥ.Α.,ΒΑΣΙΛΑ ΑΓΓΕΛΙΚΗ του Δημητρίου,ΒΟΥΤΣΙΝΟΣ ΑΝΤΩΝΙΟΣ του Νικολάου,ΔΗΜΗΤΡΕΛΟΣ ΛΟΥΚΑΣ του Δημητρίου,ΚΑΜΠΡΗΣ ΧΡΗΣΤΟΣ του Παναγιώτη,ΠΛΑΚΙΩΤΗ ΧΡΥΣΟΥΛΑ του Μιχαήλ,Κίνημα 21,ΑΡΑΓΙΑΝΝΗΣ ΕΥΑΓΓΕΛΟΣ του Πέτρου,ΕΘΝΙΚΗ ΔΗΜΙΟΥΡΓΙΑ,ΑΔΑΜΙΔΗΣ ΦΙΛΙΠΠΟΣ του Παναγιώτη,ΔΗΜΗΤΡΙΟΥ ΠΕΤΡΟΣ του Ευαγγέλου,ΜΑΝΟΥ ΑΛΕΞΑΝΔΡΑ του Ορφέως Γεωργίου,ΜΟΣΧΟΒΗ ΑΝΝΑ του Βασιλείου,ΝΙΚΗ,ΑΥΛΙΤΗ ΘΕΟΔΩΡΑ του Μάρκου,ΓΕΩΡΓΑΚΟΠΟΥΛΟΣ ΑΝΑΣΤΑΣΙΟΣ του Παναγιώτη,ΣΑΝΗ ΙΩΑΝΝΑ του Νικολάου,ΣΥΡΙΑΝΟΥ ΜΑΡΙΑ της Νικολάου,ΧΑΤΖΗΣ ΝΙΚΟΛΑΟΣ του Ιωάννου,κοινωνία αξιών,ΧΑΛΑΡΗΣ ΦΙΛΙΠΠΟΣ του Γεωργίου,ΒΟΡΕΙΑ ΛΕΓΚΑ - ΚΡΑΜΑ,ΞΑΓΟΡΑΡΗ ΦΩΤΕΙΝΗ του Δημήτρίου,ΟΡΦΑΝΙΔΗΣ ΔΗΜΗΤΡΙΟΣ του Χρήστου,Ο.Α.Κ.Κ.Ε.,ΔΙΠΛΑΡΑΚΗ ΑΝΝΑ του Κωνσταντίνου,Μ-Λ Κ.Κ.Ε.,ΤΣΩΝΗ ΙΩΑΝΝΑ του Μιχαήλ,Ελλήνων Συνέλευσις,ΒΑΒΛΙΑΚΗ ΣΤΑΥΡΟΥΛΑ του Δημητρίου,ΚΟΥΝΑΔΗΣ ΙΩΑΝΝΗΣ του Ματθαίου,Ένωση Κεντρώων,ΑΑΡΩΝ ΣΤΥΛΙΑΝΟΣ του Δημητρίου,ΔΡΙΛΛΗ ΒΑΣΙΛΙΚΗ του Γεωργίου,ΜΑΝΔΗΛΑΡΑΣ ΓΕΩΡΓΙΟΣ του Ιωάννη,ΜΥΡΣΙΑΔΗ ΚΑΛΛΙΟΠΗ - ΔΗΜΗΤΡΑ του Ιωάννη,ΤΩΡΑ ΟΛΟΙ ΜΑΖΙ (Τ.ΟΛ.ΜΑ),ΜΠΑΤΖΑΚΑ ΛΕΥΚΗ του Ιωάννη,ΠΟΥΛΗΣ ΓΕΩΡΓΙΟΣ του Ευαγγέλου,ΣΥΜΜΑΧΙΑ ΑΝΑΤΡΟΠΗΣ,ΑΛΕΞΑΝΔΡΑΚΗ ΔΙΑΜΑΝΤΩ του Αθανασίου,ΔΟΓΟΥ ΖΩΓΡΑΦΙΑ του Παντελή,ΛΑΜΠΡΙΔΗΣ ΓΡΗΓΟΡΙΟΣ του Εμμανουήλ,ΠΑΠΑΜΑΝΩΛΗ ΑΣΗΜΙΝΑ του Γεωργίου,ΣΙΔΕΡΗΣ ΙΩΑΝΝΗΣ του Παύλου,ΠΟΛΙΤΙΚΗ ΠΡΩΤΟΒΟΥΛΙΑ ,ΠΑΠΑΔΟΠΟΥΛΟΥ ΒΑΡΒΑΡΑ του Βασιλείου,ΕΛΕΥΘΕΡΟΙ ΞΑΝΑ,ΖΥΜΒΡΑΓΟΥΔΑΚΗΣ ΓΕΩΡΓΙΟΣ του Ανδρέα,ΠΝΟΗ ΔΗΜΟΚΡΑΤΙΑΣ,ΚΑΒΑΓΙΟΥ ΣΤΥΛΙΑΝΗ του Ιωάννη,ΠΡΑΣΙΝΟ ΚΙΝΗΜΑ,ΑΛΜΠΕΡΤΗΣ ΝΙΚΟΛΑΟΣ του Γεωργίου,ΒΙΡΒΙΛΗ ΣΤΑΥΡΟΥΛΑ του Σταύρου,ΚΑΜΝΙΤΣΗ ΝΙΟΒΗ του Χρήστου,ΜΑΛΑΚΑΤΕΣ ΕΥΑΓΓΕΛΟΣ του Ιακώβου,ΤΣΟΥΚΑΣ ΘΕΟΔΩΡΟΣ του Γεωργίου,Οικολόγοι Πράσινοι,ΔΕΛΛΑΤΟΛΑΣ ΜΑΤΘΑΙΟΣ του Ιωάννη,ΚΑΛΛΙΒΡΟΥΣΗΣ ΦΡΑΝΤΖΕΣΚΟΣ του Στεργίου,ΣΟΦΟΥ ΕΙΡΗΝΗ του Παναγιώτη,ΕΑΝ...,ΑΓΑΣ ΣΤΑΜΑΤΙΟΣ του Νικολάου,ΕΝΟΤΗΤΑ - ΑΛΗΘΕΙΑ ΕΝ.Α,ΖΑΒΑΛΗΣ ΑΓΓΕΛΟΣ του Αντωνίου,Πλεύση Ελευθερίας - Ζωή Κωνστ.,ΚΑΜΠΑΝΟΣ ΔΗΜΗΤΡΙΟΣ του Εμμανουήλ,ΠΑΠΑΔΟΠΟΥΛΟΥ ΦΩΤΕΙΝΗ του Διογένη
51 - Κυκλάδων,1 E.T. Δήμου Άνδρου,453,237,5,2,7,230,128,98,1,46,20,28,10,27,8,1,3,8,6,3,15,3,1,2,2,9,0,11,0,0,1,0,2,7,17,5,5,6,1,3,1,9,1,1,1,1,2,0,0,0,0,0,0,1,1,1,0,0,0,1,1,1,1,0,0,0,7,3,2,0,4,1,0,0,0,0,0,0,0,0,0,1,1,0,0,0,0,0,0,1,1,1,0,0,0,0,0,0,0,0,1,1,0,0,0,0,0,0,0,0,2,1,0,2,1,1,1,0,6,5,5
51 - Κυκλάδων,2 E.T. Δήμου Άνδρου,432,205,5,2,7,198,120,82,3,34,16,36,7,20,10,3,1,5,5,5,11,1,1,1,0,6,0,5,0,0,0,0,0,2,5,1,2,2,0,0,1,7,3,1,0,1,3,0,0,0,0,0,0,0,0,0,0,0,0,3,1,5,1,1,0,2,5,4,1,0,3,1,0,0,1,0,0,1,0,0,0,0,0,0,0,0,0,0,0,1,0,1,2,1,1,1,0,1,0,0,1,0,1,0,0,0,0,0,0,0,5,2,4,2,1,0,0,0,4,2,3
51 - Κυκλάδων,3 E.T. Δήμου Άνδρου,456,199,2,2,4,195,107,66,4,44,5,37,5,18,4,4,1,3,11,1,9,1,0,2,0,8,1,14,0,0,1,3,1,8,9,2,2,5,2,0,2,6,3,1,2,0,1,1,1,1,0,0,0,1,1,0,0,0,1,0,0,2,0,1,0,1,7,5,2,1,4,1,0,0,0,0,0,0,0,0,0,0,0,0,1,1,1,0,0,1,0,0,1,0,1,0,1,0,0,0,3,2,1,1,0,0,0,0,0,0,3,0,1,0,1,0,1,1,8,5,7
51 - Κυκλάδων,4 E.T. Δήμου Άνδρου,427,184,2,0,2,182,94,58,4,27,12,39,6,33,13,2,2,7,11,5,10,2,0,4,1,6,1,13,1,0,1,5,1,12,7,2,0,5,0,0,1,6,2,1,0,0,0,0,0,0,0,0,0,0,0,0,0,0,0,1,0,0,0,0,0,0,2,1,0,2,0,1,0,0,0,0,0,0,0,0,0,0,0,0,0,0,0,0,0,0,0,0,0,0,0,0,0,0,0,0,2,1,1,1,0,0,0,0,0,0,2,0,2,1,0,0,0,0,11,5,6
51 - Κυκλάδων,5 E.T. Δήμου Άνδρου,463,228,4,3,7,221,140,81,2,50,29,55,11,17,5,4,1,3,4,1,6,0,0,0,0,3,2,17,2,1,1,3,4,11,12,3,1,6,3,1,0,6,3,3,0,0,2,0,0,0,0,0,0,1,0,1,0,0,1,1,1,1,0,1,0,0,8,2,2,1,2,1,0,0,0,0,0,0,0,0,0,0,0,0,0,0,0,0,0,0,0,0,3,0,1,1,2,2,0,0,0,0,0,0,0,0,0,0,0,0,0,0,0,0,0,0,1,1,8,4,7
51 - Κυκλάδων,6 E.T. Δήμου Άνδρου,365,158,2,1,3,155,89,56,6,31,15,29,5,11,2,3,0,2,5,0,9,1,0,0,1,8,1,6,0,0,0,1,0,5,6,1,1,5,1,1,0,13,8,1,1,1,6,0,0,0,0,0,0,2,0,0,0,0,0,2,2,0,0,0,0,0,3,0,0,0,1,1,0,0,0,0,0,0,0,0,0,1,1,0,0,0,0,0,0,0,0,0,0,0,0,0,0,0,0,0,1,1,0,0,0,0,0,0,0,0,2,2,1,0,0,0,0,0,10,3,5
51 - Κυκλάδων,7 E.T. Δήμου Άνδρου,198,89,5,0,5,84,43,26,3,22,3,14,2,11,5,2,0,5,2,2,4,0,0,0,0,3,0,2,0,0,0,0,1,1,3,1,1,2,0,0,0,0,0,0,0,0,0,3,3,1,0,0,0,2,1,0,0,0,1,1,0,0,0,0,0,0,1,0,0,1,0,0,0,0,0,0,0,0,0,1,0,1,0,0,2,1,0,0,0,0,0,0,0,0,0,0,0,0,0,0,2,0,3,0,0,0,0,0,0,0,0,0,0,0,0,0,1,0,3,1,3
51 - Κυκλάδων,8 E.T. Δήμου Άνδρου,587,239,5,0,5,234,134,77,6,51,12,50,4,30,11,9,6,6,14,2,10,4,2,1,0,4,3,19,1,3,4,0,1,15,13,3,5,6,1,1,1,9,5,2,4,2,0,0,0,0,0,0,0,1,1,0,0,0,0,0,0,0,0,0,0,0,1,1,0,0,1,0,0,0,0,0,0,0,0,0,0,0,0,0,2,1,0,0,1,0,0,0,3,1,1,1,1,1,0,0,1,0,0,0,0,0,0,0,0,0,0,0,0,0,1,0,0,0,10,6,7
51 - Κυκλάδων,9 E.T. Δήμου Άνδρου,524,224,4,0,4,220,116,65,3,50,15,30,7,29,10,3,0,10,17,0,10,1,1,1,0,4,0,11,1,0,0,0,0,6,9,4,4,1,3,0,1,9,4,0,0,0,1,1,0,2,2,0,0,1,1,0,0,0,1,1,0,2,1,1,1,1,9,4,2,1,5,0,0,0,0,0,0,1,0,1,1,0,0,0,2,1,1,1,0,0,0,0,1,0,0,0,0,0,2,1,1,0,2,2,3,0,1,0,0,0,1,0,0,0,0,0,0,0,6,2,4
51 - Κυκλάδων,10 E.T. Δήμου Άνδρου,535,227,6,5,11,216,111,72,6,45,18,25,9,27,11,8,4,5,10,6,13,7,1,0,2,7,0,13,1,1,1,5,2,8,16,7,2,4,6,0,1,5,2,1,0,0,0,0,0,0,0,0,0,0,0,0,0,0,0,3,1,1,0,0,0,0,10,2,4,1,5,3,0,0,0,0,0,0,0,0,0,1,0,0,2,0,1,1,0,0,0,0,2,1,0,0,1,0,0,0,0,0,2,1,0,0,0,0,0,0,2,0,1,0,0,0,0,0,8,3,7
51 - Κυκλάδων,11 E.T. Δήμου Άνδρου,342,159,3,2,5,154,76,48,2,31,15,19,6,16,6,4,2,1,9,1,18,5,2,1,1,12,2,13,2,3,2,2,1,8,11,4,1,3,1,2,0,1,1,0,0,0,1,1,1,0,0,0,0,1,0,0,0,0,0,1,1,0,0,0,0,0,8,3,3,0,3,2,0,0,0,0,0,0,0,0,0,1,1,0,2,1,1,0,0,1,0,0,1,0,0,0,0,0,0,0,0,0,0,0,0,0,0,0,0,0,0,0,0,0,0,0,0,0,3,3,3
51 - Κυκλάδων,12 E.T. Δήμου Άνδρου,596,278,3,0,3,275,203,112,11,80,33,58,16,16,5,3,2,4,3,3,2,1,0,0,0,1,0,5,0,0,0,1,0,2,14,1,0,13,0,0,0,7,1,1,1,3,2,0,0,0,0,0,0,3,2,1,0,0,1,1,0,2,1,0,1,2,4,2,0,2,1,0,0,0,0,0,0,0,0,0,0,0,0,0,2,2,1,0,0,3,3,1,1,0,0,0,0,0,1,0,0,0,2,1,0,0,0,0,0,0,4,3,4,0,1,0,0,0,4,3,2
51 - Κυκλάδων,13 E.T. Δήμου Άνδρου,238,96,3,2,5,91,40,14,1,18,1,16,8,9,1,2,2,0,5,2,5,1,2,1,0,3,1,13,2,1,0,1,2,11,7,4,3,2,1,0,3,0,0,0,0,0,0,0,0,1,0,0,0,0,0,0,0,0,0,1,1,4,2,3,0,0,2,0,0,0,2,0,0,0,0,0,0,0,0,0,0,0,0,0,1,1,0,0,0,0,0,0,1,0,0,1,1,0,0,0,3,2,0,0,0,0,0,0,0,0,1,0,0,0,1,0,0,0,2,1,2
51 - Κυκλάδων,14 E.T. Δήμου Άνδρου,492,227,5,2,7,220,123,62,3,46,4,56,5,14,4,6,4,2,6,3,16,2,1,2,1,10,2,16,1,1,2,2,5,10,18,10,5,4,3,1,4,6,3,2,1,0,0,2,2,0,0,0,0,3,2,0,0,0,2,3,2,0,0,0,0,0,7,2,0,3,4,0,1,1,0,0,0,0,0,1,1,0,0,0,1,0,0,0,1,0,0,0,2,0,0,0,0,1,0,0,2,2,0,0,2,1,1,0,0,0,1,0,0,0,0,0,0,0,2,1,1
51 - Κυκλάδων,15 E.T. Δήμου Άνδρου,548,237,2,1,3,234,123,70,2,56,2,54,3,32,12,7,7,4,15,4,18,3,3,2,1,7,0,24,1,1,1,2,5,14,8,4,4,3,1,0,1,8,4,1,2,0,2,1,1,0,0,0,0,3,2,0,0,0,1,3,3,0,0,0,0,0,2,0,1,0,2,0,0,0,0,0,0,0,0,0,0,0,0,0,0,0,0,0,0,0,0,0,1,0,0,0,0,0,0,0,1,0,1,1,0,0,0,0,0,0,1,0,0,0,1,0,0,0,7,5,6
51 - Κυκλάδων,16 E.T. Δήμου Άνδρου,180,86,0,1,1,85,51,30,4,22,6,26,1,8,2,0,0,2,5,3,4,2,1,0,0,4,0,9,0,0,1,1,2,4,1,0,1,0,0,0,1,5,1,0,1,4,0,0,0,1,1,0,0,0,0,0,0,0,0,2,2,0,0,0,0,0,3,1,1,0,1,2,0,0,0,0,0,0,0,0,0,0,0,0,0,0,0,0,0,0,0,0,0,0,0,0,0,0,0,0,0,0,0,0,0,0,0,0,0,0,0,0,0,0,0,0,0,0,1,1,0
51 - Κυκλάδων,17 E.T. Δήμου Άνδρου,374,196,4,1,5,191,94,56,2,27,5,44,6,26,6,5,2,4,12,5,13,1,2,3,3,8,0,12,2,1,0,0,1,7,8,5,1,1,1,3,0,14,5,1,6,2,4,1,1,0,0,0,0,1,1,0,0,0,0,1,0,3,0,1,0,1,8,3,1,1,3,3,0,0,0,0,0,0,0,0,0,0,0,0,0,0,0,0,0,0,0,0,1,1,1,0,0,0,0,0,0,0,0,0,2,0,1,1,0,0,0,0,0,0,2,0,0,0,5,1,4
51 - Κυκλάδων,18 E.T. Δήμου Άνδρου,373,198,0,1,1,197,94,52,9,26,7,43,3,25,8,4,1,2,15,1,18,0,3,5,0,6,3,17,3,0,0,2,3,8,8,5,3,2,1,0,2,10,3,1,0,6,0,1,1,1,0,0,0,3,1,1,0,0,0,0,0,1,1,0,0,0,5,1,1,0,4,1,0,0,0,0,0,0,0,0,0,0,0,0,0,0,0,0,0,0,0,0,2,0,0,0,0,0,0,0,1,1,1,1,0,0,0,0,0,0,1,1,0,0,1,1,0,0,8,4,5
51 - Κυκλάδων,19 E.T. Δήμου Άνδρου,349,136,5,2,7,129,76,39,6,31,2,31,6,10,1,1,3,1,7,1,6,1,1,1,0,5,0,13,1,2,1,2,3,7,4,2,1,3,0,1,0,6,4,0,0,0,2,0,0,1,1,0,0,2,1,0,0,1,1,0,0,0,0,0,0,0,3,2,1,0,1,0,0,0,0,0,0,0,0,1,0,0,0,0,0,0,0,0,0,0,0,0,0,0,0,0,0,0,0,0,0,0,1,1,0,0,0,0,0,0,1,0,0,0,1,0,0,0,4,1,2
51 - Κυκλάδων,20 E.T. Δήμου Άνδρου,324,104,0,0,0,104,53,28,1,18,5,20,0,25,9,4,3,14,10,0,7,0,1,4,1,3,0,4,0,0,1,0,0,3,8,0,1,2,0,0,0,0,0,0,0,0,0,1,1,0,0,0,0,2,0,2,0,0,0,0,0,0,0,0,0,0,3,0,2,1,0,1,0,0,0,0,0,0,0,0,0,0,0,0,1,0,0,0,0,0,0,0,0,0,0,0,0,0,0,0,0,0,0,0,0,0,0,0,0,0,0,0,0,0,0,0,0,0,0,0,0
51 - Κυκλάδων,21 E.T. Δήμου Άνδρου,424,261,3,1,4,257,119,69,6,47,11,30,5,66,12,6,2,15,18,22,11,2,0,2,1,2,3,12,0,2,0,1,2,5,10,4,3,1,0,1,0,5,3,2,1,0,0,2,1,1,1,0,0,0,0,0,0,0,0,2,1,1,0,1,0,0,4,1,0,0,2,0,0,0,0,0,0,0,0,0,0,0,0,0,1,1,0,0,0,0,0,0,2,1,1,0,0,0,1,1,2,2,2,0,0,0,0,0,0,0,2,1,0,1,1,0,2,2,11,4,6
51 - Κυκλάδων,22 E.T. Δήμου Άνδρου,422,238,8,2,10,228,99,61,9,43,8,32,11,50,15,8,2,9,19,10,16,4,2,0,1,11,8,14,0,0,1,5,3,10,9,4,2,1,1,1,3,3,1,0,0,1,1,3,3,5,5,0,0,0,0,0,0,0,0,0,0,0,0,0,0,0,7,4,0,2,2,2,0,0,1,1,1,0,0,0,0,0,0,0,0,0,0,0,0,1,1,0,1,0,0,0,1,1,0,0,2,1,1,0,1,0,1,1,0,0,5,3,2,2,2,2,2,1,6,1,4
51 - Κυκλάδων,23 E.T. Δήμου Άνδρου,81,49,1,1,2,47,32,24,2,11,0,13,0,8,0,3,0,1,6,1,0,0,0,0,0,0,0,1,0,1,0,1,0,0,0,0,0,0,0,0,0,0,0,0,0,0,0,1,0,0,0,0,0,1,0,0,0,0,0,0,0,1,0,1,0,0,0,0,0,0,0,0,0,0,0,0,0,0,0,0,0,0,0,0,0,0,0,0,0,0,0,0,0,0,0,0,0,0,0,0,0,0,0,0,1,0,1,1,0,0,0,0,0,0,0,0,0,0,2,1,1
51 - Κυκλάδων,24 E.T. Δήμου Άνδρου,204,132,2,0,2,130,48,26,1,23,5,15,3,36,11,7,1,8,13,4,6,0,1,0,0,5,0,11,0,0,0,0,2,7,7,3,0,2,2,0,4,8,0,2,2,1,1,1,1,1,0,0,0,0,0,0,0,0,0,3,2,1,0,0,0,0,2,1,0,0,2,0,0,0,0,0,0,0,0,0,0,0,0,0,0,0,0,0,0,0,0,0,1,0,0,0,0,0,0,0,0,0,0,0,0,0,0,0,0,0,1,0,0,0,2,0,1,1,1,0,0
51 - Κυκλάδων,25 E.T. Δήμου Άνδρου,358,172,7,1,8,164,103,61,2,26,11,20,11,15,3,0,0,4,4,4,3,1,0,1,0,2,0,7,0,0,0,1,4,6,5,1,0,0,0,0,0,3,2,0,0,0,0,4,3,0,0,0,0,1,0,1,0,0,0,2,2,0,0,0,0,0,7,1,0,0,3,1,0,0,0,0,0,0,0,0,0,1,1,0,0,0,0,0,0,0,0,0,4,1,2,0,1,1,0,0,1,1,1,1,0,0,0,0,0,0,1,0,1,0,0,0,0,0,6,3,4
51 - Κυκλάδων,26 E.T. Δήμου Άνδρου,249,93,0,0,0,93,52,19,3,21,1,17,3,17,3,3,1,1,6,1,3,0,1,0,0,3,0,3,1,0,0,0,0,1,3,1,0,2,0,0,0,0,0,0,0,0,0,2,1,1,1,0,0,0,0,0,0,0,0,0,0,2,1,1,0,1,3,0,2,1,1,0,0,0,0,0,0,0,0,1,0,0,0,0,0,0,0,0,0,0,0,0,2,1,2,1,0,0,1,1,1,0,0,0,0,0,0,0,0,0,0,0,0,0,0,0,0,0,2,2,1
51 - Κυκλάδων,27 E.T. Δήμου Άνδρου,91,52,2,0,2,50,22,9,0,10,1,8,0,6,4,0,1,1,3,1,3,1,1,1,0,1,0,4,1,1,0,0,1,0,0,0,0,0,0,0,0,1,0,0,0,0,0,1,0,0,0,0,0,1,0,0,0,0,0,2,1,0,0,0,0,0,0,0,0,0,0,0,1,1,0,0,0,0,0,0,0,0,0,0,0,0,0,0,0,0,0,0,0,0,0,0,0,0,1,0,0,0,1,0,0,0,0,0,0,0,0,0,0,0,1,1,1,1,5,1,3
51 - Κυκλάδων,28 E.T. Δήμου Άνδρου,219,128,4,0,4,124,56,29,3,19,5,11,15,2,1,1,0,0,0,0,12,1,4,1,2,7,0,1,0,0,0,0,0,0,12,7,7,1,1,2,1,5,4,3,1,0,0,1,1,1,0,0,0,0,0,0,0,0,0,3,3,0,0,0,0,0,9,2,3,0,5,0,0,0,0,0,0,0,0,0,0,0,0,0,3,1,0,2,0,0,0,0,0,0,0,0,0,0,0,0,2,2,3,1,0,0,0,0,0,0,2,0,0,2,0,0,0,0,12,1,6
51 - Κυκλάδων,29 E.T. Δήμου Άνδρου,385,188,0,1,1,187,94,62,5,32,3,30,3,32,11,7,2,11,11,3,9,2,2,0,0,6,1,16,0,0,0,1,10,10,7,4,1,3,0,0,1,8,4,0,2,0,1,1,1,2,1,0,0,0,0,0,0,0,0,0,0,4,1,3,0,1,2,1,0,0,0,0,0,0,0,0,0,0,0,0,0,0,0,0,1,0,0,0,0,0,0,0,0,0,0,0,0,0,0,0,2,2,1,1,0,0,0,0,0,0,1,1,0,0,3,0,0,0,4,2,2
51 - Κυκλάδων,30 E.T. Δήμου Άνδρου,480,281,3,2,5,276,133,61,12,53,22,39,2,41,11,5,4,15,16,11,13,3,4,0,2,2,1,18,0,6,0,0,3,11,8,2,1,1,2,0,1,9,4,2,2,1,1,6,2,1,1,0,0,2,1,0,0,0,1,2,1,5,2,4,0,0,9,2,4,2,4,2,0,0,1,0,0,0,0,0,0,0,0,0,4,2,0,1,1,1,1,1,0,0,0,0,0,0,0,0,1,0,0,0,1,1,0,1,0,0,2,1,1,1,0,0,0,0,19,7,8
51 - Κυκλάδων,31 E.T. Δήμου Άνδρου,482,317,8,1,9,308,172,98,19,71,16,56,6,38,15,3,3,18,13,12,27,5,3,8,4,23,1,10,1,1,0,2,3,7,5,2,3,1,1,0,0,4,4,2,1,0,0,2,2,0,0,0,0,0,0,0,0,0,0,1,1,0,0,0,0,0,7,2,1,1,6,0,0,0,1,0,0,0,0,0,0,0,0,0,4,1,1,0,2,1,1,0,2,1,0,0,0,0,1,1,0,0,1,1,3,1,2,1,0,0,1,1,1,0,1,1,1,1,26,17,18
51 - Κυκλάδων,32 E.T. Δήμου Άνδρου,208,106,8,0,8,98,60,35,1,20,17,11,2,9,4,7,1,1,1,2,9,0,0,2,1,7,0,1,0,0,0,0,1,1,6,1,1,4,1,1,1,1,0,0,0,0,0,1,1,0,0,0,0,0,0,0,0,0,0,1,1,2,1,1,0,0,3,0,0,0,0,0,0,0,0,0,0,0,0,0,0,0,0,0,0,0,0,0,0,0,0,0,0,0,0,0,0,0,0,0,0,0,0,0,0,0,0,0,0,0,0,0,0,0,1,1,0,0,4,2,1
51 - Κυκλάδων,33 E.T. Δήμου Άνδρου,141,84,1,0,1,83,41,22,0,18,0,19,1,18,5,1,2,3,10,8,2,1,0,0,0,2,1,7,2,0,1,0,0,5,6,3,1,1,1,2,3,1,0,0,0,0,0,0,0,0,0,0,0,0,0,0,0,0,0,0,0,0,0,0,0,0,4,1,1,3,2,1,0,0,0,0,0,0,0,0,0,0,0,0,0,0,0,0,0,0,0,0,0,0,0,0,0,0,0,0,0,0,0,0,0,0,0,0,0,0,1,0,0,1,1,1,0,0,2,2,2
51 - Κυκλάδων,34 E.T. Δήμου Ανάφης,507,251,2,0,2,249,137,107,32,27,1,59,5,37,0,5,25,4,20,1,16,3,3,8,0,4,2,30,18,3,2,7,6,4,2,1,2,0,0,1,0,3,0,1,0,0,0,9,6,1,1,0,0,0,0,0,0,0,0,1,1,0,0,0,0,0,1,0,0,0,1,0,0,0,0,0,0,0,0,0,0,2,1,1,1,0,0,0,0,1,1,0,4,1,0,2,0,2,0,0,0,0,1,0,0,0,0,0,0,0,1,1,0,0,0,0,0,0,2,1,1
51 - Κυκλάδων,35 E.T. Δήμου Θήρας,486,280,4,0,4,276,167,79,104,30,9,14,5,25,1,3,11,1,6,2,22,4,12,2,2,7,5,12,10,3,0,1,1,1,11,4,4,2,3,1,0,1,0,0,0,0,0,1,0,0,0,0,0,0,0,0,0,0,0,0,0,1,1,1,0,0,6,0,3,1,4,1,0,0,1,0,0,0,0,0,0,0,0,0,1,0,0,1,0,3,2,3,4,1,0,1,0,1,1,1,5,3,4,3,0,0,0,0,0,0,4,2,1,2,0,0,0,0,7,7,5
51 - Κυκλάδων,36 E.T. Δήμου Θήρας,476,313,5,5,10,303,208,81,145,42,11,12,6,14,3,1,8,1,3,2,22,3,15,3,0,4,2,7,5,1,0,0,1,2,17,4,6,3,4,3,2,2,1,0,1,1,1,1,1,1,0,0,0,2,2,1,0,1,0,1,0,4,1,0,1,0,7,1,2,0,5,1,0,0,1,0,0,0,0,0,0,0,0,0,2,0,1,0,1,0,0,0,0,0,0,0,0,0,0,0,1,1,2,1,1,1,0,0,1,0,5,2,2,2,0,0,0,0,5,4,3
51 - Κυκλάδων,37 E.T. Δήμου Θήρας,489,292,11,2,13,279,163,64,106,52,11,15,10,30,5,5,16,2,10,6,17,6,7,1,1,6,6,12,11,0,0,3,3,3,8,3,3,3,0,2,1,9,4,2,2,1,1,0,0,0,0,0,0,1,0,0,0,0,0,1,0,1,1,0,1,0,6,1,0,4,3,0,0,0,0,0,0,0,0,1,0,0,0,0,1,1,0,0,0,2,0,2,1,1,0,0,0,1,2,1,4,2,5,4,1,1,0,1,0,0,3,0,1,2,0,0,1,1,10,7,7
51 - Κυκλάδων,38 E.T. Δήμου Θήρας,497,286,8,1,9,277,170,68,103,35,12,17,5,30,7,5,11,2,13,4,23,4,11,2,3,8,7,10,10,1,3,2,0,0,11,3,2,1,1,0,1,7,6,2,0,2,3,1,1,0,0,0,0,0,0,0,0,0,0,2,1,1,0,0,0,0,4,2,2,0,2,0,0,0,0,0,0,0,0,0,0,0,0,0,1,0,0,0,0,1,0,1,3,0,2,0,0,0,0,0,5,5,1,0,0,0,0,0,0,0,1,1,0,0,0,0,0,0,6,2,5
51 - Κυκλάδων,39 E.T. Δήμου Θήρας,503,291,10,3,13,278,149,52,87,29,9,18,5,30,4,5,15,4,13,4,25,5,17,1,0,6,3,16,9,0,1,4,3,1,15,4,5,0,6,2,1,6,2,1,0,1,2,2,2,0,0,0,0,3,0,0,0,1,1,1,1,1,1,0,0,0,6,1,1,2,0,2,0,0,0,0,0,0,0,0,0,2,2,2,0,0,0,0,0,1,1,1,1,1,0,1,0,0,0,0,1,0,0,0,2,1,0,0,0,0,3,0,0,1,0,0,0,0,14,7,7
51 - Κυκλάδων,40 E.T. Δήμου Θήρας,518,334,6,2,8,326,181,102,109,22,8,33,8,34,8,5,23,6,8,1,30,7,20,1,1,13,1,12,5,2,1,1,2,1,18,6,7,1,1,0,1,6,3,1,0,1,2,1,1,1,1,0,0,0,0,0,0,0,0,1,1,3,1,0,1,1,8,1,2,1,3,0,0,0,1,0,0,0,0,0,0,0,0,0,5,0,0,0,0,6,2,6,3,2,0,1,1,0,0,0,3,3,0,0,1,0,1,0,0,0,2,0,0,2,0,0,0,0,10,6,6
51 - Κυκλάδων,41 E.T. Δήμου Θήρας,652,419,4,1,5,414,274,101,230,41,7,17,1,28,6,2,16,0,10,4,24,7,9,3,2,9,7,15,9,1,1,1,6,4,32,16,9,3,5,3,3,3,2,2,0,0,0,2,2,1,1,0,0,0,0,0,0,0,0,2,0,4,1,2,1,1,11,6,5,1,2,1,0,0,1,1,0,0,0,0,0,0,0,0,0,0,0,0,0,0,0,0,3,0,2,1,1,0,1,0,2,2,1,1,0,0,0,0,0,0,2,0,0,0,1,0,1,0,6,3,1
51 - Κυκλάδων,42 E.T. Δήμου Θήρας,408,283,2,0,2,281,180,90,101,57,32,48,6,22,2,6,20,1,6,4,19,4,14,1,0,6,5,11,7,2,1,2,1,1,16,10,7,1,0,2,3,6,3,0,2,0,1,3,3,1,1,0,0,1,1,0,0,0,0,1,1,2,1,1,1,0,3,1,0,0,2,1,1,1,0,0,0,0,0,0,0,1,1,1,3,0,0,0,1,1,0,1,0,0,0,0,0,0,0,0,2,2,1,1,1,0,1,0,0,1,1,1,0,0,1,0,0,0,4,3,1
51 - Κυκλάδων,43 E.T. Δήμου Θήρας,413,249,5,1,6,243,142,61,84,39,15,29,3,34,9,6,16,6,8,4,23,5,10,3,0,8,6,12,11,2,2,2,1,1,5,3,1,0,1,1,0,4,2,1,1,0,0,3,1,0,0,0,0,3,0,0,0,1,1,0,0,0,0,0,0,0,2,1,1,1,0,1,1,1,0,0,0,0,0,0,0,1,0,1,1,0,1,0,0,1,0,0,1,0,0,0,0,0,0,0,1,1,0,0,2,1,0,0,2,1,1,1,0,1,1,0,0,0,5,2,2
51 - Κυκλάδων,44 E.T. Δήμου Θήρας,490,344,11,2,13,331,200,100,102,73,17,26,5,41,7,7,21,4,10,6,27,14,5,2,1,5,4,8,6,1,1,3,0,0,22,8,3,0,7,7,1,7,2,2,0,0,0,2,2,0,0,0,0,0,0,0,0,0,0,1,1,2,1,0,0,1,4,0,3,0,1,2,0,0,1,1,1,0,0,0,0,1,1,1,1,1,0,1,0,1,0,0,2,1,0,1,1,1,1,0,1,1,1,1,0,0,0,0,0,0,2,0,0,2,1,1,0,0,5,4,4
51 - Κυκλάδων,45 E.T. Δήμου Θήρας,479,323,8,1,9,314,174,70,107,70,12,19,5,45,2,7,23,12,7,8,21,7,7,3,1,6,4,16,11,2,2,4,0,2,13,6,3,1,0,1,1,9,3,2,3,0,2,3,2,1,1,0,0,0,0,0,0,0,0,3,2,0,0,0,0,0,6,0,1,2,2,1,0,0,0,0,0,0,0,1,0,1,1,1,1,0,1,0,1,1,1,1,0,0,0,0,0,0,1,0,4,4,2,1,0,0,0,0,0,0,4,0,2,3,1,0,0,0,7,4,5
51 - Κυκλάδων,46 E.T. Δήμου Θήρας,454,297,8,3,11,286,183,84,121,53,31,24,7,29,4,3,14,8,9,7,17,2,6,2,0,4,2,10,6,1,0,0,0,0,9,3,3,1,1,0,2,5,2,2,0,1,1,2,1,1,0,0,0,0,0,0,0,0,0,0,0,0,0,0,0,0,6,1,3,3,1,2,0,0,0,0,0,0,0,1,0,1,1,0,2,1,2,1,0,0,0,0,2,0,2,0,1,0,1,0,3,3,2,2,0,0,0,0,0,0,1,0,1,0,3,2,3,0,5,1,1
51 - Κυκλάδων,47 E.T. Δήμου Θήρας,447,297,8,1,9,288,172,77,106,49,17,29,7,38,5,6,28,5,8,3,20,6,5,3,3,5,7,7,6,0,0,0,0,1,13,5,4,1,1,2,2,7,0,0,1,0,2,4,2,0,0,0,0,1,1,0,0,0,1,0,0,1,1,0,1,0,8,3,0,0,1,2,2,1,0,0,0,0,0,0,0,0,0,0,0,0,0,0,0,3,2,3,2,0,1,0,0,0,1,1,1,1,1,0,0,0,0,0,0,0,2,0,0,0,0,0,0,0,5,5,5
51 - Κυκλάδων,48 E.T. Δήμου Θήρας,375,277,3,1,4,273,158,76,109,25,14,20,1,17,1,5,9,0,6,2,48,4,42,3,0,5,6,5,5,0,0,1,1,0,11,3,3,1,1,3,4,4,1,1,0,1,0,9,9,0,0,0,0,0,0,0,0,0,0,5,1,0,0,0,0,0,2,1,1,1,1,0,0,0,0,0,0,0,0,0,0,0,0,0,0,0,0,0,0,1,1,1,2,1,0,0,1,0,0,0,2,1,0,0,0,0,0,0,0,0,2,1,1,0,1,1,1,1,5,1,2
51 - Κυκλάδων,49 E.T. Δήμου Θήρας,346,219,2,1,3,216,108,42,75,16,14,23,1,24,5,0,15,1,10,5,37,0,35,0,0,5,6,3,3,0,0,0,1,1,10,2,4,0,0,1,1,4,0,0,1,1,0,3,3,0,0,0,0,0,0,0,0,0,0,2,0,1,0,0,0,0,10,2,5,2,5,2,0,0,0,0,0,0,0,1,0,0,0,0,0,0,0,0,0,2,2,2,1,1,0,0,0,1,0,0,2,1,0,0,1,0,1,0,0,0,0,0,0,0,1,0,1,0,5,4,2
51 - Κυκλάδων,50 E.T. Δήμου Θήρας,548,351,14,1,15,336,122,52,84,25,8,14,4,87,8,8,81,3,16,3,21,3,13,3,0,2,3,38,31,12,3,11,4,1,14,5,6,1,1,4,2,7,5,1,3,0,1,3,2,0,0,0,0,1,0,1,0,0,1,3,1,1,0,1,0,0,7,1,0,1,0,0,0,0,2,2,0,0,0,1,0,0,0,0,1,1,0,0,1,3,0,1,8,2,4,0,2,3,0,0,2,1,2,1,0,0,0,0,0,0,4,2,0,1,0,0,2,1,7,5,3
51 - Κυκλάδων,51 E.T. Δήμου Θήρας,529,317,8,1,9,308,139,48,91,31,3,20,7,72,7,6,56,5,15,5,9,3,0,6,1,1,3,31,25,9,0,7,2,2,13,5,2,1,3,5,2,4,1,2,2,1,1,4,3,1,0,0,0,1,0,0,0,0,0,1,1,0,0,0,0,0,4,0,0,2,2,1,1,0,2,2,0,0,0,0,0,0,0,0,0,0,0,0,0,2,0,2,6,3,2,1,0,1,1,0,0,0,0,0,2,0,1,0,0,0,0,0,0,0,0,0,4,4,11,7,7
51 - Κυκλάδων,52 E.T. Δήμου Θήρας,534,316,14,0,14,302,132,50,87,27,7,22,4,60,5,3,48,2,16,4,20,3,5,1,0,2,6,28,23,9,2,7,2,3,10,3,2,0,1,2,2,8,5,4,1,0,1,5,2,0,0,0,0,1,0,0,0,0,0,0,0,0,0,0,0,0,5,0,1,1,1,1,1,0,4,4,1,0,0,1,0,1,0,0,1,1,1,0,0,0,0,0,5,1,3,1,2,2,0,0,0,0,1,1,2,0,0,0,2,0,3,1,2,1,0,0,0,0,14,8,8
51 - Κυκλάδων,53 E.T. Δήμου Θήρας,379,212,6,2,8,204,87,37,53,20,3,21,4,26,5,2,20,1,6,5,33,13,12,6,1,11,8,9,7,2,0,3,0,0,4,0,2,0,0,0,1,5,1,2,1,0,1,0,0,0,0,0,0,1,0,0,0,0,0,0,0,1,0,0,0,0,3,0,0,1,0,1,1,0,0,0,0,0,0,1,0,1,0,0,2,1,0,0,1,10,6,10,1,0,0,0,0,0,0,0,3,3,1,1,2,0,0,0,0,0,3,1,1,1,0,0,2,2,8,4,3
51 - Κυκλάδων,54 E.T. Δήμου Θήρας,453,285,5,1,6,279,150,56,90,23,18,48,3,29,3,4,13,2,10,1,16,2,3,4,0,7,5,18,9,1,0,3,1,2,22,7,3,1,1,0,2,6,4,2,1,4,0,2,2,0,0,0,0,2,1,0,0,1,0,0,0,2,2,0,1,0,17,3,2,1,4,2,0,0,0,0,0,0,0,0,0,0,0,0,2,0,0,2,0,1,0,0,2,0,0,0,0,0,0,0,0,0,1,0,0,0,0,0,0,0,1,0,0,0,1,1,0,0,7,4,3
51 - Κυκλάδων,55 E.T. Δήμου Θήρας,468,298,6,3,9,289,169,77,110,34,20,28,4,20,6,3,15,0,7,1,29,8,7,8,3,7,9,7,6,1,0,1,0,0,14,9,2,3,1,3,1,9,4,3,1,0,2,2,1,0,0,0,0,1,0,0,0,0,0,3,3,2,1,2,0,1,17,7,6,2,7,3,0,0,1,0,0,0,0,0,0,1,0,0,0,0,0,0,0,0,0,0,4,0,1,0,0,1,1,1,0,0,0,0,0,0,0,0,0,0,3,2,1,2,0,0,1,0,5,1,2
51 - Κυκλάδων,56 E.T. Δήμου Θήρας,575,372,4,4,8,364,214,75,134,61,17,60,3,31,9,1,21,16,6,3,28,12,7,2,1,9,11,21,17,3,2,3,2,3,18,6,3,2,6,1,2,8,6,4,3,0,1,3,3,0,0,0,0,1,1,0,0,0,1,0,0,0,0,0,0,0,6,2,1,0,3,0,0,0,1,1,0,0,0,0,0,1,1,1,2,2,0,1,0,2,0,2,1,0,0,0,0,0,0,0,3,3,0,0,1,1,1,0,0,0,1,1,0,1,3,2,0,0,19,11,8
51 - Κυκλάδων,57 E.T. Δήμου Θήρας,549,355,11,3,14,341,218,75,134,42,9,70,7,21,3,1,13,0,6,0,14,2,1,0,0,6,1,26,20,1,6,5,4,2,14,4,2,1,0,5,1,4,2,1,0,1,2,3,2,0,0,0,0,1,0,1,0,0,1,3,3,1,0,0,0,0,6,3,1,1,4,2,0,0,1,0,1,0,0,0,0,0,0,0,1,0,1,0,1,3,0,1,3,2,0,0,0,0,0,0,6,5,0,0,1,0,0,1,0,0,3,1,1,1,2,2,1,1,9,8,6
51 - Κυκλάδων,58 E.T. Δήμου Θήρας,451,320,9,5,14,306,178,74,118,44,9,33,3,31,6,3,15,9,7,7,39,12,16,4,2,10,8,13,11,2,1,3,1,0,14,3,7,6,3,3,3,2,1,0,0,0,0,2,1,1,1,0,0,2,0,0,1,1,0,2,2,1,1,1,0,0,4,2,0,2,1,1,1,1,1,1,1,0,0,0,0,0,0,0,0,0,0,0,0,0,0,0,0,0,0,0,0,0,0,0,6,5,1,0,0,0,0,0,0,0,3,2,1,1,0,0,1,0,4,2,2
51 - Κυκλάδων,59 E.T. Δήμου Θήρας,444,322,9,2,11,311,186,67,125,82,17,19,4,29,0,1,17,6,12,5,17,6,5,1,0,7,3,19,17,1,0,9,3,1,17,8,7,2,4,3,1,1,0,0,0,0,0,5,3,0,0,0,0,1,1,0,0,0,0,1,0,0,0,0,0,0,6,0,0,0,0,0,0,0,1,0,0,0,0,0,0,0,0,0,3,1,1,1,0,1,1,1,5,4,0,1,3,1,1,1,1,1,1,1,1,0,0,0,0,1,1,1,0,1,0,0,1,0,13,12,6
51 - Κυκλάδων,60 E.T. Δήμου Θήρας,437,349,9,2,11,338,181,91,113,55,9,33,2,36,5,6,18,6,15,2,35,8,11,5,2,8,15,18,17,2,2,4,1,2,23,6,10,5,3,5,5,0,0,0,0,0,0,4,3,0,0,0,0,1,0,0,0,0,0,4,1,2,0,0,1,1,8,1,1,1,6,4,0,0,0,0,0,0,0,0,0,0,0,0,1,1,0,0,1,4,2,3,1,0,1,0,0,0,0,0,4,3,0,0,1,0,0,0,0,0,2,2,0,2,0,0,1,0,12,7,7
51 - Κυκλάδων,61 E.T. Δήμου Θήρας,443,323,5,5,10,313,139,70,70,29,5,40,0,60,6,7,47,4,19,5,17,6,2,2,0,4,7,24,21,4,1,7,4,1,17,2,5,1,2,2,3,7,3,1,2,2,2,6,3,0,0,0,0,0,0,0,0,0,0,2,1,2,0,0,1,1,6,2,2,0,2,2,0,0,0,0,0,0,0,0,0,1,1,1,0,0,0,0,0,4,1,3,1,0,0,0,0,0,0,0,3,3,1,0,1,0,0,0,0,0,6,3,1,4,1,1,4,1,11,7,6
51 - Κυκλάδων,62 E.T. Δήμου Θήρας,454,288,11,2,13,275,118,51,77,31,6,18,1,32,8,7,19,1,12,5,22,5,4,2,0,8,6,24,21,6,1,8,0,0,16,7,7,2,0,7,1,4,3,1,1,0,0,8,6,1,1,1,0,3,1,0,1,0,2,1,0,4,2,2,0,1,13,6,5,0,2,3,0,0,1,1,0,1,0,1,0,0,0,0,1,1,1,0,0,3,3,3,2,1,1,1,1,0,0,0,5,5,0,0,3,2,0,1,1,0,3,1,0,3,1,1,0,0,7,5,3
51 - Κυκλάδων,63 E.T. Δήμου Θήρας,466,336,8,4,12,324,164,72,103,51,11,32,7,34,8,4,22,2,4,6,31,8,5,0,1,19,14,29,24,2,0,14,1,2,13,5,8,1,2,2,1,3,2,1,1,2,0,8,7,0,0,0,0,0,0,0,0,0,0,3,3,1,0,0,0,0,13,5,3,5,6,4,0,0,0,0,0,0,0,0,0,1,1,0,3,0,1,0,2,0,0,0,1,1,1,0,0,0,1,0,4,4,1,1,1,0,0,1,0,1,4,2,0,3,0,0,2,2,7,6,3
51 - Κυκλάδων,64 E.T. Δήμου Θήρας,418,239,3,3,6,233,141,45,105,29,4,19,1,27,4,8,16,1,7,3,23,0,4,9,0,5,11,11,10,0,0,0,3,0,4,1,3,0,0,0,0,7,4,1,1,1,1,0,0,0,0,1,0,0,0,0,0,0,0,2,1,0,0,0,0,0,4,2,1,1,0,0,0,0,0,0,0,0,0,0,0,0,0,0,0,0,0,0,0,0,0,0,2,0,1,0,0,0,0,0,0,0,0,0,0,0,0,0,0,0,3,0,1,2,0,0,0,0,8,3,3
51 - Κυκλάδων,65 E.T. Δήμου Θήρας,379,211,4,1,5,206,108,48,76,21,4,20,4,27,4,5,16,3,8,2,24,4,3,5,1,5,11,12,6,1,1,0,3,2,5,2,1,2,2,1,1,6,2,1,0,1,1,1,1,0,0,0,0,1,1,0,0,0,1,0,0,0,0,0,0,0,1,0,0,0,1,0,0,0,0,0,0,0,0,0,0,1,0,0,1,1,0,1,0,0,0,0,9,2,7,1,3,1,0,0,1,0,0,0,0,0,0,0,0,0,0,0,0,0,0,0,0,0,9,8,5
51 - Κυκλάδων,66 E.T. Δήμου Θήρας,347,162,8,1,9,153,82,29,53,15,8,12,12,24,5,3,15,4,11,4,13,4,1,2,2,4,8,7,5,1,0,0,4,0,8,2,4,2,0,1,1,4,3,1,0,0,0,0,0,1,0,0,0,1,0,0,0,0,0,0,0,0,0,0,0,0,2,2,0,0,2,0,0,0,0,0,0,0,0,0,0,0,0,0,0,0,0,0,0,0,0,0,2,1,1,0,0,0,0,0,2,1,1,0,1,1,0,0,0,1,2,2,0,1,1,1,0,0,2,0,0
51 - Κυκλάδων,67 E.T. Δήμου Θήρας,551,219,5,1,6,213,184,74,117,23,17,72,3,0,0,0,0,0,0,0,0,0,0,0,0,0,0,16,16,6,0,8,0,0,6,5,2,1,2,0,0,0,0,0,0,0,0,3,2,0,0,0,0,1,0,0,0,0,0,1,0,0,0,0,0,0,0,0,0,0,0,0,0,0,0,0,0,0,0,0,0,0,0,0,0,0,0,0,0,0,0,0,1,0,0,0,0,0,0,0,0,0,0,0,0,0,0,0,0,0,0,0,0,0,1,1,0,0,0,0,0
51 - Κυκλάδων,68 E.T. Δήμου Ιητών,451,208,8,0,8,200,120,85,28,44,4,32,4,15,2,5,4,4,7,0,18,10,7,4,1,5,3,11,5,4,0,1,2,1,4,2,1,1,0,1,0,4,2,4,1,1,0,4,3,0,0,1,1,3,0,1,0,0,3,0,0,4,2,1,1,0,5,0,0,0,4,0,0,0,0,0,0,0,0,0,0,1,1,1,1,0,1,1,0,0,0,0,0,0,0,0,0,0,0,0,1,0,3,1,0,0,0,0,0,0,2,0,0,2,0,0,0,0,3,1,2
51 - Κυκλάδων,69 E.T. Δήμου Ιητών,466,238,6,0,6,232,111,59,24,49,5,33,5,24,7,2,10,5,11,3,21,10,10,2,1,6,2,18,10,8,0,2,3,3,7,4,1,0,2,1,0,9,7,5,0,2,2,1,0,0,0,0,0,6,2,0,0,1,5,0,0,3,3,0,2,1,6,1,0,0,5,0,0,0,0,0,0,0,0,0,0,1,1,1,1,1,0,1,0,0,0,0,1,0,0,0,0,0,1,1,1,1,0,0,1,0,0,0,0,0,5,2,3,1,2,1,4,2,9,5,6
51 - Κυκλάδων,70 E.T. Δήμου Ιητών,466,232,7,1,8,224,110,68,15,49,6,33,8,30,12,3,9,6,10,9,22,10,5,8,2,8,3,11,5,6,0,0,4,2,15,4,2,3,1,1,3,9,3,2,1,2,1,0,0,0,0,0,0,7,1,1,1,0,6,1,1,1,1,0,0,1,1,0,0,0,0,1,1,0,1,1,1,0,0,1,1,3,2,2,1,1,0,0,0,1,0,0,2,2,1,1,0,0,0,0,2,2,0,0,0,0,0,0,0,0,3,1,3,2,0,0,0,0,2,2,2
51 - Κυκλάδων,71 E.T. Δήμου Ιητών,474,233,8,3,11,222,108,65,23,50,2,28,3,29,7,7,8,6,7,4,28,13,10,5,5,11,3,7,4,3,2,1,0,1,14,4,5,1,3,2,5,5,3,4,1,1,0,0,0,0,0,0,0,1,1,0,0,1,0,1,1,2,1,1,0,0,3,2,1,0,1,1,0,0,1,0,0,0,0,1,1,0,0,0,1,1,0,1,0,0,0,0,6,1,0,1,1,2,0,0,0,0,0,0,2,2,1,0,0,1,2,1,1,0,1,0,2,2,8,5,4
51 - Κυκλάδων,72 E.T. Δήμου Ιητών,453,209,4,3,7,202,103,62,21,56,3,28,5,25,4,9,8,4,11,1,18,8,7,7,0,5,4,14,5,6,1,1,2,1,7,4,5,1,0,0,1,9,3,1,0,2,1,0,0,0,0,0,0,1,0,0,0,0,1,2,1,1,0,0,0,0,4,0,1,1,4,0,0,0,0,0,0,0,0,0,0,1,1,0,1,1,1,0,0,0,0,0,2,2,0,0,0,2,0,0,3,3,1,1,1,0,0,0,0,0,2,2,0,1,0,0,0,0,7,4,3
51 - Κυκλάδων,73 E.T. Δήμου Σικίνου,411,176,3,2,5,171,93,65,18,45,5,12,2,26,5,11,5,9,11,4,25,5,15,14,3,4,3,11,3,4,1,4,3,1,4,0,1,1,0,0,0,1,1,1,0,0,0,0,0,0,0,0,0,1,0,0,0,0,0,1,0,0,0,0,0,0,1,1,0,0,0,0,0,0,0,0,0,0,0,0,0,0,0,0,0,0,0,0,0,0,0,0,1,0,0,0,0,0,0,0,1,0,0,0,0,0,0,0,0,0,1,1,1,0,0,0,0,0,5,5,5
51 - Κυκλάδων,74 E.T. Δήμου Φολεγάνδρου,506,278,4,2,6,272,125,50,38,49,14,17,7,62,7,17,36,2,19,8,21,8,6,2,3,8,3,16,4,3,1,4,6,5,12,4,9,0,0,1,1,2,1,0,0,0,1,5,4,0,0,0,0,0,0,0,0,0,0,2,2,0,0,0,0,0,2,1,0,1,1,0,0,0,0,0,0,0,0,1,0,1,0,0,0,0,0,0,0,1,0,0,16,1,11,0,2,15,0,0,0,0,0,0,0,0,0,0,0,0,1,0,0,0,1,1,0,0,4,2,2
51 - Κυκλάδων,75 E.T. Δήμου Φολεγάνδρου,263,168,5,3,8,160,99,56,14,64,10,10,8,18,0,5,7,5,1,4,19,3,11,3,0,6,3,7,2,3,0,0,1,3,3,1,2,0,1,0,0,6,3,0,1,2,1,1,0,0,0,0,0,0,0,0,0,0,0,0,0,0,0,0,0,0,0,0,0,0,0,0,0,0,0,0,0,0,0,0,0,0,0,0,0,0,0,0,0,0,0,0,2,0,0,0,0,2,0,0,0,0,1,1,0,0,0,0,0,0,1,0,0,0,0,0,0,0,3,2,1
51 - Κυκλάδων,76 E.T. Δήμου Κέας,507,314,7,2,9,305,169,114,23,70,7,59,7,39,22,4,7,3,18,10,42,14,14,4,2,12,3,16,6,3,0,1,2,2,6,2,1,0,0,0,0,11,6,1,1,0,0,1,1,0,0,0,0,0,0,0,0,0,0,1,0,1,0,0,1,1,1,0,1,0,1,0,0,0,0,0,0,0,0,1,1,0,0,0,3,1,1,0,2,0,0,0,0,0,0,0,0,0,0,0,3,3,2,1,1,1,0,0,1,0,0,0,0,0,0,0,0,0,8,4,4
51 - Κυκλάδων,77 E.T. Δήμου Κέας,506,307,5,4,9,298,154,91,20,61,10,56,5,55,23,11,7,5,26,13,25,6,7,4,2,11,2,14,2,2,1,5,7,5,9,2,3,1,3,2,2,8,4,3,1,0,3,0,0,0,0,0,0,1,0,0,0,0,0,4,3,1,0,1,0,0,3,0,2,1,2,1,2,1,0,0,0,2,1,0,0,0,0,0,1,0,1,0,1,1,1,1,0,0,0,0,0,0,0,0,1,0,0,0,1,0,0,0,0,0,3,3,0,2,0,0,0,0,13,9,6
51 - Κυκλάδων,78 E.T. Δήμου Κέας,504,293,10,3,13,280,156,86,20,77,10,43,14,32,10,7,5,3,11,4,34,9,10,10,1,18,1,8,2,0,0,1,5,2,15,9,4,2,6,0,3,5,4,2,2,1,1,3,2,0,0,0,0,1,0,0,0,0,0,2,2,1,0,0,1,1,7,2,2,1,1,0,0,0,0,0,0,0,0,1,0,0,0,0,1,1,1,0,0,2,1,0,1,0,1,1,0,0,0,0,0,0,0,0,0,0,0,0,0,0,4,2,1,2,0,0,0,0,7,3,5
51 - Κυκλάδων,79 E.T. Δήμου Κέας,389,250,8,1,9,241,116,62,15,38,5,39,5,41,14,14,4,3,16,11,27,5,10,6,1,9,2,8,1,0,1,0,2,3,16,6,4,1,0,1,3,6,5,3,1,1,1,0,0,1,0,0,0,0,0,0,0,0,0,1,1,2,1,0,1,0,6,5,1,1,4,1,0,0,0,0,0,0,0,0,0,0,0,0,1,0,0,0,0,1,0,1,0,0,0,0,0,0,0,0,2,1,4,4,0,0,0,0,0,0,2,0,1,2,1,0,0,0,6,3,2
51 - Κυκλάδων,80 E.T. Δήμου Κέας,374,239,7,0,7,232,98,48,13,37,8,36,6,46,16,9,6,8,23,8,35,8,9,15,1,7,22,13,2,1,3,1,2,4,2,2,0,0,1,0,0,7,1,0,1,0,0,2,2,1,1,0,0,0,0,0,0,0,0,0,0,1,0,0,0,0,1,1,0,0,1,0,1,0,0,0,0,0,0,0,0,0,0,0,3,0,0,1,1,0,0,0,1,0,0,0,1,1,0,0,1,0,0,0,0,0,0,0,0,0,2,2,1,1,0,0,0,0,18,11,9
51 - Κυκλάδων,81 E.T. Δήμου Κύθνου,517,269,6,2,8,261,132,97,7,41,9,46,20,61,56,9,3,12,7,2,27,9,3,11,1,12,1,7,1,1,2,3,0,0,11,3,2,1,1,1,0,4,0,2,1,0,1,1,1,0,0,0,0,1,1,1,0,0,0,2,2,0,0,0,0,0,1,1,0,0,0,1,0,0,0,0,0,0,0,0,0,0,0,0,1,0,0,0,0,1,1,1,3,0,0,1,1,1,1,1,1,1,0,0,0,0,0,0,0,0,1,0,0,1,1,1,1,1,4,2,4
51 - Κυκλάδων,82 E.T. Δήμου Κύθνου,509,295,3,2,5,290,154,120,13,42,6,13,24,69,65,2,1,15,7,7,21,3,8,12,0,2,3,11,3,2,3,3,0,1,13,9,4,2,3,2,1,2,0,0,2,1,1,1,1,0,0,0,0,1,0,1,0,0,0,0,0,1,0,1,0,0,2,2,1,0,0,0,0,0,0,0,0,0,0,0,0,0,0,0,3,1,0,3,0,1,0,0,3,0,0,1,0,0,0,0,2,2,0,0,0,0,0,0,0,0,2,0,1,2,1,0,0,0,3,3,3
51 - Κυκλάδων,83 E.T. Δήμου Κύθνου,460,276,6,2,8,268,170,116,11,73,7,43,20,31,26,7,1,4,3,2,31,7,9,1,1,13,2,4,0,1,1,0,1,2,5,1,4,0,1,0,1,3,1,1,1,1,0,5,5,0,0,0,0,2,0,0,0,0,0,3,3,0,0,0,0,0,0,0,0,0,0,0,1,1,0,0,0,0,0,0,0,0,0,0,2,1,1,0,0,0,0,0,1,1,0,0,0,1,0,0,2,0,0,0,0,0,0,0,0,0,3,3,3,0,2,1,1,0,2,1,1
51 - Κυκλάδων,84 E.T. Δήμου Κύθνου,425,241,1,1,2,239,140,108,13,52,6,29,13,39,33,11,1,4,10,2,20,5,8,10,0,4,6,3,0,0,1,1,2,0,16,5,5,2,1,2,2,7,6,2,1,1,0,1,0,0,0,0,0,2,1,1,0,0,1,0,0,1,1,0,0,1,1,0,0,1,1,0,0,0,0,0,0,3,2,0,0,0,0,0,0,0,0,0,0,1,0,1,0,0,0,0,0,0,0,0,0,0,1,1,0,0,0,0,0,0,0,0,0,0,2,2,0,0,2,1,0
51 - Κυκλάδων,85 E.T. Δήμου Κύθνου,423,260,2,2,4,256,131,87,13,54,4,21,13,62,48,9,2,13,9,5,28,6,11,4,2,13,2,3,1,1,1,1,0,1,3,0,1,0,1,0,2,3,2,1,1,0,0,4,3,1,1,0,0,0,0,0,0,0,0,5,3,1,1,1,0,0,2,0,1,1,0,2,0,0,0,0,0,0,0,0,0,0,0,0,1,0,0,0,1,0,0,0,0,0,0,0,0,0,0,0,2,1,0,0,0,0,0,0,0,0,3,0,0,1,0,0,1,1,6,2,3
51 - Κυκλάδων,86 E.T. Δήμου Κιμώλου,387,169,2,1,3,166,84,40,13,55,6,25,3,26,8,7,3,10,7,7,24,6,14,1,11,6,2,6,1,1,1,1,1,1,10,7,1,1,0,4,3,4,1,0,2,0,4,2,1,0,0,0,0,0,0,0,0,0,0,0,0,0,0,0,0,0,3,3,0,0,3,0,0,0,0,0,0,0,0,0,0,1,0,0,0,0,0,0,0,0,0,0,1,1,1,0,0,0,0,0,1,0,1,1,0,0,0,0,0,0,0,0,0,0,1,0,0,0,2,1,2
51 - Κυκλάδων,87 E.T. Δήμου Κιμώλου,362,178,2,3,5,173,93,58,13,55,0,21,1,40,6,3,1,21,24,2,17,3,7,4,6,4,1,4,0,0,0,0,1,2,9,5,3,2,1,2,2,2,0,0,2,0,0,2,2,0,0,0,0,0,0,0,0,0,0,0,0,0,0,0,0,0,1,1,0,0,1,0,0,0,0,0,0,1,0,0,0,0,0,0,0,0,0,0,0,0,0,0,0,0,0,0,0,0,2,0,0,0,0,0,0,0,0,0,0,0,0,0,0,0,0,0,0,0,2,1,1
51 - Κυκλάδων,88 E.T. Δήμου Κιμώλου,384,184,4,1,5,179,96,51,11,54,0,22,2,35,4,2,3,16,18,9,15,5,8,1,5,5,0,6,1,1,0,2,3,2,8,3,3,0,1,1,0,1,0,0,0,1,1,4,2,0,0,0,0,1,1,0,0,1,0,1,0,0,0,0,0,0,7,2,1,0,1,1,0,0,0,0,0,0,0,0,0,0,0,0,0,0,0,0,0,0,0,0,0,0,0,0,0,0,0,0,0,0,1,0,0,0,0,0,0,0,1,0,0,1,1,1,0,0,2,1,1
51 - Κυκλάδων,89 E.T. Δήμου Κιμώλου,312,129,3,1,4,125,60,32,10,32,2,19,2,22,8,2,6,7,9,4,17,2,10,3,4,4,2,5,1,2,1,0,1,1,4,1,3,0,1,0,0,1,0,0,0,0,0,3,2,1,1,0,0,0,0,0,0,0,0,0,0,0,0,0,0,0,4,3,0,2,2,1,0,0,0,0,0,0,0,1,1,0,0,0,0,0,0,0,0,0,0,0,0,0,0,0,0,0,1,0,0,0,1,0,0,0,0,0,0,0,0,0,0,0,0,0,0,0,5,2,4
51 - Κυκλάδων,90 E.T. Δήμου Μήλου,459,265,7,0,7,258,152,95,18,61,6,25,5,28,3,5,4,2,24,2,17,6,6,7,0,5,2,12,2,3,5,3,1,1,12,9,7,1,0,0,1,14,2,2,13,0,0,1,0,0,0,0,0,0,0,0,0,0,0,1,1,0,0,0,0,0,6,0,1,0,1,1,0,0,0,0,0,0,0,0,0,0,0,0,0,0,0,0,0,1,1,0,2,1,0,2,0,1,0,0,0,0,0,0,2,1,2,1,0,0,1,1,0,0,1,1,0,0,8,5,6
51 - Κυκλάδων,91 E.T. Δήμου Μήλου,472,242,1,2,3,239,125,77,17,56,11,29,11,31,4,3,8,1,26,4,36,17,8,5,3,14,13,9,2,1,2,4,4,0,3,2,1,0,0,0,0,12,1,1,9,3,0,2,2,0,0,0,0,1,1,0,0,0,1,1,1,2,1,0,0,0,3,1,0,0,1,3,0,0,0,0,0,0,0,0,0,0,0,0,0,0,0,0,0,2,2,2,0,0,0,0,0,0,0,0,0,0,1,1,1,0,0,0,0,0,3,1,0,0,0,0,0,0,7,3,3
51 - Κυκλάδων,92 E.T. Δήμου Μήλου,475,278,1,0,1,277,133,84,7,52,5,35,3,44,11,8,5,5,27,4,24,5,5,2,4,7,8,14,3,2,4,4,4,6,9,5,3,2,1,2,1,14,0,0,11,0,0,5,5,1,1,0,0,1,1,0,0,1,0,0,0,3,1,1,1,0,5,1,2,0,1,0,3,1,0,0,0,0,0,0,0,2,1,2,0,0,0,0,0,1,1,1,2,2,1,0,1,0,1,0,0,0,1,1,0,0,0,0,0,0,3,0,0,1,0,0,0,0,11,8,7
51 - Κυκλάδων,93 E.T. Δήμου Μήλου,528,267,8,4,12,255,86,50,8,40,3,18,4,43,5,2,8,7,24,6,37,13,15,2,1,12,9,12,1,2,3,1,1,3,5,2,3,0,2,0,0,34,5,1,33,1,0,1,1,0,0,0,0,2,0,0,0,0,0,2,0,3,1,1,0,0,1,0,0,1,1,0,1,0,0,0,0,0,0,0,0,0,0,0,2,1,1,1,0,2,2,0,3,0,0,0,0,2,0,0,3,2,1,1,2,1,2,1,0,0,3,1,0,1,0,0,0,0,12,10,7
51 - Κυκλάδων,94 E.T. Δήμου Μήλου,568,286,5,2,7,279,101,62,4,50,5,22,7,49,5,5,10,6,32,6,25,6,5,2,1,3,11,18,1,5,3,2,4,6,16,6,2,0,0,3,2,34,3,1,30,0,3,5,2,1,0,0,0,1,0,0,0,0,0,0,0,4,1,0,0,0,4,0,1,0,1,1,1,0,0,0,0,0,0,1,0,0,0,0,3,0,1,0,2,2,0,0,1,0,0,0,1,1,1,0,0,0,0,0,2,0,0,0,0,0,3,1,0,2,0,0,0,0,7,5,4
51 - Κυκλάδων,95 E.T. Δήμου Μήλου,467,244,4,3,7,237,107,68,9,51,3,17,3,32,6,10,4,1,25,2,25,5,8,1,3,8,6,7,1,0,1,1,3,2,13,3,3,0,1,2,2,24,2,2,20,1,1,4,2,0,0,0,0,1,0,0,0,0,0,0,0,1,0,1,0,0,2,1,0,0,1,0,2,1,1,0,0,0,0,0,0,2,1,0,3,0,0,0,0,4,3,1,1,0,1,0,0,0,0,0,1,0,2,1,1,0,0,0,1,0,2,0,0,0,0,0,0,0,2,1,1
51 - Κυκλάδων,96 E.T. Δήμου Μήλου,442,232,5,4,9,223,98,52,9,44,3,32,8,19,5,2,2,1,13,1,21,4,5,2,1,3,9,19,4,5,2,3,5,2,12,7,3,1,1,2,2,21,3,1,19,1,0,4,4,2,2,0,0,5,4,2,1,0,0,2,2,2,1,1,0,1,1,1,0,1,0,0,0,0,0,0,0,0,0,0,0,1,1,1,0,0,0,0,0,1,1,0,1,0,0,0,0,0,0,0,0,0,2,2,1,1,1,0,0,0,2,2,0,2,0,0,0,0,9,5,7
51 - Κυκλάδων,97 E.T. Δήμου Μήλου,394,215,6,2,8,207,85,56,8,46,6,21,2,31,7,4,4,2,18,7,18,9,5,2,1,7,4,9,5,3,1,0,2,1,10,5,4,1,1,2,2,29,2,0,28,3,0,2,2,0,0,0,0,0,0,0,0,0,0,0,0,0,0,0,0,0,3,1,1,1,1,0,0,0,0,0,0,1,1,1,1,0,0,0,0,0,0,0,0,8,8,4,0,0,0,0,0,0,0,0,1,0,0,0,2,0,2,1,0,1,2,1,1,0,0,0,0,0,5,2,3
51 - Κυκλάδων,98 E.T. Δήμου Μήλου,402,240,9,1,10,230,126,86,12,68,5,22,2,21,2,8,4,3,13,6,30,10,6,1,2,9,15,14,5,1,4,2,1,0,7,5,4,2,0,1,0,16,2,3,16,0,2,2,1,1,1,1,0,1,1,0,0,0,0,0,0,0,0,0,0,0,3,2,1,0,1,0,0,0,0,0,0,0,0,0,0,0,0,0,0,0,0,0,0,1,0,1,0,0,0,0,0,0,0,0,1,1,0,0,1,1,0,0,1,0,1,0,0,0,0,0,0,0,4,2,2
51 - Κυκλάδων,99 E.T. Δήμου Μήλου,382,221,3,1,4,217,92,55,8,39,6,34,2,30,5,8,4,1,20,6,23,10,8,2,1,9,5,19,6,4,3,1,6,8,11,2,3,2,1,2,1,16,2,1,16,0,0,2,2,0,0,0,0,1,0,0,0,0,0,0,0,3,0,2,1,1,4,2,0,0,2,0,0,0,0,0,0,0,0,0,0,0,0,0,1,1,0,0,1,3,3,3,1,0,0,0,0,1,0,0,0,0,0,0,1,0,1,1,0,0,1,1,0,1,0,0,0,0,9,7,6
51 - Κυκλάδων,100 E.T. Δήμου Μήλου,417,205,8,1,9,196,89,51,10,44,6,25,2,26,4,4,4,0,15,3,20,8,6,4,4,3,3,16,6,1,3,0,4,6,7,3,2,0,1,1,2,17,0,0,17,0,1,4,3,0,0,0,0,1,1,0,0,0,0,0,0,2,2,1,1,0,1,1,0,0,0,1,0,0,0,0,0,0,0,0,0,0,0,0,0,0,0,0,0,0,0,0,2,1,0,0,2,0,0,0,1,0,1,1,1,0,1,1,0,0,1,1,0,1,0,0,0,0,7,3,2
51 - Κυκλάδων,101 E.T. Δήμου Μήλου,382,194,4,1,5,189,104,55,8,46,2,27,7,30,6,7,4,1,18,1,11,3,1,1,0,3,3,14,2,0,2,1,1,3,6,3,0,0,0,0,4,10,0,0,10,0,0,3,2,0,0,0,0,0,0,0,0,0,0,1,1,1,0,0,0,0,2,0,0,0,0,1,0,0,0,0,0,0,0,1,0,0,0,0,0,0,0,0,0,1,1,0,0,0,0,0,0,0,0,0,0,0,1,1,0,0,0,0,0,0,1,0,0,0,0,0,0,0,3,1,1
51 - Κυκλάδων,102 E.T. Δήμου Σερίφου,468,263,2,1,3,260,147,103,10,56,2,34,7,34,12,5,1,3,21,8,37,29,15,4,3,5,3,11,0,2,3,2,2,2,7,3,3,1,1,1,1,1,0,0,0,0,0,0,0,0,0,0,0,1,1,0,0,1,0,2,2,0,0,0,0,0,5,4,1,0,1,1,0,0,0,0,0,0,0,0,0,0,0,0,2,0,1,1,1,0,0,0,2,1,1,0,0,0,0,0,1,1,1,0,0,0,0,0,0,0,4,2,1,3,0,0,2,1,3,3,3
51 - Κυκλάδων,103 E.T. Δήμου Σερίφου,500,244,2,1,3,241,101,59,11,61,4,19,4,30,8,5,3,7,15,10,57,43,18,11,3,7,4,17,2,2,6,5,5,4,7,3,4,0,0,2,3,8,4,2,0,2,2,1,1,0,0,0,0,1,1,0,0,0,0,0,0,1,0,0,0,0,5,1,0,0,2,1,0,0,0,0,0,0,0,0,0,1,1,1,0,0,0,0,0,0,0,0,4,2,1,0,0,1,0,0,1,1,2,2,2,1,1,0,0,0,1,0,0,0,0,0,2,1,0,0,0
51 - Κυκλάδων,104 E.T. Δήμου Σερίφου,487,253,6,0,6,247,99,64,11,51,4,13,7,39,16,4,3,11,24,6,54,44,22,2,3,7,3,16,2,4,6,3,0,0,4,3,2,0,1,1,1,6,6,3,1,0,0,1,0,1,0,0,0,2,0,0,0,0,1,1,1,2,1,0,0,1,6,3,1,1,3,2,0,0,0,0,0,0,0,0,0,0,0,0,1,1,1,0,0,0,0,0,1,0,1,1,0,0,0,0,0,0,1,0,0,0,0,0,0,0,3,1,1,1,0,0,4,3,6,3,4
51 - Κυκλάδων,105 E.T. Δήμου Σερίφου,473,255,2,1,3,252,117,58,22,65,1,39,2,43,13,8,7,7,9,12,45,36,18,5,4,7,2,17,1,3,4,3,5,3,3,0,0,0,1,2,0,4,2,0,2,1,0,0,0,0,0,0,0,1,0,0,1,1,0,1,1,2,1,0,0,0,5,4,0,1,2,0,0,0,0,0,0,0,0,0,0,0,0,0,0,0,0,0,0,0,0,0,2,0,0,1,0,1,0,0,1,1,1,0,2,0,1,0,2,0,3,1,1,1,1,1,1,1,3,2,3
51 - Κυκλάδων,106 E.T. Δήμου Σίφνου,483,259,9,2,11,248,104,75,15,42,4,27,6,38,9,6,7,7,26,7,35,18,9,7,4,12,4,6,0,2,0,0,1,3,16,2,0,0,1,1,16,12,6,3,3,3,1,3,3,0,0,0,0,1,0,0,0,0,0,1,1,3,1,0,0,0,3,1,1,2,1,1,1,0,0,0,0,0,0,0,0,0,0,0,1,0,0,0,0,0,0,0,5,1,0,0,1,2,1,0,4,3,1,1,0,0,0,0,0,0,0,0,0,0,3,2,0,0,10,7,8
51 - Κυκλάδων,107 E.T. Δήμου Σίφνου,489,300,2,3,5,295,140,76,13,52,4,50,4,37,6,3,7,9,19,10,30,14,8,8,1,6,6,16,1,3,2,2,3,4,18,3,1,0,1,0,15,12,3,3,3,2,1,5,4,0,0,0,0,1,0,0,0,0,0,2,1,2,0,0,0,0,7,1,0,1,2,2,0,0,0,0,0,0,0,0,0,0,0,0,4,1,0,1,0,1,1,1,2,0,0,0,0,0,0,0,2,1,2,2,1,0,0,1,0,0,3,0,0,2,0,0,1,0,9,8,6
51 - Κυκλάδων,108 E.T. Δήμου Σίφνου,490,280,4,3,7,273,126,79,12,55,6,41,8,37,7,7,6,4,14,7,22,4,3,5,1,7,7,13,5,2,1,5,5,2,18,3,5,0,0,1,16,13,7,2,2,3,2,3,2,0,0,0,0,1,1,0,1,0,0,1,0,2,1,1,2,0,2,1,0,0,1,0,0,0,0,0,0,0,0,0,0,0,0,0,3,1,1,1,0,0,0,0,7,3,2,1,0,2,0,0,4,2,0,0,1,1,1,0,0,0,2,2,0,2,0,0,2,1,16,8,10
51 - Κυκλάδων,109 E.T. Δήμου Σίφνου,517,280,4,3,7,273,128,88,8,54,6,40,6,25,6,3,7,6,7,6,37,15,5,9,0,12,6,10,0,1,2,0,4,3,21,5,3,0,0,0,15,15,11,7,2,7,3,1,1,0,0,0,0,0,0,0,0,0,0,4,3,4,3,2,1,0,3,3,0,1,2,0,0,0,0,0,0,0,0,0,0,0,0,0,0,0,0,0,0,0,0,0,3,1,1,0,1,0,0,0,2,1,2,2,2,1,0,2,0,0,1,1,0,1,1,1,1,1,13,6,9
51 - Κυκλάδων,110 E.T. Δήμου Σίφνου,426,247,10,2,12,235,117,86,11,56,4,28,4,24,4,3,7,4,14,2,24,7,12,5,0,16,2,9,2,2,0,2,4,4,18,1,2,1,1,1,14,9,6,2,2,2,4,5,5,0,0,0,0,0,0,0,0,0,0,0,0,6,5,0,3,3,7,3,2,2,2,1,2,2,0,0,0,0,0,0,0,1,1,0,2,1,2,0,1,0,0,0,0,0,0,0,0,0,0,0,1,1,2,0,0,0,0,0,0,0,2,1,2,1,0,0,2,2,4,2,0
51 - Κυκλάδων,111 E.T. Δήμου Σίφνου,431,248,7,3,10,238,114,75,5,63,8,27,3,31,7,7,5,9,15,9,35,14,12,8,1,7,6,11,1,1,3,1,5,3,11,3,2,2,0,1,6,8,4,1,0,0,4,1,1,0,0,0,0,1,0,0,0,0,0,0,0,1,1,1,0,0,7,1,2,1,1,1,0,0,0,0,0,0,0,0,0,0,0,0,3,2,2,1,1,0,0,0,5,0,2,0,2,2,0,0,0,0,2,2,1,1,0,1,0,0,2,0,0,0,0,0,1,0,4,2,3
51 - Κυκλάδων,112 E.T. Δήμου Σίφνου,410,244,3,2,5,239,135,102,11,72,0,40,3,31,9,6,7,8,19,9,38,14,19,1,1,16,6,6,2,0,0,2,1,1,10,0,1,0,0,1,9,4,1,2,0,3,2,3,3,0,0,0,0,0,0,0,0,0,0,0,0,1,0,0,0,0,1,0,1,0,0,0,0,0,0,0,0,0,0,0,0,0,0,0,1,0,1,0,0,1,1,0,1,1,0,0,0,1,1,1,1,1,0,0,0,0,0,0,0,0,0,0,0,0,0,0,0,0,5,3,0
51 - Κυκλάδων,113 E.T. Δήμου Μυκόνου,501,341,6,4,10,331,192,64,2,156,5,2,6,42,6,4,6,7,20,16,29,10,2,4,1,13,3,13,1,1,1,1,3,4,9,4,3,0,2,0,2,7,3,0,4,1,2,1,1,0,0,0,0,0,0,0,0,0,0,0,0,2,0,1,0,0,16,0,4,0,10,2,0,0,0,0,0,0,0,1,1,1,1,0,0,0,0,0,0,0,0,0,1,0,0,0,0,0,0,0,2,2,0,0,1,0,1,1,0,0,7,3,0,2,0,0,0,0,7,3,6
51 - Κυκλάδων,114 E.T. Δήμου Μυκόνου,469,322,10,4,14,308,141,57,2,105,5,13,3,30,8,3,8,2,11,13,40,14,2,6,7,20,0,23,2,9,8,3,11,4,12,8,4,0,3,2,0,10,6,1,4,2,0,5,4,0,0,0,0,1,0,0,0,0,0,7,3,9,1,3,2,2,1,0,1,0,0,0,0,0,0,0,0,0,0,0,0,0,0,0,3,0,2,2,0,0,0,0,4,1,1,2,2,1,0,0,0,0,1,1,1,0,0,1,0,0,5,2,1,2,1,0,0,0,14,9,7
51 - Κυκλάδων,115 E.T. Δήμου Μυκόνου,449,346,3,2,5,341,204,83,5,162,8,26,13,40,19,15,3,1,9,17,21,9,3,3,3,9,4,15,4,4,1,0,4,6,14,6,5,1,2,2,1,2,0,0,2,0,1,2,2,1,1,0,0,1,0,0,0,0,0,1,0,2,1,0,2,1,17,3,6,1,12,1,1,1,0,0,0,0,0,0,0,6,4,2,0,0,0,0,0,0,0,0,3,1,2,0,0,0,0,0,2,2,0,0,2,1,0,0,0,0,0,0,0,0,0,0,0,0,7,3,2
51 - Κυκλάδων,116 E.T. Δήμου Μυκόνου,461,288,12,1,13,275,161,55,7,128,7,27,9,29,10,3,3,7,7,19,21,8,3,3,1,8,5,12,2,2,1,0,6,3,10,4,2,0,2,2,3,9,6,1,5,0,0,1,1,0,0,0,0,1,1,0,0,0,0,1,1,0,0,0,0,0,5,0,0,1,5,2,0,0,0,0,0,0,0,0,0,2,0,1,3,1,0,1,1,2,2,2,2,0,0,0,0,0,0,0,1,0,0,0,1,0,1,0,0,0,2,2,0,2,0,0,0,0,12,9,10
51 - Κυκλάδων,117 E.T. Δήμου Μυκόνου,467,360,9,3,12,348,184,62,9,147,7,45,8,42,9,9,11,7,15,15,24,13,1,5,4,12,3,16,1,3,3,3,7,5,14,7,4,3,0,4,2,14,5,1,7,3,2,5,5,0,0,0,0,0,0,0,0,0,0,2,1,2,0,0,1,1,2,0,0,1,1,0,0,0,0,0,0,0,0,0,0,4,2,2,1,0,1,0,1,1,1,1,6,0,4,2,1,0,0,0,4,4,1,1,0,0,0,0,0,0,4,4,2,2,3,3,0,0,19,12,10
51 - Κυκλάδων,118 E.T. Δήμου Μυκόνου,524,305,11,3,14,291,171,80,5,132,11,30,9,33,16,7,5,2,7,15,17,5,3,1,2,8,3,14,4,5,2,4,6,6,22,8,10,2,5,5,7,3,2,1,1,0,0,6,6,0,0,0,0,0,0,0,0,0,0,2,2,1,1,0,1,0,3,0,1,0,0,0,0,0,0,0,0,0,0,0,0,1,1,0,0,0,0,0,0,0,0,0,1,0,0,1,0,0,0,0,3,3,1,1,2,0,2,0,2,0,3,1,1,3,1,1,0,0,7,2,3
51 - Κυκλάδων,119 E.T. Δήμου Μυκόνου,461,325,5,6,11,314,202,74,5,165,9,30,11,25,11,2,3,4,6,6,28,18,4,9,0,13,7,4,0,3,1,0,3,0,7,5,4,0,2,0,2,7,1,1,4,0,1,6,5,1,0,0,0,0,0,0,0,0,0,1,1,1,1,1,0,0,4,0,1,2,3,0,0,0,1,0,0,0,0,0,0,0,0,0,6,1,3,3,1,1,1,1,3,0,1,0,2,0,0,0,1,0,2,0,1,0,0,0,1,0,4,0,0,1,0,0,0,0,9,5,5
51 - Κυκλάδων,120 E.T. Δήμου Μυκόνου,493,334,15,1,16,318,196,69,3,146,7,25,7,27,6,7,5,5,9,12,24,5,2,3,1,9,3,10,1,0,1,3,3,0,10,3,5,0,0,1,2,4,3,0,2,0,1,3,3,1,1,0,0,0,0,0,0,0,0,1,1,1,0,0,1,1,10,2,2,0,6,1,1,1,0,0,0,0,0,1,0,0,0,0,2,1,1,1,1,1,0,0,2,0,0,0,0,0,1,0,2,1,4,1,0,0,0,0,0,0,5,2,0,0,0,0,1,0,11,3,7
51 - Κυκλάδων,121 E.T. Δήμου Μυκόνου,463,252,9,2,11,241,124,42,3,81,10,7,6,39,10,8,2,8,14,16,19,7,1,6,0,8,1,4,0,1,0,2,2,2,7,1,3,1,0,1,3,10,6,2,1,1,2,1,1,1,0,0,0,0,0,0,0,0,0,1,1,2,1,1,0,1,5,2,1,1,2,0,0,0,1,1,1,0,0,0,0,0,0,0,2,0,2,0,1,1,1,1,3,2,2,0,1,0,0,0,1,1,3,3,3,2,0,0,0,1,5,2,1,3,0,0,1,0,8,7,6
51 - Κυκλάδων,122 E.T. Δήμου Μυκόνου,461,267,9,0,9,258,142,57,4,106,10,20,9,43,19,12,4,5,7,20,23,8,8,2,3,5,1,13,2,1,2,0,6,7,14,4,9,0,4,0,4,2,1,1,0,1,1,4,3,0,0,0,0,1,1,0,0,0,1,0,0,2,0,1,0,0,3,1,1,0,3,1,1,1,0,0,0,0,0,0,0,1,1,1,0,0,0,0,0,0,0,0,2,2,2,0,0,0,0,0,0,0,1,1,2,1,0,0,2,0,1,1,0,0,0,0,0,0,3,2,2
51 - Κυκλάδων,123 E.T. Δήμου Μυκόνου,478,308,4,2,6,302,175,70,7,137,11,29,14,46,11,13,7,10,17,15,15,5,4,1,0,6,1,6,0,2,1,1,4,1,12,5,6,2,2,2,2,9,5,1,4,0,2,2,2,0,0,0,0,0,0,0,0,0,0,0,0,0,0,0,0,0,8,0,1,3,5,1,0,0,0,0,0,0,0,0,0,1,1,1,1,1,0,0,0,2,1,1,3,0,1,1,0,0,0,0,1,1,5,3,0,0,0,0,0,0,4,2,1,2,1,1,1,0,10,6,6
51 - Κυκλάδων,124 E.T. Δήμου Μυκόνου,476,273,13,1,14,259,145,52,7,117,2,31,5,37,11,8,8,6,15,12,19,9,4,5,1,1,4,12,3,4,2,3,3,4,12,6,2,2,2,1,4,7,4,0,4,1,0,3,2,0,0,0,0,3,2,1,0,0,3,0,0,2,2,0,1,0,4,0,3,0,4,0,1,0,0,0,0,0,0,0,0,0,0,0,0,0,0,0,0,0,0,0,2,0,1,0,1,0,1,0,1,0,1,0,0,0,0,0,0,0,2,1,1,0,0,0,1,1,6,3,3
51 - Κυκλάδων,125 E.T. Δήμου Μυκόνου,467,288,6,2,8,280,167,67,4,98,3,36,11,37,4,11,8,2,12,16,15,4,0,4,3,5,5,6,0,0,1,1,3,2,7,3,0,0,4,1,1,6,3,1,4,0,1,3,3,0,0,0,0,2,2,0,0,0,2,1,1,2,0,0,0,0,13,1,4,0,11,1,0,0,0,0,0,0,0,0,0,0,0,0,2,0,0,0,0,0,0,0,1,0,0,1,1,0,0,0,1,0,0,0,0,0,0,0,0,0,3,1,1,0,4,3,1,0,9,5,4
51 - Κυκλάδων,126 E.T. Δήμου Μυκόνου,467,285,14,1,15,270,158,71,3,115,3,27,13,32,8,5,4,4,9,12,19,12,4,5,2,5,3,11,1,3,3,2,5,3,7,2,2,0,0,0,3,6,4,0,3,0,1,1,1,0,0,0,0,0,0,0,0,0,0,0,0,2,0,0,0,0,9,1,3,4,6,1,0,0,0,0,0,0,0,0,0,1,0,1,4,1,1,3,1,1,1,1,1,1,0,0,1,0,0,0,0,0,0,0,1,1,0,0,0,0,7,2,1,4,2,1,0,0,8,4,7
51 - Κυκλάδων,127 E.T. Δήμου Μυκόνου,466,291,8,1,9,282,145,61,6,113,7,30,11,41,17,6,4,7,6,21,26,12,1,9,2,9,7,12,0,6,4,2,4,1,14,7,8,1,3,2,4,10,7,2,5,0,3,4,3,0,0,0,0,0,0,0,0,0,0,2,0,0,0,0,0,0,3,1,2,0,1,1,0,0,0,0,0,0,0,0,0,2,2,1,1,0,1,1,0,0,0,0,2,1,0,0,1,1,0,0,2,2,1,1,0,0,0,0,0,0,1,0,1,1,3,2,0,0,13,9,9
51 - Κυκλάδων,128 E.T. Δήμου Μυκόνου,497,306,8,0,8,298,146,45,5,102,11,25,13,45,15,13,4,6,18,12,23,7,8,6,5,10,2,11,1,2,1,1,3,3,20,9,6,4,2,2,1,13,6,6,3,1,3,0,0,1,1,0,0,2,1,1,0,0,2,2,1,4,2,1,0,0,8,0,4,3,4,1,0,0,0,0,0,0,0,0,0,0,0,0,1,0,0,0,0,2,2,1,4,0,1,0,1,1,0,0,0,0,1,1,1,0,0,0,0,0,2,1,1,2,0,0,2,2,10,4,4
51 - Κυκλάδων,129 E.T. Δήμου Μυκόνου,435,257,6,1,7,250,125,41,2,100,7,12,15,42,11,10,2,6,13,15,25,5,3,3,3,9,5,13,1,2,4,2,3,0,12,7,3,0,5,1,1,7,2,1,2,1,1,1,1,0,0,0,0,1,0,1,0,0,1,2,1,0,0,0,0,0,5,0,4,0,3,0,1,0,0,0,0,0,0,0,0,2,1,0,0,0,0,0,0,1,1,1,1,0,0,1,0,0,1,1,0,0,1,1,1,0,0,1,0,0,2,1,2,1,2,1,0,0,5,2,5
51 - Κυκλάδων,130 E.T. Δήμου Μυκόνου,431,255,5,1,6,249,136,43,2,110,7,19,4,26,2,7,7,5,8,9,20,8,0,1,0,15,0,15,6,4,2,2,4,5,9,5,3,1,1,1,3,9,5,1,3,2,2,4,3,1,0,0,0,0,0,0,0,0,0,1,1,4,0,2,3,3,4,0,1,1,3,0,2,0,0,0,0,0,0,0,0,0,0,0,1,0,0,0,0,1,0,0,1,0,1,0,0,0,0,0,1,1,1,1,1,0,0,0,0,0,4,4,1,3,1,0,1,1,6,2,5
51 - Κυκλάδων,131 E.T. Δήμου Μυκόνου,415,209,9,1,10,199,97,36,1,82,3,20,7,36,10,11,0,4,9,14,11,5,3,2,3,5,2,12,0,1,1,4,6,3,9,4,3,0,1,3,2,5,2,2,3,0,1,1,1,0,0,1,0,1,0,0,0,0,0,1,1,2,1,1,2,0,2,0,0,0,1,0,0,0,0,0,0,1,1,0,0,1,0,1,2,0,1,2,0,0,0,0,1,0,0,0,0,0,1,1,0,0,1,1,0,0,0,0,0,0,3,2,1,1,1,1,0,0,10,6,7
51 - Κυκλάδων,132 E.T. Δήμου Μυκόνου,438,271,5,2,7,264,121,42,1,91,5,20,9,40,10,7,7,5,11,13,32,9,8,8,1,14,11,11,2,4,6,1,4,1,15,6,5,1,2,2,5,3,2,0,1,2,0,5,4,1,1,0,0,0,0,0,0,0,0,4,2,4,0,1,1,0,7,2,2,2,4,1,1,0,1,1,1,1,0,0,0,0,0,0,0,0,0,0,0,2,2,1,2,0,0,1,1,1,0,0,1,1,1,1,0,0,0,0,0,0,1,1,0,1,3,3,0,0,8,4,6
51 - Κυκλάδων,133 E.T. Δήμου Αμοργού,453,243,6,1,7,236,88,53,9,36,7,32,4,37,3,16,11,4,18,2,19,6,13,1,0,2,7,32,5,15,7,8,6,9,12,5,5,1,3,1,2,15,7,0,7,0,6,0,0,1,1,0,0,4,0,3,0,0,2,3,3,2,1,0,0,1,8,2,1,5,2,1,0,0,1,0,0,0,0,0,0,0,0,0,2,0,0,1,0,0,0,0,2,2,0,0,0,1,0,0,0,0,0,0,0,0,0,0,0,0,1,1,0,1,0,0,0,0,9,6,9
51 - Κυκλάδων,134 E.T. Δήμου Αμοργού,602,330,4,1,5,325,103,71,15,37,4,38,4,48,13,27,7,1,22,8,37,14,27,6,1,4,10,22,2,1,6,5,6,3,10,4,3,0,2,1,0,22,13,3,5,3,7,1,0,0,0,0,0,4,1,0,1,1,2,9,8,4,3,0,2,2,34,0,3,31,6,3,0,0,0,0,0,0,0,0,0,0,0,0,2,0,1,0,1,2,2,2,2,1,0,1,0,0,1,0,3,2,9,7,0,0,0,0,0,0,0,0,0,0,1,1,0,0,11,6,11
51 - Κυκλάδων,135 E.T. Δήμου Αμοργού,228,123,5,1,6,117,81,41,5,48,17,24,3,11,1,7,3,0,3,1,6,2,3,3,0,0,0,1,1,0,0,0,0,1,6,1,1,0,2,1,0,2,2,1,0,1,0,1,1,0,0,0,0,0,0,0,0,0,0,0,0,0,0,0,0,0,3,0,0,1,0,1,0,0,0,0,0,0,0,0,0,0,0,0,1,0,1,0,0,0,0,0,1,0,0,0,1,1,1,0,1,1,0,0,0,0,0,0,0,0,0,0,0,0,1,0,0,0,1,1,1
51 - Κυκλάδων,136 E.T. Δήμου Αμοργού,75,34,0,0,0,34,16,8,2,7,5,4,0,3,0,2,1,0,2,1,3,1,2,2,0,0,0,1,0,1,0,0,1,0,2,1,0,0,0,2,0,0,0,0,0,0,0,0,0,0,0,0,0,0,0,0,0,0,0,0,0,0,0,0,0,0,1,0,0,1,0,0,0,0,0,0,0,0,0,0,0,0,0,0,1,0,0,0,0,0,0,0,1,0,0,0,0,0,0,0,0,0,0,0,0,0,0,0,0,0,0,0,0,0,0,0,0,0,6,4,4
51 - Κυκλάδων,137 E.T. Δήμου Αμοργού,214,131,0,0,0,131,68,45,19,24,2,20,2,16,2,6,1,1,7,3,16,5,8,5,0,2,1,2,1,0,0,0,1,1,4,2,1,1,1,0,0,4,3,0,0,2,1,1,1,0,0,0,0,1,1,0,1,0,0,6,5,0,0,0,0,0,4,0,0,4,1,0,0,0,0,0,0,0,0,0,0,0,0,0,0,0,0,0,0,2,1,1,1,1,0,0,0,1,0,0,1,0,1,1,0,0,0,0,0,0,0,0,0,0,0,0,0,0,4,2,4
51 - Κυκλάδων,138 E.T. Δήμου Αμοργού,616,322,3,2,5,317,112,48,12,58,5,55,6,40,7,18,5,6,18,7,33,16,13,15,0,6,5,20,2,3,6,5,3,2,11,2,5,1,1,1,5,27,16,9,3,3,4,4,4,1,0,0,0,2,1,0,0,0,1,6,2,5,2,1,3,1,31,9,3,25,4,2,0,0,0,0,0,0,0,0,0,0,0,0,1,0,0,0,0,2,1,1,4,1,0,0,0,1,4,4,1,1,3,3,0,0,0,0,0,0,2,1,1,1,0,0,1,1,7,6,5
51 - Κυκλάδων,139 E.T. Δήμου Νάξου & Μικρών Κυκλάδων,204,114,2,1,3,111,55,47,13,5,1,24,2,19,4,5,2,5,8,3,13,0,6,1,0,7,4,7,1,0,0,4,1,1,3,0,0,0,0,0,0,1,1,0,1,0,0,2,1,0,0,0,0,0,0,0,0,0,0,0,0,0,0,0,0,0,2,1,1,0,1,1,0,0,0,0,0,0,0,0,0,0,0,0,0,0,0,0,0,1,0,1,3,2,1,0,0,1,0,0,0,0,0,0,0,0,0,0,0,0,0,0,0,0,1,0,0,0,4,0,2
51 - Κυκλάδων,140 E.T. Δήμου Νάξου & Μικρών Κυκλάδων,612,352,5,1,6,346,117,97,7,38,4,20,2,69,4,46,9,7,26,14,87,1,80,3,2,4,20,20,2,2,2,8,4,3,5,1,1,0,1,0,0,12,6,1,0,1,0,3,2,0,0,0,0,5,4,1,0,3,0,0,0,0,0,0,0,0,10,6,1,1,7,1,0,0,1,0,1,0,0,0,0,0,0,0,1,0,0,0,0,0,0,0,0,0,0,0,0,0,0,0,3,0,0,0,1,1,0,0,1,0,0,0,0,0,0,0,1,0,11,7,1
51 - Κυκλάδων,141 E.T. Δήμου Νάξου & Μικρών Κυκλάδων,460,245,0,0,0,245,100,75,28,31,2,15,3,72,3,65,6,0,17,8,23,0,16,1,0,3,9,18,0,1,0,7,1,0,3,1,0,0,1,0,1,5,4,1,0,0,1,1,1,1,1,0,0,6,4,0,0,2,0,1,1,2,1,0,0,0,8,2,1,2,5,1,0,0,0,0,0,0,0,0,0,0,0,0,0,0,0,0,0,0,0,0,1,0,0,0,1,1,0,0,0,0,0,0,0,0,0,0,0,0,1,0,0,0,0,0,0,0,3,2,2
51 - Κυκλάδων,142 E.T. Δήμου Νάξου & Μικρών Κυκλάδων,432,235,5,1,6,229,69,51,11,27,2,8,1,89,5,82,6,0,23,3,18,2,12,0,0,1,4,21,0,0,0,12,0,1,6,3,3,0,2,0,0,9,6,2,0,0,1,1,0,0,0,0,0,2,2,0,0,0,0,1,1,1,1,0,1,0,8,3,2,1,7,0,0,0,0,0,0,0,0,0,0,0,0,0,0,0,0,0,0,0,0,0,0,0,0,0,0,0,0,0,0,0,0,0,0,0,0,0,0,0,1,0,0,0,0,0,0,0,3,0,1
51 - Κυκλάδων,143 E.T. Δήμου Νάξου & Μικρών Κυκλάδων,406,207,1,0,1,206,70,47,18,20,1,11,2,58,5,50,3,2,10,6,19,2,7,3,0,5,4,24,0,5,1,15,4,2,6,0,3,0,5,0,1,3,2,0,0,0,0,0,0,1,0,0,0,1,1,0,0,0,0,2,2,2,0,0,1,0,9,3,2,0,5,1,0,0,0,0,0,0,0,0,0,0,0,0,0,0,0,0,0,0,0,0,2,0,0,1,0,2,0,0,0,0,0,0,0,0,0,0,0,0,2,0,0,0,1,1,1,1,5,1,1
51 - Κυκλάδων,144 E.T. Δήμου Νάξου & Μικρών Κυκλάδων,325,169,2,2,4,165,63,50,7,14,3,11,1,39,0,37,4,0,11,5,13,0,4,0,0,0,2,9,0,0,0,5,0,0,10,0,0,0,9,0,0,9,2,1,0,0,1,1,0,0,0,0,0,4,4,0,0,1,0,0,0,0,0,0,0,0,7,1,2,0,5,0,0,0,0,0,0,0,0,0,0,0,0,0,2,1,1,0,0,0,0,0,0,0,0,0,0,0,0,0,0,0,0,0,0,0,0,0,0,0,0,0,0,0,0,0,0,0,8,4,5
51 - Κυκλάδων,145 E.T. Δήμου Νάξου & Μικρών Κυκλάδων,338,209,3,1,4,205,73,56,10,22,0,20,0,43,7,24,7,5,9,4,53,0,49,1,1,2,7,13,2,2,1,3,1,1,2,0,2,0,1,0,1,9,7,0,0,1,2,5,2,1,0,0,0,0,0,0,0,0,0,0,0,0,0,0,0,0,1,0,0,0,1,0,0,0,0,0,0,0,0,0,0,0,0,0,1,1,0,1,0,1,0,0,0,0,0,0,0,0,0,0,0,0,0,0,0,0,0,0,0,0,2,1,0,0,0,0,0,0,1,0,0
51 - Κυκλάδων,146 E.T. Δήμου Νάξου & Μικρών Κυκλάδων,309,206,2,1,3,203,85,65,11,32,1,19,0,36,6,21,8,0,6,6,42,0,42,1,0,0,11,13,1,1,1,7,4,2,3,1,0,0,0,1,0,2,2,0,1,0,0,7,4,0,0,0,0,0,0,0,0,0,0,0,0,1,1,0,0,1,6,1,3,1,5,0,0,0,0,0,0,0,0,0,0,0,0,0,0,0,0,0,0,0,0,0,0,0,0,0,0,0,0,0,1,1,0,0,0,0,0,0,0,0,1,0,0,0,1,1,1,0,4,1,2
51 - Κυκλάδων,147 E.T. Δήμου Νάξου & Μικρών Κυκλάδων,211,118,2,1,3,115,64,47,14,35,0,3,1,22,1,10,1,2,4,9,12,1,9,0,0,0,6,6,0,0,0,3,3,1,1,1,1,0,0,0,0,2,0,0,0,0,0,2,1,0,0,0,0,0,0,0,0,0,0,1,1,1,0,0,0,0,1,0,0,0,0,0,0,0,0,0,0,0,0,0,0,1,1,1,0,0,0,0,0,0,0,0,1,0,1,0,0,1,0,0,0,0,0,0,0,0,0,0,0,0,0,0,0,0,0,0,0,0,1,0,0
51 - Κυκλάδων,148 E.T. Δήμου Νάξου & Μικρών Κυκλάδων,236,137,1,0,1,136,77,40,7,47,1,16,2,19,1,14,0,3,2,8,19,2,14,1,0,2,13,5,1,1,0,2,1,2,2,1,0,0,0,0,1,2,1,0,0,0,0,3,2,0,0,0,0,1,0,0,0,1,0,0,0,0,0,0,0,0,2,0,0,0,2,0,0,0,0,0,0,0,0,0,0,0,0,0,0,0,0,0,0,0,0,0,0,0,0,0,0,0,0,0,0,0,1,1,0,0,0,0,0,0,2,1,0,2,0,0,0,0,3,3,3
51 - Κυκλάδων,149 E.T. Δήμου Νάξου & Μικρών Κυκλάδων,367,186,1,0,1,185,33,18,0,25,0,4,2,54,11,33,2,8,18,16,14,3,9,0,0,1,6,61,13,7,0,60,3,0,3,2,2,0,0,0,0,1,0,0,0,0,0,4,2,0,0,0,0,2,2,1,0,1,0,2,0,0,0,0,0,0,0,0,0,0,0,0,0,0,0,0,0,0,0,0,0,0,0,0,1,0,0,1,0,0,0,0,3,1,0,0,1,2,0,0,0,0,0,0,0,0,0,0,0,0,0,0,0,0,0,0,0,0,7,7,6
51 - Κυκλάδων,150 E.T. Δήμου Νάξου & Μικρών Κυκλάδων,356,175,0,2,2,173,38,32,1,14,2,9,2,48,8,15,4,16,10,25,24,0,23,0,0,1,14,44,4,5,1,44,2,1,7,4,1,0,2,0,0,0,0,0,0,0,0,0,0,0,0,0,0,0,0,0,0,0,0,1,1,2,0,1,0,0,1,0,0,0,1,1,0,0,0,0,0,0,0,0,0,0,0,0,0,0,0,0,0,0,0,0,3,0,0,0,0,1,0,0,0,0,0,0,0,0,0,0,0,0,0,0,0,0,1,0,1,0,3,2,2
51 - Κυκλάδων,151 E.T. Δήμου Νάξου & Μικρών Κυκλάδων,364,194,0,3,3,191,80,54,3,44,0,12,0,32,2,24,3,8,9,4,23,3,15,1,0,1,12,21,0,0,0,21,7,5,14,5,7,2,4,3,2,2,1,0,0,0,0,3,3,0,0,0,0,0,0,0,0,0,0,1,1,0,0,0,0,0,7,2,2,1,6,1,1,1,0,0,0,0,0,0,0,0,0,0,0,0,0,0,0,0,0,0,0,0,0,0,0,0,1,1,0,0,1,1,0,0,0,0,0,0,1,0,0,0,0,0,1,1,3,1,3
51 - Κυκλάδων,152 E.T. Δήμου Νάξου & Μικρών Κυκλάδων,381,168,1,1,2,166,75,60,4,30,0,13,4,13,0,8,3,1,3,2,35,3,26,1,0,0,26,11,1,3,1,10,2,2,5,2,1,0,3,0,0,3,3,1,0,0,1,2,2,0,0,0,0,1,1,0,0,1,0,1,0,1,1,1,0,0,6,0,0,0,4,1,0,0,1,1,0,0,0,0,0,0,0,0,1,0,0,1,0,0,0,0,0,0,0,0,0,0,0,0,1,1,0,0,0,0,0,0,0,0,2,0,0,0,1,1,1,1,6,4,5
51 - Κυκλάδων,153 E.T. Δήμου Νάξου & Μικρών Κυκλάδων,365,179,5,1,6,173,63,59,2,25,2,15,1,31,2,20,3,10,11,3,46,0,37,0,0,0,24,10,1,2,1,5,0,1,7,3,3,2,2,0,1,4,4,0,0,0,1,1,0,0,0,0,0,0,0,0,0,0,0,0,0,0,0,0,0,0,0,0,0,0,0,0,0,0,0,0,0,0,0,0,0,0,0,0,2,0,0,1,0,0,0,0,0,0,0,0,0,0,0,0,1,0,0,0,0,0,0,0,0,0,2,0,0,0,1,0,0,0,5,3,4
51 - Κυκλάδων,154 E.T. Δήμου Νάξου & Μικρών Κυκλάδων,222,116,1,0,1,115,36,17,2,18,2,13,1,14,4,9,2,1,6,2,22,2,21,0,0,0,11,15,7,2,0,13,3,1,7,2,1,1,3,1,0,5,3,1,0,2,0,2,1,0,0,0,0,1,1,0,0,0,1,0,0,0,0,0,0,0,4,0,0,1,1,2,0,0,0,0,0,0,0,0,0,0,0,0,1,1,0,1,0,0,0,0,0,0,0,0,0,0,0,0,0,0,0,0,2,0,1,0,0,1,2,1,0,1,0,0,0,0,4,1,2
51 - Κυκλάδων,155 E.T. Δήμου Νάξου & Μικρών Κυκλάδων,406,151,2,3,5,146,32,28,5,8,0,1,0,45,6,32,3,4,7,10,31,0,28,3,0,3,3,9,1,1,0,4,1,0,7,3,1,0,1,1,2,6,4,2,0,2,0,2,0,0,0,0,0,0,0,0,0,0,0,1,0,0,0,0,0,0,5,0,2,2,5,0,0,0,0,0,0,0,0,1,1,1,0,1,2,1,1,1,1,0,0,0,0,0,0,0,0,0,0,0,0,0,0,0,1,0,0,0,0,0,0,0,0,0,0,0,0,0,3,1,1
51 - Κυκλάδων,156 E.T. Δήμου Νάξου & Μικρών Κυκλάδων,298,134,1,0,1,133,47,36,7,17,0,14,0,24,5,15,4,2,10,4,13,2,8,0,0,1,6,33,2,4,1,31,1,10,4,1,1,0,3,0,1,1,0,0,0,0,0,2,2,0,0,0,0,0,0,0,0,0,0,0,0,0,0,0,0,0,1,1,0,0,1,0,0,0,0,0,0,0,0,0,0,0,0,0,0,0,0,0,0,0,0,0,2,0,1,0,0,2,0,0,3,2,0,0,0,0,0,0,0,0,0,0,0,0,0,0,0,0,3,1,2
51 - Κυκλάδων,157 E.T. Δήμου Νάξου & Μικρών Κυκλάδων,357,225,1,0,1,224,88,71,22,37,0,9,2,16,2,11,1,2,5,3,86,5,82,2,2,4,11,9,0,0,0,6,2,1,10,4,3,1,1,1,1,2,1,0,0,0,2,0,0,0,0,0,0,1,1,1,0,0,0,1,0,0,0,0,0,0,1,0,0,0,1,0,1,0,0,0,0,1,1,0,0,0,0,0,0,0,0,0,0,2,2,0,1,0,0,0,0,1,1,1,0,0,0,0,0,0,0,0,0,0,0,0,0,0,0,0,0,0,4,2,2
51 - Κυκλάδων,158 E.T. Δήμου Νάξου & Μικρών Κυκλάδων,379,191,1,1,2,189,100,87,18,33,0,9,2,11,2,6,4,3,1,2,61,1,60,0,0,1,11,5,0,0,0,4,0,0,1,0,1,0,0,0,0,4,3,2,2,0,0,1,1,0,0,0,0,0,0,0,0,0,0,0,0,0,0,0,0,0,0,0,0,0,0,0,0,0,0,0,0,0,0,0,0,0,0,0,0,0,0,0,0,2,2,2,1,0,1,0,0,1,0,0,2,0,0,0,0,0,0,0,0,0,0,0,0,0,0,0,0,0,1,1,1
51 - Κυκλάδων,159 E.T. Δήμου Νάξου & Μικρών Κυκλάδων,366,217,1,0,1,216,100,84,30,34,2,12,0,35,5,22,5,5,7,9,51,3,47,1,0,0,14,14,1,2,1,10,1,1,6,3,0,0,3,1,1,3,1,0,1,2,0,0,0,0,0,0,0,2,0,0,0,0,0,0,0,0,0,0,0,0,1,0,0,0,1,0,0,0,0,0,0,0,0,0,0,1,1,1,0,0,0,0,0,0,0,0,0,0,0,0,0,0,0,0,0,0,0,0,0,0,0,0,0,0,1,0,0,0,1,1,0,0,1,0,1
51 - Κυκλάδων,160 E.T. Δήμου Νάξου & Μικρών Κυκλάδων,332,201,2,0,2,199,117,89,27,43,2,16,3,20,3,11,0,6,2,10,39,0,31,0,4,5,11,9,1,0,0,7,0,0,5,2,0,0,2,1,2,1,0,1,0,0,0,0,0,0,0,0,0,0,0,0,0,0,0,0,0,0,0,0,0,0,2,0,0,0,2,1,0,0,0,0,0,0,0,0,0,1,1,1,1,1,0,0,0,1,1,0,0,0,0,0,0,0,0,0,0,0,0,0,1,0,1,0,0,1,1,0,0,1,0,0,0,0,1,0,1
51 - Κυκλάδων,161 E.T. Δήμου Νάξου & Μικρών Κυκλάδων,353,215,2,1,3,212,95,75,23,31,2,19,1,23,2,15,4,2,7,5,66,3,64,0,0,2,8,4,1,0,0,1,1,0,3,2,2,0,1,0,0,2,2,1,0,0,0,0,0,1,1,0,0,1,1,1,0,0,0,0,0,0,0,0,0,0,6,0,0,1,6,1,0,0,0,0,0,0,0,3,3,0,0,0,0,0,0,0,0,0,0,0,1,0,0,0,0,1,0,0,0,0,1,0,0,0,0,0,0,0,0,0,0,0,1,1,0,0,5,2,3
51 - Κυκλάδων,162 E.T. Δήμου Νάξου & Μικρών Κυκλάδων,345,210,2,0,2,208,89,71,19,31,5,15,1,34,9,18,7,2,4,11,46,1,39,1,0,3,16,12,1,0,1,11,2,0,7,3,0,1,2,0,1,3,1,1,0,0,0,2,1,0,0,0,0,0,0,0,0,0,0,0,0,1,1,1,0,0,5,0,0,0,3,1,0,0,0,0,0,0,0,0,0,0,0,0,0,0,0,0,0,2,2,2,0,0,0,0,0,0,0,0,0,0,0,0,1,0,0,0,0,0,1,0,0,0,0,0,0,0,5,4,3
51 - Κυκλάδων,163 E.T. Δήμου Νάξου & Μικρών Κυκλάδων,357,223,2,2,4,219,99,90,30,30,1,12,1,23,2,17,3,3,5,2,49,2,44,0,1,2,9,27,2,2,0,21,2,1,2,1,1,0,0,0,2,0,0,0,0,0,0,2,2,0,0,0,0,1,1,0,0,0,0,0,0,2,2,1,0,0,5,0,1,0,5,1,1,1,0,0,0,0,0,0,0,0,0,0,1,0,1,0,0,1,1,1,1,0,0,0,0,1,0,0,1,0,0,0,1,0,1,0,0,0,0,0,0,0,0,0,0,0,3,2,1
51 - Κυκλάδων,164 E.T. Δήμου Νάξου & Μικρών Κυκλάδων,163,100,0,0,0,100,51,31,5,35,1,12,3,12,4,5,1,1,9,2,13,3,6,0,0,3,4,5,1,0,1,1,1,2,4,1,1,0,2,1,0,7,3,1,2,3,0,0,0,0,0,0,0,0,0,0,0,0,0,0,0,1,1,0,0,1,1,0,0,0,0,0,0,0,0,0,0,1,0,0,0,0,0,0,1,0,1,1,0,0,0,0,0,0,0,0,0,0,0,0,0,0,1,0,0,0,0,0,0,0,0,0,0,0,1,0,0,0,2,0,2
51 - Κυκλάδων,165 E.T. Δήμου Νάξου & Μικρών Κυκλάδων,345,226,4,0,4,222,157,116,19,53,3,43,14,36,4,14,0,24,8,5,20,4,5,7,0,3,3,4,1,0,0,0,3,4,2,0,1,0,0,0,0,0,0,0,0,0,0,0,0,0,0,0,0,0,0,0,0,0,0,0,0,0,0,0,0,0,2,2,2,0,0,0,0,0,0,0,0,0,0,0,0,0,0,0,1,1,0,0,1,0,0,0,0,0,0,0,0,0,0,0,0,0,0,0,0,0,0,0,0,0,0,0,0,0,0,0,0,0,0,0,0
51 - Κυκλάδων,166 E.T. Δήμου Νάξου & Μικρών Κυκλάδων,574,379,8,0,8,371,191,131,10,81,6,52,6,53,3,26,10,12,15,14,63,1,34,0,3,3,43,12,2,0,0,9,2,2,7,5,1,1,1,1,1,7,6,3,0,3,1,1,1,0,0,0,0,3,0,0,0,2,0,2,2,6,3,1,4,1,5,1,1,0,4,0,0,0,1,0,1,1,0,1,0,1,1,0,1,0,1,0,1,0,0,0,4,0,1,2,1,1,0,0,0,0,1,1,2,2,0,0,0,1,2,1,1,0,0,0,2,1,5,4,4
51 - Κυκλάδων,167 E.T. Δήμου Νάξου & Μικρών Κυκλάδων,556,393,17,4,21,372,177,118,14,82,5,39,6,50,7,29,8,13,17,7,64,2,46,1,0,7,32,10,3,0,0,4,2,0,8,5,3,1,1,0,1,10,6,3,0,1,0,1,1,4,1,0,0,2,0,0,0,0,0,3,1,3,1,1,2,2,15,5,9,0,8,1,0,0,0,0,0,0,0,0,0,1,0,1,0,0,0,0,0,1,0,0,0,0,0,0,0,0,0,0,4,2,2,1,1,0,0,0,0,0,1,1,0,0,1,0,1,1,13,8,8
51 - Κυκλάδων,168 E.T. Δήμου Νάξου & Μικρών Κυκλάδων,546,334,5,3,8,326,136,102,8,50,10,36,4,65,8,38,20,9,20,16,47,3,28,2,1,6,28,21,1,4,0,14,1,3,10,3,3,1,5,1,2,5,3,1,1,0,3,3,0,1,1,0,0,1,0,0,0,1,0,3,1,3,1,1,0,0,12,2,0,1,10,1,0,0,0,0,0,0,0,0,0,0,0,0,2,1,0,1,2,0,0,0,6,2,1,0,1,3,0,0,1,1,1,0,1,0,0,0,0,0,1,0,0,0,0,0,0,0,7,3,5
51 - Κυκλάδων,169 E.T. Δήμου Νάξου & Μικρών Κυκλάδων,546,377,3,1,4,373,181,128,5,91,2,50,6,57,7,30,13,7,12,11,77,0,54,1,0,5,56,9,1,0,0,8,2,1,7,1,3,1,2,1,0,15,12,2,2,1,2,0,0,0,0,0,0,1,1,0,0,0,0,2,1,3,0,1,1,1,7,0,3,1,4,1,0,0,0,0,0,0,0,0,0,1,0,0,1,0,1,1,0,1,1,1,1,0,0,1,0,0,0,0,2,1,0,0,0,0,0,0,0,0,1,1,1,0,1,0,0,0,6,3,2
51 - Κυκλάδων,170 E.T. Δήμου Νάξου & Μικρών Κυκλάδων,546,390,7,2,9,381,147,109,19,55,3,27,7,70,4,38,9,17,22,18,66,5,48,5,0,4,36,22,2,4,0,18,4,5,12,5,5,2,2,1,2,7,5,0,1,1,1,2,1,1,1,0,0,4,4,2,1,0,1,2,2,3,0,2,2,1,16,4,6,2,13,3,0,0,1,1,1,0,0,0,0,0,0,0,2,0,1,0,0,2,0,0,5,1,0,0,0,5,0,0,1,1,0,0,0,0,0,0,0,0,2,1,0,2,0,0,1,1,15,9,13
51 - Κυκλάδων,171 E.T. Δήμου Νάξου & Μικρών Κυκλάδων,539,380,3,2,5,375,145,103,15,62,2,31,3,57,3,33,7,7,20,11,73,3,51,6,0,3,45,20,0,3,0,13,3,4,15,6,5,1,4,4,3,10,4,4,3,0,2,1,0,0,0,0,0,1,1,0,1,0,0,4,4,3,0,2,0,0,15,2,4,1,9,2,0,0,0,0,0,0,0,1,0,1,1,0,4,0,1,2,1,0,0,0,1,0,0,0,0,0,1,0,1,1,3,1,0,0,0,0,0,0,2,2,0,1,1,0,0,0,16,6,7
51 - Κυκλάδων,172 E.T. Δήμου Νάξου & Μικρών Κυκλάδων,536,334,9,1,10,324,127,96,6,61,4,26,3,55,7,36,4,11,13,8,63,10,40,1,0,5,24,18,3,4,1,11,3,1,8,2,1,1,2,1,0,16,7,3,3,0,3,1,1,1,0,0,0,0,0,0,0,0,0,2,2,2,0,1,0,0,12,2,0,1,8,1,0,0,0,0,0,0,0,0,0,0,0,0,0,0,0,0,0,0,0,0,5,0,0,0,0,3,1,0,0,0,2,1,0,0,0,0,0,0,0,0,0,0,1,0,0,0,10,6,7
51 - Κυκλάδων,173 E.T. Δήμου Νάξου & Μικρών Κυκλάδων,547,354,2,2,4,350,158,116,14,56,6,31,4,58,10,39,5,5,16,10,42,5,26,5,2,2,12,25,0,1,1,15,8,8,10,4,3,0,2,0,1,13,8,2,5,0,0,1,0,1,1,0,0,2,0,1,0,0,0,0,0,6,4,5,0,0,13,0,2,1,12,1,0,0,1,0,0,0,0,0,0,0,0,0,2,0,0,2,0,1,1,1,3,2,0,0,0,2,0,0,1,1,2,2,0,0,0,0,0,0,1,0,0,1,1,0,1,0,8,4,6
51 - Κυκλάδων,174 E.T. Δήμου Νάξου & Μικρών Κυκλάδων,557,344,6,1,7,337,121,87,7,46,8,36,5,72,5,43,4,12,20,23,53,2,25,5,6,7,33,23,1,1,4,16,2,4,9,3,3,0,3,0,0,8,6,1,0,2,0,1,1,1,1,0,0,1,0,0,0,1,0,0,0,3,1,1,1,0,20,1,2,2,13,1,1,1,0,0,0,0,0,0,0,0,0,0,0,0,0,0,0,1,0,0,2,1,0,0,1,1,0,0,1,1,0,0,0,0,0,0,0,0,1,0,0,0,0,0,2,0,17,6,12
51 - Κυκλάδων,175 E.T. Δήμου Νάξου & Μικρών Κυκλάδων,550,377,5,1,6,371,141,106,13,54,3,28,4,53,3,28,7,13,15,12,67,1,45,3,0,4,33,21,5,9,0,14,0,1,17,5,5,1,4,2,1,7,2,2,1,1,1,3,2,0,0,1,1,1,1,0,0,0,1,1,1,2,1,1,1,1,19,1,0,2,11,1,1,0,1,0,0,0,0,0,0,0,0,0,1,0,0,1,0,1,1,0,6,1,2,0,0,4,2,0,0,0,1,0,0,0,0,0,0,0,3,0,0,0,1,0,0,0,21,11,12
51 - Κυκλάδων,176 E.T. Δήμου Νάξου & Μικρών Κυκλάδων,570,351,7,1,8,343,133,95,8,57,6,33,6,58,6,34,12,13,15,16,56,2,30,2,0,4,28,23,1,3,0,17,2,4,13,3,7,2,4,3,3,11,9,3,1,0,1,0,0,0,0,0,0,1,1,0,0,0,1,2,1,2,1,0,0,0,13,3,1,0,5,4,0,0,0,0,0,0,0,0,0,1,0,0,1,0,0,1,0,2,2,0,1,1,0,0,0,0,0,0,4,2,5,4,0,0,0,0,0,0,2,0,0,0,0,0,0,0,15,7,11
51 - Κυκλάδων,177 E.T. Δήμου Νάξου & Μικρών Κυκλάδων,541,406,5,4,9,397,136,111,9,41,2,24,3,38,6,21,3,12,13,8,91,5,66,0,2,1,59,35,2,3,0,28,8,1,14,6,4,1,2,1,1,5,2,0,0,3,3,1,0,0,0,0,0,1,1,1,0,0,0,4,1,3,2,2,1,1,49,2,5,1,46,0,0,0,2,0,0,1,0,1,0,1,1,1,0,0,0,0,0,1,0,0,4,0,0,2,3,1,0,0,1,0,0,0,2,1,0,0,0,0,1,0,0,0,0,0,2,0,4,2,4
51 - Κυκλάδων,178 E.T. Δήμου Νάξου & Μικρών Κυκλάδων,533,389,6,1,7,382,166,136,29,59,2,25,6,44,4,20,3,11,19,5,67,5,47,0,0,3,30,27,1,2,0,17,3,3,11,3,4,1,4,0,0,7,6,1,1,1,1,0,0,2,0,0,0,0,0,0,0,0,0,3,2,1,0,0,0,0,30,4,2,1,26,3,1,1,0,0,0,0,0,0,0,0,0,0,0,0,0,0,0,0,0,0,11,3,2,0,1,8,0,0,3,2,1,1,0,0,0,0,0,0,3,1,1,2,2,1,0,0,3,1,1
51 - Κυκλάδων,179 E.T. Δήμου Νάξου & Μικρών Κυκλάδων,359,254,5,1,6,248,114,90,22,36,1,14,2,35,7,10,7,9,1,8,52,2,43,1,1,2,13,8,1,0,0,3,1,1,9,3,0,0,2,0,0,6,1,1,0,0,0,0,0,0,0,0,0,1,0,0,0,1,0,0,0,0,0,0,0,0,12,1,0,1,11,0,0,0,0,0,0,0,0,0,0,0,0,0,0,0,0,0,0,0,0,0,2,0,0,0,0,1,0,0,0,0,0,0,0,0,0,0,0,0,0,0,0,0,0,0,0,0,9,7,8
51 - Κυκλάδων,180 E.T. Δήμου Νάξου & Μικρών Κυκλάδων,357,282,3,1,4,278,146,125,30,39,3,21,6,22,1,14,2,3,4,4,63,3,51,0,1,1,21,11,0,0,1,7,1,0,6,2,1,0,2,0,0,4,2,2,0,0,0,0,0,0,0,0,0,0,0,0,0,0,0,0,0,1,0,0,0,0,11,0,0,1,6,3,0,0,0,0,0,0,0,0,0,0,0,0,0,0,0,0,0,0,0,0,2,1,2,0,1,0,1,0,2,2,0,0,1,0,1,0,1,0,0,0,0,0,1,0,2,2,5,2,3
51 - Κυκλάδων,181 E.T. Δήμου Νάξου & Μικρών Κυκλάδων,329,232,6,2,8,224,113,76,6,52,3,16,1,11,0,3,0,4,1,4,49,9,38,0,0,2,24,2,0,0,0,1,0,1,19,6,2,3,2,1,4,7,4,2,2,1,0,1,1,0,0,0,0,0,0,0,0,0,0,1,1,1,1,1,0,0,8,1,1,0,5,0,0,0,0,0,0,0,0,0,0,0,0,0,0,0,0,0,0,1,1,1,0,0,0,0,0,0,1,0,4,4,1,0,2,0,0,0,0,0,2,0,0,0,0,0,0,0,1,0,1
51 - Κυκλάδων,182 E.T. Δήμου Νάξου & Μικρών Κυκλάδων,247,167,4,2,6,161,80,69,16,41,0,6,1,27,2,14,3,4,6,10,22,1,10,1,1,3,12,13,2,4,0,13,2,1,3,1,2,0,0,0,1,2,1,0,0,0,1,0,0,0,0,0,0,0,0,0,0,0,0,3,2,1,0,0,0,0,3,0,1,0,3,0,0,0,0,0,0,0,0,0,0,0,0,0,1,0,0,1,0,0,0,0,0,0,0,0,0,0,0,0,0,0,0,0,0,0,0,0,0,0,0,0,0,0,2,1,0,0,4,3,1
51 - Κυκλάδων,183 E.T. Δήμου Νάξου & Μικρών Κυκλάδων,615,475,5,2,7,468,229,164,79,70,0,58,0,36,0,19,0,2,11,2,127,8,102,1,0,3,56,8,0,0,0,4,0,0,11,5,0,2,3,0,1,10,5,2,1,0,2,2,2,1,0,0,0,2,2,1,0,0,1,0,0,3,0,0,0,0,19,0,1,1,15,0,0,0,0,0,0,0,0,0,0,0,0,0,0,0,0,0,0,1,1,1,2,1,1,0,1,1,0,0,0,0,0,0,0,0,0,0,0,0,4,2,1,2,1,1,1,0,11,5,5
51 - Κυκλάδων,184 E.T. Δήμου Νάξου & Μικρών Κυκλάδων,270,167,2,0,2,165,74,53,7,35,1,12,3,35,4,22,1,4,9,6,19,0,17,0,0,1,4,4,1,0,0,2,1,1,9,3,4,0,1,0,1,4,2,1,0,0,0,0,0,0,0,0,0,1,0,0,0,1,0,0,0,0,0,0,0,0,4,0,1,0,1,1,0,0,0,0,0,0,0,0,0,0,0,0,0,0,0,0,0,1,0,0,3,0,1,0,0,2,1,0,1,0,1,1,0,0,0,0,0,0,1,1,0,0,1,0,0,0,6,2,4
51 - Κυκλάδων,185 E.T. Δήμου Νάξου & Μικρών Κυκλάδων,512,340,4,5,9,331,125,84,6,65,2,43,1,60,0,13,9,19,11,33,75,1,62,1,1,6,24,7,0,1,0,2,0,0,15,4,3,0,4,1,0,1,1,0,0,0,1,13,9,0,0,0,0,4,1,1,0,1,0,1,1,1,1,0,0,1,12,1,1,0,6,1,1,1,0,0,0,0,0,0,0,4,0,4,1,0,0,1,0,2,1,1,0,0,0,0,0,0,0,0,2,2,1,1,0,0,0,0,0,0,2,0,0,2,1,1,1,1,2,0,2
51 - Κυκλάδων,186 E.T. Δήμου Νάξου & Μικρών Κυκλάδων,369,264,3,2,5,259,124,90,14,52,0,11,1,19,5,12,2,4,4,1,51,2,43,0,0,3,19,19,3,2,1,10,2,1,7,0,2,0,2,0,0,2,2,0,0,1,0,12,11,0,0,1,0,2,1,1,0,0,0,0,0,2,0,1,0,1,8,1,0,0,6,0,1,1,0,0,0,0,0,0,0,0,0,0,0,0,0,0,0,1,1,1,0,0,0,0,0,0,0,0,2,1,2,1,0,0,0,0,0,0,2,2,2,0,0,0,1,0,3,1,1
51 - Κυκλάδων,187 E.T. Δήμου Νάξου & Μικρών Κυκλάδων,347,236,4,4,8,228,115,90,13,51,1,18,8,25,6,12,4,9,2,1,49,5,42,0,0,0,15,4,1,0,0,3,0,0,9,4,5,0,3,3,0,3,3,1,2,0,0,10,8,0,0,0,0,0,0,0,0,0,0,0,0,1,0,0,0,0,4,2,0,1,2,1,0,0,0,0,0,0,0,0,0,1,1,1,1,0,0,0,0,2,2,2,0,0,0,0,0,0,0,0,0,0,0,0,0,0,0,0,0,0,0,0,0,0,0,0,1,1,3,2,3
51 - Κυκλάδων,188 E.T. Δήμου Νάξου & Μικρών Κυκλάδων,309,228,5,0,5,223,106,74,7,46,6,18,2,18,2,8,0,1,8,2,56,4,38,0,0,5,35,7,0,0,0,5,1,0,5,2,1,1,2,0,0,3,2,1,0,0,1,9,6,0,0,0,0,0,0,0,0,0,0,0,0,0,0,0,0,0,9,2,1,0,8,0,0,0,0,0,0,0,0,0,0,0,0,0,0,0,0,0,0,2,2,2,0,0,0,0,0,0,0,0,0,0,0,0,0,0,0,0,0,0,0,0,0,0,0,0,3,3,5,2,3
51 - Κυκλάδων,189 E.T. Δήμου Νάξου & Μικρών Κυκλάδων,571,374,4,2,6,368,115,84,13,38,1,26,1,57,4,30,5,8,16,3,83,7,78,3,0,7,22,25,2,10,0,18,2,2,11,5,4,2,3,2,0,10,7,0,2,0,2,2,1,0,0,1,1,1,0,0,0,1,0,3,0,1,0,0,0,0,21,4,5,1,15,2,0,0,0,0,0,0,0,0,0,2,2,2,1,0,0,0,0,0,0,0,1,1,0,0,1,0,0,0,1,1,3,2,2,2,0,0,1,1,0,0,0,0,0,0,0,0,28,14,19
51 - Κυκλάδων,190 E.T. Δήμου Νάξου & Μικρών Κυκλάδων,283,148,2,1,3,145,86,55,2,54,0,28,3,15,4,5,1,3,3,2,13,2,8,1,0,4,2,3,0,0,0,0,2,2,5,2,0,2,1,0,1,4,1,0,1,4,0,0,0,0,0,0,0,4,0,0,2,1,1,1,1,0,0,0,0,0,8,1,4,0,1,1,0,0,0,0,0,0,0,0,0,0,0,0,0,0,0,0,0,0,0,0,0,0,0,0,0,0,0,0,0,0,1,1,0,0,0,0,0,0,1,0,0,0,0,0,0,0,4,2,1
51 - Κυκλάδων,191 E.T. Δήμου Αντιπάρου,403,273,5,2,7,266,123,73,7,54,5,34,6,47,4,10,1,5,6,26,33,5,9,9,0,11,17,11,0,8,0,1,1,1,7,5,5,0,1,0,1,3,3,1,1,0,1,4,3,0,0,0,0,6,2,0,0,1,3,0,0,3,0,0,0,0,2,1,0,0,1,0,0,0,0,0,0,0,0,0,0,1,0,1,1,0,1,0,1,0,0,0,0,0,0,0,0,0,0,0,3,1,0,0,1,1,0,0,0,0,4,2,1,2,0,0,0,0,17,12,12
51 - Κυκλάδων,192 E.T. Δήμου Αντιπάρου,405,268,9,0,9,259,136,90,7,43,5,52,13,31,5,4,1,6,6,14,38,13,3,11,5,9,5,10,3,5,0,1,2,2,10,4,4,1,2,0,2,3,3,1,1,0,0,4,3,2,1,0,0,2,1,0,0,0,1,0,0,1,1,1,0,0,7,3,1,0,2,0,0,0,0,0,0,0,0,0,0,0,0,0,0,0,0,0,0,0,0,0,2,1,0,0,0,0,0,0,0,0,1,0,1,0,0,0,0,0,2,0,1,1,2,1,0,0,7,3,6
51 - Κυκλάδων,193 E.T. Δήμου Αντιπάρου,425,292,4,2,6,286,150,98,7,54,5,49,8,49,5,5,2,9,9,26,26,11,2,8,1,10,6,17,2,8,1,0,5,2,12,4,3,2,1,2,1,7,3,1,0,1,1,3,3,0,0,0,0,0,0,0,0,0,0,1,1,0,0,0,0,0,3,1,0,2,1,1,0,0,0,0,0,0,0,0,0,1,0,1,2,1,1,0,0,0,0,0,1,0,0,0,0,0,0,0,0,0,2,0,0,0,0,0,0,0,1,1,0,0,0,0,0,0,11,5,7
51 - Κυκλάδων,194 E.T. Δήμου Πάρου,530,302,22,7,29,273,102,43,9,47,5,38,19,64,2,6,6,1,3,59,23,7,5,0,0,16,5,12,1,10,0,1,2,3,14,4,6,3,4,0,4,8,3,3,1,0,3,13,10,0,0,0,0,0,0,0,0,0,0,3,3,2,0,1,0,1,4,1,0,1,2,0,0,0,0,0,0,0,0,0,0,1,0,0,3,1,1,2,0,2,1,1,2,1,1,0,0,0,0,0,2,1,0,0,0,0,0,0,0,0,1,1,0,0,2,2,4,3,11,9,8
51 - Κυκλάδων,195 E.T. Δήμου Πάρου,539,336,11,6,17,319,144,49,14,80,5,59,12,81,3,4,0,5,7,77,6,2,2,0,0,2,1,9,2,8,0,0,1,1,17,4,4,1,6,3,1,9,3,2,2,2,2,11,9,0,0,0,0,1,0,0,0,1,1,4,4,0,0,0,0,0,7,0,1,0,4,1,3,2,1,0,0,0,0,0,0,0,0,0,3,2,2,0,2,2,2,1,2,0,0,0,0,1,0,0,6,3,1,0,0,0,0,0,0,0,2,2,0,0,2,2,0,0,8,5,8
51 - Κυκλάδων,196 E.T. Δήμου Πάρου,495,266,4,2,6,260,108,73,7,46,1,29,5,50,4,2,1,2,18,36,31,12,7,3,3,15,4,15,2,13,0,0,1,1,11,5,5,1,0,2,2,4,4,3,0,0,1,6,4,3,1,0,0,0,0,0,0,0,0,3,1,5,4,3,1,1,5,0,2,1,5,0,0,0,0,0,0,0,0,0,0,0,0,0,0,0,0,0,0,0,0,0,5,1,2,0,0,0,0,0,0,0,0,0,1,1,0,0,0,0,5,1,1,3,3,3,0,0,5,1,1
51 - Κυκλάδων,197 E.T. Δήμου Πάρου,543,341,3,2,5,336,184,110,13,77,8,42,10,52,5,4,1,1,9,42,31,8,1,13,2,10,2,12,4,10,2,0,1,1,4,1,2,0,0,0,1,2,2,0,0,0,0,6,4,0,0,0,0,0,0,0,0,0,0,0,0,4,3,2,0,0,7,2,1,0,4,2,0,0,0,0,0,0,0,0,0,0,0,0,5,4,2,0,1,2,1,0,5,2,0,0,2,1,0,0,5,4,3,3,0,0,0,0,0,0,3,0,1,1,1,1,5,5,5,3,4
51 - Κυκλάδων,198 E.T. Δήμου Πάρου,396,243,5,2,7,236,96,53,7,30,5,49,0,52,4,8,0,3,7,44,21,5,1,2,2,12,6,18,2,15,0,2,3,2,6,3,1,0,2,2,1,7,1,3,2,0,1,7,7,1,1,0,0,1,1,0,0,0,1,3,3,1,1,1,0,0,5,1,1,0,2,1,0,0,0,0,0,0,0,0,0,0,0,0,1,0,1,0,1,1,1,1,4,1,2,1,3,1,0,0,0,0,0,0,2,1,1,1,0,0,2,2,0,1,0,0,2,2,6,4,5
51 - Κυκλάδων,199 E.T. Δήμου Πάρου,478,280,5,6,11,269,128,57,13,57,4,50,10,27,6,4,4,2,6,14,17,9,5,3,0,4,3,14,5,13,0,0,0,2,11,5,4,0,3,0,1,7,4,1,1,0,1,12,9,0,0,1,1,2,0,1,0,1,0,3,2,6,3,1,2,2,7,0,1,1,4,1,0,0,0,0,0,0,0,0,0,1,1,1,1,0,0,0,0,2,0,1,10,8,0,0,2,0,0,0,5,3,1,0,3,2,2,1,1,0,1,1,0,1,1,1,0,0,9,7,7
51 - Κυκλάδων,200 E.T. Δήμου Πάρου,477,256,2,7,9,247,111,64,3,40,6,41,6,29,2,5,2,3,7,22,20,6,4,3,1,6,5,17,6,14,0,0,1,2,7,3,1,0,0,0,1,5,1,0,1,0,3,10,7,0,0,0,0,1,1,0,0,0,0,0,0,7,1,2,0,1,15,1,2,1,9,2,1,1,0,0,0,0,0,0,0,0,0,0,0,0,0,0,0,1,0,0,5,4,1,0,0,1,0,0,2,1,0,0,0,0,0,0,0,0,4,1,0,2,1,1,2,0,9,3,3
51 - Κυκλάδων,201 E.T. Δήμου Πάρου,394,258,6,2,8,250,108,67,7,41,18,32,10,31,5,1,1,2,7,24,17,6,4,2,0,8,3,19,0,13,0,0,3,1,10,5,2,1,3,1,1,9,7,1,1,0,1,0,0,0,0,0,0,3,2,1,0,0,1,2,0,7,4,3,1,2,8,2,1,3,3,2,1,0,0,0,0,0,0,1,0,1,1,1,1,1,1,0,0,0,0,0,5,2,0,0,1,1,2,1,3,2,3,1,0,0,0,0,0,0,5,3,0,3,1,1,3,1,10,6,8
51 - Κυκλάδων,202 E.T. Δήμου Πάρου,404,244,10,1,11,233,127,71,17,49,8,36,14,31,5,7,2,0,8,25,20,7,2,4,5,6,4,10,0,7,0,0,2,0,5,3,3,0,1,0,1,6,5,1,1,0,2,2,2,0,0,0,0,1,1,1,0,0,0,2,1,2,0,0,1,1,8,1,3,1,3,2,0,0,1,1,1,0,0,0,0,1,0,1,0,0,0,0,0,1,0,0,1,0,0,0,0,0,0,0,3,1,1,1,0,0,0,0,0,0,2,1,0,1,0,0,1,1,8,5,7
51 - Κυκλάδων,203 E.T. Δήμου Πάρου,376,239,6,5,11,228,112,68,11,50,10,27,14,21,2,5,0,2,6,15,18,6,1,4,0,6,3,27,8,21,1,2,3,2,3,2,2,1,0,0,1,7,5,1,1,1,2,5,4,0,0,1,1,0,0,0,0,0,0,0,0,2,2,0,0,0,7,3,1,1,3,0,0,0,0,0,0,0,0,0,0,0,0,0,1,1,0,0,0,3,3,3,2,2,0,1,1,0,1,0,1,1,1,1,2,0,1,0,0,1,3,2,0,2,1,1,1,1,9,5,6
51 - Κυκλάδων,204 E.T. Δήμου Πάρου,517,323,6,3,9,314,147,99,17,69,7,28,8,55,10,7,4,2,12,39,18,10,1,3,0,7,2,27,9,20,1,1,2,3,11,3,3,1,3,3,0,13,7,4,0,0,3,8,3,0,0,0,0,0,0,0,0,0,0,3,1,1,0,1,1,0,7,1,1,3,5,1,0,0,0,0,0,0,0,1,1,1,1,1,2,0,1,0,1,0,0,0,2,1,0,0,0,0,0,0,3,3,0,0,0,0,0,0,0,0,5,3,2,1,1,0,2,0,7,4,5
51 - Κυκλάδων,205 E.T. Δήμου Πάρου,507,282,13,5,18,264,134,82,10,65,9,21,11,44,6,7,6,3,9,33,19,7,5,5,0,6,2,16,1,9,0,4,2,2,5,3,2,0,0,0,2,9,6,0,0,1,2,7,7,0,0,0,0,0,0,0,0,0,0,1,1,3,1,1,1,1,3,3,0,0,3,0,0,0,0,0,0,0,0,0,0,0,0,0,0,0,0,0,0,0,0,0,4,3,1,0,0,0,1,0,0,0,0,0,1,0,0,0,0,0,5,1,0,1,0,0,2,1,10,5,6
51 - Κυκλάδων,206 E.T. Δήμου Πάρου,505,304,15,2,17,287,105,61,5,48,10,16,6,67,8,6,2,11,12,54,26,7,3,10,1,16,3,13,3,11,0,0,0,0,19,6,9,0,1,1,5,12,6,0,1,2,4,2,2,0,0,0,0,6,3,1,1,2,3,3,2,0,0,0,0,0,8,1,1,0,6,2,1,0,0,0,0,0,0,1,0,0,0,0,2,0,0,1,0,2,2,1,5,2,1,1,1,4,0,0,4,1,1,1,1,0,1,0,0,0,4,3,0,1,0,0,1,0,4,3,2
51 - Κυκλάδων,207 E.T. Δήμου Πάρου,490,284,6,3,9,275,111,75,9,43,8,25,10,68,9,14,5,6,16,50,23,9,4,8,3,7,4,14,1,7,0,2,2,2,10,2,5,2,0,0,2,13,8,2,1,4,3,15,14,0,0,0,0,1,0,1,0,0,0,0,0,0,0,0,0,0,3,1,0,0,2,0,0,0,1,1,1,0,0,0,0,0,0,0,0,0,0,0,0,1,1,1,1,1,0,1,0,0,0,0,0,0,1,0,0,0,0,0,0,0,3,1,2,1,0,0,0,0,10,7,6
51 - Κυκλάδων,208 E.T. Δήμου Πάρου,504,314,15,4,19,295,135,91,8,64,11,26,6,43,7,8,0,3,12,32,42,15,8,17,6,12,3,8,2,6,0,0,1,1,13,5,7,2,3,3,2,4,3,1,2,0,2,12,11,0,0,0,0,0,0,0,0,0,0,3,3,2,2,1,0,0,4,0,2,0,4,0,0,0,1,1,1,0,0,0,0,1,0,0,1,0,0,0,0,2,0,0,0,0,0,0,0,0,0,0,1,0,1,0,4,1,1,0,0,0,8,4,0,7,3,2,0,0,7,4,6
51 - Κυκλάδων,209 E.T. Δήμου Πάρου,454,292,10,2,12,280,151,89,9,73,3,28,10,46,7,10,4,5,6,34,18,2,4,8,0,7,1,18,2,15,0,4,4,1,9,5,7,0,0,0,2,5,3,2,0,0,0,6,5,0,0,0,0,1,1,0,0,0,1,2,2,3,2,3,0,1,3,1,0,0,2,1,0,0,0,0,0,1,1,0,0,1,1,1,3,0,1,2,0,1,1,1,0,0,0,0,0,0,0,0,0,0,2,2,0,0,0,0,0,0,2,1,2,0,0,0,1,0,7,4,3
51 - Κυκλάδων,210 E.T. Δήμου Πάρου,521,306,20,1,21,285,111,51,9,38,4,53,8,60,8,10,5,1,18,41,21,4,5,1,2,5,3,18,1,15,0,3,3,2,8,4,0,2,0,1,1,7,3,1,1,1,0,4,2,0,0,0,0,1,0,0,0,0,0,0,0,10,2,2,3,2,11,4,1,0,7,1,0,0,0,0,0,0,0,1,1,1,1,1,2,2,1,0,1,0,0,0,4,0,1,0,0,2,0,0,3,2,2,2,0,0,0,0,0,0,5,1,1,2,0,0,1,0,15,8,8
51 - Κυκλάδων,211 E.T. Δήμου Πάρου,507,302,12,1,13,289,111,52,6,40,5,46,10,69,7,4,8,2,20,52,13,3,1,3,2,1,2,22,3,20,0,3,2,1,12,5,3,1,1,1,1,15,6,0,3,3,2,2,0,0,0,0,0,1,0,0,0,0,0,1,1,1,1,0,0,0,8,0,2,0,6,0,1,1,2,2,1,0,0,0,0,1,0,1,1,0,1,0,1,4,1,2,0,0,0,0,0,0,1,0,0,0,0,0,1,1,0,0,0,0,3,1,2,0,2,0,0,0,18,2,6
51 - Κυκλάδων,212 E.T. Δήμου Πάρου,515,298,8,2,10,288,116,52,12,42,8,41,20,55,5,9,4,5,17,40,16,7,4,1,1,5,5,36,3,29,2,1,4,4,5,0,1,1,1,0,1,7,3,2,1,0,1,4,4,0,0,0,0,2,0,0,0,0,0,0,0,0,0,0,0,0,8,0,1,0,6,2,1,1,1,1,1,0,0,2,0,1,0,0,2,1,0,1,0,0,0,0,3,1,0,0,1,0,1,1,4,4,3,2,1,1,0,0,0,0,4,2,0,2,1,1,1,1,14,10,10
51 - Κυκλάδων,213 E.T. Δήμου Πάρου,517,318,13,2,15,303,133,57,16,66,9,49,9,68,5,6,8,3,20,50,16,7,3,1,0,5,2,19,1,17,0,1,2,2,12,5,5,1,3,3,1,8,3,4,2,1,2,6,6,0,0,0,0,0,0,0,0,0,0,0,0,5,2,2,2,0,11,0,1,0,10,1,2,2,0,0,0,0,0,1,1,0,0,0,2,2,1,1,0,1,1,1,1,0,0,0,0,1,1,0,0,0,0,0,0,0,0,0,0,0,5,3,1,2,2,2,1,1,9,6,5
51 - Κυκλάδων,214 E.T. Δήμου Πάρου,529,291,14,5,19,272,126,50,10,48,5,43,18,48,10,12,4,2,12,31,16,6,1,5,0,6,2,14,5,12,0,0,0,1,8,1,0,1,1,1,2,4,3,1,0,2,0,5,5,1,1,0,0,1,0,0,0,1,1,1,0,6,1,0,0,1,3,0,0,0,3,0,0,0,1,1,1,0,0,0,0,0,0,0,1,0,1,1,0,1,1,0,10,5,2,2,1,1,1,0,1,1,0,0,4,0,3,2,0,0,11,2,0,2,0,0,0,0,9,5,6
51 - Κυκλάδων,215 E.T. Δήμου Πάρου,507,293,10,5,15,278,113,48,10,61,7,42,7,41,5,4,4,5,5,35,25,7,4,6,5,10,4,21,3,18,0,2,1,1,15,7,5,3,1,2,2,10,1,2,2,2,1,3,3,0,0,1,1,1,0,0,0,0,0,0,0,5,1,2,4,1,15,3,0,2,12,2,1,0,1,1,0,1,1,0,0,0,0,0,1,0,0,0,1,1,1,0,3,1,1,1,0,1,0,0,2,2,2,0,0,0,0,0,0,0,2,1,0,1,0,0,2,1,12,7,5
51 - Κυκλάδων,216 E.T. Δήμου Πάρου,525,274,6,4,10,264,111,48,15,37,4,42,13,59,4,19,5,3,14,36,21,6,3,3,0,6,4,19,2,15,0,1,2,3,4,1,1,0,1,1,0,12,8,3,0,2,1,0,0,0,0,0,0,3,1,1,0,0,0,3,1,1,0,0,1,1,3,0,1,0,3,0,0,0,0,0,0,0,0,0,0,1,0,0,1,0,1,0,1,2,0,0,4,0,0,1,1,1,1,1,0,0,2,1,0,0,0,0,0,0,2,2,0,0,0,0,0,0,15,4,6
51 - Κυκλάδων,217 E.T. Δήμου Πάρου,523,295,11,5,16,279,117,39,18,56,6,46,16,47,11,7,10,1,10,35,11,3,1,3,2,6,2,40,9,29,0,1,2,4,14,7,5,3,3,1,0,6,3,1,0,1,1,6,6,0,0,0,0,2,1,0,1,0,0,0,0,5,1,2,4,0,2,0,0,0,2,1,3,2,0,0,0,1,0,0,0,0,0,0,0,0,0,0,0,1,1,0,5,2,1,1,1,1,0,0,0,0,1,1,1,0,1,0,0,0,6,2,2,3,2,2,1,1,8,5,6
51 - Κυκλάδων,218 E.T. Δήμου Πάρου,532,349,9,3,12,337,158,75,15,73,7,42,19,76,4,11,4,4,24,50,13,2,9,0,0,2,2,11,2,9,0,0,2,2,10,6,3,1,1,1,2,8,3,4,1,3,1,8,6,1,0,0,0,1,1,1,0,0,0,2,2,4,2,1,1,0,15,6,1,2,8,1,1,1,2,1,2,0,0,1,0,0,0,0,0,0,0,0,0,2,1,1,3,1,1,2,2,0,1,1,2,1,1,1,1,0,0,0,1,1,2,1,0,1,1,0,4,4,9,4,6
51 - Κυκλάδων,219 E.T. Δήμου Πάρου,521,302,9,0,9,293,138,60,9,62,7,45,18,60,7,9,2,3,19,47,16,7,3,5,0,8,2,18,1,15,0,1,3,1,6,1,1,2,0,1,2,9,5,2,1,1,2,3,3,0,0,0,0,0,0,0,0,0,0,0,0,4,1,0,3,2,10,3,4,2,5,0,1,0,0,0,0,0,0,0,0,0,0,0,2,0,1,1,2,0,0,0,2,0,0,0,0,1,1,1,3,2,1,0,1,0,0,0,0,0,2,0,1,0,0,0,1,0,15,8,6
51 - Κυκλάδων,220 E.T. Δήμου Πάρου,509,304,9,3,12,292,139,62,6,68,4,59,10,49,5,5,9,0,14,35,19,4,3,5,1,12,6,15,2,13,0,1,2,0,12,6,5,2,2,2,2,13,5,2,0,1,4,6,4,1,1,0,0,1,0,0,0,0,0,1,1,2,0,0,1,0,9,2,1,0,6,0,1,1,0,0,0,1,1,0,0,0,0,0,0,0,0,0,0,2,2,0,3,1,0,1,1,1,0,0,2,1,2,1,1,0,0,0,0,0,1,0,0,0,1,0,0,0,11,5,7
51 - Κυκλάδων,221 E.T. Δήμου Σύρου - Ερμούπολης,368,221,7,1,8,213,67,22,3,12,5,21,36,50,1,5,3,39,15,3,29,4,2,23,4,9,1,19,0,0,15,1,6,2,4,1,1,0,1,0,1,3,1,1,1,0,0,13,9,1,0,0,0,1,0,0,0,0,0,0,0,1,1,1,0,0,3,1,0,0,0,2,0,0,0,0,0,0,0,1,1,1,1,1,2,1,0,1,0,2,1,0,4,1,2,1,0,0,0,0,1,0,0,0,0,0,0,0,0,0,1,0,0,0,2,2,1,1,7,5,5
51 - Κυκλάδων,222 E.T. Δήμου Σύρου - Ερμούπολης,367,259,5,0,5,254,96,27,3,28,6,28,57,53,8,3,6,37,9,8,33,1,1,25,2,4,2,20,1,0,17,2,3,4,5,5,3,0,1,1,0,8,3,0,1,1,4,11,8,0,0,0,0,2,1,0,1,0,0,3,2,0,0,0,0,0,2,0,0,1,2,0,0,0,0,0,0,0,0,0,0,0,0,0,1,0,0,1,0,2,2,2,7,0,6,0,1,0,0,0,0,0,1,1,1,0,1,1,0,0,2,2,1,0,2,2,0,0,5,2,4
51 - Κυκλάδων,223 E.T. Δήμου Σύρου - Ερμούπολης,376,234,3,4,7,227,83,18,3,23,8,23,51,63,6,4,2,43,12,4,32,2,0,22,9,9,4,9,0,0,7,1,0,1,3,1,2,0,0,1,2,6,1,1,1,0,1,4,4,0,0,0,0,0,0,0,0,0,0,3,1,3,1,2,0,0,1,0,0,0,0,0,0,0,0,0,0,0,0,0,0,1,1,1,0,0,0,0,0,1,0,1,4,0,1,1,0,0,0,0,0,0,1,0,1,1,0,1,0,0,3,3,0,1,3,2,0,0,6,3,4
51 - Κυκλάδων,224 E.T. Δήμου Σύρου - Ερμούπολης,329,207,6,3,9,198,75,13,4,17,6,30,44,42,5,6,0,34,10,2,31,4,1,28,0,0,4,7,0,2,4,0,0,1,7,3,2,0,1,0,2,1,0,0,0,0,0,3,3,0,0,0,0,1,0,0,0,0,1,3,3,1,1,1,0,0,5,3,0,0,2,1,1,1,0,0,0,0,0,0,0,0,0,0,3,0,1,1,2,0,0,0,6,2,2,1,2,1,0,0,1,1,0,0,0,0,0,0,0,0,3,1,0,1,3,2,0,0,5,4,4
51 - Κυκλάδων,225 E.T. Δήμου Σύρου - Ερμούπολης,393,232,5,2,7,225,90,31,2,24,9,31,55,47,2,6,2,35,11,3,31,1,0,27,5,6,7,7,0,1,6,0,2,3,9,1,2,0,1,1,0,8,2,1,3,3,2,8,7,2,2,0,0,1,1,0,0,0,1,4,4,2,1,0,0,0,2,1,0,0,1,1,1,1,0,0,0,0,0,0,0,0,0,0,1,0,0,0,1,0,0,0,4,0,3,0,1,2,0,0,0,0,0,0,1,1,1,0,0,0,2,1,0,0,0,0,0,0,5,2,2
51 - Κυκλάδων,226 E.T. Δήμου Σύρου - Ερμούπολης,444,285,14,6,20,265,144,27,7,41,5,50,89,22,2,5,1,12,2,3,32,4,2,26,2,4,2,9,0,0,6,0,0,0,3,0,0,1,0,0,0,15,6,4,1,3,3,3,3,0,0,0,0,1,1,1,0,0,0,3,3,3,2,0,0,0,0,0,0,0,0,0,0,0,0,0,0,0,0,1,1,1,1,1,4,0,1,0,2,1,0,0,11,1,10,2,2,1,0,0,0,0,1,1,1,1,0,0,0,0,1,1,0,0,0,0,0,0,9,5,2
51 - Κυκλάδων,227 E.T. Δήμου Σύρου - Ερμούπολης,539,364,8,3,11,353,139,24,9,25,14,34,77,72,1,9,11,43,26,2,55,2,0,50,1,5,2,13,0,1,12,1,4,2,13,3,3,3,3,0,1,13,3,0,1,0,2,5,4,0,0,0,0,1,0,0,0,0,0,4,3,1,0,0,0,0,2,1,0,0,1,0,0,0,0,0,0,0,0,0,0,1,0,0,2,0,0,0,0,0,0,0,8,1,7,0,0,0,0,0,2,2,1,0,0,0,0,0,0,0,5,4,0,2,0,0,1,1,15,10,10
51 - Κυκλάδων,228 E.T. Δήμου Σύρου - Ερμούπολης,170,121,5,2,7,114,48,13,3,12,4,14,32,22,2,4,5,13,7,1,19,1,0,19,4,3,0,7,1,0,3,3,2,1,2,1,0,0,1,1,1,5,1,0,1,0,1,3,3,0,0,0,0,0,0,0,0,0,0,0,0,1,1,1,0,0,1,0,1,0,0,0,0,0,0,0,0,0,0,0,0,0,0,0,1,0,0,0,0,0,0,0,2,1,2,0,0,0,0,0,0,0,0,0,0,0,0,0,0,0,1,0,0,0,0,0,1,0,1,0,0
51 - Κυκλάδων,229 E.T. Δήμου Σύρου - Ερμούπολης,483,261,5,6,11,250,103,30,2,30,8,25,49,44,3,6,7,21,18,7,30,8,3,23,3,2,1,16,0,1,13,1,1,1,8,2,1,0,3,1,0,7,4,0,0,1,2,9,7,0,0,0,0,3,0,2,0,0,1,1,1,3,1,0,1,1,4,1,0,1,3,0,0,0,0,0,0,0,0,0,0,0,0,0,2,0,0,1,0,0,0,0,4,1,2,0,0,1,0,0,3,3,2,2,0,0,0,0,0,0,0,0,0,0,2,2,0,0,9,2,2
51 - Κυκλάδων,230 E.T. Δήμου Σύρου - Ερμούπολης,489,320,3,6,9,311,122,48,5,29,8,32,55,61,13,3,1,29,13,9,33,1,0,28,4,3,2,22,4,3,10,2,6,4,12,3,4,0,1,4,2,8,4,1,3,0,2,4,3,1,0,0,0,1,1,0,0,0,0,2,1,1,0,0,0,0,10,3,2,0,8,0,0,0,0,0,0,0,0,2,1,1,1,0,1,0,1,0,1,2,0,1,5,0,3,0,0,0,0,0,0,0,3,1,2,1,1,1,1,0,5,3,1,2,2,2,0,0,11,8,8
51 - Κυκλάδων,231 E.T. Δήμου Σύρου - Ερμούπολης,507,308,5,4,9,299,116,27,3,43,6,36,53,70,10,14,5,40,22,12,30,3,4,21,0,5,1,14,3,1,10,1,2,1,8,4,2,1,2,1,2,9,3,2,3,2,3,7,6,1,1,0,0,2,0,1,0,0,1,2,1,1,1,0,1,0,6,1,1,0,5,1,0,0,0,0,0,0,0,0,0,3,2,2,1,0,0,1,0,3,1,0,5,0,2,1,1,1,0,0,5,5,2,1,0,0,0,0,0,0,2,2,0,2,4,4,0,0,8,6,6
51 - Κυκλάδων,232 E.T. Δήμου Σύρου - Ερμούπολης,487,294,4,2,6,288,111,37,1,28,5,39,61,57,1,5,2,44,14,7,35,5,5,25,7,7,0,19,3,3,15,1,4,2,12,3,4,1,3,1,1,6,2,1,1,1,1,14,10,2,1,0,0,2,0,2,0,1,1,3,2,4,3,2,2,0,4,2,0,0,4,0,0,0,0,0,0,0,0,0,0,1,1,1,1,0,1,1,0,0,0,0,2,0,2,0,0,0,0,0,2,1,0,0,0,0,0,0,0,0,2,0,2,2,5,5,0,0,6,4,2
51 - Κυκλάδων,233 E.T. Δήμου Σύρου - Ερμούπολης,491,269,5,1,6,263,105,39,6,29,5,30,40,62,6,5,4,32,20,5,29,1,0,23,4,2,1,19,1,2,10,0,3,1,6,1,2,2,1,1,3,7,2,1,3,1,2,0,0,1,1,0,0,1,1,0,0,0,1,1,0,0,0,0,0,0,2,1,0,0,2,0,0,0,0,0,0,0,0,0,0,0,0,0,2,0,0,0,0,2,1,0,7,1,4,0,0,0,0,0,1,0,0,0,1,1,0,1,0,0,7,2,0,3,3,2,0,0,7,4,4
51 - Κυκλάδων,234 E.T. Δήμου Σύρου - Ερμούπολης,531,329,11,3,14,315,128,39,3,40,3,37,79,79,9,4,9,44,23,9,43,6,6,35,5,5,5,20,1,0,14,0,6,3,5,0,0,0,1,0,1,9,4,2,2,1,4,4,3,0,0,0,0,0,0,0,0,0,0,2,2,2,1,1,0,0,2,1,0,0,2,0,1,0,0,0,0,0,0,0,0,1,1,1,0,0,0,0,0,1,1,1,5,0,1,0,3,2,0,0,1,1,1,1,0,0,0,0,0,0,1,0,0,0,5,4,0,0,5,3,2
51 - Κυκλάδων,235 E.T. Δήμου Σύρου - Ερμούπολης,505,301,17,2,19,282,114,38,4,49,6,33,51,58,6,11,6,25,15,6,35,1,5,22,4,5,8,13,1,1,7,2,3,3,12,7,3,1,1,3,2,12,2,2,1,2,7,2,2,0,0,0,0,5,1,2,0,0,1,3,3,1,1,1,0,0,5,1,0,1,2,0,0,0,0,0,0,0,0,0,0,0,0,0,3,1,1,0,1,0,0,0,3,2,3,0,1,0,1,0,2,2,1,1,0,0,0,0,0,0,3,1,0,3,1,1,0,0,8,2,7
51 - Κυκλάδων,236 E.T. Δήμου Σύρου - Ερμούπολης,497,288,5,3,8,280,107,31,1,38,4,30,60,64,9,5,6,32,19,12,36,4,3,30,1,3,4,20,0,1,16,0,4,2,7,2,0,2,1,1,1,9,4,3,1,2,3,11,10,0,0,0,0,1,0,1,1,0,0,0,0,5,1,0,1,3,0,0,0,0,0,0,1,1,0,0,0,0,0,0,0,1,0,1,2,1,0,1,0,0,0,0,3,1,2,0,0,0,1,1,0,0,0,0,0,0,0,0,0,0,1,0,0,1,1,1,0,0,10,5,6
51 - Κυκλάδων,237 E.T. Δήμου Σύρου - Ερμούπολης,501,281,1,4,5,276,113,32,3,25,5,27,56,55,5,4,3,36,7,4,18,3,1,13,0,2,3,16,1,4,10,0,4,2,5,3,2,0,1,1,0,10,3,2,0,1,1,8,7,0,0,0,0,1,0,0,0,0,0,5,5,3,0,1,0,0,4,0,0,0,1,0,0,0,1,1,1,0,0,0,0,0,0,0,6,1,0,0,2,0,0,0,5,1,3,1,0,0,1,0,6,4,1,1,1,0,0,0,0,0,3,1,1,0,2,2,1,1,11,5,5
51 - Κυκλάδων,238 E.T. Δήμου Σύρου - Ερμούπολης,500,286,1,1,2,284,121,43,6,34,9,38,69,47,3,5,5,26,10,8,36,1,2,27,5,2,6,19,0,2,16,0,1,0,9,2,3,1,2,1,3,11,7,1,0,1,5,4,3,0,0,0,0,0,0,0,0,0,0,2,2,4,2,1,0,1,4,1,1,1,2,2,1,1,1,1,1,0,0,0,0,0,0,0,1,0,0,0,0,2,2,1,7,0,5,1,1,0,0,0,2,2,0,0,1,0,1,0,1,0,3,2,1,3,4,4,0,0,5,2,2
51 - Κυκλάδων,239 E.T. Δήμου Σύρου - Ερμούπολης,509,292,8,3,11,281,131,36,2,45,9,38,58,66,10,3,7,35,20,10,22,2,1,17,1,3,4,12,0,1,7,0,5,4,8,5,1,2,2,0,1,8,3,1,0,0,0,3,3,0,0,0,0,3,1,2,0,0,0,1,1,0,0,0,0,0,4,2,1,1,2,0,0,0,0,0,0,1,0,0,0,0,0,0,1,0,0,0,0,1,1,0,4,0,4,1,0,0,0,0,0,0,1,0,0,0,0,0,0,0,1,0,0,0,3,3,0,0,11,5,5
51 - Κυκλάδων,240 E.T. Δήμου Σύρου - Ερμούπολης,494,268,2,2,4,264,106,39,4,31,2,30,56,49,5,7,11,25,17,9,40,6,3,29,3,3,6,12,0,1,11,0,1,3,16,9,8,2,1,0,1,6,1,0,0,0,1,3,3,0,0,0,0,0,0,0,0,0,0,1,1,3,1,1,1,0,3,1,0,0,2,1,0,0,0,0,0,0,0,0,0,1,1,1,1,1,0,0,1,1,0,0,6,0,4,0,0,0,0,0,4,1,0,0,0,0,0,0,0,0,2,0,0,0,2,2,0,0,8,2,5
51 - Κυκλάδων,241 E.T. Δήμου Σύρου - Ερμούπολης,521,296,13,5,18,278,122,35,3,41,10,38,57,58,8,5,2,38,20,4,28,1,3,21,3,4,3,14,1,2,14,1,1,0,8,1,1,2,2,3,0,8,2,0,0,0,2,4,4,0,0,1,0,2,1,1,1,0,0,2,1,4,0,0,1,1,3,2,0,0,0,0,1,0,1,0,0,0,0,0,0,0,0,0,1,0,0,1,0,2,1,0,4,0,3,0,2,0,0,0,1,0,0,0,0,0,0,0,0,0,6,3,2,3,2,2,0,0,6,3,3
51 - Κυκλάδων,242 E.T. Δήμου Σύρου - Ερμούπολης,538,319,10,7,17,302,132,23,6,41,8,32,75,49,4,3,7,24,17,6,35,3,1,29,0,4,3,16,3,0,5,1,4,0,13,5,3,2,2,3,3,10,3,3,2,0,2,4,4,0,0,0,0,1,1,1,0,0,0,6,3,5,2,1,1,0,4,0,2,0,2,1,1,0,0,0,0,0,0,0,0,0,0,0,1,0,1,0,1,2,1,0,7,1,3,2,0,1,0,0,0,0,0,0,0,0,0,0,0,0,6,4,2,2,3,3,0,0,7,3,7
51 - Κυκλάδων,243 E.T. Δήμου Σύρου - Ερμούπολης,501,288,6,1,7,281,88,22,2,31,3,31,42,64,13,5,2,41,23,14,54,8,2,44,3,13,8,15,1,2,9,1,2,6,10,6,3,1,2,1,0,12,5,4,3,1,2,5,4,0,0,0,0,0,0,0,0,0,0,2,2,2,1,1,1,1,5,2,0,0,2,0,1,1,1,0,0,0,0,0,0,1,0,0,0,0,0,0,0,1,1,0,3,0,2,1,2,0,0,0,1,0,0,0,1,1,0,1,0,0,4,1,0,2,1,1,0,0,10,5,7
51 - Κυκλάδων,244 E.T. Δήμου Σύρου - Ερμούπολης,530,306,6,2,8,298,95,23,3,32,8,23,50,84,8,9,14,49,20,16,41,5,6,27,3,4,8,18,1,1,11,0,4,5,12,5,5,3,2,0,1,12,5,2,1,2,5,1,1,0,0,0,0,1,0,1,0,0,1,1,1,0,0,0,0,0,2,0,1,0,0,2,1,0,0,0,0,0,0,0,0,1,1,1,4,0,0,0,0,1,0,0,5,0,3,1,0,0,1,0,3,3,0,0,1,0,0,0,0,0,3,2,0,1,3,2,0,0,8,5,3
51 - Κυκλάδων,245 E.T. Δήμου Σύρου - Ερμούπολης,483,267,11,1,12,255,116,30,0,34,6,41,61,56,6,2,3,37,12,11,28,3,4,17,2,6,5,5,0,0,3,0,0,0,13,6,3,0,3,2,3,3,2,0,0,0,2,5,5,0,0,0,0,0,0,0,0,0,0,2,0,2,1,1,0,0,3,1,2,1,0,0,0,0,0,0,0,0,0,0,0,0,0,0,0,0,0,0,0,0,0,0,3,0,2,0,0,0,1,1,1,1,0,0,1,1,0,0,0,1,1,1,0,1,3,1,1,1,11,5,6
51 - Κυκλάδων,246 E.T. Δήμου Σύρου - Ερμούπολης,493,278,11,1,12,266,117,31,2,27,13,23,74,40,8,6,5,18,9,12,35,3,1,28,1,6,2,16,0,0,9,2,3,1,5,0,1,1,0,1,0,10,3,2,0,1,4,11,6,1,1,0,0,1,0,0,0,1,1,4,2,1,0,0,1,0,2,1,0,0,1,1,0,0,0,0,0,0,0,0,0,1,1,0,1,0,1,0,1,1,1,1,3,1,1,0,1,0,0,0,1,1,0,0,0,0,0,0,0,0,6,1,0,0,2,2,0,0,8,3,2
51 - Κυκλάδων,247 E.T. Δήμου Σύρου - Ερμούπολης,499,283,7,2,9,274,83,24,3,23,6,10,46,72,16,11,8,35,10,9,33,3,2,25,1,5,2,22,1,2,16,0,1,1,7,4,2,2,1,1,1,8,4,0,1,2,1,15,9,0,0,0,0,1,1,0,0,0,1,0,0,3,1,1,1,1,5,3,0,0,5,0,0,0,0,0,0,0,0,0,0,1,1,1,1,0,0,0,0,0,0,0,10,1,8,3,1,0,0,0,0,0,1,1,1,0,0,0,0,0,2,1,1,0,0,0,0,0,9,3,7
51 - Κυκλάδων,248 E.T. Δήμου Σύρου - Ερμούπολης,517,296,3,3,6,290,88,24,1,37,14,23,38,66,9,6,6,46,13,8,46,3,3,36,4,5,2,16,0,5,10,1,2,2,9,5,4,0,1,3,1,14,3,3,1,2,6,7,7,0,0,0,0,1,0,0,0,0,0,5,1,3,1,0,0,2,2,0,1,1,2,0,0,0,1,0,0,0,0,0,0,0,0,0,0,0,0,0,0,2,0,0,8,2,5,1,1,2,0,0,3,3,1,0,2,0,1,1,0,0,5,1,1,2,2,2,0,0,9,2,5
51 - Κυκλάδων,249 E.T. Δήμου Σύρου - Ερμούπολης,505,310,8,2,10,300,108,35,11,35,8,28,59,81,13,9,6,43,29,12,40,4,2,34,1,8,1,12,1,2,9,2,1,2,9,6,3,0,1,1,0,12,6,4,0,0,4,13,11,0,0,0,0,0,0,0,0,0,0,1,0,1,0,0,0,0,2,0,0,0,2,0,0,0,0,0,0,0,0,0,0,0,0,0,1,0,0,1,1,0,0,0,2,0,1,0,0,0,0,0,2,1,0,0,1,0,0,0,0,0,3,0,0,2,1,1,1,1,10,8,7
51 - Κυκλάδων,250 E.T. Δήμου Σύρου - Ερμούπολης,501,281,12,2,14,267,122,37,4,32,10,30,67,52,4,5,5,38,6,9,21,1,0,18,1,3,1,15,0,0,9,0,2,1,3,2,0,0,0,1,1,11,4,4,0,0,2,8,5,1,1,0,0,2,2,1,0,0,1,1,1,3,2,1,0,0,0,0,0,0,0,0,1,0,1,0,0,0,0,0,0,3,2,1,2,1,0,0,1,0,0,0,2,1,1,0,0,0,0,0,1,0,1,1,0,0,0,0,0,0,3,1,0,1,0,0,0,0,14,3,5
51 - Κυκλάδων,251 E.T. Δήμου Σύρου - Ερμούπολης,597,308,11,0,11,297,140,33,7,44,8,35,85,59,7,6,6,32,17,11,16,1,3,12,0,0,2,14,0,1,9,0,1,4,16,7,5,4,3,3,1,13,6,5,1,3,3,5,4,0,0,0,0,1,0,1,1,0,0,1,0,3,2,1,0,1,3,0,0,1,3,0,0,0,0,0,0,1,1,1,0,1,0,0,1,0,0,0,0,3,1,0,0,0,0,0,0,0,0,0,1,0,2,1,0,0,0,0,0,0,2,2,0,1,2,2,1,1,11,6,6
51 - Κυκλάδων,252 E.T. Δήμου Σύρου - Ερμούπολης,500,312,4,1,5,307,122,34,7,36,6,32,77,61,6,11,3,41,16,10,27,6,2,23,1,7,3,21,1,0,16,5,4,3,13,7,1,2,3,1,2,7,2,1,1,1,4,11,10,0,0,0,0,2,1,0,0,0,1,4,2,4,1,3,2,1,3,2,0,0,2,1,0,0,0,0,0,0,0,1,0,1,1,0,0,0,0,0,0,1,1,1,2,0,2,0,0,0,0,0,1,1,1,1,2,0,2,2,0,0,4,1,2,0,2,2,0,0,17,10,9
51 - Κυκλάδων,253 E.T. Δήμου Σύρου - Ερμούπολης,493,287,2,4,6,281,96,28,0,40,6,31,46,73,7,18,11,31,28,5,32,2,1,28,0,6,3,17,0,1,13,2,4,4,7,0,2,2,0,2,2,16,7,6,5,1,9,9,8,0,0,0,0,4,2,2,0,0,2,2,2,1,0,0,0,0,2,1,0,1,2,0,0,0,1,1,1,0,0,0,0,0,0,0,2,0,0,0,0,0,0,0,5,0,4,0,1,2,0,0,3,3,0,0,1,0,0,0,0,0,4,1,0,3,1,0,0,0,5,3,4
51 - Κυκλάδων,254 E.T. Δήμου Σύρου - Ερμούπολης,508,272,6,4,10,262,103,27,2,29,11,26,61,51,10,6,4,28,15,6,43,4,2,35,4,13,2,12,2,1,8,1,1,4,12,7,7,0,1,2,1,4,0,2,1,0,4,7,6,0,0,0,0,3,1,0,1,0,1,2,2,3,2,0,0,0,2,1,0,0,1,0,0,0,0,0,0,0,0,0,0,1,1,0,1,1,0,1,0,0,0,0,4,0,4,2,0,0,0,0,1,1,0,0,1,0,0,0,0,0,1,0,1,1,5,5,0,0,6,1,3
51 - Κυκλάδων,255 E.T. Δήμου Σύρου - Ερμούπολης,476,291,7,2,9,282,116,30,6,37,5,20,66,44,5,4,5,16,18,4,33,2,4,27,0,8,3,28,6,2,9,2,5,0,7,2,3,1,0,2,2,10,1,0,0,0,3,4,4,0,0,0,0,3,1,0,0,0,0,2,2,2,1,0,0,0,2,0,1,0,0,1,0,0,1,1,1,0,0,0,0,2,2,1,1,1,1,0,0,0,0,0,5,1,4,0,0,0,0,0,3,1,1,1,1,0,0,0,0,0,3,1,0,0,2,2,0,0,12,8,7
51 - Κυκλάδων,256 E.T. Δήμου Σύρου - Ερμούπολης,398,246,13,1,14,232,107,36,4,35,5,29,62,48,7,5,10,33,13,4,32,4,2,26,3,8,3,6,0,2,4,2,0,1,5,2,2,0,0,1,1,14,4,6,5,2,3,1,1,0,0,0,0,0,0,0,0,0,0,0,0,2,0,1,0,0,2,0,0,1,1,0,1,0,0,0,0,0,0,0,0,0,0,0,2,1,0,1,0,0,0,0,1,0,0,0,0,0,0,0,2,1,1,0,0,0,0,0,0,0,3,1,0,1,1,1,1,1,3,2,2
51 - Κυκλάδων,257 E.T. Δήμου Σύρου - Ερμούπολης,425,270,7,3,10,260,109,28,8,30,5,39,56,46,6,6,3,23,11,7,42,2,2,36,1,6,4,9,0,0,4,0,1,1,7,2,2,0,1,1,1,14,7,4,1,1,1,7,6,0,0,0,0,2,1,1,0,0,0,2,2,2,0,0,1,2,3,1,0,0,1,1,0,0,0,0,0,0,0,1,0,0,0,0,1,0,0,0,0,0,0,0,1,0,1,1,0,0,0,0,1,1,2,1,1,1,0,0,0,0,4,2,0,1,0,0,0,0,6,3,4
51 - Κυκλάδων,258 E.T. Δήμου Σύρου - Ερμούπολης,367,225,10,1,11,214,89,26,3,23,5,24,57,38,7,2,4,29,12,5,21,1,2,18,0,4,0,10,5,3,4,0,3,1,10,2,3,2,3,4,0,8,1,0,3,2,4,3,1,0,0,0,0,0,0,0,0,0,0,2,0,3,1,2,1,1,2,0,0,0,2,1,1,1,1,1,1,0,0,0,0,0,0,0,1,0,0,1,0,1,1,0,10,1,9,1,3,3,0,0,1,1,0,0,0,0,0,0,0,0,2,2,1,1,4,4,0,0,7,5,4
51 - Κυκλάδων,259 E.T. Δήμου Σύρου - Ερμούπολης,376,258,16,3,19,239,97,25,6,27,5,20,47,52,5,7,6,36,11,8,38,3,1,36,0,3,2,6,1,0,2,1,1,1,9,3,3,0,1,0,1,4,1,0,0,2,4,3,1,0,0,0,0,1,0,1,0,0,0,0,0,0,0,0,0,0,2,0,1,0,0,1,0,0,0,0,0,0,0,0,0,0,0,0,2,1,0,1,2,2,1,0,3,1,1,0,0,0,0,0,2,1,1,0,0,0,0,0,0,0,3,0,1,0,3,3,3,1,8,3,3
51 - Κυκλάδων,260 E.T. Δήμου Σύρου - Ερμούπολης,408,295,9,1,10,285,86,30,3,14,7,21,44,54,6,6,2,26,12,7,59,2,2,51,1,7,3,14,1,0,9,3,2,4,13,4,3,1,0,1,0,18,6,2,2,1,8,8,5,0,0,0,0,2,1,1,0,1,0,0,0,4,1,2,1,1,1,0,0,0,0,0,0,0,0,0,0,0,0,0,0,1,0,0,1,1,0,0,1,0,0,0,7,0,5,0,1,0,0,0,0,0,1,1,1,0,1,0,1,0,6,1,1,0,1,1,0,0,8,4,5
51 - Κυκλάδων,261 E.T. Δήμου Σύρου - Ερμούπολης,398,265,9,2,11,254,102,28,4,36,6,36,54,33,1,4,3,22,10,4,50,0,0,40,0,5,2,18,6,4,9,0,5,5,12,5,3,2,3,2,1,13,2,3,0,1,6,8,8,0,0,1,0,1,0,0,0,0,0,0,0,2,0,0,0,0,1,0,0,0,0,0,0,0,2,0,0,0,0,1,1,0,0,0,2,0,0,1,0,0,0,0,1,0,1,0,0,0,0,0,1,1,0,0,0,0,0,0,0,0,2,0,2,1,0,0,0,0,4,3,1
51 - Κυκλάδων,262 E.T. Δήμου Σύρου - Ερμούπολης,660,459,8,1,9,450,223,54,7,45,16,94,127,58,5,11,5,31,17,5,58,5,4,53,4,7,3,21,3,2,8,2,1,1,14,4,5,5,3,3,2,19,12,4,1,3,5,11,9,0,0,0,0,4,1,2,3,0,2,2,2,2,1,0,2,1,2,1,0,0,1,0,0,0,0,0,0,0,0,0,0,1,1,1,3,1,1,2,0,2,1,0,8,1,7,0,0,1,1,0,3,1,2,1,1,1,0,0,0,1,4,1,1,2,1,0,1,0,9,0,4
51 - Κυκλάδων,263 E.T. Δήμου Σύρου - Ερμούπολης,406,259,9,3,12,247,115,37,6,25,9,44,49,43,3,8,2,25,13,4,19,0,0,18,1,3,1,14,0,1,9,0,2,1,7,2,2,2,2,0,0,10,3,1,1,0,5,7,6,1,0,0,0,0,0,0,0,0,0,8,6,2,0,1,0,0,1,0,0,0,1,0,0,0,0,0,0,0,0,0,0,0,0,0,0,0,0,0,0,2,1,1,1,0,1,0,0,0,0,0,2,1,1,1,1,0,0,0,0,0,0,0,0,0,1,1,0,0,12,6,7
51 - Κυκλάδων,264 E.T. Δήμου Σύρου - Ερμούπολης,386,270,9,1,10,260,129,32,9,21,26,40,57,29,1,0,2,21,8,2,41,0,0,36,3,5,1,13,0,3,7,0,1,1,4,1,2,0,1,0,0,6,3,2,2,0,2,4,4,0,0,0,0,0,0,0,0,0,0,1,0,3,0,1,0,0,2,1,0,1,2,0,2,1,0,0,0,0,0,1,0,1,0,0,1,0,0,0,0,0,0,0,5,1,4,0,1,1,1,1,2,0,1,1,0,0,0,0,0,0,3,0,0,1,4,2,0,0,7,3,4
51 - Κυκλάδων,265 E.T. Δήμου Τήνου,533,304,3,0,3,301,145,58,2,42,7,98,3,55,10,4,10,27,16,6,41,3,3,6,27,8,5,12,1,1,1,0,10,2,5,1,3,1,0,1,0,8,5,1,1,2,1,6,4,1,0,0,0,0,0,0,0,0,0,1,1,1,0,1,0,0,0,0,0,0,0,0,0,0,0,0,0,0,0,0,0,0,0,0,2,1,0,0,1,0,0,0,0,0,0,0,0,0,0,0,2,2,1,0,0,0,0,0,0,0,17,17,1,1,0,0,0,0,4,1,3
51 - Κυκλάδων,266 E.T. Δήμου Τήνου,247,89,2,0,2,87,33,14,3,3,3,13,4,8,0,2,2,5,2,2,26,1,2,9,18,4,9,7,0,3,1,0,5,2,2,0,1,0,0,0,0,2,0,0,1,1,0,1,0,0,0,0,0,1,0,0,0,0,0,0,0,1,1,0,0,0,0,0,0,0,0,0,0,0,0,0,0,0,0,0,0,0,0,0,0,0,0,0,0,0,0,0,0,0,0,0,0,0,0,0,2,0,0,0,0,0,0,0,0,0,4,4,0,0,0,0,0,0,0,0,0
51 - Κυκλάδων,267 E.T. Δήμου Τήνου,597,353,0,0,0,353,182,65,6,20,14,116,9,63,9,6,2,29,18,9,49,7,7,10,18,11,6,9,0,2,2,1,6,2,6,2,3,0,0,1,2,6,1,1,1,1,2,3,3,0,0,0,0,1,0,0,0,0,0,2,2,1,0,0,0,1,2,0,0,0,2,0,0,0,0,0,0,0,0,0,0,0,0,0,1,1,0,0,1,0,0,0,1,0,0,0,0,0,0,0,1,0,0,0,6,1,1,0,1,0,11,7,1,3,0,0,1,1,8,6,5
51 - Κυκλάδων,268 E.T. Δήμου Τήνου,207,110,0,2,2,108,47,32,1,17,6,20,5,21,3,3,5,11,8,0,16,4,1,3,11,1,9,11,2,2,4,1,8,2,0,0,0,0,0,0,0,3,2,1,0,0,0,2,1,0,0,0,0,1,0,1,0,0,0,1,1,1,0,0,1,1,0,0,0,0,0,0,0,0,0,0,0,0,0,0,0,0,0,0,0,0,0,0,0,0,0,0,0,0,0,0,0,0,0,0,0,0,0,0,3,2,0,0,1,0,2,1,0,1,0,0,0,0,0,0,0
51 - Κυκλάδων,269 E.T. Δήμου Τήνου,440,285,6,2,8,277,132,57,2,21,6,82,16,46,12,9,5,16,10,6,28,3,3,3,21,8,4,23,1,0,0,0,15,8,9,4,4,0,2,1,2,13,7,3,5,2,5,2,1,0,0,0,0,2,0,0,2,0,0,1,1,1,0,0,0,0,3,3,0,2,1,0,0,0,0,0,0,0,0,2,1,0,0,0,1,1,0,0,1,0,0,0,0,0,0,0,0,0,0,0,0,0,1,1,0,0,0,0,0,0,7,4,1,0,2,1,0,0,4,3,2
51 - Κυκλάδων,270 E.T. Δήμου Τήνου,504,301,11,1,12,289,103,50,1,21,2,73,8,58,4,5,6,35,13,4,52,4,6,10,33,8,15,22,0,3,2,0,17,6,5,3,2,1,0,0,0,9,5,1,1,1,2,0,0,1,1,0,0,2,0,1,1,0,1,0,0,1,0,0,0,1,0,0,0,0,0,0,0,0,0,0,0,0,0,0,0,0,0,0,1,1,0,0,1,0,0,0,2,0,0,0,0,0,0,0,1,0,1,0,1,1,1,0,0,0,20,17,1,2,1,1,0,0,9,4,5
51 - Κυκλάδων,271 E.T. Δήμου Τήνου,418,267,8,5,13,254,127,45,4,26,9,94,14,38,3,3,0,26,13,3,35,3,6,3,19,9,4,10,1,1,1,1,7,5,6,0,0,2,1,0,1,3,2,2,0,0,0,3,1,0,0,0,0,0,0,0,0,0,0,0,0,2,1,1,0,0,4,1,0,0,4,1,0,0,0,0,0,0,0,0,0,0,0,0,0,0,0,0,0,0,0,0,2,0,0,1,0,0,0,0,0,0,0,0,2,0,0,0,0,0,16,12,0,0,1,0,0,0,5,2,1
51 - Κυκλάδων,272 E.T. Δήμου Τήνου,434,255,4,3,7,248,134,45,1,41,7,92,1,35,3,5,1,17,9,5,21,1,0,1,14,4,4,19,2,0,1,1,12,3,4,2,1,2,1,0,0,4,1,2,3,0,0,5,3,0,0,0,0,1,1,0,1,0,0,1,0,0,0,0,0,0,4,1,0,0,2,2,1,0,0,0,0,0,0,0,0,0,0,0,1,0,1,0,0,0,0,0,3,0,0,0,0,1,0,0,0,0,1,0,2,2,1,0,0,0,6,6,0,1,1,1,0,0,5,4,2
51 - Κυκλάδων,273 E.T. Δήμου Τήνου,196,114,1,1,2,112,41,16,1,0,0,33,0,21,4,5,1,7,7,2,11,1,0,0,9,2,1,25,0,0,9,2,25,0,1,0,1,0,0,0,0,2,0,0,0,0,0,1,1,0,0,0,0,1,0,0,0,0,0,1,0,0,0,0,0,0,1,0,0,0,1,1,0,0,0,0,0,0,0,0,0,0,0,0,0,0,0,0,0,0,0,0,1,0,0,1,0,1,0,0,0,0,0,0,5,0,0,0,4,0,0,0,0,0,0,0,0,0,1,1,1
51 - Κυκλάδων,274 E.T. Δήμου Τήνου,456,292,4,1,5,287,119,54,6,35,2,88,4,57,6,5,13,37,21,4,52,8,4,2,32,14,8,16,1,0,1,0,12,4,11,5,5,1,1,3,4,6,3,2,0,0,1,4,3,0,0,0,0,3,2,1,0,0,2,0,0,0,0,0,0,0,2,1,1,0,2,0,0,0,1,1,0,0,0,0,0,0,0,0,1,1,0,0,1,2,2,1,4,1,1,0,0,0,0,0,1,1,0,0,0,0,0,0,0,0,6,6,0,2,0,0,1,0,1,1,1
51 - Κυκλάδων,275 E.T. Δήμου Τήνου,401,210,1,0,1,209,90,32,3,15,3,68,14,34,3,13,4,10,15,5,24,4,1,5,15,2,3,29,2,2,3,2,23,7,5,1,2,1,0,1,1,2,1,0,1,0,0,0,0,2,0,0,0,4,1,0,0,0,0,2,2,2,0,1,0,0,2,1,0,0,1,1,0,0,0,0,0,0,0,0,0,0,0,0,1,0,0,0,0,1,0,0,0,0,0,0,0,0,1,0,2,1,0,0,2,0,0,0,2,0,0,0,0,0,0,0,0,0,6,3,3
51 - Κυκλάδων,276 E.T. Δήμου Τήνου,423,247,1,1,2,245,93,30,7,14,6,73,8,56,7,10,12,16,21,13,31,6,0,10,18,7,9,27,1,2,7,5,18,2,2,0,0,0,0,0,0,6,2,3,2,0,1,1,0,2,0,0,0,2,2,0,0,1,1,3,2,0,0,0,0,0,6,0,1,0,3,1,0,0,0,0,0,0,0,0,0,0,0,0,1,0,0,0,0,0,0,0,0,0,0,0,0,0,0,0,2,1,0,0,0,0,0,0,0,0,4,3,1,1,0,0,0,0,9,4,5
51 - Κυκλάδων,277 E.T. Δήμου Τήνου,206,145,5,1,6,139,65,30,2,17,1,49,1,21,8,2,2,8,6,5,19,4,1,2,12,5,1,4,1,0,0,0,3,1,1,1,0,1,0,0,0,5,2,1,0,0,1,3,3,0,0,0,0,0,0,0,0,0,0,0,0,0,0,0,0,0,8,3,1,1,3,2,0,0,0,0,0,0,0,0,0,0,0,0,1,0,1,0,0,0,0,0,1,0,1,0,1,0,0,0,4,3,0,0,1,0,0,0,0,0,5,4,0,2,0,0,0,0,1,1,1
51 - Κυκλάδων,278 E.T. Δήμου Τήνου,471,330,4,2,6,324,167,74,10,33,7,115,21,49,3,6,6,15,19,14,35,7,4,7,22,8,2,12,0,1,0,0,9,3,5,1,3,0,0,2,0,14,5,3,0,1,2,6,3,0,0,0,0,2,2,0,0,0,2,2,2,0,0,0,0,0,6,3,0,2,2,0,0,0,0,0,0,0,0,0,0,0,0,0,1,0,0,0,0,0,0,0,3,1,2,0,0,0,0,0,0,0,0,0,2,0,0,0,0,0,10,9,0,4,0,0,0,0,10,3,3
51 - Κυκλάδων,279 E.T. Δήμου Τήνου,496,344,7,2,9,335,157,73,4,33,9,105,16,71,17,11,15,26,35,5,28,20,3,1,22,9,0,7,1,0,0,3,6,1,11,2,6,0,2,0,3,12,1,0,3,1,2,11,6,0,0,0,0,1,0,0,0,0,0,0,0,4,0,0,1,1,10,0,2,1,5,2,1,1,0,0,0,0,0,0,0,0,0,0,1,1,0,0,0,1,0,1,2,1,1,0,1,0,0,0,0,0,1,1,4,2,0,0,1,1,6,5,0,1,2,2,0,0,5,2,4
51 - Κυκλάδων,280 E.T. Δήμου Τήνου,479,314,9,5,14,300,126,52,3,27,6,78,9,62,9,11,12,23,21,15,30,1,4,0,19,3,2,12,0,2,0,2,10,1,12,4,3,0,1,2,2,10,5,1,0,1,1,1,0,0,0,0,0,3,1,0,0,1,0,1,0,2,0,0,1,1,9,3,4,0,6,2,0,0,0,0,0,0,0,0,0,0,0,0,3,0,0,0,0,0,0,0,0,0,0,0,0,0,0,0,5,2,1,0,1,0,0,0,1,0,13,11,0,2,2,1,0,0,7,2,3
51 - Κυκλάδων,281 E.T. Δήμου Τήνου,510,349,6,3,9,340,138,51,2,37,4,83,20,68,8,10,15,17,31,15,24,4,1,2,15,4,3,17,2,0,1,1,13,3,17,4,6,1,2,3,3,10,2,2,1,2,1,10,9,0,0,0,0,2,0,1,0,0,1,3,1,3,1,0,0,1,16,3,1,1,6,4,0,0,0,0,0,0,0,1,1,0,0,0,3,0,1,1,1,0,0,0,0,0,0,0,0,0,0,0,0,0,4,2,8,2,1,0,2,0,7,7,0,0,0,0,0,0,9,0,3
51 - Κυκλάδων,282 E.T. Δήμου Τήνου,485,331,2,2,4,327,136,50,6,26,1,92,11,68,5,6,11,24,28,11,29,5,1,1,23,4,1,10,0,0,0,0,9,0,9,2,1,1,0,3,0,7,3,0,1,1,1,8,4,0,0,0,0,1,0,0,0,0,0,0,0,3,0,0,0,0,15,3,1,0,9,3,2,0,0,0,0,0,0,0,0,0,0,0,3,0,0,0,0,1,1,1,1,0,1,0,0,0,0,0,6,4,2,0,3,1,1,1,0,0,11,10,1,2,1,1,1,0,10,1,6
51 - Κυκλάδων,283 E.T. Δήμου Τήνου,473,310,8,1,9,301,172,65,7,38,9,128,9,48,7,4,7,17,20,14,26,4,4,0,18,3,4,20,0,0,2,0,16,0,5,3,1,0,1,1,1,9,5,1,2,2,1,2,1,0,0,0,0,0,0,0,0,0,0,0,0,0,0,0,0,0,8,3,0,1,5,1,0,0,0,0,0,0,0,0,0,0,0,0,1,0,0,0,0,1,1,1,0,0,0,0,0,0,1,1,1,0,1,1,0,0,0,0,0,0,0,0,0,0,0,0,0,0,6,4,4
51 - Κυκλάδων,284 E.T. Δήμου Τήνου,497,333,7,0,7,326,164,57,1,28,5,117,13,53,5,8,13,15,23,10,35,2,2,1,22,4,3,16,1,1,2,1,12,3,8,4,3,1,0,1,0,4,2,2,1,1,1,4,3,1,0,0,0,1,1,0,1,0,0,1,1,0,0,0,0,0,12,0,0,0,8,6,0,0,0,0,0,0,0,0,0,0,0,0,2,0,1,1,1,0,0,0,2,2,0,0,1,0,0,0,0,0,2,1,2,1,0,1,0,0,8,7,1,1,4,2,1,1,6,2,5
51 - Κυκλάδων,285 E.T. Δήμου Τήνου,479,321,7,2,9,312,154,60,3,32,6,101,27,42,3,3,5,12,26,5,33,7,3,4,23,6,5,13,1,0,2,0,10,4,10,3,3,1,0,1,1,12,6,1,1,1,2,7,6,0,0,0,0,1,0,0,0,0,0,3,0,0,0,0,0,0,8,0,1,0,7,1,0,0,0,0,0,0,0,0,0,0,0,0,2,0,1,0,0,1,1,1,1,0,0,0,0,0,1,0,1,1,2,1,4,1,2,1,2,0,6,6,1,0,0,0,0,0,11,6,8
51 - Κυκλάδων,286 E.T. Δήμου Τήνου,478,329,7,5,12,317,141,60,1,27,5,106,13,79,14,12,18,31,40,9,35,4,3,4,23,5,9,13,0,0,0,1,11,3,8,3,4,1,0,4,0,5,4,2,0,2,0,2,2,0,0,0,0,4,2,0,1,1,2,1,1,1,0,0,1,1,3,1,0,0,2,0,0,0,0,0,0,0,0,0,0,1,1,1,0,0,0,0,0,0,0,0,1,0,1,0,1,0,0,0,0,0,2,2,2,0,0,0,0,0,11,9,0,4,1,1,0,0,7,3,4
51 - Κυκλάδων,287 E.T. Δήμου Τήνου,218,147,0,2,2,145,46,18,1,15,2,30,5,44,9,9,5,19,10,15,20,4,0,4,9,5,4,3,0,0,0,0,1,0,3,2,1,0,3,0,0,5,2,1,0,1,0,2,2,0,0,0,0,0,0,0,0,0,0,1,1,0,0,0,0,0,2,1,1,0,0,1,0,0,0,0,0,0,0,1,1,0,0,0,0,0,0,0,0,0,0,0,2,0,0,0,0,0,0,0,0,0,0,0,3,2,2,0,1,0,12,11,0,1,0,0,0,0,1,0,0
51 - Κυκλάδων,Ετερ. Κυκλάδων (από Εφετείο Θεσσαλονίκης),75,54,0,1,1,53,18,8,1,7,0,10,0,14,1,3,1,4,3,4,6,1,4,1,0,2,3,4,0,1,2,1,1,1,1,1,0,0,1,0,0,2,2,1,1,0,0,1,1,0,0,0,0,0,0,0,0,0,0,0,0,0,0,0,0,0,3,1,0,0,0,0,0,0,0,0,0,0,0,0,0,0,0,0,0,0,0,0,0,0,0,0,1,0,0,0,0,0,0,0,0,0,1,1,0,0,0,0,0,0,0,0,0,0,0,0,0,0,2,2,2
51 - Κυκλάδων,Ετερ. Κυκλάδων (από 105ο Ε.Τ. Νομ. Αττικης-Αθηνών),478,328,1,1,2,326,169,88,11,65,9,53,19,58,6,10,6,1,3,1,23,6,10,6,1,3,1,32,1,3,1,10,12,11,4,1,2,0,0,1,2,6,3,2,0,0,1,1,1,0,0,0,0,2,2,1,1,0,0,2,0,1,0,1,1,0,6,3,1,1,3,0,0,0,0,0,0,0,0,0,0,0,0,0,2,1,2,0,0,0,0,0,2,0,0,1,2,1,0,0,3,3,1,1,0,0,0,0,0,0,0,0,0,0,0,0,0,0,14,6,5
51 - Κυκλάδων,Ετερ. Κυκλάδων (από 106ο Ε.Τ. Νομ. Αττικης-Αθηνών),479,320,3,0,3,317,155,90,16,55,5,46,11,66,8,19,9,9,24,8,31,6,15,4,4,5,6,23,2,3,2,7,6,6,11,6,2,1,3,0,2,6,3,1,2,0,1,2,0,0,0,0,0,2,0,1,0,0,0,1,0,3,0,1,1,2,3,1,1,0,0,0,0,0,0,0,0,0,0,0,0,0,0,0,3,0,1,2,1,0,0,0,2,2,2,0,0,0,1,0,0,0,1,1,0,0,0,0,0,0,0,0,0,0,0,0,0,0,7,3,4
51 - Κυκλάδων,Ετερ. Κυκλάδων (από 107ο Ε.Τ. Νομ. Αττικης-Αθηνών),484,338,2,0,2,336,161,100,11,56,21,38,17,72,22,24,8,13,30,18,22,3,12,3,3,7,3,18,1,2,0,5,10,4,16,7,8,2,4,3,3,10,6,2,0,2,1,2,1,0,0,0,0,6,1,3,0,0,2,2,0,0,0,0,0,0,6,3,1,4,2,0,0,0,0,0,0,0,0,0,0,0,0,0,2,0,0,1,2,0,0,0,5,2,3,0,2,0,1,1,1,1,3,2,0,0,0,0,0,0,0,0,0,0,0,0,0,0,9,4,4
51 - Κυκλάδων,Ετερ. Κυκλάδων (από 108ο Ε.Τ. Νομ. Αττικης-Αθηνών),462,324,4,1,5,319,154,91,13,59,22,42,21,75,17,30,7,14,24,21,26,3,10,2,1,8,4,29,4,5,1,7,10,6,7,4,1,1,2,0,3,10,4,0,3,0,3,0,0,0,0,0,0,1,1,0,0,1,0,0,0,1,0,1,1,0,4,2,0,2,3,0,0,0,0,0,0,0,0,0,0,0,0,0,1,0,0,1,0,0,0,0,3,0,0,0,2,3,0,0,1,1,0,0,0,0,0,0,0,0,0,0,0,0,0,0,0,0,7,4,3
51 - Κυκλάδων,Ετερ. Κυκλάδων (από 109ο Ε.Τ. Νομ. Αττικης-Αθηνών),487,332,5,1,6,326,167,95,20,60,19,47,16,63,13,27,14,7,26,16,22,5,13,4,1,4,5,29,8,4,2,7,7,9,10,5,8,0,2,0,2,8,5,0,2,1,2,0,0,0,0,0,0,2,1,0,0,1,0,1,0,4,0,0,1,1,2,0,0,0,0,0,0,0,0,0,0,0,0,0,0,0,0,0,0,0,0,0,0,0,0,0,1,0,0,0,0,0,0,0,2,2,2,2,0,0,0,0,0,0,0,0,0,0,0,0,0,0,13,4,8
51 - Κυκλάδων,Ετερ. Κυκλάδων (από 16ο Ε.Τ. Νομ. Αττικης-Πειραιώς),363,252,2,0,2,250,117,74,13,46,11,36,10,53,11,16,10,14,24,13,12,0,4,1,0,3,0,24,7,9,4,3,4,3,11,3,6,2,1,1,1,5,2,3,0,0,1,0,0,0,0,0,0,1,1,0,0,0,1,2,1,4,1,1,2,1,9,4,1,1,6,3,0,0,0,0,0,0,0,0,0,0,0,0,0,0,0,0,0,0,0,0,3,1,1,0,0,0,0,0,0,0,1,1,0,0,0,0,0,0,0,0,0,0,0,0,0,0,8,6,6
Σύνολο,,128071,76008,1660,542,2202,73806,35093,17898,5735,13494,1984,9768,4203,11772,2058,2754,1957,3029,3678,2913,8324,1533,3084,2040,813,1729,1887,4155,846,886,689,998,927,770,2684,999,830,324,430,326,452,2126,914,393,536,241,393,965,740,93,52,13,6,341,140,73,29,45,98,401,259,483,171,146,113,96,1652,369,289,241,910,222,76,40,61,34,24,22,10,52,22,117,71,64,318,87,88,87,77,234,140,126,674,158,260,79,114,156,70,30,382,259,254,159,204,65,60,36,39,17,734,380,123,249,239,166,146,87,2121,1125,1261
