ΠΕΡΙΦΕΡΕΙΑ,ΕΚΛΟΓΙΚΟ ΤΜΗΜΑ,ΕΓΓΕΓΡΑΜΜΕΝΟΙ,ΨΗΦΙΣΑΝΤΕΣ,ΑΚΥΡΑ,ΛΕΥΚΑ,ΑΚΥΡΑ & ΛΕΥΚΑ,ΕΓΚΥΡΑ,Νέα Δημοκρατία,ΔΑΒΑΚΗΣ ΑΘΑΝΑΣΙΟΣ του Παναγιώτη,ΚΡΗΤΙΚΟΣ ΝΕΟΚΛΗΣ του Δημοσθένη,ΣΙΑΧΟΥ ΕΥΓΕΝΙΑ του Αριστείδη,ΣΤΑΜΑΤΑΚΟΣ ΜΙΧΑΗΛ του Κωνσταντίνου,ΦΡΑΓΚΗ-ΧΑΝΤΖΑΚΟΥ ΜΑΡΙΑ του Γεωργίου,ΣΥΡΙΖΑ,ΑΡΑΧΩΒΙΤΗΣ ΣΤΑΥΡΟΣ του Γεωργίου,ΠΑΠΑΓΙΑΝΝΟΠΟΥΛΟΥ ΠΑΝΑΓΙΩΤΑ του Χρήστου,ΣΤΑΜΑΤΑΚΟΥ ΑΡΧΟΝΤΟΥΛΑ (ΑΝΤΑ) του Χρήστου,ΤΣΑΛΠΑΤΟΥΡΟΣ ΑΛΕΞΙΟΣ του Κωνσταντίνου,ΥΜΕΡΙ ΣΟΥΛΒΑΝ (ΒΑΣΙΛΗΣ) του Κουιτίμ,ΠΑΣΟΚ-Κίνημα Αλλαγής,ΓΡΗΓΟΡΑΚΟΥ ΠΑΝΑΓΙΩΤΑ (ΝΑΓΙΑ) του Λεωνίδα,ΔΕΛΗΚΩΝΣΤΑΝΤΙΝΟΥ ΒΑΣΙΛΕΙΟΣ του Αγάπιου,ΚΕΦΑΛΑ ΣΑΡΑΝΤΩ (ΣΑΡΑΝΤΟΥΛΑ) του Νικολάου,ΚΟΝΤΑΚΟΣ ΧΡΗΣΤΟΣ του Λουκά,ΜΟΥΖΟΠΟΥΛΟΣ ΓΕΩΡΓΙΟΣ του Ιωάννη,Κ.Κ.Ε.,ΑΝΑΣΤΑΣΑΚΟΣ ΔΗΜΗΤΡΙΟΣ του Θεοδώρου,ΒΟΥΝΑΣΗΣ ΑΛΕΞΑΝΔΡΟΣ του Νικολάου,ΒΡΟΥΛΙΤΗΣ ΒΑΣΙΛΕΙΟΣ του Θεοδώρου,ΣΕΡΓΙΑΔΗ ΖΩΗ του Χρήστου,ΦΩΤΑΚΟΥ ΕΛΕΝΗ του Παναγιώτη,Ελληνική Λύση - Κ. Βελόπουλος,ΑΝΑΣΤΑΣΟΠΟΥΛΟΥ ΜΑΡΙΑ του Ηλία,ΚΑΛΕΜΗΣ ΚΩΝΣΤΑΝΤΙΝΟΣ του Βασιλείου,ΚΕΣΙΔΗΣ ΑΝΤΩΝΙΟΣ του Ιωάννη,ΚΡΥΠΩΤΟΣ ΠΑΝΑΓΙΩΤΗΣ του Γεωργίου,ΣΤΑΘΑΚΗ ΑΙΚΑΤΕΡΙΝΗ του Ιωάννη,ΜέΡΑ25-ΣΥΜΜΑΧΙΑ ΓΙΑ ΤΗ ΡΗΞΗ,ΓΑΛΑΝΗ ΑΝΤΩΝΙΑ (ΤΟΝΙΑ) του Αναστασίου,ΔΟΥΚΑ ΑΙΚΑΤΕΡΙΝΗ του Παναγιώτη,ΝΤΑΣΚΑΣ ΚΩΝΣΤΑΝΤΙΝΟΣ του Γεωργίου,ΧΡΥΣΑΔΑΚΟΣ ΣΤΑΥΡΟΣ του Πέτρου,ΕΝΩΝΩ ΣΥΜΜΑΧΙΑ ΕΛΕΥΘΕΡΙΑΣ,ΓΙΑΚΟΥΜΗΣ ΔΗΜΗΤΡΙΟΣ του Νίκωνος,ΣΟΒΟΛΟΥ ΧΡΥΣΟΥΛΑ του Μιχαήλ,Κ.Κ.Ε. (μ-λ),ΣΑΒΒΑΪΔΗΣ ΣΤΥΛΙΑΝΟΣ του Παναγιώτη,Ο.Κ.Δ.Ε.,ΚΑΝΤΖΕΛΗ ΕΛΕΥΘΕΡΙΑ του Βασιλείου,ΑΝΤ.ΑΡ.ΣΥ.Α.,ΑΔΡΙΑΝΟΥ  ΒΑΡΒΑΡΑ  του Θεοδώρου ,ΚΟΙΛΑΚΟΣ ΠΕΤΡΟΣ του Δημητρίου,ΝΙΚΗΤΑΚΗ ΠΑΝΑΓΙΩΤΑ του Ευθυμίου,Κίνημα 21,ΔΟΥΒΟΓΙΑΝΝΗ ΑΜΑΛΙΑ του Παναγιώτη,ΕΘΝΙΚΗ ΔΗΜΙΟΥΡΓΙΑ,ΚΑΡΥΔΗΣ ΓΕΩΡΓΙΟΣ του Ευστρατίου,ΚΡΗΤΙΚΟΥ ΜΟΝΙΚΑ ΠΙΑ του Παναγιώτη,ΠΑΠΑΔΑΤΟΣ ΗΛΙΑΣ του Αντωνίου,ΝΙΚΗ,ΒΑΛΑΖΙΩΤΗΣ ΑΠΟΣΤΟΛΟΣ του Εμμανουήλ,ΚΟΝΙΔΙΤΣΙΩΤΗ ΓΕΩΡΓΙΑ του Ευθυμίου,ΣΑΡΑΝΤΑΚΟΣ ΗΛΙΑΣ του Παναγιώτου,κοινωνία αξιών,ΔΙΑΜΑΝΤΑΚΟΥ ΜΑΡΙΑ του Διονυσίου,ΒΟΡΕΙΑ ΛΕΓΚΑ - ΚΡΑΜΑ,ΡΟΥΜΠΕΑΣ ΝΙΚΟΛΑΟΣ του Παναγιώτη,Ο.Α.Κ.Κ.Ε.,ΤΑΣΟΠΟΥΛΟΣ ΚΩΝΣΤΑΝΤΙΝΟΣ του Πέτρου,Μ-Λ Κ.Κ.Ε.,ΚΟΣΜΑΣ ΠΑΝΑΓΙΩΤΗΣ του Δημητρίου,Ελλήνων Συνέλευσις,ΕΞΑΡΧΑΚΟΣ ΠΡΟΚΟΠΙΟΣ του Δημητρίου,ΖΑΒΑΛΑΚΟΣ ΙΩΑΝΝΗΣ του Γεωργίου,ΚΟΥΛΟΥΒΑΡΗΣ ΘΕΟΔΩΡΟΣ του Στυλιανού,ΜΠΑΧΑΡΗ ΑΓΑΠΗ του Θεοδώρου,ΣΩΦΡΟΝΑ ΜΑΡΙΑ του Χρήστου,Ένωση Κεντρώων,ΝΤΟΥΒΛΗΣ ΠΑΝΑΓΙΩΤΗΣ του Ζαχαρία,ΡΗΓΑΝΑΚΟΣ ΑΝΤΩΝΙΟΣ του Κυριάκου,ΧΡΥΣΗ ΕΛΕΝΗ του Χαράλαμπου,ΤΩΡΑ ΟΛΟΙ ΜΑΖΙ (Τ.ΟΛ.ΜΑ),ΠΑΠΑΓΓΕΛΗ ΒΑΣΙΛΙΚΗ του Αντώνιου,ΣΥΜΜΑΧΙΑ ΑΝΑΤΡΟΠΗΣ,ΚΑΡΟΥΜΠΑ ΑΝΔΡΙΑΝΗ του Γεωργίου,ΜΠΑΪΡΑΚΤΑΡΗΣ ΝΙΚΟΛΑΟΣ του Κωνσταντίνου,ΠΟΛΙΤΙΚΗ ΠΡΩΤΟΒΟΥΛΙΑ ,ΑΝΑΣΤΑΣΑΚΗΣ ΜΗΝΑΣ του Δημοσθένη,ΠΝΟΗ ΔΗΜΟΚΡΑΤΙΑΣ,ΚΑΠΟΥΡΑΝΗΣ ΓΕΩΡΓΙΟΣ του Παναγιώτη,ΠΡΑΣΙΝΟ ΚΙΝΗΜΑ,ΚΟΥΒΑΤΣΟΥ ΠΑΝΑΓΙΩΤΑ του Σαράντου,ΜΑΣΤΑΚΟΥΡΗΣ ΘΕΟΔΩΡΟΣ του Πλούταρχου,ΤΕΛΙΟΠΟΥΛΟΣ ΙΩΑΝΝΗΣ του Γεωργίου,ΕΑΝ...,ΣΤΑΜΠΕΛΟΥ ΧΡΥΣΟΥΛΑ του Γεωργίου,ΕΝΟΤΗΤΑ - ΑΛΗΘΕΙΑ ΕΝ.Α,ΞΕΠΑΠΑΔΑΚΟΣ ΑΝΤΩΝΙΟΣ του Γεωργίου,Πλεύση Ελευθερίας - Ζωή Κωνστ.,ΜΠΙΡΜΠΑΚΟΥ ΑΘΗΝΑ του Νικολάου,ΠΡΟΚΟΣ ΗΛΙΑΣ του Παναγιώτη,ΡΟΖΑΚΗΣ ΚΥΡΙΑΚΟΣ του Ισιδώρου
47 - Λακωνίας,1 E.T. Δήμου Ανατολικής Μάνης,207,67,1,0,1,66,48,25,16,2,1,3,6,3,1,0,0,0,3,2,0,0,0,0,0,0,0,0,0,0,1,0,1,0,0,0,0,0,0,0,0,0,0,0,0,0,0,0,0,0,0,0,0,0,4,2,1,0,2,0,0,2,0,0,0,0,0,0,0,0,0,0,0,0,0,0,0,0,0,0,0,0,0,0,0,0,0,0,0,0,0,0,0,0,0,0,0,2,2,0,0
47 - Λακωνίας,2 E.T. Δήμου Ανατολικής Μάνης,448,80,0,0,0,80,38,28,5,2,0,1,10,7,0,1,0,0,13,4,0,2,5,2,10,9,0,1,0,0,0,0,0,0,0,0,1,0,0,1,0,0,0,0,0,0,0,0,0,0,0,0,0,0,1,1,0,0,2,0,2,0,0,0,0,0,0,0,0,0,0,0,0,0,0,0,0,0,0,0,0,0,2,1,1,0,0,0,0,0,0,0,0,0,0,0,0,3,3,0,0
47 - Λακωνίας,3 E.T. Δήμου Ανατολικής Μάνης,223,96,0,0,0,96,58,42,12,0,1,1,16,11,0,1,0,1,5,3,0,0,0,1,7,7,0,0,0,0,2,0,0,1,1,0,0,0,0,0,0,2,1,1,0,0,0,0,0,0,0,0,0,0,0,0,0,0,4,0,2,1,0,0,0,0,0,0,0,0,0,0,0,0,0,0,0,0,0,0,1,1,0,0,0,0,0,0,0,0,0,0,0,0,0,1,1,0,0,0,0
47 - Λακωνίας,4 E.T. Δήμου Ανατολικής Μάνης,452,158,2,1,3,155,98,67,16,0,2,10,19,8,2,5,1,0,16,9,0,0,4,1,4,0,1,0,0,1,5,2,0,0,0,0,1,1,0,0,0,1,0,1,1,1,0,0,0,0,0,0,1,0,1,0,0,1,6,0,2,4,0,0,0,0,0,0,0,0,0,0,0,0,0,0,0,0,0,0,1,0,0,0,0,0,0,0,0,0,0,0,0,0,0,0,0,1,0,1,0
47 - Λακωνίας,5 E.T. Δήμου Ανατολικής Μάνης,430,182,1,2,3,179,124,87,10,3,7,12,17,13,1,1,0,0,18,12,0,0,1,0,3,2,0,0,0,0,2,1,0,0,0,0,3,0,1,0,1,0,0,0,0,0,0,0,0,0,0,0,1,1,0,0,0,0,2,0,1,0,0,0,0,0,0,0,0,0,0,0,0,0,0,0,1,0,1,0,0,0,2,2,0,0,0,0,0,0,0,0,0,1,0,0,0,5,3,0,0
47 - Λακωνίας,6 E.T. Δήμου Ανατολικής Μάνης,611,101,1,1,2,99,55,31,18,1,1,0,9,3,0,2,1,0,8,3,0,3,0,0,15,11,0,0,0,1,5,0,1,0,3,1,2,0,0,0,0,0,0,0,0,0,0,0,0,0,0,0,0,0,1,1,0,0,2,0,2,0,0,0,0,0,0,0,0,0,0,0,0,0,0,0,0,0,0,0,0,0,0,0,0,1,0,0,0,0,0,0,0,0,0,0,0,1,0,0,0
47 - Λακωνίας,7 E.T. Δήμου Ανατολικής Μάνης,107,39,0,0,0,39,28,26,2,0,0,0,8,6,0,1,0,0,0,0,0,0,0,0,0,0,0,0,0,0,0,0,0,0,0,0,0,0,0,0,0,0,0,0,0,0,0,0,0,0,0,0,0,0,0,0,0,0,0,0,0,0,0,0,0,0,0,0,0,0,1,0,0,1,0,0,0,0,0,0,0,0,0,0,0,0,0,0,0,0,0,0,0,0,0,0,0,2,1,0,1
47 - Λακωνίας,8 E.T. Δήμου Ανατολικής Μάνης,545,289,4,0,4,285,167,73,52,3,12,12,34,19,2,8,0,1,30,22,0,1,0,5,14,9,0,1,1,1,6,1,0,0,0,0,1,0,0,0,1,2,1,0,0,0,0,0,0,0,0,0,4,1,2,0,2,0,2,0,2,0,1,0,0,0,0,0,0,0,1,0,1,0,0,0,1,0,0,0,0,0,1,0,1,0,0,2,2,2,1,1,0,2,1,0,0,13,4,5,1
47 - Λακωνίας,9 E.T. Δήμου Ανατολικής Μάνης,570,263,9,0,9,254,142,63,54,0,5,11,25,18,0,4,1,0,32,22,0,1,5,4,16,10,0,1,1,1,13,4,0,1,5,2,1,0,0,0,0,1,0,0,0,0,0,0,1,1,0,0,1,1,2,0,0,1,4,0,2,1,0,0,0,0,0,0,0,0,1,1,0,0,0,0,0,0,0,0,1,0,2,1,1,0,0,2,2,2,1,0,1,1,0,0,0,7,3,0,3
47 - Λακωνίας,10 E.T. Δήμου Ανατολικής Μάνης,555,260,0,1,1,259,122,47,47,2,8,9,40,22,6,9,0,2,46,34,0,2,2,5,12,8,0,0,2,0,11,1,2,0,3,3,2,1,0,0,1,7,5,2,1,1,0,0,0,0,0,0,1,0,1,0,0,0,0,0,0,0,0,0,0,0,0,0,0,0,0,0,0,0,0,0,2,0,1,0,0,0,4,2,0,0,0,0,0,0,0,0,0,0,0,0,0,10,2,3,2
47 - Λακωνίας,11 E.T. Δήμου Ανατολικής Μάνης,564,311,4,1,5,306,186,71,85,2,8,13,44,27,3,7,0,2,26,21,1,0,1,3,10,3,1,1,1,2,11,2,1,1,2,2,1,1,0,0,0,4,2,1,0,0,0,0,1,0,1,0,0,0,0,0,0,0,1,0,1,0,0,0,0,0,0,0,0,0,0,0,0,0,0,0,0,0,0,0,0,0,1,0,0,0,0,1,1,1,0,0,0,2,2,3,2,14,4,5,3
47 - Λακωνίας,12 E.T. Δήμου Ανατολικής Μάνης,560,320,3,1,4,316,175,77,64,2,11,19,24,12,4,6,1,0,58,41,1,0,6,10,12,7,2,0,0,2,9,1,1,0,5,0,6,0,0,0,5,2,2,0,1,0,0,0,0,0,0,0,0,0,1,0,0,0,9,2,1,4,0,0,1,0,0,0,0,0,1,0,0,0,0,0,1,0,0,1,1,1,0,0,0,0,0,1,0,3,0,3,0,0,0,0,0,11,4,4,2
47 - Λακωνίας,13 E.T. Δήμου Ανατολικής Μάνης,558,265,3,2,5,260,147,54,56,0,11,14,37,21,1,9,0,2,25,19,0,0,1,0,14,11,0,0,0,0,11,3,0,0,1,2,1,0,0,0,0,1,0,1,0,0,0,0,0,0,0,0,4,1,2,0,0,1,1,0,0,1,1,0,1,0,0,0,0,0,1,1,0,0,0,0,1,0,0,1,0,0,0,0,0,0,0,0,0,0,0,0,0,0,0,0,0,13,6,5,2
47 - Λακωνίας,14 E.T. Δήμου Ανατολικής Μάνης,555,300,3,3,6,294,149,71,50,1,9,12,44,22,3,9,2,2,42,24,1,1,8,7,11,9,0,1,0,0,8,0,0,0,3,0,4,0,0,1,3,3,0,1,1,1,0,0,1,0,0,0,2,2,7,3,2,0,4,0,0,3,0,0,0,0,0,0,1,1,0,0,0,0,0,0,0,0,0,0,1,1,1,0,1,0,0,4,3,0,0,0,0,1,1,0,0,10,3,3,3
47 - Λακωνίας,15 E.T. Δήμου Ανατολικής Μάνης,547,291,4,1,5,286,155,60,69,3,4,11,50,19,6,14,3,4,42,22,4,0,2,13,6,4,0,0,1,1,6,1,1,0,2,1,7,2,0,1,1,2,0,0,1,1,0,0,1,1,0,0,0,0,2,0,0,0,1,0,1,0,0,0,0,0,0,0,0,0,1,0,0,1,0,0,0,0,0,0,0,0,0,0,0,0,0,1,1,0,0,0,0,2,2,1,0,8,1,4,2
47 - Λακωνίας,16 E.T. Δήμου Ανατολικής Μάνης,551,286,2,1,3,283,158,62,69,3,7,8,39,24,1,3,2,6,35,20,0,2,3,10,12,9,0,1,0,0,7,1,0,0,2,3,8,2,0,1,1,1,1,0,1,1,0,0,1,0,1,0,0,0,0,0,0,0,3,0,3,0,0,0,0,0,0,0,0,0,1,1,0,0,0,0,0,0,0,0,0,0,0,0,0,0,0,0,0,0,0,0,0,1,1,1,1,15,4,7,1
47 - Λακωνίας,17 E.T. Δήμου Ανατολικής Μάνης,222,89,1,1,2,87,56,29,18,1,3,4,10,5,0,2,0,2,10,7,0,0,0,2,0,0,0,0,0,0,2,0,0,0,0,1,0,0,0,0,0,0,0,0,0,0,0,0,0,0,0,0,0,0,0,0,0,0,1,0,1,0,0,0,0,0,0,0,0,0,2,0,1,1,0,0,0,0,0,0,0,0,1,1,0,0,0,2,1,0,0,0,0,1,1,0,0,2,1,1,0
47 - Λακωνίας,18 E.T. Δήμου Ανατολικής Μάνης,411,199,3,0,3,196,126,43,54,0,12,16,12,8,1,3,0,0,26,12,0,0,2,11,6,3,0,1,1,0,4,0,0,1,1,0,3,1,2,0,0,0,0,0,0,0,0,0,0,0,0,0,2,2,1,0,0,0,7,2,1,3,0,0,0,0,0,0,0,0,1,1,0,0,0,0,0,0,0,0,0,0,1,1,0,0,0,0,0,2,0,0,0,1,1,0,0,4,2,0,1
47 - Λακωνίας,19 E.T. Δήμου Ανατολικής Μάνης,137,40,0,0,0,40,16,7,7,0,0,2,12,7,0,1,0,1,4,4,0,0,0,0,4,1,0,0,0,0,2,1,0,0,0,0,0,0,0,0,0,0,0,0,0,0,0,0,2,0,1,0,0,0,0,0,0,0,0,0,0,0,0,0,0,0,0,0,0,0,0,0,0,0,0,0,0,0,0,0,0,0,0,0,0,0,0,0,0,0,0,0,0,0,0,0,0,0,0,0,0
47 - Λακωνίας,20 E.T. Δήμου Ανατολικής Μάνης,200,84,0,1,1,83,48,26,4,3,2,10,8,3,2,2,0,0,8,6,0,0,1,0,1,0,0,0,0,0,1,0,0,0,0,0,2,0,0,0,1,2,2,0,0,0,0,0,0,0,0,0,0,0,0,0,0,0,0,0,0,0,0,0,1,1,0,0,0,0,7,0,7,0,0,0,0,0,0,0,0,0,2,1,1,0,0,0,0,0,0,0,0,0,0,0,0,3,2,0,1
47 - Λακωνίας,21 E.T. Δήμου Ανατολικής Μάνης,307,154,0,0,0,154,82,34,37,0,5,5,11,4,2,4,0,0,31,20,0,3,4,2,5,2,0,1,0,0,2,1,0,0,0,1,5,0,1,0,0,4,2,1,0,0,0,0,0,0,0,0,2,0,0,0,0,0,1,0,0,0,0,0,0,0,0,0,0,0,0,0,0,0,0,0,0,0,0,0,1,0,1,1,0,0,0,0,0,0,0,0,0,0,0,1,1,8,3,1,0
47 - Λακωνίας,22 E.T. Δήμου Ανατολικής Μάνης,253,105,0,1,1,104,42,21,9,0,3,4,24,15,0,4,1,1,12,4,0,0,3,3,7,4,1,0,0,0,5,1,0,0,1,1,2,1,0,0,0,2,2,0,0,0,0,0,1,0,0,0,1,1,0,0,0,0,1,0,0,1,0,0,0,0,0,0,0,0,0,0,0,0,0,0,0,0,0,0,0,0,3,1,2,0,0,0,0,0,0,0,0,0,0,1,0,3,1,0,0
47 - Λακωνίας,23 E.T. Δήμου Ανατολικής Μάνης,301,124,1,2,3,121,73,20,11,0,1,34,9,6,1,0,0,0,16,15,0,0,0,0,5,4,0,0,0,0,1,0,0,0,1,0,2,0,1,0,1,5,5,0,0,0,0,0,0,0,0,0,0,0,0,0,0,0,6,1,2,2,0,0,0,0,0,0,0,0,0,0,0,0,0,0,0,0,0,0,0,0,2,0,0,0,0,1,0,0,0,0,0,0,0,0,0,1,1,0,0
47 - Λακωνίας,24 E.T. Δήμου Ανατολικής Μάνης,250,74,1,0,1,73,51,24,26,0,0,1,4,3,0,1,0,0,2,1,0,0,1,0,1,0,0,1,0,0,4,1,0,0,2,1,0,0,0,0,0,0,0,0,1,0,0,0,0,0,0,0,4,4,1,0,0,0,0,0,0,0,0,0,0,0,0,0,0,0,0,0,0,0,0,0,0,0,0,0,0,0,0,0,0,1,1,1,1,0,0,0,0,0,0,0,0,3,0,0,3
47 - Λακωνίας,25 E.T. Δήμου Ανατολικής Μάνης,111,33,0,0,0,33,15,8,6,0,0,0,4,3,0,0,0,0,5,3,0,0,1,0,2,2,0,0,0,0,1,0,0,0,0,1,0,0,0,0,0,1,1,0,0,0,0,0,0,0,0,0,0,0,3,0,1,0,0,0,0,0,0,0,0,0,0,0,0,0,0,0,0,0,0,0,0,0,0,0,0,0,0,0,0,0,0,0,0,0,0,0,0,0,0,0,0,2,0,2,0
47 - Λακωνίας,26 E.T. Δήμου Ανατολικής Μάνης,162,61,0,0,0,61,32,20,9,0,1,1,9,7,0,2,0,0,12,7,0,0,0,3,1,1,0,0,0,0,0,0,0,0,0,0,2,0,0,1,1,1,1,0,0,0,0,0,1,0,0,1,0,0,0,0,0,0,0,0,0,0,0,0,0,0,0,0,0,0,0,0,0,0,0,0,0,0,0,0,0,0,0,0,0,0,0,0,0,0,0,0,0,0,0,0,0,3,0,3,0
47 - Λακωνίας,27 E.T. Δήμου Ανατολικής Μάνης,345,87,2,0,2,85,62,30,22,0,1,5,2,2,0,0,0,0,14,14,0,0,0,0,1,1,0,0,0,0,1,0,0,0,0,0,1,0,0,0,1,0,0,0,0,0,0,0,0,0,0,0,0,0,0,0,0,0,0,0,0,0,0,0,0,0,0,0,0,0,0,0,0,0,0,0,1,0,0,0,0,0,0,0,0,0,0,0,0,0,0,0,0,0,0,1,0,2,0,0,0
47 - Λακωνίας,28 E.T. Δήμου Ανατολικής Μάνης,278,144,2,0,2,142,76,41,21,0,3,6,25,14,2,5,0,0,15,10,0,0,5,0,5,3,0,1,0,0,2,1,0,0,0,0,2,0,0,0,0,2,0,0,0,0,0,0,0,0,0,0,1,1,0,0,0,0,3,0,1,1,0,0,0,0,0,0,0,0,0,0,0,0,0,0,0,0,0,0,0,0,0,0,0,0,0,0,0,1,0,0,0,0,0,0,0,10,3,0,3
47 - Λακωνίας,29 E.T. Δήμου Ανατολικής Μάνης,252,108,0,1,1,107,63,20,33,0,4,1,10,6,0,3,0,0,12,6,0,0,2,2,7,4,0,2,0,1,4,1,0,0,1,1,6,0,1,0,2,1,1,0,0,0,0,0,0,0,0,0,0,0,0,0,0,0,1,1,0,0,0,0,0,0,0,0,0,0,0,0,0,0,0,0,1,0,1,0,0,0,0,0,0,0,0,0,0,0,0,0,0,1,1,1,1,0,0,0,0
47 - Λακωνίας,30 E.T. Δήμου Ανατολικής Μάνης,371,110,1,0,1,109,79,45,19,0,0,10,12,9,2,0,0,0,5,4,0,0,0,1,2,1,0,0,0,1,8,0,0,1,6,1,0,0,0,0,0,0,0,0,0,0,0,0,0,0,0,0,0,0,0,0,0,0,0,0,0,0,0,0,0,0,0,0,0,0,0,0,0,0,0,0,0,0,0,0,0,0,0,0,0,0,0,0,0,0,0,0,0,1,1,0,0,2,0,0,2
47 - Λακωνίας,31 E.T. Δήμου Ανατολικής Μάνης,128,60,0,0,0,60,33,20,11,0,1,0,7,7,0,0,0,0,6,4,0,2,0,0,0,0,0,0,0,0,3,0,0,1,0,2,0,0,0,0,0,3,2,1,0,0,0,0,0,0,0,0,0,0,1,0,0,0,0,0,0,0,0,0,0,0,0,0,0,0,0,0,0,0,0,0,0,0,0,0,0,0,0,0,0,0,0,2,2,1,0,0,0,0,0,1,0,3,2,0,0
47 - Λακωνίας,32 E.T. Δήμου Ανατολικής Μάνης,395,156,2,0,2,154,69,30,16,9,5,7,11,7,1,2,0,0,33,5,0,0,20,6,2,0,0,0,1,0,7,3,2,1,0,0,3,0,0,0,3,0,0,0,0,0,0,0,2,0,1,1,0,0,1,0,1,0,5,3,2,0,0,0,0,0,0,0,0,0,0,0,0,0,0,0,0,0,0,0,1,1,5,2,2,0,0,5,5,1,1,0,0,0,0,0,0,9,6,0,1
47 - Λακωνίας,33 E.T. Δήμου Ανατολικής Μάνης,200,122,2,1,3,119,55,26,15,0,4,5,16,9,0,2,3,0,24,22,0,0,0,1,13,9,1,1,0,0,1,1,0,0,0,0,3,0,0,0,3,0,0,0,0,0,0,0,1,1,0,0,0,0,1,0,0,0,0,0,0,0,0,0,0,0,0,0,1,1,0,0,0,0,0,0,0,0,0,0,0,0,1,0,0,0,0,0,0,0,0,0,0,0,0,0,0,3,2,0,0
47 - Λακωνίας,34 E.T. Δήμου Ανατολικής Μάνης,477,257,4,2,6,251,131,94,29,1,1,6,29,19,2,2,0,2,38,33,1,0,2,2,5,2,0,1,0,1,11,0,0,1,1,5,1,0,0,0,0,0,0,0,1,1,0,0,3,0,1,0,1,1,4,2,1,0,5,0,5,0,0,0,0,0,0,0,1,0,1,0,0,0,1,0,1,0,0,1,0,0,4,1,2,0,0,1,1,0,0,0,0,2,2,1,0,11,8,0,3
47 - Λακωνίας,35 E.T. Δήμου Ανατολικής Μάνης,488,256,3,2,5,251,141,85,23,2,8,13,29,22,0,2,0,2,33,31,0,0,0,1,11,8,0,0,2,0,7,2,2,0,0,0,1,0,1,0,0,3,1,1,0,0,0,0,0,0,0,0,2,1,2,0,1,0,3,0,2,0,0,0,0,0,0,0,0,0,2,0,0,0,0,0,0,0,0,0,1,1,3,0,2,0,0,1,1,0,0,0,0,1,1,2,1,9,7,0,0
47 - Λακωνίας,36 E.T. Δήμου Ανατολικής Μάνης,149,68,0,1,1,67,51,34,12,1,0,3,4,2,1,1,0,0,4,4,0,0,0,0,5,5,0,0,0,0,0,0,0,0,0,0,0,0,0,0,0,0,0,0,0,0,0,0,0,0,0,0,0,0,1,0,1,0,0,0,0,0,1,1,0,0,0,0,0,0,0,0,0,0,0,0,0,0,0,0,0,0,0,0,0,0,0,0,0,1,0,0,1,0,0,0,0,0,0,0,0
47 - Λακωνίας,37 E.T. Δήμου Ανατολικής Μάνης,117,46,0,0,0,46,34,25,5,0,1,1,6,1,1,3,0,0,1,0,0,0,1,0,0,0,0,0,0,0,3,0,0,2,0,0,1,0,0,1,0,1,1,0,0,0,0,0,0,0,0,0,0,0,0,0,0,0,0,0,0,0,0,0,0,0,0,0,0,0,0,0,0,0,0,0,0,0,0,0,0,0,0,0,0,0,0,0,0,0,0,0,0,0,0,0,0,0,0,0,0
47 - Λακωνίας,38 E.T. Δήμου Ανατολικής Μάνης,118,53,0,0,0,53,41,10,11,3,5,2,1,1,0,0,0,0,2,2,0,0,0,0,2,1,0,0,0,1,4,1,0,0,0,0,0,0,0,0,0,0,0,0,0,0,0,0,0,0,0,0,0,0,0,0,0,0,0,0,0,0,0,0,0,0,0,0,0,0,0,0,0,0,0,0,0,0,0,0,0,0,0,0,0,0,0,0,0,0,0,0,0,0,0,0,0,3,1,0,0
47 - Λακωνίας,39 E.T. Δήμου Ανατολικής Μάνης,214,99,3,1,4,95,81,39,30,1,0,5,8,0,0,0,0,0,0,0,0,0,0,0,0,0,0,0,0,0,0,1,0,0,0,1,0,0,0,0,0,1,1,0,0,0,0,0,0,0,0,0,3,3,2,0,0,0,0,0,0,0,0,0,0,0,0,0,0,0,0,0,0,0,0,0,0,0,0,0,0,0,0,0,0,0,0,0,0,0,0,0,0,0,0,0,0,0,0,0,0
47 - Λακωνίας,40 E.T. Δήμου Ανατολικής Μάνης,94,20,0,0,0,20,9,1,8,0,0,0,10,0,0,0,0,0,0,9,0,0,0,1,0,0,0,0,0,0,0,0,0,0,0,0,1,0,0,0,0,0,0,0,0,0,0,0,0,0,0,0,0,0,0,0,0,0,0,0,0,0,0,0,0,0,0,0,0,0,0,0,0,0,0,0,0,0,0,0,0,0,0,0,0,0,0,0,0,0,0,0,0,0,0,0,0,0,0,0,0
47 - Λακωνίας,41 E.T. Δήμου Ανατολικής Μάνης,177,75,2,0,2,73,50,36,7,0,1,0,7,4,1,2,0,0,11,4,0,0,0,2,2,1,0,0,0,0,0,0,0,0,0,0,0,0,0,0,0,0,0,0,0,0,0,0,0,0,0,0,0,0,1,0,0,1,2,2,0,0,0,0,0,0,0,0,0,0,0,0,0,0,0,0,0,0,0,0,0,0,0,0,0,0,0,0,0,0,0,0,0,0,0,0,0,0,0,0,0
47 - Λακωνίας,42 E.T. Δήμου Ανατολικής Μάνης,297,103,1,0,1,102,66,28,21,0,5,8,0,0,0,0,0,0,6,3,0,0,1,1,1,1,0,0,0,0,0,0,0,0,0,0,2,0,1,0,0,0,0,0,0,0,0,0,2,0,0,0,2,0,1,0,0,0,6,1,3,1,0,0,0,0,0,0,0,0,0,0,0,0,0,0,0,0,0,0,0,0,0,0,0,0,0,0,0,0,0,0,0,5,5,0,0,11,5,0,5
47 - Λακωνίας,43 E.T. Δήμου Ανατολικής Μάνης,102,39,0,0,0,39,18,14,4,0,0,0,7,5,0,1,0,0,7,3,0,0,2,2,0,0,0,0,0,0,0,0,0,0,0,0,0,0,0,0,0,1,1,0,0,0,0,0,0,0,0,0,0,0,0,0,0,0,2,2,0,0,0,0,0,0,0,0,0,0,0,0,0,0,0,0,0,0,0,0,0,0,0,0,0,0,0,3,1,0,0,0,0,0,0,0,0,1,1,0,0
47 - Λακωνίας,44 E.T. Δήμου Ανατολικής Μάνης,110,30,1,0,1,29,12,5,4,0,2,1,1,1,0,0,0,0,0,0,0,0,0,0,3,0,0,0,0,0,5,1,0,1,0,0,1,0,1,0,0,0,0,0,0,0,0,0,0,0,0,0,0,0,0,0,0,0,1,0,0,0,0,0,1,1,0,0,0,0,0,0,0,0,0,0,0,0,0,0,0,0,0,0,0,0,0,2,1,0,0,0,0,0,0,0,0,3,2,0,1
47 - Λακωνίας,45 E.T. Δήμου Ανατολικής Μάνης,529,206,3,0,3,203,113,82,14,1,10,4,29,21,2,4,0,0,11,9,0,0,0,1,14,6,1,0,0,6,8,3,1,2,0,1,3,1,0,1,1,3,3,0,1,1,0,0,0,0,0,0,0,0,0,0,0,0,9,0,2,7,0,0,0,0,0,0,0,0,0,0,0,0,0,0,0,0,0,0,3,3,1,1,0,1,0,2,0,0,0,0,0,3,1,0,0,2,1,0,0
47 - Λακωνίας,46 E.T. Δήμου Ανατολικής Μάνης,443,156,4,1,5,151,78,38,29,1,1,6,27,15,3,1,0,2,14,11,0,2,0,0,11,5,0,0,1,3,6,2,1,0,0,3,0,0,0,0,0,5,5,0,0,0,0,0,1,0,0,0,0,0,1,1,0,0,4,1,0,0,0,0,0,0,0,0,0,0,1,0,0,1,0,0,0,0,0,0,0,0,1,0,0,0,0,0,0,0,0,0,0,1,1,0,0,1,0,0,0
47 - Λακωνίας,47 E.T. Δήμου Ανατολικής Μάνης,265,41,0,0,0,41,22,10,10,0,1,0,2,0,0,0,0,0,7,5,0,0,0,1,2,2,0,0,0,0,1,0,0,0,0,0,0,0,0,0,0,1,1,0,3,1,0,0,0,0,0,0,0,0,0,0,0,0,0,0,0,0,0,0,0,0,0,0,0,0,0,0,0,0,0,0,0,0,0,0,1,0,1,0,1,0,0,0,0,0,0,0,0,0,0,0,0,1,0,1,0
47 - Λακωνίας,48 E.T. Δήμου Ανατολικής Μάνης,505,155,1,0,1,154,86,46,24,2,0,4,17,5,4,4,0,0,13,13,0,0,0,0,9,4,0,0,1,1,7,3,1,0,1,1,2,0,0,0,0,2,2,0,0,0,1,0,0,0,0,0,2,2,1,0,0,0,5,2,3,0,0,0,0,0,0,0,0,0,0,0,0,0,0,0,1,0,0,1,1,1,1,1,0,0,0,3,3,0,0,0,0,2,2,0,0,1,1,0,0
47 - Λακωνίας,49 E.T. Δήμου Ανατολικής Μάνης,124,44,0,0,0,44,31,19,2,0,0,1,5,3,0,0,1,0,0,0,0,0,0,0,3,0,0,0,0,1,0,0,0,0,0,0,0,0,0,0,0,0,0,0,0,0,0,0,0,0,0,0,2,1,0,0,0,0,0,0,0,0,0,0,0,0,0,0,0,0,0,0,0,0,0,0,0,0,0,0,1,1,0,0,0,0,0,0,0,0,0,0,0,0,0,0,0,2,0,0,0
47 - Λακωνίας,50 E.T. Δήμου Ανατολικής Μάνης,424,109,1,2,3,106,76,58,9,0,2,1,8,5,0,0,0,0,12,12,0,0,0,0,1,0,0,0,0,0,1,0,0,0,0,0,4,2,0,0,1,0,0,0,0,0,0,0,0,0,0,0,0,0,0,0,0,0,0,0,0,0,0,0,1,1,0,0,0,0,0,0,0,0,0,0,0,0,0,0,1,1,1,0,0,0,0,0,0,0,0,0,0,0,0,0,0,1,0,0,1
47 - Λακωνίας,51 E.T. Δήμου Ανατολικής Μάνης,406,124,1,2,3,121,75,48,16,1,0,3,15,8,1,0,2,0,2,2,0,0,0,0,2,2,0,0,0,0,6,1,1,0,3,1,4,1,1,0,1,0,0,0,0,0,0,0,0,0,0,0,2,1,1,0,0,0,1,1,0,0,0,0,5,4,0,0,0,0,1,1,0,0,0,0,0,0,0,0,1,1,0,0,0,0,0,0,0,0,0,0,0,0,0,0,0,6,3,0,3
47 - Λακωνίας,52 E.T. Δήμου Ανατολικής Μάνης,449,205,4,1,5,200,127,62,33,4,5,8,21,14,2,3,0,0,16,11,0,1,1,2,5,2,0,0,0,2,6,0,0,0,1,0,3,0,0,0,2,4,0,1,0,0,0,0,1,0,1,0,1,0,3,1,0,0,2,1,1,0,0,0,0,0,0,0,0,0,0,0,0,0,0,0,1,0,1,0,0,0,2,0,2,0,0,3,3,1,0,0,0,0,0,1,1,3,2,0,0
47 - Λακωνίας,53 E.T. Δήμου Ανατολικής Μάνης,446,204,7,2,9,195,122,68,31,0,7,7,22,9,1,4,0,3,12,7,0,2,0,1,10,6,1,1,0,0,6,3,0,0,0,2,3,1,1,0,0,1,1,0,0,0,0,0,2,1,1,0,2,2,1,1,0,0,0,0,0,0,0,0,0,0,0,0,0,0,1,0,0,0,0,0,0,0,0,0,0,0,0,0,0,0,0,0,0,1,1,0,0,2,1,2,0,8,1,0,7
47 - Λακωνίας,54 E.T. Δήμου Ανατολικής Μάνης,71,36,0,0,0,36,21,11,4,1,0,5,6,0,1,2,0,0,2,2,0,0,0,0,0,0,0,0,0,0,1,0,0,0,0,0,0,0,0,0,0,0,0,0,0,0,0,0,0,0,0,0,3,1,0,0,0,0,0,0,0,0,0,0,0,0,0,0,0,0,0,0,0,0,0,0,0,0,0,0,0,0,3,1,2,0,0,0,0,0,0,0,0,0,0,0,0,0,0,0,0
47 - Λακωνίας,55 E.T. Δήμου Ανατολικής Μάνης,313,90,2,0,2,88,26,11,10,0,2,2,14,7,1,0,1,0,18,16,0,0,1,1,13,4,0,4,0,0,3,2,0,0,0,0,2,0,0,0,2,0,0,0,0,0,0,0,3,0,3,0,1,1,0,0,0,0,1,0,1,0,0,0,1,1,0,0,0,0,0,0,0,0,0,0,0,0,0,0,0,0,0,0,0,0,0,0,0,0,0,0,0,1,1,0,0,5,2,1,0
47 - Λακωνίας,56 E.T. Δήμου Ανατολικής Μάνης,162,62,1,1,2,60,32,14,12,0,2,4,14,6,0,2,0,5,7,3,0,0,0,4,3,2,0,0,0,1,2,1,0,1,0,0,0,0,0,0,0,1,0,0,0,0,0,0,0,0,0,0,0,0,0,0,0,0,0,0,0,0,0,0,0,0,0,0,0,0,0,0,0,0,0,0,0,0,0,0,0,0,0,0,0,0,0,1,1,0,0,0,0,0,0,0,0,0,0,0,0
47 - Λακωνίας,57 E.T. Δήμου Ανατολικής Μάνης,193,48,1,0,1,47,30,11,9,1,0,9,4,3,0,1,0,0,6,5,0,0,0,0,0,0,0,0,0,0,0,0,0,0,0,0,0,0,0,0,0,0,0,0,0,0,0,0,0,0,0,0,2,2,0,0,0,0,4,2,1,0,0,0,0,0,0,0,0,0,0,0,0,0,0,0,0,0,0,0,0,0,0,0,0,0,0,0,0,1,1,0,0,0,0,0,0,0,0,0,0
47 - Λακωνίας,58 E.T. Δήμου Ανατολικής Μάνης,237,118,0,0,0,118,29,8,13,0,0,4,19,10,2,4,0,0,35,31,0,2,0,1,7,3,0,1,1,1,2,1,0,0,1,0,12,0,0,0,12,1,0,0,0,0,0,0,2,0,0,1,1,1,0,0,0,0,2,0,1,1,2,2,0,0,0,0,0,0,0,0,0,0,0,0,0,0,0,0,0,0,1,1,0,0,0,2,2,0,0,0,0,1,1,0,0,2,0,1,0
47 - Λακωνίας,59 E.T. Δήμου Ανατολικής Μάνης,123,62,0,0,0,62,32,20,9,0,0,1,9,5,0,0,1,1,4,3,0,0,0,1,2,1,0,0,0,0,3,1,0,0,1,0,3,1,0,0,0,0,0,0,0,0,0,0,0,0,0,0,2,2,0,0,0,0,3,0,1,2,0,0,0,0,0,0,0,0,0,0,0,0,0,0,0,0,0,0,2,2,2,0,0,0,0,0,0,0,0,0,0,0,0,0,0,0,0,0,0
47 - Λακωνίας,60 E.T. Δήμου Ανατολικής Μάνης,312,98,2,0,2,96,35,12,11,1,0,6,2,1,0,1,0,0,37,34,0,0,0,3,16,9,0,1,0,1,2,0,0,0,1,0,1,1,0,0,0,0,0,0,0,0,0,0,0,0,0,0,0,0,0,0,0,0,1,0,0,0,0,0,0,0,0,0,0,0,0,0,0,0,0,0,0,0,0,0,0,0,0,0,0,0,0,0,0,0,0,0,0,1,1,0,0,1,1,0,0
47 - Λακωνίας,61 E.T. Δήμου Ανατολικής Μάνης,227,76,0,0,0,76,33,3,26,0,0,0,7,6,0,0,0,0,20,18,0,0,2,0,9,9,0,0,0,0,1,0,0,0,0,0,1,0,0,1,0,0,0,0,1,0,0,0,0,0,0,0,0,0,0,0,0,0,1,0,1,0,0,0,0,0,0,0,1,0,0,0,0,0,0,0,0,0,0,0,0,0,0,0,0,0,0,0,0,1,0,0,0,0,0,0,0,1,0,0,1
47 - Λακωνίας,62 E.T. Δήμου Ανατολικής Μάνης,685,193,1,0,1,192,65,20,25,1,2,9,26,22,0,2,0,0,61,55,0,2,2,1,23,5,1,2,1,5,2,0,0,0,0,1,0,0,0,0,0,0,0,0,0,0,0,0,2,0,1,1,1,1,0,0,0,0,4,0,4,0,0,0,0,0,0,0,0,0,0,0,0,0,0,0,0,0,0,0,0,0,0,0,0,1,1,0,0,1,1,0,0,0,0,0,0,6,1,2,3
47 - Λακωνίας,63 E.T. Δήμου Ανατολικής Μάνης,204,90,3,1,4,86,39,18,12,2,1,2,9,5,0,1,0,0,24,22,0,0,0,1,3,2,0,0,0,0,0,0,0,0,0,0,2,0,0,0,0,3,2,0,0,0,0,0,0,0,0,0,0,0,0,0,0,0,0,0,0,0,0,0,0,0,0,0,0,0,0,0,0,0,0,0,0,0,0,0,1,0,0,0,0,0,0,1,1,1,0,0,0,0,0,0,0,3,1,0,1
47 - Λακωνίας,64 E.T. Δήμου Ανατολικής Μάνης,171,59,0,0,0,59,23,6,4,1,0,9,7,2,1,2,0,0,15,13,0,0,1,0,0,0,0,0,0,0,2,0,0,0,0,0,3,0,0,1,2,0,0,0,0,0,0,0,6,0,6,0,0,0,2,0,0,0,0,0,0,0,0,0,0,0,0,0,0,0,0,0,0,0,0,0,0,0,0,0,0,0,0,0,0,0,0,0,0,0,0,0,0,0,0,0,0,1,0,1,0
47 - Λακωνίας,65 E.T. Δήμου Ελαφονήσου,425,191,5,0,5,186,79,30,39,1,5,3,28,23,2,0,0,0,31,5,0,0,25,0,10,3,2,0,0,1,10,4,1,2,0,3,3,1,1,1,0,0,0,0,0,0,0,0,1,1,0,0,2,2,1,0,0,0,10,2,6,2,0,0,0,0,0,0,1,0,0,0,0,0,0,0,1,0,0,1,0,0,0,0,0,0,0,0,0,2,2,0,0,0,0,0,0,7,4,1,1
47 - Λακωνίας,66 E.T. Δήμου Ελαφονήσου,423,187,3,0,3,184,90,43,37,0,5,4,23,12,8,3,0,0,38,21,0,0,17,0,7,0,0,1,1,4,9,1,1,0,1,4,2,2,0,0,0,0,0,0,0,0,0,0,0,0,0,0,1,1,0,0,0,0,13,5,6,2,0,0,0,0,0,0,0,0,0,0,0,0,0,0,0,0,0,0,0,0,0,0,0,0,0,0,0,0,0,0,0,0,0,0,0,1,0,0,0
47 - Λακωνίας,67 E.T. Δήμου Ελαφονήσου,447,188,2,1,3,185,89,43,32,0,4,7,22,13,4,3,0,1,21,8,0,1,10,0,6,0,0,0,2,2,10,0,0,0,1,8,5,4,0,1,0,0,0,0,0,0,0,0,4,1,1,1,3,3,0,0,0,0,9,1,4,3,0,0,0,0,0,0,0,0,0,0,0,0,0,0,0,0,0,0,0,0,0,0,0,0,0,4,1,1,1,0,0,0,0,0,0,11,6,0,3
47 - Λακωνίας,68 E.T. Δήμου Ευρώτα,243,90,1,1,2,88,46,11,18,1,14,2,7,4,0,2,0,1,27,23,0,0,0,4,0,0,0,0,0,0,0,0,0,0,0,0,0,0,0,0,0,0,0,0,0,0,0,0,0,0,0,0,0,0,0,0,0,0,1,0,0,0,1,0,0,0,0,0,0,0,0,0,0,0,0,0,0,0,0,0,0,0,0,0,0,0,0,0,0,0,0,0,0,5,3,0,0,1,0,0,0
47 - Λακωνίας,69 E.T. Δήμου Ευρώτα,464,223,4,10,14,209,125,44,40,0,33,3,25,20,2,0,1,0,20,16,0,0,2,2,4,0,1,1,1,0,8,2,1,0,3,1,6,1,0,0,3,13,10,3,1,0,0,0,0,0,0,0,0,0,2,0,1,0,0,0,0,0,0,0,0,0,0,0,0,0,1,0,0,1,0,0,0,0,0,0,0,0,1,0,0,0,0,0,0,1,1,0,0,0,0,0,0,2,0,0,1
47 - Λακωνίας,70 E.T. Δήμου Ευρώτα,459,174,2,2,4,170,92,44,30,1,12,2,15,10,3,1,0,0,25,12,1,0,1,10,8,0,1,0,2,3,10,3,0,2,2,1,3,1,0,0,2,5,4,0,1,1,0,0,0,0,0,0,0,0,2,1,0,0,0,0,0,0,0,0,0,0,0,0,1,0,2,0,0,1,0,0,1,0,0,0,0,0,1,1,0,0,0,0,0,0,0,0,0,0,0,0,0,4,2,0,2
47 - Λακωνίας,71 E.T. Δήμου Ευρώτα,458,217,4,0,4,213,91,40,27,0,14,6,23,13,5,0,1,1,37,27,0,0,5,3,7,0,0,0,4,0,11,4,1,1,1,0,9,1,0,1,7,14,12,2,0,0,0,0,0,0,0,0,1,1,1,0,0,0,4,0,3,0,0,0,0,0,0,0,0,0,1,0,0,1,0,0,3,0,1,1,0,0,1,1,0,0,0,2,2,2,1,0,0,0,0,0,0,6,2,0,2
47 - Λακωνίας,72 E.T. Δήμου Ευρώτα,444,244,3,1,4,240,111,47,30,1,27,5,24,19,3,0,0,1,52,34,1,1,2,11,4,0,0,2,2,0,12,1,1,0,6,0,1,0,0,0,0,17,13,4,0,0,0,0,0,0,0,0,0,0,1,0,1,0,1,0,0,0,2,1,0,0,0,0,0,0,2,0,0,2,0,0,0,0,0,0,0,0,3,2,0,1,1,0,0,0,0,0,0,2,1,0,0,7,3,1,2
47 - Λακωνίας,73 E.T. Δήμου Ευρώτα,379,150,2,0,2,148,84,37,18,0,24,0,13,12,0,0,0,0,31,18,1,0,8,4,0,0,0,0,0,0,12,3,0,0,6,1,0,0,0,0,0,3,1,2,0,0,0,0,1,0,0,0,0,0,0,0,0,0,0,0,0,0,0,0,0,0,0,0,0,0,0,0,0,0,0,0,0,0,0,0,2,1,1,1,0,0,0,0,0,1,0,0,0,0,0,0,0,0,0,0,0
47 - Λακωνίας,74 E.T. Δήμου Ευρώτα,330,132,2,0,2,130,80,41,19,0,12,2,3,3,0,0,0,0,25,20,0,0,1,3,6,0,0,0,4,1,3,1,0,0,1,0,3,0,0,0,3,4,4,0,0,0,0,0,0,0,0,0,3,2,0,0,0,0,0,0,0,0,0,0,0,0,0,0,0,0,1,1,0,0,0,0,0,0,0,0,0,0,0,0,0,0,0,0,0,0,0,0,0,0,0,0,0,2,1,0,0
47 - Λακωνίας,75 E.T. Δήμου Ευρώτα,459,300,6,0,6,294,128,28,43,2,38,5,30,11,1,3,5,6,63,36,3,0,1,17,29,0,2,1,7,4,7,4,0,0,1,0,1,0,0,1,0,6,6,0,0,0,0,0,1,0,0,0,1,1,1,0,1,0,3,0,0,0,0,0,0,0,0,0,0,0,8,1,1,6,0,0,1,0,0,0,2,1,2,1,0,0,0,0,0,0,0,0,0,0,0,0,0,11,6,0,3
47 - Λακωνίας,76 E.T. Δήμου Ευρώτα,469,282,4,0,4,278,115,33,42,2,28,4,32,15,5,1,8,0,65,30,10,0,0,19,21,2,3,0,10,1,9,1,1,0,3,1,2,0,1,0,1,5,5,0,0,0,0,0,1,1,0,0,2,2,0,0,0,0,2,0,2,0,0,0,0,0,0,0,0,0,4,0,0,4,0,0,0,0,0,0,1,1,4,0,3,0,0,2,2,1,1,0,0,1,1,0,0,11,4,1,6
47 - Λακωνίας,77 E.T. Δήμου Ευρώτα,458,266,2,2,4,262,132,40,31,1,41,14,25,18,2,0,3,0,61,27,7,1,3,21,14,2,1,2,5,1,14,2,3,0,8,0,1,0,0,0,1,3,3,0,0,0,0,0,0,0,0,0,1,1,0,0,0,0,1,1,0,0,0,0,0,0,0,0,0,0,3,1,0,2,0,0,0,0,0,0,0,0,0,0,0,0,0,0,0,0,0,0,0,0,0,1,1,6,3,0,0
47 - Λακωνίας,78 E.T. Δήμου Ευρώτα,446,261,3,0,3,258,134,48,36,2,39,4,26,19,3,0,3,0,42,21,3,0,2,13,15,0,2,1,4,1,6,2,1,0,1,1,2,1,0,0,1,2,2,0,0,0,0,0,0,0,0,0,1,0,1,0,0,0,4,0,2,1,0,0,0,0,0,0,0,0,5,0,0,5,0,0,0,0,0,0,0,0,6,3,1,0,0,2,0,1,0,0,0,0,0,0,0,11,5,0,2
47 - Λακωνίας,79 E.T. Δήμου Ευρώτα,149,98,0,1,1,97,34,5,8,2,17,0,24,7,11,1,5,0,19,13,0,0,4,2,6,1,2,0,1,1,4,0,2,0,1,0,3,0,2,0,1,0,0,0,0,0,0,0,0,0,0,0,2,2,0,0,0,0,1,0,1,0,0,0,0,0,0,0,0,0,0,0,0,0,0,0,0,0,0,0,0,0,0,0,0,0,0,0,0,1,0,0,0,1,1,0,0,2,2,0,0
47 - Λακωνίας,80 E.T. Δήμου Ευρώτα,383,188,5,0,5,183,98,14,23,1,56,2,38,20,3,0,8,1,28,16,5,0,0,6,10,0,1,0,7,2,1,0,0,0,1,0,2,0,0,0,2,2,1,1,0,0,0,0,0,0,0,0,0,0,0,0,0,0,1,0,1,0,0,0,0,0,0,0,0,0,1,0,0,1,0,0,1,1,0,0,0,0,1,0,1,0,0,0,0,0,0,0,0,0,0,0,0,0,0,0,0
47 - Λακωνίας,81 E.T. Δήμου Ευρώτα,397,241,8,0,8,233,169,63,21,5,73,4,10,5,3,0,1,0,24,13,1,2,2,6,6,0,0,0,2,0,5,1,0,0,2,1,2,0,2,0,0,4,1,2,0,0,0,0,0,0,0,0,2,2,0,0,0,0,2,0,1,0,0,0,0,0,0,0,0,0,4,0,1,3,0,0,0,0,0,0,0,0,0,0,0,0,0,0,0,0,0,0,0,0,0,0,0,5,1,2,2
47 - Λακωνίας,82 E.T. Δήμου Ευρώτα,399,250,1,1,2,248,162,39,35,9,68,1,11,7,0,0,2,0,33,8,1,0,0,23,8,0,0,1,3,0,14,0,1,1,8,1,3,0,1,0,1,0,0,0,1,0,0,0,0,0,0,0,0,0,1,0,1,0,3,0,3,0,0,0,1,0,0,0,1,0,0,0,0,0,0,0,0,0,0,0,0,0,0,0,0,0,0,1,1,0,0,0,0,2,0,0,0,7,5,0,0
47 - Λακωνίας,83 E.T. Δήμου Ευρώτα,418,280,2,0,2,278,164,50,38,5,61,6,43,21,9,2,7,0,44,27,1,0,2,14,10,2,2,2,1,1,5,0,0,0,4,1,1,0,0,0,0,1,0,0,0,0,0,0,0,0,0,0,2,0,2,1,0,0,1,0,0,0,0,0,0,0,0,0,0,0,0,0,0,0,0,0,0,0,0,0,0,0,1,0,0,0,0,0,0,0,0,0,0,0,0,1,0,3,1,0,0
47 - Λακωνίας,84 E.T. Δήμου Ευρώτα,256,145,0,1,1,144,67,28,19,1,17,1,16,10,2,2,2,0,40,29,4,0,0,7,3,0,0,0,3,0,2,1,0,0,1,0,0,0,0,0,0,4,3,1,0,0,0,0,0,0,0,0,0,0,1,0,0,0,3,0,1,2,0,0,0,0,0,0,1,0,4,0,1,3,0,0,1,1,0,0,0,0,0,0,0,0,0,1,0,0,0,0,0,0,0,0,0,1,0,0,0
47 - Λακωνίας,85 E.T. Δήμου Ευρώτα,443,203,3,0,3,200,130,5,14,3,104,3,24,9,4,5,2,0,14,9,1,0,1,3,2,0,0,0,2,0,6,1,0,1,2,2,2,0,0,0,0,1,0,0,1,1,0,0,2,0,0,0,2,2,2,0,1,0,2,0,1,0,0,0,0,0,0,0,0,0,3,0,0,3,0,0,0,0,0,0,0,0,1,1,0,2,2,0,0,1,1,0,0,0,0,0,0,5,1,1,2
47 - Λακωνίας,86 E.T. Δήμου Ευρώτα,442,213,1,1,2,211,137,7,17,0,102,6,20,8,7,1,2,0,21,15,1,0,2,3,9,0,1,0,6,0,5,0,1,1,3,0,4,0,0,0,3,1,1,0,0,0,0,0,2,1,1,0,1,0,0,0,0,0,0,0,0,0,0,0,0,0,0,0,0,0,4,0,1,3,0,0,0,0,0,0,0,0,1,1,0,0,0,0,0,0,0,0,0,1,1,0,0,5,3,0,2
47 - Λακωνίας,87 E.T. Δήμου Ευρώτα,576,341,5,2,7,334,192,83,42,3,53,9,22,13,2,3,2,0,69,38,2,0,2,20,13,2,2,0,6,1,5,1,0,0,2,1,0,0,0,0,0,1,0,1,2,0,0,0,4,0,0,2,0,0,1,0,0,0,13,9,0,4,0,0,0,0,0,0,0,0,3,0,0,3,0,0,1,1,0,0,0,0,1,1,0,0,0,0,0,1,0,0,0,0,0,0,0,6,1,0,4
47 - Λακωνίας,88 E.T. Δήμου Ευρώτα,500,165,4,0,4,161,74,31,36,1,3,1,19,9,1,2,1,1,30,24,0,0,1,4,19,2,7,2,4,2,5,1,1,0,1,1,4,1,0,1,1,2,1,1,0,0,0,0,1,0,0,0,0,0,0,0,0,0,1,0,0,0,0,0,0,0,0,0,0,0,0,0,0,0,0,0,0,0,0,0,0,0,1,0,1,1,0,0,0,0,0,0,0,0,0,1,0,3,0,0,2
47 - Λακωνίας,89 E.T. Δήμου Ευρώτα,490,178,4,3,7,171,58,17,34,2,1,2,28,16,2,2,6,1,43,29,0,0,2,10,24,3,4,0,9,5,3,0,0,0,0,1,1,0,0,0,0,0,0,0,0,0,0,0,2,0,0,1,0,0,0,0,0,0,0,0,0,0,0,0,0,0,0,0,0,0,2,0,0,2,0,0,1,0,1,0,0,0,0,0,0,0,0,6,6,0,0,0,0,0,0,0,0,3,0,2,1
47 - Λακωνίας,90 E.T. Δήμου Ευρώτα,501,176,2,1,3,173,92,28,30,2,11,14,28,13,3,5,3,1,14,10,2,0,1,0,21,7,5,1,2,2,6,2,0,0,3,0,2,1,0,0,0,2,1,1,0,0,0,0,0,0,0,0,0,0,3,1,0,0,0,0,0,0,0,0,0,0,0,0,0,0,2,0,2,0,0,0,0,0,0,0,1,0,0,0,0,0,0,0,0,1,0,0,0,0,0,0,0,1,0,0,0
47 - Λακωνίας,91 E.T. Δήμου Ευρώτα,498,164,1,4,5,159,72,17,45,0,8,0,18,7,0,1,4,3,30,21,1,1,0,5,13,1,6,0,4,2,6,2,0,0,2,1,2,1,0,0,0,2,1,0,0,0,0,0,3,0,0,2,0,0,1,0,1,0,0,0,0,0,1,0,0,0,0,0,2,2,2,0,1,1,0,0,0,0,0,0,0,0,1,1,0,0,0,0,0,0,0,0,0,2,2,0,0,4,2,0,1
47 - Λακωνίας,92 E.T. Δήμου Ευρώτα,608,154,0,1,1,153,85,25,47,0,1,5,26,16,1,1,4,0,13,9,0,0,2,2,6,0,0,5,0,0,5,1,0,0,4,0,0,0,0,0,0,1,1,0,0,0,0,0,3,0,0,1,2,0,0,0,0,0,0,0,0,0,0,0,2,1,0,0,1,1,0,0,0,0,0,0,0,0,0,0,2,0,0,0,0,0,0,0,0,1,0,0,0,0,0,0,0,6,2,1,2
47 - Λακωνίας,93 E.T. Δήμου Ευρώτα,504,212,3,3,6,206,82,20,51,0,7,3,13,9,0,0,3,0,65,49,0,1,2,8,23,0,3,3,3,4,6,1,0,0,4,0,0,0,0,0,0,0,0,0,1,1,0,0,1,0,0,1,0,0,0,0,0,0,6,1,1,0,1,0,1,1,1,1,0,0,1,1,0,0,0,0,0,0,0,0,1,0,0,0,0,0,0,1,1,1,1,0,0,1,1,1,1,0,0,0,0
47 - Λακωνίας,94 E.T. Δήμου Ευρώτα,483,198,5,1,6,192,64,21,34,0,0,4,52,33,0,0,15,1,32,23,2,0,0,5,28,4,7,6,2,3,4,1,1,0,0,0,1,0,0,0,0,1,1,0,1,0,0,0,1,1,0,0,1,1,0,0,0,0,2,0,0,1,0,0,0,0,0,0,1,1,1,0,0,0,0,0,0,0,0,0,0,0,1,1,0,0,0,1,1,0,0,0,0,0,0,1,0,0,0,0,0
47 - Λακωνίας,95 E.T. Δήμου Ευρώτα,484,188,6,3,9,179,79,26,38,2,5,6,27,19,1,1,5,0,31,19,0,0,4,7,23,4,4,4,3,6,3,0,1,0,1,0,5,1,0,1,2,1,1,0,0,0,0,0,1,0,0,0,0,0,0,0,0,0,2,1,0,0,0,0,0,0,0,0,0,0,0,0,0,0,0,0,0,0,0,0,0,0,0,0,0,0,0,0,0,0,0,0,0,0,0,0,0,7,0,1,2
47 - Λακωνίας,96 E.T. Δήμου Ευρώτα,187,78,1,0,1,77,37,10,11,1,7,4,7,2,2,0,1,2,13,2,0,0,0,11,1,1,0,0,0,0,4,1,1,0,0,2,0,0,0,0,0,0,0,0,0,0,0,0,1,0,0,1,1,0,0,0,0,0,0,0,0,0,0,0,0,0,0,0,0,0,0,0,0,0,0,0,0,0,0,0,0,0,1,1,0,0,0,4,1,0,0,0,0,0,0,0,0,8,0,6,0
47 - Λακωνίας,97 E.T. Δήμου Ευρώτα,459,219,5,2,7,212,117,38,24,0,44,5,19,6,10,3,0,0,29,21,0,0,3,5,18,0,1,1,12,1,4,0,0,0,2,0,4,0,1,1,1,2,2,0,0,0,0,0,0,0,0,0,0,0,1,0,0,0,8,3,5,0,0,0,0,0,0,0,0,0,0,0,0,0,0,0,0,0,0,0,5,5,0,0,0,0,0,1,0,1,1,0,0,0,0,0,0,3,2,0,1
47 - Λακωνίας,98 E.T. Δήμου Ευρώτα,393,219,1,0,1,218,115,37,22,3,43,5,33,11,16,3,0,2,43,19,1,0,1,21,8,0,0,1,5,1,10,3,1,0,2,1,2,0,0,0,2,1,1,0,0,0,1,1,0,0,0,0,0,0,1,1,0,0,1,0,1,0,0,0,0,0,0,0,0,0,0,0,0,0,0,0,0,0,0,0,3,0,0,0,0,0,0,0,0,0,0,0,0,0,0,0,0,0,0,0,0
47 - Λακωνίας,99 E.T. Δήμου Ευρώτα,412,149,0,0,0,149,94,18,15,9,42,9,20,8,8,1,3,0,20,14,5,0,0,1,4,1,0,0,2,1,4,1,1,1,1,0,1,0,1,0,0,1,1,0,0,0,0,0,0,0,0,0,0,0,0,0,0,0,0,0,0,0,0,0,0,0,0,0,0,0,2,0,0,1,1,0,0,0,0,0,0,0,2,2,0,0,0,0,0,0,0,0,0,0,0,0,0,1,1,0,0
47 - Λακωνίας,100 E.T. Δήμου Ευρώτα,412,135,0,2,2,133,92,22,31,5,27,1,6,3,3,0,0,0,24,13,1,1,2,7,1,0,0,0,0,0,3,0,0,0,2,1,0,0,0,0,0,0,0,0,0,0,0,0,0,0,0,0,0,0,0,0,0,0,3,0,2,1,0,0,0,0,0,0,0,0,1,0,0,0,1,0,0,0,0,0,0,0,0,0,0,0,0,0,0,0,0,0,0,3,1,0,0,0,0,0,0
47 - Λακωνίας,101 E.T. Δήμου Ευρώτα,337,152,1,0,1,151,102,38,38,7,15,2,15,0,13,0,1,0,19,10,0,0,2,7,4,2,0,0,0,1,1,0,0,0,0,0,4,1,2,1,0,1,1,0,0,0,0,0,0,0,0,0,0,0,0,0,0,0,1,1,0,0,0,0,0,0,0,0,0,0,1,0,0,1,0,0,0,0,0,0,0,0,0,0,0,0,0,0,0,0,0,0,0,0,0,0,0,3,3,0,0
47 - Λακωνίας,102 E.T. Δήμου Ευρώτα,347,158,1,1,2,156,83,16,37,2,27,1,41,4,32,1,0,1,15,11,0,1,2,1,4,1,1,0,1,0,2,0,0,0,1,1,1,0,1,0,0,0,0,0,0,0,0,0,0,0,0,0,0,0,0,0,0,0,1,0,1,0,0,0,0,0,0,0,0,0,3,1,0,1,0,1,0,0,0,0,0,0,2,0,2,0,0,0,0,0,0,0,0,0,0,0,0,4,1,0,1
47 - Λακωνίας,103 E.T. Δήμου Ευρώτα,323,149,4,0,4,145,87,26,32,4,16,7,25,1,24,0,0,0,23,14,0,4,0,4,3,0,1,0,0,1,3,0,0,0,2,0,1,0,0,1,0,0,0,0,0,0,0,0,0,0,0,0,0,0,0,0,0,0,0,0,0,0,0,0,0,0,0,0,0,0,0,0,0,0,0,0,0,0,0,0,1,0,0,0,0,0,0,0,0,0,0,0,0,0,0,0,0,2,0,0,2
47 - Λακωνίας,104 E.T. Δήμου Ευρώτα,489,258,4,2,6,252,125,30,55,2,33,2,43,21,7,8,1,0,41,22,1,1,10,6,18,1,1,1,1,4,3,2,0,0,0,1,4,1,0,0,3,0,0,0,1,0,0,0,0,0,0,0,0,0,2,1,1,0,0,0,0,0,0,0,1,0,0,0,0,0,5,1,0,3,0,0,1,0,1,0,0,0,2,0,0,1,1,0,0,0,0,0,0,0,0,0,0,5,0,0,0
47 - Λακωνίας,105 E.T. Δήμου Ευρώτα,395,177,4,4,8,169,65,27,16,2,13,3,47,30,1,2,8,1,17,11,0,2,0,4,6,1,0,0,1,2,6,0,2,0,1,1,3,1,1,0,1,5,4,1,1,1,0,0,1,0,0,0,2,0,1,0,1,0,1,0,1,0,1,1,0,0,0,0,0,0,0,0,0,0,0,0,0,0,0,0,0,0,1,1,0,0,0,6,5,1,1,0,0,0,0,0,0,5,1,0,0
47 - Λακωνίας,106 E.T. Δήμου Ευρώτα,400,178,3,0,3,175,92,44,22,0,18,2,22,13,2,3,1,1,25,19,0,2,2,1,4,1,0,0,0,0,10,0,0,0,7,1,1,0,0,1,0,7,5,0,0,0,0,0,0,0,0,0,0,0,1,0,1,0,0,0,0,0,0,0,0,0,0,0,0,0,0,0,0,0,0,0,1,1,0,0,1,0,0,0,0,0,0,5,5,0,0,0,0,1,1,0,0,5,2,0,1
47 - Λακωνίας,107 E.T. Δήμου Ευρώτα,408,182,4,3,7,175,92,36,22,0,15,11,12,7,0,0,5,0,33,22,6,1,0,1,4,0,3,0,0,1,8,3,0,0,2,0,1,0,0,0,0,6,6,0,0,0,0,0,2,2,0,0,0,0,2,0,0,0,0,0,0,0,0,0,1,1,0,0,0,0,6,0,0,5,0,1,0,0,0,0,0,0,0,0,0,0,0,0,0,2,1,0,0,0,0,0,0,6,0,2,2
47 - Λακωνίας,108 E.T. Δήμου Ευρώτα,462,199,1,2,3,196,109,40,31,0,30,5,23,9,5,2,3,3,31,19,3,0,2,4,4,0,0,0,2,1,7,1,0,0,4,1,1,0,0,1,0,5,4,1,1,0,1,1,0,0,0,0,0,0,0,0,0,0,1,0,1,0,1,1,0,0,0,0,0,0,1,0,0,1,0,0,0,0,0,0,1,1,0,0,0,0,0,0,0,0,0,0,0,1,1,0,0,9,4,0,4
47 - Λακωνίας,109 E.T. Δήμου Ευρώτα,458,267,2,1,3,264,128,42,34,0,44,6,38,19,4,2,4,0,65,27,21,0,4,10,12,2,1,0,4,0,4,0,0,0,4,0,2,1,0,0,1,2,1,0,0,0,0,0,0,0,0,0,0,0,1,0,0,0,0,0,0,0,0,0,0,0,0,0,0,0,6,0,1,4,0,0,1,0,0,0,1,1,0,0,0,1,1,1,1,0,0,0,0,0,0,0,0,2,2,0,0
47 - Λακωνίας,110 E.T. Δήμου Ευρώτα,444,253,2,0,2,251,129,61,31,0,33,3,29,11,4,1,10,1,43,15,14,0,2,10,3,0,1,0,0,0,11,3,0,1,7,0,6,0,1,2,2,3,1,1,0,0,1,0,1,0,0,0,1,1,2,0,1,1,0,0,0,0,0,0,1,0,0,0,1,1,1,0,1,0,0,0,0,0,0,0,0,0,0,0,0,0,0,1,1,1,1,0,0,1,0,0,0,16,3,1,10
47 - Λακωνίας,111 E.T. Δήμου Ευρώτα,555,316,3,2,5,311,136,47,44,2,34,3,42,23,7,5,0,0,42,31,7,0,0,4,31,2,2,0,17,3,19,5,2,1,9,1,5,1,0,2,1,3,1,2,0,0,0,0,0,0,0,0,0,0,2,1,0,0,0,0,0,0,0,0,0,0,0,0,0,0,11,0,2,9,0,0,0,0,0,0,1,0,2,0,1,0,0,0,0,0,0,0,0,0,0,1,1,16,5,4,1
47 - Λακωνίας,112 E.T. Δήμου Ευρώτα,550,256,12,0,12,244,105,22,44,0,23,5,42,10,13,3,6,2,45,22,6,4,3,5,15,3,0,1,7,2,6,0,1,0,2,1,2,0,0,1,1,5,3,1,1,1,1,0,1,0,1,0,1,0,0,0,0,0,2,0,0,1,0,0,0,0,0,0,0,0,7,0,0,6,0,0,2,0,0,0,1,1,0,0,0,0,0,0,0,2,0,1,0,0,0,0,0,6,0,2,0
47 - Λακωνίας,113 E.T. Δήμου Ευρώτα,553,326,6,1,7,319,111,47,20,2,35,6,67,40,8,6,11,0,63,35,6,6,2,12,26,2,0,4,14,1,4,1,0,0,0,1,3,1,0,0,0,0,0,0,0,0,2,1,2,0,1,0,4,0,1,0,1,0,3,1,1,0,1,1,0,0,0,0,1,0,12,0,1,11,0,0,1,0,0,0,0,0,1,0,1,1,1,1,1,4,2,0,0,0,0,0,0,11,5,0,3
47 - Λακωνίας,114 E.T. Δήμου Ευρώτα,560,312,6,1,7,305,154,52,56,0,35,10,41,23,5,7,3,2,44,18,10,0,3,13,18,0,1,5,7,1,10,1,2,0,5,1,4,1,0,0,1,1,0,0,1,0,0,0,0,0,0,0,2,2,1,0,0,0,2,0,0,1,1,0,0,0,1,0,1,0,8,0,1,7,0,0,1,0,0,0,1,0,1,0,0,1,0,0,0,0,0,0,0,0,0,0,0,12,3,0,3
47 - Λακωνίας,115 E.T. Δήμου Ευρώτα,540,264,2,1,3,261,131,49,32,1,33,11,42,21,8,4,0,4,40,16,4,0,4,15,20,2,1,1,12,3,7,1,1,0,3,0,1,0,0,0,1,0,0,0,2,2,0,0,1,0,1,0,2,0,0,0,0,0,1,0,0,1,0,0,0,0,0,0,0,0,4,0,0,4,0,0,1,0,0,1,0,0,0,0,0,0,0,2,2,0,0,0,0,0,0,0,0,7,3,0,3
47 - Λακωνίας,116 E.T. Δήμου Ευρώτα,529,324,7,2,9,315,133,49,36,0,33,6,49,30,3,4,5,2,45,30,7,1,0,5,21,2,2,1,11,3,10,2,0,0,5,2,6,0,2,2,0,3,3,0,2,0,0,0,0,0,0,0,3,3,3,0,0,1,3,0,2,1,2,1,0,0,0,0,2,1,11,0,1,10,0,0,4,0,0,3,2,1,2,1,0,1,1,2,1,3,2,0,0,2,0,1,0,5,2,3,0
47 - Λακωνίας,117 E.T. Δήμου Ευρώτα,677,345,8,1,9,336,184,65,54,2,56,5,55,25,13,9,0,3,49,33,4,0,7,4,4,0,0,0,1,1,11,3,0,0,2,3,4,0,1,0,1,2,2,0,0,0,0,0,0,0,0,0,0,0,2,1,0,0,2,0,0,2,0,0,0,0,0,0,0,0,3,0,1,2,0,0,1,0,0,0,0,0,0,0,0,0,0,2,2,3,0,1,0,0,0,1,1,13,0,12,1
47 - Λακωνίας,118 E.T. Δήμου Μονεμβασίας,522,263,4,1,5,258,163,72,47,6,24,6,36,27,4,0,1,0,26,12,0,1,8,5,4,0,0,0,1,3,9,1,0,0,4,3,2,1,1,0,0,2,1,0,1,0,0,0,0,0,0,0,1,1,1,0,1,0,3,0,3,0,0,0,0,0,0,0,0,0,1,0,0,0,0,0,1,1,0,0,1,1,0,0,0,0,0,0,0,2,2,0,0,0,0,0,0,5,1,0,2
47 - Λακωνίας,119 E.T. Δήμου Μονεμβασίας,505,255,2,1,3,252,148,81,31,4,21,6,27,14,3,2,0,0,34,17,2,3,5,6,5,0,1,0,0,3,11,1,0,0,6,2,3,1,0,2,0,3,3,0,0,0,0,0,0,0,0,0,1,0,2,0,1,0,4,1,2,1,0,0,2,1,0,0,1,1,0,0,0,0,0,0,0,0,0,0,2,2,0,0,0,0,0,2,1,0,0,0,0,3,1,0,0,4,1,0,0
47 - Λακωνίας,120 E.T. Δήμου Μονεμβασίας,516,278,2,1,3,275,178,99,39,3,23,4,34,18,13,1,1,0,21,8,0,3,5,3,2,0,1,0,0,1,11,0,0,0,1,10,1,0,0,0,0,1,1,0,0,0,0,0,3,0,1,0,3,3,5,2,3,0,8,2,4,1,1,1,0,0,0,0,0,0,1,1,0,0,0,0,0,0,0,0,0,0,0,0,0,0,0,1,1,0,0,0,0,0,0,0,0,5,2,0,1
47 - Λακωνίας,121 E.T. Δήμου Μονεμβασίας,554,287,2,0,2,285,142,55,45,9,20,5,45,17,12,1,6,1,33,22,1,0,3,5,11,4,3,0,0,2,14,0,0,0,10,2,9,1,0,5,2,8,6,0,0,0,0,0,5,0,0,0,0,0,0,0,0,0,4,0,4,0,0,0,0,0,0,0,0,0,1,0,0,1,0,0,1,0,0,1,1,1,0,0,0,1,1,0,0,1,1,0,0,0,0,1,1,8,1,0,3
47 - Λακωνίας,122 E.T. Δήμου Μονεμβασίας,521,235,6,1,7,228,110,35,23,9,30,4,40,17,12,2,1,1,31,21,2,1,0,2,3,0,1,1,0,0,8,0,0,0,2,5,9,1,1,4,2,2,2,0,0,0,0,0,3,0,0,2,1,1,2,2,0,0,6,0,4,1,0,0,0,0,0,0,0,0,1,0,0,0,0,0,2,1,0,0,1,0,3,1,0,0,0,0,0,1,0,0,0,0,0,0,0,5,1,0,2
47 - Λακωνίας,123 E.T. Δήμου Μονεμβασίας,627,273,3,2,5,268,143,42,53,4,34,3,37,22,7,2,0,1,30,21,0,1,5,3,4,0,0,1,0,0,21,3,3,0,6,1,6,1,2,0,0,4,3,0,0,0,0,0,1,0,0,0,3,2,1,0,0,0,4,0,3,0,0,0,0,0,0,0,0,0,0,0,0,0,0,0,2,0,0,1,1,1,0,0,0,0,0,1,1,0,0,0,0,2,1,0,0,8,2,1,5
47 - Λακωνίας,124 E.T. Δήμου Μονεμβασίας,603,227,2,2,4,223,109,37,32,10,18,4,50,24,12,5,2,0,27,16,0,1,4,1,7,3,1,0,1,1,13,3,1,1,4,2,2,0,2,0,0,0,0,0,0,0,0,0,1,0,0,1,4,3,0,0,0,0,2,2,0,0,1,1,0,0,0,0,0,0,0,0,0,0,0,0,0,0,0,0,2,2,1,1,0,0,0,0,0,1,0,0,0,0,0,0,0,3,0,0,1
47 - Λακωνίας,125 E.T. Δήμου Μονεμβασίας,536,285,6,3,9,276,124,73,33,9,2,4,33,19,5,4,4,0,50,33,0,1,15,1,7,2,0,1,1,1,19,4,0,1,7,6,3,0,1,1,0,4,3,1,1,0,0,0,1,0,1,0,0,0,2,0,2,0,13,1,8,2,0,0,0,0,0,0,0,0,0,0,0,0,0,0,2,0,0,2,1,0,0,0,0,1,0,0,0,0,0,0,0,2,2,1,1,12,6,0,3
47 - Λακωνίας,126 E.T. Δήμου Μονεμβασίας,536,282,4,3,7,275,99,48,33,3,2,7,48,21,6,9,3,1,52,22,0,0,26,0,17,2,1,0,2,4,18,4,0,0,7,3,11,4,1,2,1,1,0,1,0,0,0,0,5,1,1,1,0,0,1,0,1,0,4,1,2,1,2,2,0,0,0,0,0,0,1,0,0,1,0,0,0,0,0,0,1,0,3,1,2,0,0,0,0,0,0,0,0,1,1,5,1,6,3,0,2
47 - Λακωνίας,127 E.T. Δήμου Μονεμβασίας,535,308,5,0,5,303,108,63,35,3,1,6,72,43,12,9,1,3,45,29,0,2,10,2,17,4,1,1,4,5,21,2,1,1,8,6,2,1,0,0,1,6,3,2,0,0,0,0,1,0,0,0,2,2,2,1,1,0,3,0,2,1,1,1,0,0,0,0,0,0,1,1,0,0,0,0,0,0,0,0,7,7,7,5,2,0,0,1,1,0,0,0,0,1,1,2,2,4,4,0,0
47 - Λακωνίας,128 E.T. Δήμου Μονεμβασίας,560,269,2,0,2,267,136,70,47,6,6,3,25,17,2,3,0,1,36,26,0,1,7,1,16,4,1,0,4,4,16,3,1,1,4,6,5,1,3,0,0,0,0,0,0,0,0,0,4,0,1,2,4,4,2,1,1,0,4,0,2,1,0,0,1,0,0,0,0,0,2,0,2,0,0,0,0,0,0,0,0,0,5,3,2,1,1,1,1,1,0,0,1,0,0,2,2,6,1,1,3
47 - Λακωνίας,129 E.T. Δήμου Μονεμβασίας,490,279,3,1,4,275,115,58,40,6,2,4,50,24,4,11,5,2,47,21,1,4,18,0,10,4,0,2,1,0,9,0,0,1,2,6,10,6,0,0,1,0,0,0,1,1,0,0,3,0,0,0,3,3,1,0,1,0,6,2,4,0,0,0,0,0,0,0,1,1,0,0,0,0,0,0,1,0,0,1,1,0,1,1,0,2,1,1,0,0,0,0,0,1,1,1,0,11,7,1,3
47 - Λακωνίας,130 E.T. Δήμου Μονεμβασίας,638,355,4,0,4,351,164,125,21,1,10,5,21,14,3,1,1,1,101,12,1,0,87,0,12,0,3,2,5,2,17,4,0,0,6,5,2,0,1,0,1,6,5,1,0,0,0,0,1,0,0,1,0,0,1,1,0,0,6,3,3,0,0,0,1,0,0,0,0,0,2,0,2,0,0,0,1,0,0,1,2,2,2,1,1,1,1,2,2,0,0,0,0,2,1,2,0,5,3,0,0
47 - Λακωνίας,131 E.T. Δήμου Μονεμβασίας,495,231,2,0,2,229,110,68,27,5,3,6,35,23,1,5,3,1,31,21,0,1,9,0,10,4,0,0,0,3,13,3,0,0,3,4,2,0,0,1,0,6,3,2,0,0,1,1,0,0,0,0,0,0,1,0,0,0,4,2,2,0,0,0,0,0,0,0,0,0,0,0,0,0,0,0,2,1,0,1,1,1,2,1,1,0,2,3,0,0,0,0,0,2,2,1,1,5,2,0,2
47 - Λακωνίας,132 E.T. Δήμου Μονεμβασίας,514,223,4,0,4,219,116,77,23,1,3,8,21,13,3,2,0,0,29,21,0,1,5,0,6,2,1,0,0,1,14,1,2,1,5,4,5,1,1,1,1,4,4,0,0,0,0,0,1,1,0,0,3,3,1,0,1,0,9,1,6,0,0,0,0,0,0,0,0,0,0,0,0,0,0,0,2,1,0,1,0,0,1,1,0,1,1,1,1,0,0,0,0,0,0,1,0,4,3,1,0
47 - Λακωνίας,133 E.T. Δήμου Μονεμβασίας,598,352,3,3,6,346,184,108,58,3,7,2,36,25,3,2,0,0,61,20,0,0,40,0,8,4,1,0,0,1,15,5,0,0,4,3,4,3,0,0,1,3,2,1,0,0,0,0,0,0,0,0,1,0,2,0,1,0,11,1,8,1,1,0,0,0,0,0,1,0,2,1,1,0,0,0,2,1,0,1,0,0,4,1,2,0,0,1,0,0,0,0,0,2,2,1,0,7,4,2,1
47 - Λακωνίας,134 E.T. Δήμου Μονεμβασίας,70,37,1,0,1,36,18,16,2,0,0,0,8,6,0,0,0,0,3,3,0,0,0,0,1,1,0,0,0,0,1,0,0,0,0,1,0,0,0,0,0,0,0,0,0,0,1,0,0,0,0,0,0,0,0,0,0,0,0,0,0,0,0,0,0,0,0,0,0,0,0,0,0,0,0,0,0,0,0,0,0,0,0,0,0,0,0,0,0,0,0,0,0,0,0,0,0,4,1,0,3
47 - Λακωνίας,135 E.T. Δήμου Μονεμβασίας,500,177,9,1,10,167,81,43,32,3,2,0,18,12,0,1,3,0,25,17,0,0,4,1,7,2,1,0,2,2,16,2,1,2,5,5,9,2,4,1,0,0,0,0,0,0,0,0,0,0,0,0,0,0,1,0,0,1,3,1,2,0,0,0,1,1,0,0,0,0,0,0,0,0,0,0,0,0,0,0,0,0,0,0,0,1,1,0,0,2,2,0,0,1,0,0,0,2,0,0,0
47 - Λακωνίας,136 E.T. Δήμου Μονεμβασίας,411,172,2,0,2,170,102,46,31,7,10,6,19,14,1,1,3,0,14,8,0,1,4,0,7,0,1,1,0,2,9,3,0,0,1,4,1,0,0,1,0,1,0,1,0,0,0,0,0,0,0,0,1,1,0,0,0,0,3,0,2,0,0,0,3,1,0,0,0,0,1,0,0,0,1,0,1,0,0,0,1,1,4,0,4,0,0,2,2,0,0,0,0,0,0,0,0,1,0,0,1
47 - Λακωνίας,137 E.T. Δήμου Μονεμβασίας,406,152,0,0,0,152,93,35,43,3,7,2,11,8,0,1,0,0,15,8,0,0,3,3,5,2,1,0,0,1,7,1,0,1,2,2,2,0,0,1,1,4,2,2,0,0,0,0,1,0,1,0,1,1,0,0,0,0,1,0,0,0,0,0,0,0,0,0,0,0,0,0,0,0,0,0,1,1,0,0,0,0,1,1,0,0,0,1,1,1,1,0,0,0,0,0,0,8,3,2,2
47 - Λακωνίας,138 E.T. Δήμου Μονεμβασίας,569,289,1,0,1,288,134,70,42,2,10,2,41,33,0,4,0,0,54,35,0,2,17,0,9,3,0,0,0,2,16,2,1,0,5,3,4,2,0,0,1,0,0,0,1,1,0,0,2,0,1,1,1,1,0,0,0,0,6,1,4,1,0,0,0,0,0,0,0,0,1,0,1,0,0,0,0,0,0,0,1,1,1,0,1,0,0,0,0,2,1,0,0,1,1,2,2,12,10,0,1
47 - Λακωνίας,139 E.T. Δήμου Μονεμβασίας,148,62,2,0,2,60,23,15,5,0,1,1,6,3,1,1,0,0,21,18,0,0,2,1,2,0,1,0,0,0,3,0,0,0,1,2,0,0,0,0,0,2,0,1,0,0,0,0,0,0,0,0,0,0,0,0,0,0,0,0,0,0,0,0,0,0,0,0,0,0,0,0,0,0,0,0,0,0,0,0,0,0,0,0,0,0,0,0,0,1,1,0,0,1,1,0,0,1,1,0,0
47 - Λακωνίας,140 E.T. Δήμου Μονεμβασίας,586,207,1,2,3,204,103,70,18,2,2,8,16,10,4,0,0,0,20,12,0,0,4,1,16,2,0,3,1,3,14,7,0,0,3,4,5,2,0,0,0,5,4,1,1,1,0,0,0,0,0,0,2,1,1,0,0,1,10,2,7,0,0,0,0,0,0,0,0,0,0,0,0,0,0,0,1,0,0,1,0,0,1,0,1,2,1,1,1,1,0,0,0,0,0,0,0,5,2,1,1
47 - Λακωνίας,141 E.T. Δήμου Μονεμβασίας,155,57,1,0,1,56,23,17,2,1,3,0,12,9,1,0,1,0,10,10,0,0,0,0,1,1,0,0,0,0,8,0,0,0,4,3,0,0,0,0,0,0,0,0,0,0,0,0,0,0,0,0,0,0,0,0,0,0,2,0,2,0,0,0,0,0,0,0,0,0,0,0,0,0,0,0,0,0,0,0,0,0,0,0,0,0,0,0,0,0,0,0,0,0,0,0,0,0,0,0,0
47 - Λακωνίας,142 E.T. Δήμου Μονεμβασίας,373,152,2,0,2,150,105,55,35,2,9,2,8,3,3,1,0,0,13,4,0,0,8,0,0,0,0,0,0,0,5,1,0,0,1,2,1,0,0,0,0,0,0,0,0,0,0,0,0,0,0,0,0,0,0,0,0,0,7,0,5,0,0,0,0,0,1,0,0,0,0,0,0,0,0,0,0,0,0,0,0,0,2,0,2,0,0,3,3,0,0,0,0,1,1,2,2,2,2,0,0
47 - Λακωνίας,143 E.T. Δήμου Μονεμβασίας,112,37,1,0,1,36,19,9,4,1,4,0,3,2,0,0,0,0,8,6,0,1,1,0,1,0,0,0,0,1,4,2,0,0,0,2,0,0,0,0,0,0,0,0,0,0,0,0,0,0,0,0,0,0,0,0,0,0,0,0,0,0,0,0,0,0,0,0,0,0,0,0,0,0,0,0,0,0,0,0,0,0,0,0,0,0,0,0,0,0,0,0,0,1,1,0,0,0,0,0,0
47 - Λακωνίας,144 E.T. Δήμου Μονεμβασίας,443,132,1,0,1,131,91,30,28,5,24,0,8,2,2,2,0,1,18,17,0,0,0,1,0,0,0,0,0,0,4,1,0,1,1,1,0,0,0,0,0,0,0,0,0,0,0,0,1,1,0,0,1,1,1,1,0,0,2,0,1,1,0,0,0,0,0,0,0,0,0,0,0,0,0,0,0,0,0,0,0,0,0,0,0,1,1,0,0,0,0,0,0,0,0,0,0,4,2,0,2
47 - Λακωνίας,145 E.T. Δήμου Μονεμβασίας,655,252,3,3,6,246,153,101,20,2,29,0,22,12,3,4,0,0,32,31,0,0,0,0,11,0,0,0,0,5,5,2,0,1,2,0,6,0,1,0,3,1,0,0,0,0,0,0,0,0,0,0,1,0,0,0,0,0,13,6,6,1,0,0,0,0,0,0,0,0,0,0,0,0,0,0,0,0,0,0,0,0,0,0,0,0,0,0,0,0,0,0,0,1,0,0,0,1,0,0,0
47 - Λακωνίας,146 E.T. Δήμου Μονεμβασίας,265,66,4,1,5,61,36,8,15,3,8,2,5,2,3,0,0,0,14,6,0,3,1,4,2,1,0,0,0,0,2,1,0,0,0,0,0,0,0,0,0,0,0,0,0,0,0,0,0,0,0,0,0,0,0,0,0,0,0,0,0,0,0,0,0,0,0,0,0,0,0,0,0,0,0,0,0,0,0,0,0,0,1,0,1,0,0,0,0,0,0,0,0,0,0,0,0,1,0,0,0
47 - Λακωνίας,147 E.T. Δήμου Μονεμβασίας,463,169,2,0,2,167,100,43,30,1,25,0,24,15,3,5,0,0,16,11,0,0,1,3,3,0,1,1,0,1,3,0,0,0,3,0,3,1,0,0,1,0,0,0,0,0,0,0,0,0,0,0,0,0,2,1,1,0,5,0,4,1,0,0,0,0,0,0,0,0,0,0,0,0,0,0,0,0,0,0,0,0,1,0,0,1,1,0,0,1,0,1,0,3,3,1,1,4,3,0,0
47 - Λακωνίας,148 E.T. Δήμου Μονεμβασίας,413,122,3,1,4,118,71,41,24,2,3,0,9,3,4,1,1,0,12,7,0,0,3,2,5,0,0,0,2,1,4,0,1,0,3,0,2,0,1,0,1,0,0,0,0,0,0,0,1,1,0,0,0,0,1,0,1,0,5,1,2,1,0,0,1,0,0,0,0,0,0,0,0,0,0,0,0,0,0,0,2,1,0,0,0,1,1,1,1,1,0,0,0,0,0,0,0,2,0,1,0
47 - Λακωνίας,149 E.T. Δήμου Μονεμβασίας,345,124,1,1,2,122,60,24,16,3,14,0,20,12,3,3,0,0,5,2,0,2,0,0,12,4,1,0,2,4,4,1,0,0,1,1,5,1,3,0,0,0,0,0,0,0,0,0,1,0,0,1,0,0,0,0,0,0,4,1,1,2,2,1,0,0,0,0,0,0,0,0,0,0,0,0,0,0,0,0,0,0,1,0,0,0,0,1,1,0,0,0,0,0,0,2,2,5,3,0,1
47 - Λακωνίας,150 E.T. Δήμου Μονεμβασίας,506,195,2,0,2,193,129,46,29,3,34,12,12,4,8,0,0,0,16,15,0,0,1,0,15,1,1,3,5,1,4,0,0,0,4,0,2,0,1,0,0,3,3,0,1,0,0,0,0,0,0,0,2,2,3,0,1,1,1,0,0,0,0,0,2,0,0,0,0,0,0,0,0,0,0,0,0,0,0,0,0,0,2,1,0,0,0,0,0,0,0,0,0,0,0,0,0,1,1,0,0
47 - Λακωνίας,151 E.T. Δήμου Μονεμβασίας,234,81,2,1,3,78,32,6,17,1,6,1,14,6,6,0,0,1,11,9,0,0,0,2,3,1,0,0,0,0,6,1,1,2,1,0,1,0,0,0,0,0,0,0,0,0,0,0,0,0,0,0,0,0,1,0,0,1,3,0,1,0,0,0,0,0,0,0,0,0,1,0,0,1,0,0,0,0,0,0,1,1,0,0,0,0,0,0,0,0,0,0,0,0,0,0,0,5,2,0,2
47 - Λακωνίας,152 E.T. Δήμου Μονεμβασίας,339,141,1,2,3,138,76,27,33,2,12,0,9,5,4,0,0,0,25,19,0,1,0,4,4,0,0,0,0,2,5,0,0,0,2,0,2,0,0,0,2,1,1,0,0,0,0,0,1,0,1,0,1,1,1,0,1,0,7,2,3,1,0,0,1,0,0,0,0,0,0,0,0,0,0,0,0,0,0,0,1,0,1,0,1,0,0,0,0,0,0,0,0,1,0,0,0,2,1,0,1
47 - Λακωνίας,153 E.T. Δήμου Μονεμβασίας,363,127,3,1,4,123,53,13,19,4,13,2,19,6,8,0,0,0,19,7,0,1,0,8,8,0,2,0,0,1,6,1,0,0,4,0,3,0,2,0,0,2,2,0,1,1,0,0,0,0,0,0,1,0,0,0,0,0,2,0,1,1,0,0,0,0,0,0,0,0,1,0,1,0,0,0,0,0,0,0,1,1,0,0,0,0,0,0,0,2,0,0,0,0,0,0,0,5,1,0,2
47 - Λακωνίας,154 E.T. Δήμου Μονεμβασίας,512,248,6,4,10,238,124,33,45,12,28,2,29,8,15,0,2,0,25,11,0,1,2,10,8,1,1,0,2,1,14,2,1,0,6,3,5,0,1,0,3,4,3,0,0,0,0,0,0,0,0,0,2,1,5,1,4,0,5,2,3,0,2,2,0,0,0,0,0,0,0,0,0,0,0,0,0,0,0,0,0,0,5,2,2,1,0,1,1,0,0,0,0,1,0,0,0,7,2,0,4
47 - Λακωνίας,155 E.T. Δήμου Μονεμβασίας,506,261,2,2,4,257,143,36,45,22,29,5,34,11,17,3,0,0,17,10,0,1,0,3,12,3,0,1,0,1,13,1,0,0,10,0,5,0,2,0,1,4,3,0,0,0,0,0,1,0,0,0,0,0,1,1,0,0,10,2,3,2,0,0,2,2,0,0,0,0,1,0,0,1,0,0,2,1,0,1,2,0,0,0,0,0,0,1,0,2,0,1,0,3,2,0,0,4,1,0,0
47 - Λακωνίας,156 E.T. Δήμου Μονεμβασίας,514,245,7,0,7,238,110,20,37,24,20,1,28,6,19,1,0,0,34,23,1,0,1,8,10,2,2,0,0,1,20,3,1,0,13,0,3,1,0,0,0,2,0,0,0,0,0,0,1,0,0,0,1,0,0,0,0,0,8,1,7,0,0,0,0,0,0,0,0,0,2,0,0,1,0,0,2,1,1,0,1,0,4,3,1,1,0,2,2,0,0,0,0,0,0,1,1,8,1,0,3
47 - Λακωνίας,157 E.T. Δήμου Μονεμβασίας,511,265,2,2,4,261,141,35,39,22,37,3,39,8,21,3,2,1,24,19,0,1,1,3,5,2,1,0,0,0,13,1,0,0,10,2,5,0,3,1,1,4,1,1,0,0,0,0,3,0,0,2,4,2,3,2,1,0,8,3,2,0,0,0,0,0,0,0,0,0,0,0,0,0,0,0,1,1,0,0,0,0,3,0,2,0,0,0,0,1,1,0,0,2,1,0,0,5,2,0,1
47 - Λακωνίας,158 E.T. Δήμου Μονεμβασίας,490,257,2,2,4,253,152,27,51,12,52,6,29,8,15,4,0,1,29,19,0,0,1,5,10,1,0,2,1,1,13,1,0,0,11,0,0,0,0,0,0,1,1,0,0,0,0,0,1,0,0,0,1,1,2,0,1,0,6,1,1,3,1,1,0,0,0,0,0,0,0,0,0,0,0,0,0,0,0,0,0,0,2,0,2,0,0,1,1,0,0,0,0,0,0,0,0,5,4,0,0
47 - Λακωνίας,159 E.T. Δήμου Μονεμβασίας,366,128,2,0,2,126,70,27,22,2,15,1,15,6,9,0,0,0,8,6,0,0,1,0,6,1,0,0,3,0,12,1,0,0,7,3,1,0,0,0,1,1,1,0,0,0,0,0,0,0,0,0,0,0,1,0,0,1,6,3,3,0,0,0,0,0,0,0,0,0,0,0,0,0,0,0,0,0,0,0,0,0,1,0,1,0,0,0,0,0,0,0,0,0,0,0,0,5,0,1,3
47 - Λακωνίας,160 E.T. Δήμου Μονεμβασίας,422,120,0,0,0,120,76,26,35,3,10,0,8,5,3,0,0,0,14,11,0,1,1,1,2,0,0,0,2,0,10,1,0,0,8,1,2,0,1,0,0,0,0,0,0,0,0,0,0,0,0,0,0,0,3,0,2,0,1,0,0,0,0,0,0,0,0,0,0,0,0,0,0,0,0,0,0,0,0,0,0,0,0,0,0,1,1,1,0,0,0,0,0,0,0,0,0,2,0,0,1
47 - Λακωνίας,161 E.T. Δήμου Μονεμβασίας,507,183,3,2,5,178,102,30,30,6,24,5,16,7,4,1,4,0,21,14,0,3,2,2,1,0,0,1,0,0,13,2,0,0,10,0,3,0,1,0,1,4,3,1,1,1,0,0,2,1,0,0,0,0,0,0,0,0,4,0,3,0,1,0,0,0,0,0,0,0,1,1,0,0,0,0,0,0,0,0,0,0,1,0,0,0,0,0,0,0,0,0,0,2,0,0,0,6,3,0,1
47 - Λακωνίας,162 E.T. Δήμου Μονεμβασίας,507,139,2,1,3,136,65,26,13,3,20,1,9,4,2,0,0,1,20,16,2,1,1,0,3,2,1,0,0,0,13,2,1,0,7,2,3,1,0,0,0,1,0,1,0,0,0,0,0,0,0,0,1,1,2,0,2,0,9,3,4,1,0,0,0,0,0,0,0,0,0,0,0,0,0,0,0,0,0,0,1,1,4,2,1,0,0,0,0,2,1,0,0,1,0,0,0,2,0,0,2
47 - Λακωνίας,163 E.T. Δήμου Μονεμβασίας,506,204,5,0,5,199,121,35,42,5,35,1,16,9,0,5,0,0,22,11,2,0,2,4,6,2,0,0,1,1,10,0,1,0,7,0,1,1,0,0,0,2,1,1,0,0,0,0,0,0,0,0,2,2,2,1,0,0,4,2,1,1,0,0,0,0,0,0,0,0,1,0,0,1,0,0,1,0,0,1,0,0,1,1,0,0,0,1,0,1,0,0,0,1,1,1,1,6,4,0,0
47 - Λακωνίας,164 E.T. Δήμου Μονεμβασίας,513,285,7,0,7,278,120,41,36,1,39,2,43,27,12,3,0,0,54,44,0,0,3,7,11,1,1,1,2,4,14,1,0,1,9,2,7,2,4,0,1,1,1,0,0,0,0,0,0,0,0,0,0,0,2,0,0,1,15,4,7,2,0,0,0,0,0,0,0,0,0,0,0,0,0,0,1,1,0,0,1,0,2,0,1,1,1,0,0,0,0,0,0,1,1,1,0,4,1,0,1
47 - Λακωνίας,165 E.T. Δήμου Μονεμβασίας,360,168,7,1,8,160,89,41,20,3,21,2,21,15,1,1,0,0,8,3,0,0,1,4,4,1,0,0,0,0,10,1,0,0,4,1,0,0,0,0,0,3,1,2,0,0,0,0,1,0,0,0,3,1,0,0,0,0,4,1,1,1,1,0,0,0,0,0,0,0,1,0,0,0,0,0,0,0,0,0,2,2,4,0,1,1,0,1,0,0,1,0,0,0,0,0,0,7,3,0,2
47 - Λακωνίας,166 E.T. Δήμου Μονεμβασίας,553,287,2,3,5,282,145,31,76,4,22,3,41,26,2,1,1,1,41,28,1,0,0,8,7,2,1,1,0,1,15,2,0,0,7,0,5,1,2,2,0,2,1,0,0,0,0,0,1,0,1,0,0,0,1,1,0,0,8,0,6,1,2,0,0,0,0,0,0,0,0,0,0,0,0,0,1,0,0,0,0,0,2,0,2,0,0,2,0,1,0,0,1,1,0,0,0,7,2,0,2
47 - Λακωνίας,167 E.T. Δήμου Μονεμβασίας,195,90,0,0,0,90,44,28,13,0,2,0,18,15,1,0,1,0,18,14,0,0,1,2,1,0,0,0,0,0,2,0,0,0,2,0,4,0,0,0,3,1,0,1,0,0,0,0,1,0,0,0,0,0,0,0,0,0,0,0,0,0,0,0,0,0,0,0,0,0,0,0,0,0,0,0,0,0,0,0,0,0,0,0,0,0,0,0,0,0,0,0,0,0,0,0,0,1,0,0,0
47 - Λακωνίας,168 E.T. Δήμου Μονεμβασίας,622,278,5,0,5,273,127,37,39,4,32,9,37,20,6,1,1,6,45,38,0,2,1,1,14,0,1,2,8,3,24,1,0,0,23,0,8,1,0,0,5,0,0,0,0,0,0,0,0,0,0,0,2,0,0,0,0,0,3,1,0,1,0,0,0,0,0,0,1,1,0,0,0,0,0,0,0,0,0,0,1,0,4,0,4,0,0,1,1,0,0,0,0,2,0,0,0,4,0,1,1
47 - Λακωνίας,169 E.T. Δήμου Μονεμβασίας,455,167,1,0,1,166,106,78,19,0,5,1,14,8,5,0,1,0,11,1,0,0,9,1,11,1,0,1,0,8,9,2,1,0,5,0,1,1,0,0,0,0,0,0,0,0,0,0,0,0,0,0,0,0,0,0,0,0,11,1,7,0,0,0,0,0,0,0,0,0,0,0,0,0,0,0,0,0,0,0,0,0,0,0,0,0,0,0,0,0,0,0,0,0,0,0,0,3,2,0,0
47 - Λακωνίας,170 E.T. Δήμου Μονεμβασίας,246,84,2,0,2,82,61,41,15,2,3,0,3,1,1,0,0,0,10,10,0,0,0,0,0,0,0,0,0,0,1,0,0,0,0,0,1,0,0,1,0,1,0,1,0,0,0,0,0,0,0,0,2,2,0,0,0,0,2,0,1,0,0,0,0,0,0,0,0,0,0,0,0,0,0,0,0,0,0,0,0,0,1,0,0,0,0,0,0,0,0,0,0,0,0,0,0,0,0,0,0
47 - Λακωνίας,171 E.T. Δήμου Μονεμβασίας,388,235,6,2,8,227,101,32,42,2,9,4,49,26,8,2,3,3,22,16,1,0,0,1,18,0,0,0,4,4,8,0,0,0,5,0,6,4,2,0,0,0,0,0,0,0,0,0,0,0,0,0,1,0,3,0,1,0,5,1,3,0,0,0,0,0,0,0,0,0,0,0,0,0,0,0,0,0,0,0,1,1,0,0,0,0,0,1,1,0,0,0,0,0,0,0,0,12,9,0,1
47 - Λακωνίας,172 E.T. Δήμου Μονεμβασίας,396,232,3,2,5,227,125,50,60,3,4,1,24,12,5,0,0,0,15,9,1,0,3,1,15,4,1,0,2,3,10,0,1,0,6,0,5,0,1,0,2,2,1,1,1,0,1,1,0,0,0,0,5,3,3,1,0,0,8,2,6,0,0,0,0,0,0,0,0,0,0,0,0,0,0,0,0,0,0,0,0,0,1,0,0,0,0,2,2,0,0,0,0,0,0,0,0,10,2,0,6
47 - Λακωνίας,173 E.T. Δήμου Μονεμβασίας,394,224,2,3,5,219,108,45,52,3,3,2,38,22,5,2,2,2,32,21,3,1,3,2,13,1,1,0,3,1,3,1,0,0,2,0,9,0,3,2,1,0,0,0,1,0,0,0,0,0,0,0,0,0,0,0,0,0,2,0,0,1,0,0,0,0,0,0,0,0,0,0,0,0,0,0,0,0,0,0,1,1,1,0,1,0,0,1,1,1,1,0,0,0,0,1,0,8,0,0,3
47 - Λακωνίας,174 E.T. Δήμου Μονεμβασίας,475,174,8,1,9,165,80,31,34,2,5,3,26,17,6,2,0,0,18,14,1,0,2,1,7,2,1,0,0,2,9,3,1,0,4,0,5,3,0,1,0,2,2,0,0,0,0,0,1,1,0,0,1,0,2,0,0,0,1,0,0,0,2,1,0,0,0,0,1,1,1,0,0,0,0,0,0,0,0,0,0,0,1,0,1,0,0,0,0,0,0,0,0,0,0,0,0,8,5,0,1
47 - Λακωνίας,175 E.T. Δήμου Μονεμβασίας,257,89,0,0,0,89,45,16,22,3,1,0,16,6,6,2,0,0,18,15,0,0,1,2,1,0,1,0,0,0,2,0,0,0,1,0,0,0,0,0,0,0,0,0,0,0,0,0,0,0,0,0,0,0,0,0,0,0,1,0,0,1,1,1,0,0,0,0,0,0,0,0,0,0,0,0,0,0,0,0,0,0,1,1,0,0,0,0,0,2,0,0,0,1,1,0,0,1,1,0,0
47 - Λακωνίας,176 E.T. Δήμου Σπάρτης,401,201,1,1,2,199,89,38,39,0,3,9,37,27,0,3,0,2,41,30,0,1,4,5,8,1,3,0,0,1,12,3,0,0,6,0,2,1,0,0,1,1,1,0,0,0,0,0,2,0,0,0,0,0,0,0,0,0,0,0,0,0,1,1,0,0,0,0,0,0,0,0,0,0,0,0,0,0,0,0,1,1,1,1,0,0,0,0,0,1,0,0,0,1,1,0,0,2,1,0,1
47 - Λακωνίας,177 E.T. Δήμου Σπάρτης,390,212,3,1,4,208,89,46,36,0,1,2,25,21,0,0,0,1,67,41,0,1,7,15,6,0,1,0,0,2,5,1,0,0,3,0,2,1,0,0,0,4,4,0,0,0,0,0,1,0,0,0,0,0,0,0,0,0,1,0,0,1,0,0,0,0,0,0,0,0,0,0,0,0,0,0,0,0,0,0,0,0,1,0,0,0,0,1,0,0,0,0,0,0,0,0,0,6,1,0,1
47 - Λακωνίας,178 E.T. Δήμου Σπάρτης,440,213,3,3,6,207,95,58,25,2,3,5,16,12,0,0,1,0,51,22,4,0,11,13,7,0,3,0,0,3,19,6,0,0,8,3,4,1,0,0,2,3,2,1,0,0,0,0,1,0,0,0,0,0,1,0,0,0,1,0,0,0,0,0,0,0,0,0,1,0,0,0,0,0,0,0,2,0,0,2,0,0,0,0,0,0,0,1,1,0,0,0,0,0,0,0,0,5,3,1,0
47 - Λακωνίας,179 E.T. Δήμου Σπάρτης,380,164,1,0,1,163,86,46,27,0,0,6,7,7,0,0,0,0,53,34,0,3,8,7,0,0,0,0,0,0,3,0,0,0,0,0,1,0,0,0,1,1,1,0,0,0,0,0,1,1,0,0,1,1,1,1,0,0,1,0,1,0,0,0,0,0,0,0,0,0,0,0,0,0,0,0,1,0,0,1,0,0,1,1,0,1,0,1,0,0,0,0,0,0,0,1,1,3,0,0,3
47 - Λακωνίας,180 E.T. Δήμου Σπάρτης,242,43,0,0,0,43,34,18,11,0,5,0,4,3,0,1,0,0,2,2,0,0,0,0,0,0,0,0,0,0,1,0,0,0,1,0,0,0,0,0,0,0,0,0,0,0,0,0,0,0,0,0,0,0,0,0,0,0,0,0,0,0,0,0,0,0,0,0,0,0,0,0,0,0,0,0,0,0,0,0,0,0,0,0,0,0,0,1,1,0,0,0,0,0,0,0,0,1,0,0,1
47 - Λακωνίας,181 E.T. Δήμου Σπάρτης,375,188,1,0,1,187,82,26,44,1,1,9,12,11,0,0,0,0,59,54,0,0,0,5,3,2,0,0,0,1,9,1,1,0,4,2,4,1,0,0,2,6,5,0,0,0,0,0,0,0,0,0,4,4,0,0,0,0,3,0,3,0,0,0,0,0,0,0,0,0,0,0,0,0,0,0,1,0,0,1,0,0,0,0,0,1,0,0,0,1,1,0,0,1,1,0,0,1,0,0,0
47 - Λακωνίας,182 E.T. Δήμου Σπάρτης,351,182,4,0,4,178,76,26,41,1,3,5,33,26,0,2,1,3,42,19,2,4,4,13,5,0,2,0,0,0,5,2,1,0,1,0,3,0,0,0,3,4,2,0,0,0,0,0,2,0,1,1,0,0,0,0,0,0,0,0,0,0,1,1,0,0,0,0,0,0,0,0,0,0,0,0,1,1,0,0,1,1,0,0,0,0,0,0,0,0,0,0,0,0,0,1,0,4,2,0,2
47 - Λακωνίας,183 E.T. Δήμου Σπάρτης,470,130,1,1,2,128,41,13,20,2,0,3,26,25,0,0,0,0,34,10,0,0,1,21,11,0,6,1,1,2,6,0,0,0,6,0,4,0,0,0,3,0,0,0,0,0,0,0,0,0,0,0,1,1,0,0,0,0,1,0,1,0,0,0,0,0,0,0,0,0,0,0,0,0,0,0,0,0,0,0,0,0,0,0,0,0,0,1,1,0,0,0,0,1,0,1,0,1,0,0,1
47 - Λακωνίας,184 E.T. Δήμου Σπάρτης,472,135,4,0,4,131,45,16,25,0,0,1,20,14,0,0,1,0,45,12,0,0,7,24,6,0,2,0,0,3,3,0,0,0,2,0,0,0,0,0,0,0,0,0,0,0,0,0,0,0,0,0,0,0,0,0,0,0,0,0,0,0,0,0,0,0,0,0,0,0,1,0,0,1,0,0,0,0,0,0,0,0,2,1,1,0,0,1,1,0,0,0,0,0,0,0,0,8,2,1,4
47 - Λακωνίας,185 E.T. Δήμου Σπάρτης,551,247,6,1,7,240,97,47,39,0,0,8,28,20,2,0,0,2,53,42,0,1,5,0,5,0,1,0,0,2,9,3,0,0,5,0,1,0,0,0,0,10,8,2,0,0,0,0,0,0,0,0,0,0,2,1,0,0,11,2,6,0,0,0,1,1,0,0,0,0,1,0,0,0,0,0,1,1,0,0,1,1,6,2,2,0,0,4,2,0,0,0,0,0,0,3,3,7,1,0,5
47 - Λακωνίας,186 E.T. Δήμου Σπάρτης,459,107,1,0,1,106,31,14,12,1,1,1,18,14,1,2,0,0,10,2,0,0,0,8,19,3,3,2,1,5,9,3,0,0,3,1,5,1,0,1,1,5,4,1,0,0,0,0,1,0,0,0,3,1,1,0,1,0,0,0,0,0,0,0,0,0,0,0,0,0,0,0,0,0,0,0,0,0,0,0,0,0,0,0,0,0,0,1,1,0,0,0,0,0,0,0,0,3,1,0,1
47 - Λακωνίας,187 E.T. Δήμου Σπάρτης,455,144,4,2,6,138,43,12,19,2,0,7,28,22,1,3,0,0,18,6,0,1,2,6,26,0,5,2,0,15,6,1,0,0,0,0,4,0,0,0,2,2,2,0,1,0,0,0,0,0,0,0,0,0,1,1,0,0,1,0,0,0,0,0,0,0,0,0,1,0,0,0,0,0,0,0,0,0,0,0,0,0,3,0,3,0,0,0,0,1,0,0,0,0,0,0,0,3,1,0,0
47 - Λακωνίας,188 E.T. Δήμου Σπάρτης,453,148,1,2,3,145,42,16,16,1,0,5,41,33,2,2,0,1,15,5,0,0,4,6,25,2,4,2,4,8,7,2,0,0,1,1,1,0,0,0,0,1,0,0,0,0,0,0,1,0,0,0,1,0,0,0,0,0,4,0,3,0,0,0,0,0,0,0,0,0,0,0,0,0,0,0,0,0,0,0,0,0,3,0,2,0,0,0,0,0,0,0,0,0,0,0,0,4,2,1,1
47 - Λακωνίας,189 E.T. Δήμου Σπάρτης,500,222,4,1,5,217,101,32,55,0,4,5,27,20,0,4,0,0,35,23,2,0,2,8,5,1,3,0,0,1,6,3,0,1,1,1,6,0,0,0,5,0,0,0,0,0,0,0,0,0,0,0,1,1,2,0,0,0,4,0,2,0,1,0,0,0,0,0,0,0,3,3,0,0,0,0,3,1,0,0,1,0,3,0,2,1,1,1,1,1,0,0,0,3,1,1,0,12,3,1,5
47 - Λακωνίας,190 E.T. Δήμου Σπάρτης,505,186,2,1,3,183,77,18,48,1,4,4,42,30,1,3,1,4,29,13,0,2,1,9,8,2,1,1,1,3,8,0,4,0,2,1,4,0,0,0,3,5,5,0,0,0,0,0,0,0,0,0,0,0,0,0,0,0,1,0,0,0,0,0,0,0,0,0,0,0,0,0,0,0,0,0,1,0,0,0,0,0,0,0,0,0,0,2,1,0,0,0,0,0,0,0,0,6,5,0,0
47 - Λακωνίας,191 E.T. Δήμου Σπάρτης,494,224,5,2,7,217,98,27,58,0,1,7,38,27,2,0,3,2,31,19,0,1,1,8,12,0,8,0,0,1,8,2,1,0,3,0,8,2,0,1,3,1,1,0,0,0,1,0,2,0,0,1,0,0,1,0,1,0,3,1,2,0,0,0,0,0,0,0,0,0,0,0,0,0,0,0,2,1,0,0,0,0,2,1,1,0,0,0,0,0,0,0,0,2,0,0,0,8,4,0,3
47 - Λακωνίας,192 E.T. Δήμου Σπάρτης,465,213,1,0,1,212,88,22,60,0,1,4,23,21,0,1,0,0,42,16,0,4,2,17,8,1,5,0,0,1,8,3,0,0,3,0,9,1,1,1,4,11,9,1,0,0,0,0,0,0,0,0,1,1,3,1,1,0,2,0,1,0,0,0,0,0,1,1,0,0,2,2,0,0,0,0,1,0,0,1,2,1,2,0,2,1,1,3,3,0,0,0,0,0,0,0,0,5,4,0,0
47 - Λακωνίας,193 E.T. Δήμου Σπάρτης,225,79,1,0,1,78,29,8,15,0,2,3,12,8,0,0,0,1,24,5,0,1,7,9,1,0,1,0,0,0,0,0,0,0,0,0,1,0,0,0,1,5,5,0,0,0,0,0,0,0,0,0,5,5,0,0,0,0,0,0,0,0,0,0,0,0,0,0,0,0,0,0,0,0,0,0,0,0,0,0,0,0,0,0,0,0,0,0,0,0,0,0,0,0,0,1,0,0,0,0,0
47 - Λακωνίας,194 E.T. Δήμου Σπάρτης,479,206,3,1,4,202,109,32,71,0,0,3,18,10,2,0,1,3,21,12,0,0,4,5,7,0,3,0,0,1,16,3,1,0,6,1,2,1,1,0,0,8,7,1,0,0,0,0,1,0,0,1,4,4,2,0,0,0,4,1,1,0,0,0,0,0,0,0,0,0,0,0,0,0,0,0,1,0,1,0,1,0,0,0,0,0,0,0,0,0,0,0,0,1,0,0,0,7,3,0,3
47 - Λακωνίας,195 E.T. Δήμου Σπάρτης,458,193,1,0,1,192,98,28,58,1,1,8,18,13,0,1,1,1,33,18,0,5,1,9,8,0,4,1,0,3,20,5,2,1,9,1,1,0,0,0,0,6,6,0,0,0,0,0,1,0,0,1,0,0,0,0,0,0,1,0,0,0,0,0,0,0,0,0,0,0,1,0,0,1,0,0,0,0,0,0,0,0,0,0,0,0,0,1,0,0,0,0,0,0,0,0,0,4,3,0,1
47 - Λακωνίας,196 E.T. Δήμου Σπάρτης,510,42,0,0,0,42,26,6,14,0,1,4,4,3,0,1,0,0,5,2,0,0,0,3,1,0,0,0,0,0,0,0,0,0,0,0,2,0,0,0,1,1,1,0,0,0,0,0,0,0,0,0,0,0,0,0,0,0,0,0,0,0,0,0,0,0,0,0,0,0,0,0,0,0,0,0,0,0,0,0,0,0,0,0,0,0,0,1,0,0,0,0,0,0,0,0,0,2,1,0,0
47 - Λακωνίας,197 E.T. Δήμου Σπάρτης,491,56,2,0,2,54,30,5,20,0,0,2,2,1,0,1,0,0,2,2,0,0,0,0,1,0,1,0,0,0,3,2,0,0,1,0,8,4,0,1,3,6,6,0,0,0,0,0,1,1,0,0,0,0,1,1,0,0,0,0,0,0,0,0,0,0,0,0,0,0,0,0,0,0,0,0,0,0,0,0,0,0,0,0,0,0,0,0,0,0,0,0,0,0,0,0,0,0,0,0,0
47 - Λακωνίας,198 E.T. Δήμου Σπάρτης,377,158,1,1,2,156,67,20,33,1,2,3,29,19,0,2,0,0,26,5,1,1,3,15,16,1,10,3,1,1,11,6,0,0,1,1,1,0,1,0,0,0,0,0,0,0,0,0,0,0,0,0,0,0,2,0,1,0,2,0,1,0,0,0,0,0,0,0,0,0,0,0,0,0,0,0,0,0,0,0,0,0,0,0,0,0,0,0,0,0,0,0,0,2,2,0,0,0,0,0,0
47 - Λακωνίας,199 E.T. Δήμου Σπάρτης,380,145,0,2,2,143,58,23,23,0,0,10,28,24,1,1,0,0,24,14,0,0,2,6,12,1,2,6,0,2,3,2,0,0,1,0,4,0,2,0,2,2,2,0,1,1,0,0,0,0,0,0,1,0,1,1,0,0,1,0,0,0,0,0,0,0,0,0,0,0,0,0,0,0,0,0,0,0,0,0,0,0,2,0,1,0,0,0,0,1,1,0,0,0,0,0,0,5,1,0,3
47 - Λακωνίας,200 E.T. Δήμου Σπάρτης,501,179,3,0,3,176,90,29,53,2,1,4,12,9,1,1,0,0,27,14,0,5,2,6,14,1,4,0,3,2,12,3,2,0,3,1,4,1,0,0,1,4,3,0,1,0,0,0,2,0,1,1,1,1,0,0,0,0,1,0,0,1,0,0,1,1,0,0,0,0,0,0,0,0,0,0,0,0,0,0,2,2,1,0,0,0,0,1,0,0,0,0,0,0,0,0,0,3,1,1,0
47 - Λακωνίας,201 E.T. Δήμου Σπάρτης,511,144,3,2,5,139,73,26,32,0,0,11,9,5,0,0,1,0,17,10,0,0,1,2,10,1,5,1,0,1,2,0,0,0,1,0,5,1,0,0,2,14,11,2,0,0,0,0,1,0,0,1,0,0,0,0,0,0,2,0,2,0,0,0,0,0,0,0,0,0,1,0,0,0,0,0,0,0,0,0,0,0,0,0,0,1,1,1,1,0,0,0,0,0,0,2,1,1,0,0,1
47 - Λακωνίας,202 E.T. Δήμου Σπάρτης,518,213,8,2,10,203,101,45,41,3,0,9,28,19,2,1,0,2,33,15,0,0,1,16,14,1,6,0,1,5,7,2,0,0,2,0,5,1,0,0,1,7,7,0,0,0,0,0,2,0,0,2,0,0,1,0,1,0,0,0,0,0,0,0,0,0,0,0,0,0,2,1,0,0,0,0,0,0,0,0,0,0,0,0,0,0,0,0,0,1,0,0,0,0,0,0,0,2,1,0,1
47 - Λακωνίας,203 E.T. Δήμου Σπάρτης,367,196,1,2,3,193,88,29,51,0,1,5,24,17,0,0,1,3,32,22,1,0,1,8,7,0,3,0,1,1,8,2,0,1,4,0,1,1,0,0,0,8,7,1,0,0,0,0,1,1,0,0,2,1,4,3,0,0,5,0,3,1,2,1,4,4,0,0,0,0,0,0,0,0,0,0,0,0,0,0,0,0,0,0,0,0,0,3,3,0,0,0,0,0,0,0,0,4,0,0,4
47 - Λακωνίας,204 E.T. Δήμου Σπάρτης,206,109,3,0,3,106,31,5,18,1,0,6,14,14,0,0,0,0,23,17,0,0,4,2,28,0,2,18,0,4,2,1,0,0,1,0,1,0,0,0,1,3,3,0,0,0,0,0,1,0,0,1,1,1,0,0,0,0,0,0,0,0,0,0,0,0,0,0,0,0,0,0,0,0,0,0,0,0,0,0,0,0,0,0,0,0,0,0,0,0,0,0,0,0,0,0,0,2,0,0,0
47 - Λακωνίας,205 E.T. Δήμου Σπάρτης,485,169,1,0,1,168,50,25,18,0,0,5,38,28,0,1,1,3,16,9,0,1,2,4,43,2,23,7,1,7,1,1,0,0,0,0,4,0,1,0,2,1,1,0,1,1,0,0,1,0,1,0,2,2,0,0,0,0,3,0,0,2,0,0,0,0,0,0,0,0,2,2,0,0,0,0,0,0,0,0,0,0,0,0,0,0,0,1,1,0,0,0,0,0,0,0,0,5,2,0,2
47 - Λακωνίας,206 E.T. Δήμου Σπάρτης,413,134,4,0,4,130,50,9,34,0,0,5,21,16,1,1,1,0,39,13,1,0,0,20,11,1,5,1,0,3,3,1,0,0,0,0,1,0,0,0,1,2,2,0,0,0,0,0,0,0,0,0,0,0,0,0,0,0,1,0,0,1,0,0,0,0,0,0,0,0,0,0,0,0,0,0,0,0,0,0,0,0,0,0,0,0,0,1,0,0,0,0,0,0,0,1,0,0,0,0,0
47 - Λακωνίας,207 E.T. Δήμου Σπάρτης,409,166,1,0,1,165,77,37,27,0,0,4,24,14,2,4,1,2,20,6,0,1,0,13,8,0,2,1,0,3,8,0,1,0,2,2,2,0,0,0,2,15,14,1,0,0,0,0,0,0,0,0,4,1,2,0,1,0,0,0,0,0,0,0,0,0,0,0,0,0,0,0,0,0,0,0,0,0,0,0,0,0,0,0,0,0,0,1,0,0,0,0,0,0,0,0,0,4,1,0,0
47 - Λακωνίας,208 E.T. Δήμου Σπάρτης,653,183,1,1,2,181,66,21,37,0,1,5,27,21,2,0,0,1,39,24,0,1,2,10,15,0,6,1,0,1,5,0,0,0,4,0,6,1,0,0,3,7,7,0,0,0,0,0,1,1,0,0,3,1,1,0,1,0,3,0,1,0,1,1,0,0,0,0,0,0,0,0,0,0,0,0,0,0,0,0,0,0,2,0,0,0,0,0,0,1,0,0,0,2,1,1,0,1,0,0,0
47 - Λακωνίας,209 E.T. Δήμου Σπάρτης,371,94,0,0,0,94,17,4,10,0,1,0,35,24,2,2,0,0,27,19,0,0,2,6,3,0,0,0,0,2,0,0,0,0,0,0,3,0,0,0,0,1,1,0,0,0,0,0,1,0,0,0,1,1,0,0,0,0,4,0,2,1,0,0,0,0,0,0,0,0,0,0,0,0,0,0,0,0,0,0,0,0,0,0,0,0,0,0,0,0,0,0,0,0,0,0,0,2,0,1,0
47 - Λακωνίας,210 E.T. Δήμου Σπάρτης,645,156,1,1,2,154,60,15,35,0,2,6,20,19,0,0,0,0,32,15,1,10,1,3,9,2,4,0,0,1,6,1,0,0,4,1,1,0,0,0,0,0,0,0,1,0,0,0,3,1,0,0,2,0,2,0,1,0,6,2,1,1,0,0,2,2,0,0,0,0,0,0,0,0,0,0,0,0,0,0,2,1,5,2,3,0,0,0,0,1,1,0,0,0,0,0,0,2,0,0,0
47 - Λακωνίας,211 E.T. Δήμου Σπάρτης,373,154,3,0,3,151,69,33,24,1,1,3,18,11,1,0,1,1,29,26,0,1,1,1,16,0,4,5,0,2,6,1,0,0,3,1,2,2,0,0,0,2,2,0,2,2,0,0,1,1,0,0,0,0,1,0,1,0,0,0,0,0,0,0,0,0,0,0,0,0,0,0,0,0,0,0,0,0,0,0,0,0,1,0,1,0,0,1,1,0,0,0,0,0,0,0,0,3,2,0,1
47 - Λακωνίας,212 E.T. Δήμου Σπάρτης,420,127,2,2,4,123,37,13,11,0,0,5,28,22,1,1,1,2,32,14,0,3,3,11,6,0,3,0,1,2,8,4,0,0,1,1,0,0,0,0,0,5,3,1,0,0,0,0,1,1,0,0,0,0,0,0,0,0,1,0,0,0,0,0,0,0,0,0,0,0,1,1,0,0,0,0,0,0,0,0,0,0,1,0,0,0,0,1,0,0,0,0,0,0,0,0,0,2,0,0,2
47 - Λακωνίας,213 E.T. Δήμου Σπάρτης,419,128,2,0,2,126,54,17,21,0,3,4,18,12,1,0,0,2,15,2,0,1,1,10,9,0,1,0,0,7,9,5,1,0,2,1,2,0,0,0,2,4,3,0,1,1,0,0,1,0,0,0,0,0,0,0,0,0,0,0,0,0,0,0,0,0,0,0,0,0,3,2,0,0,0,0,1,0,0,1,0,0,0,0,0,3,3,0,0,1,0,0,0,1,1,0,0,4,1,0,1
47 - Λακωνίας,214 E.T. Δήμου Σπάρτης,453,200,3,1,4,196,73,24,34,0,1,9,37,34,0,1,0,0,38,13,1,2,5,17,13,3,2,0,0,5,6,0,0,0,3,0,4,2,0,0,0,7,6,0,0,0,0,0,0,0,0,0,0,0,0,0,0,0,2,1,0,1,0,0,0,0,0,0,0,0,3,2,0,0,0,0,0,0,0,0,1,0,2,2,0,0,0,0,0,1,1,0,0,0,0,1,0,8,2,2,4
47 - Λακωνίας,215 E.T. Δήμου Σπάρτης,250,88,1,0,1,87,35,19,15,0,0,0,11,8,1,0,0,1,16,12,0,0,1,2,17,0,5,2,1,5,1,0,0,0,1,0,1,1,0,0,0,0,0,0,0,0,0,0,1,0,1,0,0,0,0,0,0,0,0,0,0,0,0,0,0,0,0,0,0,0,0,0,0,0,0,0,0,0,0,0,0,0,2,2,0,0,0,0,0,2,0,0,0,1,0,0,0,0,0,0,0
47 - Λακωνίας,216 E.T. Δήμου Σπάρτης,442,111,3,1,4,107,44,14,23,0,3,3,22,14,2,0,2,0,23,16,0,0,4,1,6,0,4,0,0,2,4,1,0,0,1,1,0,0,0,0,0,2,2,0,0,0,0,0,1,0,0,1,0,0,0,0,0,0,0,0,0,0,0,0,1,1,0,0,0,0,1,1,0,0,0,0,0,0,0,0,1,0,1,0,1,0,0,0,0,0,0,0,0,0,0,0,0,1,0,0,1
47 - Λακωνίας,217 E.T. Δήμου Σπάρτης,422,96,6,0,6,90,47,14,23,0,1,5,4,3,0,1,0,0,15,10,1,0,1,2,9,0,7,0,0,0,2,1,0,0,1,0,1,0,1,0,0,2,2,0,0,0,0,0,3,0,0,3,0,0,0,0,0,0,3,0,3,0,0,0,0,0,0,0,0,0,1,0,1,0,0,0,0,0,0,0,0,0,0,0,0,0,0,0,0,0,0,0,0,1,1,0,0,2,0,0,1
47 - Λακωνίας,218 E.T. Δήμου Σπάρτης,429,135,1,4,5,130,59,15,19,0,0,20,14,10,0,1,0,0,26,18,0,0,2,2,16,1,12,1,1,0,1,0,0,0,1,0,0,0,0,0,0,2,1,0,2,1,0,0,4,0,0,4,0,0,0,0,0,0,3,0,2,0,0,0,0,0,0,0,0,0,0,0,0,0,0,0,0,0,0,0,0,0,1,1,0,0,0,0,0,0,0,0,0,0,0,0,0,2,2,0,0
47 - Λακωνίας,219 E.T. Δήμου Σπάρτης,412,88,0,0,0,88,24,6,8,0,1,6,13,12,1,0,0,0,18,10,0,4,1,2,11,0,9,0,0,1,3,0,0,0,3,0,2,0,0,0,2,4,2,2,0,0,0,0,1,0,0,1,2,2,0,0,0,0,2,0,0,0,0,0,1,1,0,0,0,0,0,0,0,0,0,0,1,0,0,1,0,0,0,0,0,0,0,0,0,0,0,0,0,0,0,0,0,6,1,1,3
47 - Λακωνίας,220 E.T. Δήμου Σπάρτης,290,81,1,1,2,79,39,17,14,0,1,7,12,9,0,0,0,0,14,6,1,1,0,6,7,0,1,1,0,3,0,0,0,0,0,0,2,0,1,0,1,0,0,0,0,0,0,0,0,0,0,0,0,0,2,1,0,0,1,0,0,0,0,0,0,0,0,0,0,0,0,0,0,0,0,0,0,0,0,0,0,0,1,0,0,0,0,0,0,0,0,0,0,0,0,0,0,1,1,0,0
47 - Λακωνίας,221 E.T. Δήμου Σπάρτης,560,121,2,2,4,117,66,20,39,0,0,5,20,10,1,2,0,0,9,3,0,0,0,5,8,0,0,0,0,4,3,1,0,0,1,0,5,0,0,0,5,2,2,0,0,0,0,0,0,0,0,0,1,0,0,0,0,0,0,0,0,0,0,0,0,0,1,0,0,0,0,0,0,0,0,0,0,0,0,0,0,0,0,0,0,0,0,1,0,0,0,0,0,1,1,0,0,0,0,0,0
47 - Λακωνίας,222 E.T. Δήμου Σπάρτης,300,78,0,1,1,77,45,20,22,0,0,2,8,5,0,0,0,0,16,14,0,0,0,1,0,0,0,0,0,0,4,0,0,0,1,0,1,0,0,0,1,0,0,0,0,0,0,0,0,0,0,0,1,1,0,0,0,0,1,0,1,0,0,0,0,0,0,0,0,0,0,0,0,0,0,0,0,0,0,0,0,0,0,0,0,0,0,0,0,0,0,0,0,0,0,0,0,1,0,0,0
47 - Λακωνίας,223 E.T. Δήμου Σπάρτης,687,271,1,1,2,269,69,19,35,0,3,6,43,37,1,2,0,1,56,21,0,1,14,19,73,2,59,2,0,4,2,1,1,0,0,0,5,1,0,2,0,4,3,1,1,0,0,0,2,1,0,1,1,1,0,0,0,0,1,0,1,0,0,0,0,0,0,0,0,0,1,0,0,1,0,0,1,0,0,0,1,0,1,1,0,1,1,0,0,0,0,0,0,1,0,0,0,6,1,2,2
47 - Λακωνίας,224 E.T. Δήμου Σπάρτης,441,78,0,0,0,78,31,17,6,0,1,5,12,6,0,3,0,1,16,10,0,0,1,3,13,0,9,2,0,1,4,3,0,0,0,0,0,0,0,0,0,1,1,0,0,0,0,0,0,0,0,0,0,0,0,0,0,0,0,0,0,0,0,0,0,0,0,0,0,0,0,0,0,0,0,0,1,0,0,1,0,0,0,0,0,0,0,0,0,0,0,0,0,0,0,0,0,0,0,0,0
47 - Λακωνίας,225 E.T. Δήμου Σπάρτης,449,110,3,0,3,107,40,19,16,3,0,1,15,11,1,0,1,0,22,11,0,0,1,10,11,0,6,0,0,1,3,1,0,0,2,0,4,2,0,0,0,0,0,0,0,0,0,0,0,0,0,0,2,2,0,0,0,0,2,0,1,1,0,0,0,0,0,0,0,0,0,0,0,0,0,0,1,0,1,0,1,1,0,0,0,0,0,0,0,2,2,0,0,0,0,0,0,4,1,1,2
47 - Λακωνίας,226 E.T. Δήμου Σπάρτης,479,155,0,0,0,155,102,42,40,4,1,10,12,11,0,0,0,0,22,14,0,0,0,8,4,0,3,0,0,0,6,1,0,0,4,0,3,0,2,0,0,2,2,0,1,0,0,0,0,0,0,0,0,0,0,0,0,0,0,0,0,0,0,0,0,0,0,0,0,0,0,0,0,0,0,0,0,0,0,0,0,0,1,0,0,0,0,0,0,1,0,0,0,0,0,0,0,1,0,0,0
47 - Λακωνίας,227 E.T. Δήμου Σπάρτης,468,164,1,0,1,163,95,29,51,2,3,7,11,8,1,0,0,2,30,25,0,1,0,3,13,1,2,0,0,2,5,2,1,0,0,1,5,2,0,0,2,1,0,0,0,0,0,0,0,0,0,0,0,0,0,0,0,0,1,0,1,0,0,0,0,0,0,0,0,0,0,0,0,0,0,0,0,0,0,0,0,0,0,0,0,0,0,0,0,1,0,0,1,0,0,0,0,1,1,0,0
47 - Λακωνίας,228 E.T. Δήμου Σπάρτης,454,134,3,0,3,131,72,22,32,0,4,11,15,8,2,1,1,2,16,9,1,2,1,3,5,0,1,0,0,3,10,3,0,1,4,1,2,0,0,1,0,1,1,0,0,0,0,0,0,0,0,0,0,0,1,0,0,0,1,0,0,0,0,0,0,0,0,0,0,0,2,1,0,0,0,0,0,0,0,0,1,1,0,0,0,0,0,0,0,1,0,0,0,0,0,0,0,4,1,0,2
47 - Λακωνίας,229 E.T. Δήμου Σπάρτης,668,241,6,0,6,235,121,65,30,0,5,12,28,22,1,3,0,1,36,23,0,0,5,8,17,0,11,0,0,3,11,2,0,0,6,1,5,1,0,1,3,2,0,1,0,0,0,0,0,0,0,0,1,1,4,3,1,0,1,1,0,0,0,0,1,1,0,0,0,0,0,0,0,0,0,0,0,0,0,0,0,0,0,0,0,0,0,1,0,0,0,0,0,2,2,0,0,5,3,0,1
47 - Λακωνίας,230 E.T. Δήμου Σπάρτης,213,69,1,0,1,68,28,15,7,0,0,5,12,12,0,0,0,0,8,5,0,1,0,2,6,1,1,4,0,0,4,4,0,0,0,0,0,0,0,0,0,1,0,1,0,0,0,0,0,0,0,0,0,0,2,2,0,0,2,0,1,0,0,0,0,0,0,0,0,0,0,0,0,0,0,0,0,0,0,0,0,0,0,0,0,0,0,3,2,0,0,0,0,1,1,0,0,1,1,0,0
47 - Λακωνίας,231 E.T. Δήμου Σπάρτης,434,166,2,0,2,164,101,37,46,0,0,14,12,8,0,2,0,0,20,16,1,0,0,3,2,0,0,0,0,0,9,3,0,0,4,1,3,0,0,0,0,7,6,0,0,0,0,0,0,0,0,0,1,1,0,0,0,0,4,1,1,1,0,0,0,0,0,0,0,0,0,0,0,0,0,0,0,0,0,0,0,0,0,0,0,0,0,1,1,2,0,0,0,0,0,0,0,2,1,0,1
47 - Λακωνίας,232 E.T. Δήμου Σπάρτης,413,168,1,1,2,166,85,17,59,1,1,6,33,25,0,1,0,5,23,15,0,0,3,5,1,0,1,0,0,0,5,1,0,0,1,1,3,2,0,0,0,3,3,0,0,0,0,0,0,0,0,0,0,0,0,0,0,0,4,0,3,0,0,0,0,0,0,0,0,0,0,0,0,0,0,0,0,0,0,0,0,0,1,0,1,0,0,0,0,0,0,0,0,1,1,0,0,7,2,0,5
47 - Λακωνίας,233 E.T. Δήμου Σπάρτης,412,173,4,0,4,169,91,20,52,1,5,10,22,18,0,0,2,0,25,23,0,0,1,0,7,0,4,0,0,0,8,2,1,0,5,0,3,1,0,0,1,1,1,0,1,1,0,0,0,0,0,0,1,1,0,0,0,0,3,0,2,1,0,0,0,0,0,0,0,0,0,0,0,0,0,0,2,1,0,0,0,0,0,0,0,0,0,0,0,0,0,0,0,1,1,0,0,4,1,0,2
47 - Λακωνίας,234 E.T. Δήμου Σπάρτης,668,318,4,1,5,313,135,38,83,0,1,11,50,32,2,8,1,2,57,29,0,5,4,16,12,0,5,0,2,3,17,6,1,0,9,0,5,0,0,2,2,2,1,0,1,1,0,0,1,0,0,0,1,1,0,0,0,0,4,0,2,1,0,0,1,0,0,0,0,0,5,2,0,0,0,0,3,3,0,0,4,2,1,1,0,0,0,2,0,1,1,0,0,0,0,0,0,11,2,0,7
47 - Λακωνίας,235 E.T. Δήμου Σπάρτης,658,204,8,0,8,196,98,39,45,0,6,6,17,14,0,1,0,1,43,22,0,1,5,15,12,0,1,5,1,1,5,0,0,0,2,0,1,0,0,0,1,9,8,1,0,0,0,0,0,0,0,0,0,0,0,0,0,0,3,1,2,0,0,0,0,0,0,0,0,0,0,0,0,0,0,0,1,1,0,0,0,0,1,0,0,0,0,0,0,1,0,0,0,1,0,0,0,4,0,2,0
47 - Λακωνίας,236 E.T. Δήμου Σπάρτης,519,266,5,1,6,260,83,24,44,2,1,6,39,25,1,2,0,6,49,28,0,3,3,14,23,1,7,5,1,5,15,3,1,1,4,1,4,0,1,0,2,9,9,0,1,1,0,0,2,0,2,0,2,1,0,0,0,0,5,0,4,1,0,0,0,0,0,0,0,0,1,0,0,0,0,0,1,0,0,0,2,0,5,0,1,0,0,0,0,1,0,0,0,1,1,0,0,17,1,1,11
47 - Λακωνίας,237 E.T. Δήμου Σπάρτης,506,272,6,0,6,266,132,29,73,2,4,15,44,33,1,4,0,3,45,19,0,1,9,16,6,0,1,0,1,2,10,2,0,0,7,0,5,0,0,1,3,3,2,1,0,0,0,0,0,0,0,0,2,1,4,3,0,0,2,0,2,0,0,0,0,0,0,0,0,0,1,1,0,0,0,0,0,0,0,0,1,1,2,1,1,1,1,1,1,2,2,0,0,1,0,0,0,4,3,0,0
47 - Λακωνίας,238 E.T. Δήμου Σπάρτης,531,283,10,0,10,273,132,34,69,1,4,10,37,24,2,3,0,3,38,19,0,0,3,14,13,1,7,0,0,3,13,2,2,0,7,0,6,2,1,0,0,6,6,0,1,0,0,0,0,0,0,0,4,2,4,0,2,0,3,1,1,0,0,0,0,0,0,0,0,0,1,1,0,0,0,0,2,0,1,0,1,0,0,0,0,0,0,3,1,1,0,0,0,2,1,0,0,6,2,0,1
47 - Λακωνίας,239 E.T. Δήμου Σπάρτης,521,252,3,3,6,246,113,26,67,0,2,11,47,31,4,3,0,3,41,19,0,2,5,13,7,1,4,1,0,0,10,2,0,0,5,2,4,1,0,0,1,7,7,0,1,0,0,0,2,0,0,1,0,0,1,0,0,0,5,1,1,1,0,0,0,0,0,0,0,0,2,1,0,1,0,0,0,0,0,0,0,0,1,0,1,0,0,0,0,0,0,0,0,1,1,0,0,4,1,0,3
47 - Λακωνίας,240 E.T. Δήμου Σπάρτης,524,264,1,0,1,263,118,27,67,2,4,13,51,40,0,2,1,2,35,14,0,1,5,14,12,1,7,0,1,2,12,8,0,0,3,0,3,0,0,0,2,3,3,0,0,0,0,0,1,0,0,0,3,2,1,1,0,0,9,1,6,2,0,0,1,1,0,0,0,0,2,2,0,0,0,0,1,0,0,0,1,1,0,0,0,0,0,1,0,2,0,0,0,1,1,0,0,6,1,0,3
47 - Λακωνίας,241 E.T. Δήμου Σπάρτης,568,289,4,3,7,282,126,30,84,0,2,5,39,23,2,4,2,3,54,25,1,5,4,16,14,3,2,0,0,2,5,1,1,0,2,1,9,2,0,1,1,9,8,1,0,0,0,0,3,1,0,0,2,1,0,0,0,0,6,1,4,1,0,0,0,0,0,0,0,0,1,0,0,0,0,1,0,0,0,0,0,0,3,2,1,0,0,1,1,0,0,0,0,0,0,2,1,8,2,0,2
47 - Λακωνίας,242 E.T. Δήμου Σπάρτης,532,295,6,1,7,288,133,33,73,0,1,16,46,31,4,5,1,3,51,27,1,2,1,19,10,2,1,1,1,3,11,3,0,1,6,0,3,0,0,1,0,6,6,0,0,0,0,0,2,2,0,0,3,3,1,0,0,0,6,0,2,1,1,0,0,0,0,0,0,0,0,0,0,0,0,0,3,3,0,0,1,1,0,0,0,0,0,2,1,2,0,1,0,1,1,0,0,6,1,0,2
47 - Λακωνίας,243 E.T. Δήμου Σπάρτης,528,281,4,3,7,274,132,44,71,1,4,10,40,33,2,0,1,2,40,20,0,1,5,14,10,1,3,3,0,2,6,2,1,0,3,0,4,1,0,1,1,8,8,0,1,1,0,0,0,0,0,0,3,2,6,1,4,0,5,2,3,0,1,0,0,0,0,0,0,0,3,1,0,0,1,1,0,0,0,0,0,0,0,0,0,0,0,2,1,0,0,0,0,1,0,1,0,11,5,0,4
47 - Λακωνίας,244 E.T. Δήμου Σπάρτης,569,281,2,0,2,279,142,29,93,0,4,9,38,25,2,6,0,2,46,23,1,1,8,11,12,0,2,2,0,4,8,0,1,0,2,1,3,0,0,1,0,6,5,1,0,0,0,0,0,0,0,0,1,1,3,3,0,0,2,0,1,0,2,2,0,0,0,0,0,0,3,2,1,0,0,0,0,0,0,0,2,1,3,2,0,0,0,1,1,0,0,0,0,1,0,0,0,6,2,1,0
47 - Λακωνίας,245 E.T. Δήμου Σπάρτης,527,275,3,2,5,270,127,39,65,0,4,9,41,29,2,0,5,2,32,19,0,0,1,10,8,0,3,0,2,0,8,1,0,0,5,1,5,2,0,0,2,5,3,0,0,0,0,0,2,0,0,1,3,2,4,0,0,0,7,0,3,2,0,0,0,0,0,0,1,1,0,0,0,0,0,0,2,0,1,1,3,1,2,0,1,1,0,2,2,1,0,0,0,3,2,0,0,13,5,2,3
47 - Λακωνίας,246 E.T. Δήμου Σπάρτης,556,278,11,0,11,267,120,23,65,1,3,24,57,41,1,2,0,1,30,18,0,3,1,7,18,0,5,0,1,4,14,2,1,2,6,0,3,1,0,0,2,7,5,2,0,0,0,0,0,0,0,0,1,0,1,0,1,0,2,0,2,0,0,0,0,0,0,0,0,0,2,2,0,0,0,0,0,0,0,0,1,1,3,1,1,0,0,0,0,0,0,0,0,0,0,0,0,8,6,0,1
47 - Λακωνίας,247 E.T. Δήμου Σπάρτης,541,229,12,0,12,217,65,16,30,1,1,13,72,57,0,2,1,1,33,16,0,0,5,11,10,1,2,1,1,2,5,1,0,2,1,0,3,0,0,2,1,1,1,0,0,0,0,0,0,0,0,0,4,4,1,0,0,1,4,0,3,0,0,0,1,1,0,0,1,0,1,0,0,0,0,0,2,1,0,0,0,0,1,0,1,0,0,1,1,1,1,0,0,1,1,1,1,9,2,0,7
47 - Λακωνίας,248 E.T. Δήμου Σπάρτης,540,282,6,1,7,275,143,39,88,1,3,8,44,30,0,4,0,6,21,9,1,1,3,3,14,2,1,0,0,3,10,5,1,1,2,0,7,0,1,0,4,4,4,0,0,0,0,0,0,0,0,0,3,2,4,4,0,0,1,0,0,0,0,0,0,0,0,0,0,0,2,1,0,1,0,0,1,0,0,0,1,1,3,0,2,0,0,1,0,2,0,1,0,2,2,0,0,12,4,0,6
47 - Λακωνίας,249 E.T. Δήμου Σπάρτης,527,273,7,2,9,264,127,31,73,0,2,12,38,28,1,2,1,1,41,15,1,0,11,14,14,0,6,4,0,2,12,4,0,1,6,0,5,3,0,1,1,4,4,0,0,0,0,0,2,0,1,1,1,1,1,0,1,0,3,0,1,1,0,0,0,0,0,0,0,0,0,0,0,0,0,0,1,0,0,0,0,0,0,0,0,0,0,0,0,3,2,0,0,0,0,0,0,12,5,0,3
47 - Λακωνίας,250 E.T. Δήμου Σπάρτης,530,274,3,0,3,271,127,30,77,2,2,10,49,7,0,7,1,0,47,27,0,3,6,10,11,0,4,0,1,5,15,2,2,1,8,1,6,2,0,2,1,2,2,0,0,0,0,0,3,1,0,0,1,1,1,0,0,0,1,0,1,0,0,0,1,1,0,0,0,0,0,0,0,0,0,0,0,0,0,0,2,2,3,2,1,0,0,0,0,0,0,0,0,1,0,0,0,1,1,0,0
47 - Λακωνίας,251 E.T. Δήμου Σπάρτης,527,251,4,5,9,242,112,37,61,0,4,7,43,39,0,1,2,1,43,21,0,0,3,19,7,1,1,1,0,2,10,1,0,1,4,2,3,0,0,0,2,5,5,0,0,0,0,0,2,1,0,1,1,1,3,0,0,1,4,1,2,1,0,0,0,0,0,0,0,0,1,1,0,0,0,0,0,0,0,0,0,0,0,0,0,0,0,3,1,1,1,0,0,0,0,0,0,4,2,1,1
47 - Λακωνίας,252 E.T. Δήμου Σπάρτης,538,253,7,1,8,245,117,30,70,0,6,7,41,29,2,5,0,4,28,16,0,0,2,8,11,0,2,1,0,6,6,1,0,1,4,0,4,0,0,0,1,6,5,0,0,0,0,0,0,0,0,0,2,1,2,2,0,0,10,1,8,0,1,0,0,0,0,0,1,0,1,1,0,0,0,0,1,0,0,0,1,0,3,1,0,1,1,1,1,0,0,0,0,0,0,1,1,7,0,1,3
47 - Λακωνίας,253 E.T. Δήμου Σπάρτης,530,221,12,0,12,209,94,16,58,0,5,6,29,21,1,0,1,0,34,20,0,2,1,11,9,0,2,0,0,4,15,1,1,0,4,0,4,1,0,0,2,3,3,0,0,0,0,0,0,0,0,0,2,1,5,2,1,0,3,1,2,0,0,0,0,0,0,0,0,0,3,2,0,1,0,0,1,0,0,0,0,0,0,0,0,0,0,0,0,0,0,0,0,0,0,1,0,6,3,2,1
47 - Λακωνίας,254 E.T. Δήμου Σπάρτης,536,285,10,2,12,273,122,22,83,0,6,9,33,25,0,2,0,3,36,19,0,1,3,9,26,0,8,1,1,8,13,1,1,0,6,0,6,2,0,0,4,6,6,0,0,0,0,0,0,0,0,0,2,1,2,0,0,1,5,1,3,0,0,0,0,0,0,0,1,1,3,2,0,0,0,0,0,0,0,0,2,2,3,3,0,1,1,2,2,3,2,0,1,0,0,1,0,6,2,1,3
47 - Λακωνίας,255 E.T. Δήμου Σπάρτης,532,276,5,4,9,267,134,26,80,1,3,19,46,31,1,1,0,4,27,13,0,2,4,6,17,0,4,2,2,7,14,7,0,0,3,1,4,2,0,0,1,3,3,0,0,0,0,0,2,0,0,1,1,1,4,2,1,0,5,0,4,1,0,0,0,0,0,0,0,0,1,1,0,0,0,0,0,0,0,0,0,0,0,0,0,0,0,0,0,1,0,0,0,0,0,0,0,8,1,1,5
47 - Λακωνίας,256 E.T. Δήμου Σπάρτης,538,282,11,4,15,267,111,21,67,1,4,13,49,35,0,4,1,4,35,19,0,3,4,8,14,2,3,1,0,2,11,2,0,0,6,3,6,1,0,0,0,6,5,0,0,0,0,0,0,0,0,0,2,1,1,1,0,0,5,0,4,1,1,0,0,0,0,0,0,0,3,2,0,0,0,0,0,0,0,0,1,0,1,0,1,1,0,3,1,3,2,0,0,1,1,2,2,11,4,0,5
47 - Λακωνίας,257 E.T. Δήμου Σπάρτης,535,252,13,0,13,239,100,26,52,1,1,13,43,31,0,2,0,1,24,10,1,2,3,6,23,2,4,1,0,8,11,2,0,0,6,1,7,2,1,2,0,4,4,0,0,0,0,0,0,0,0,0,3,1,3,2,0,0,3,0,1,1,1,1,0,0,0,0,0,0,3,2,0,0,0,0,1,0,0,0,0,0,0,0,0,0,0,3,2,0,0,0,0,0,0,0,0,10,5,0,3
47 - Λακωνίας,258 E.T. Δήμου Σπάρτης,536,269,2,2,4,265,121,24,77,3,4,6,43,36,0,2,0,2,28,18,1,0,0,6,10,0,2,0,0,5,14,3,0,1,6,2,5,1,0,0,3,2,1,1,1,1,0,0,1,0,1,0,1,1,6,2,4,0,11,2,2,4,1,1,0,0,0,0,1,1,0,0,0,0,0,0,1,1,0,0,1,1,2,1,1,0,0,4,2,3,2,0,0,0,0,1,1,8,5,1,1
47 - Λακωνίας,259 E.T. Δήμου Σπάρτης,544,281,3,3,6,275,134,34,74,4,6,12,36,27,3,2,1,0,40,21,1,0,6,8,13,1,3,1,1,5,15,3,0,1,8,1,5,2,1,1,1,8,7,1,0,0,0,0,2,0,0,1,0,0,4,2,2,0,6,1,2,0,0,0,0,0,0,0,0,0,0,0,0,0,0,0,1,0,0,0,1,0,1,0,0,0,0,0,0,2,2,0,0,1,1,0,0,6,3,0,2
47 - Λακωνίας,260 E.T. Δήμου Σπάρτης,538,276,6,1,7,269,104,35,60,0,0,5,48,38,1,4,0,3,33,20,0,0,2,9,24,1,6,4,0,9,12,1,2,0,7,0,13,1,0,2,4,7,6,0,1,0,0,0,0,0,0,0,2,1,1,0,1,0,6,0,4,1,0,0,0,0,0,0,0,0,0,0,0,0,0,0,0,0,0,0,0,0,1,1,0,0,0,3,3,0,0,0,0,0,0,0,0,14,1,0,10
47 - Λακωνίας,261 E.T. Δήμου Σπάρτης,536,287,5,2,7,280,132,19,87,1,3,20,44,29,3,5,2,3,43,23,0,1,4,13,17,0,4,1,0,5,6,2,1,0,1,2,10,1,0,2,5,5,4,0,0,0,0,0,1,0,1,0,2,2,2,1,1,0,3,2,0,0,0,0,0,0,0,0,0,0,1,0,0,0,0,0,0,0,0,0,0,0,2,1,0,0,0,1,1,1,1,0,0,1,0,0,0,9,3,1,3
47 - Λακωνίας,262 E.T. Δήμου Σπάρτης,536,264,7,3,10,254,118,31,65,0,6,10,41,35,1,2,1,1,37,12,0,3,3,15,14,1,2,4,1,3,8,0,2,0,5,0,9,0,2,0,3,4,4,0,0,0,0,0,2,1,0,0,0,0,0,0,0,0,6,3,0,3,0,0,2,2,0,0,0,0,0,0,0,0,0,0,1,0,0,0,0,0,2,0,1,2,2,2,2,1,1,0,0,0,0,5,0,0,0,1,3
47 - Λακωνίας,263 E.T. Δήμου Σπάρτης,544,283,6,0,6,277,127,15,87,2,2,9,47,35,1,2,2,1,35,21,0,1,3,6,18,0,4,0,1,8,9,0,0,0,5,1,9,2,0,2,3,4,1,0,0,0,0,0,1,0,1,0,0,0,1,0,0,0,11,2,4,0,0,0,0,0,0,0,0,0,0,0,0,0,0,0,1,1,0,0,0,0,1,0,1,0,0,0,0,0,0,0,0,3,2,10,0,0,1,1,5
47 - Λακωνίας,264 E.T. Δήμου Σπάρτης,541,281,15,1,16,265,106,22,68,0,5,10,46,32,1,1,7,3,45,20,0,4,5,15,18,2,4,1,1,7,15,5,2,0,4,1,4,0,1,0,1,4,4,0,0,0,0,0,0,0,0,0,1,1,0,0,0,0,3,0,2,0,0,0,2,2,0,0,0,0,1,1,0,0,0,0,1,1,0,0,0,0,1,0,0,0,0,4,4,1,0,0,0,2,2,2,1,9,2,1,4
47 - Λακωνίας,265 E.T. Δήμου Σπάρτης,526,272,1,6,7,265,118,20,65,1,6,16,53,36,1,2,1,6,25,13,1,0,4,5,16,1,4,1,2,7,13,5,0,0,5,0,10,1,0,1,7,5,2,2,1,0,0,0,0,0,0,0,2,1,4,0,2,0,6,1,4,1,0,0,0,0,0,0,0,0,1,0,0,0,0,0,0,0,0,0,2,1,0,0,0,0,0,2,1,1,1,0,0,1,1,1,1,4,1,0,1
47 - Λακωνίας,266 E.T. Δήμου Σπάρτης,409,193,5,0,5,188,87,18,48,1,4,13,43,32,3,3,2,1,20,14,0,0,1,5,11,0,3,0,0,5,7,3,0,0,4,0,3,0,0,0,2,2,2,0,0,0,0,0,0,0,0,0,0,0,3,2,0,0,0,0,0,0,0,0,0,0,0,0,0,0,2,2,0,0,0,0,0,0,0,0,0,0,1,1,0,0,0,3,1,0,0,0,0,0,0,0,0,6,2,0,2
47 - Λακωνίας,267 E.T. Δήμου Σπάρτης,394,154,2,0,2,152,82,21,45,2,3,9,14,11,1,0,0,0,20,17,0,0,0,3,1,0,0,0,0,1,6,1,0,0,4,1,3,0,0,1,1,6,4,0,0,0,0,0,0,0,0,0,3,0,6,3,1,0,3,0,0,2,0,0,0,0,0,0,0,0,1,1,0,0,0,0,2,0,0,1,0,0,0,0,0,0,0,0,0,0,0,0,0,1,0,0,0,4,1,1,1
47 - Λακωνίας,268 E.T. Δήμου Σπάρτης,408,152,2,2,4,148,88,17,51,2,2,11,11,7,0,0,1,2,22,19,0,0,1,1,2,0,0,0,0,2,4,1,0,0,1,1,7,1,2,0,3,4,4,0,0,0,0,0,0,0,0,0,1,0,1,0,0,1,2,0,1,1,0,0,0,0,0,0,0,0,1,1,0,0,0,0,0,0,0,0,0,0,1,0,0,0,0,1,0,0,0,0,0,2,1,0,0,1,0,0,1
47 - Λακωνίας,269 E.T. Δήμου Σπάρτης,459,105,2,0,2,103,25,16,7,0,0,0,9,9,0,0,0,0,33,31,0,0,0,1,9,2,5,0,0,1,4,1,0,1,0,0,4,0,0,0,2,0,0,0,0,0,0,0,0,0,0,0,0,0,0,0,0,0,2,0,0,1,0,0,0,0,0,0,1,0,0,0,0,0,0,0,0,0,0,0,0,0,1,0,1,0,0,1,0,1,1,0,0,3,2,1,1,9,4,0,2
47 - Λακωνίας,270 E.T. Δήμου Σπάρτης,134,50,3,0,3,47,19,2,14,1,0,2,9,9,0,0,0,0,17,17,0,0,0,0,2,0,0,0,0,1,0,0,0,0,0,0,0,0,0,0,0,0,0,0,0,0,0,0,0,0,0,0,0,0,0,0,0,0,0,0,0,0,0,0,0,0,0,0,0,0,0,0,0,0,0,0,0,0,0,0,0,0,0,0,0,0,0,0,0,0,0,0,0,0,0,0,0,0,0,0,0
47 - Λακωνίας,271 E.T. Δήμου Σπάρτης,668,190,3,3,6,184,81,37,14,0,3,20,22,22,0,0,0,0,43,33,0,0,5,4,7,1,2,0,0,2,7,1,1,0,1,1,1,0,1,0,0,5,1,0,1,1,0,0,0,0,0,0,0,0,0,0,0,0,5,0,2,2,1,1,0,0,0,0,0,0,2,2,0,0,0,0,0,0,0,0,0,0,0,0,0,0,0,0,0,1,1,0,0,1,0,1,0,6,1,0,4
47 - Λακωνίας,272 E.T. Δήμου Σπάρτης,536,183,4,0,4,179,85,12,55,0,3,13,27,24,0,0,0,1,33,21,1,0,5,6,11,2,2,0,1,1,11,1,1,0,8,0,0,0,0,0,0,1,1,0,0,0,0,0,1,1,0,0,0,0,0,0,0,0,1,0,1,0,0,0,0,0,0,0,0,0,0,0,0,0,0,0,1,0,0,0,0,0,0,0,0,0,0,1,1,1,1,0,0,2,1,0,0,4,1,0,3
47 - Λακωνίας,273 E.T. Δήμου Σπάρτης,403,175,5,1,6,169,76,22,31,0,8,13,22,19,0,0,0,0,23,12,1,0,2,6,10,0,0,7,0,0,10,1,0,0,9,0,4,1,0,1,2,4,4,0,0,0,0,0,3,0,0,3,3,1,1,0,0,0,1,0,1,0,0,0,0,0,0,0,0,0,1,0,1,0,0,0,0,0,0,0,0,0,0,0,0,0,0,1,1,0,0,0,0,2,2,0,0,8,2,1,1
47 - Λακωνίας,274 E.T. Δήμου Σπάρτης,458,196,7,1,8,188,84,14,49,0,0,19,46,40,0,0,0,0,22,15,0,1,4,1,9,0,3,1,1,3,2,1,0,0,0,0,1,0,0,0,1,1,1,0,0,0,0,0,1,0,0,0,0,0,3,0,1,0,6,0,3,0,0,0,0,0,0,0,0,0,4,4,0,0,0,0,0,0,0,0,0,0,0,0,0,0,0,0,0,0,0,0,0,1,1,6,4,2,1,0,0
47 - Λακωνίας,275 E.T. Δήμου Σπάρτης,452,226,6,2,8,218,96,19,42,2,2,26,41,39,0,0,0,0,37,17,0,2,5,11,3,1,0,0,0,1,20,3,2,0,8,0,6,0,0,1,3,2,1,1,0,0,0,0,0,0,0,0,0,0,1,1,0,0,4,0,2,1,0,0,0,0,0,0,0,0,0,0,0,0,0,0,1,1,0,0,1,0,2,1,1,0,0,0,0,0,0,0,0,1,0,0,0,3,0,1,1
47 - Λακωνίας,276 E.T. Δήμου Σπάρτης,456,135,3,0,3,132,61,13,33,0,2,8,17,15,0,0,0,1,23,16,0,0,6,1,14,2,9,0,0,1,6,0,0,0,5,0,3,0,0,0,2,0,0,0,1,0,0,0,0,0,0,0,0,0,1,0,0,0,2,0,2,0,0,0,0,0,0,0,0,0,0,0,0,0,0,0,0,0,0,0,0,0,0,0,0,0,0,0,0,1,0,0,0,0,0,0,0,3,1,1,0
47 - Λακωνίας,277 E.T. Δήμου Σπάρτης,455,171,3,0,3,168,91,18,32,0,0,41,35,32,1,0,0,0,15,5,0,0,5,3,6,0,4,1,0,0,5,3,1,0,1,0,1,1,0,0,0,1,0,0,0,0,0,0,1,0,0,0,1,1,1,0,0,0,3,1,0,1,0,0,0,0,0,0,0,0,0,0,0,0,0,0,1,0,1,0,0,0,0,0,0,2,1,1,0,0,0,0,0,0,0,0,0,4,2,0,2
47 - Λακωνίας,278 E.T. Δήμου Σπάρτης,412,163,2,3,5,158,62,9,36,0,2,15,21,16,0,1,0,0,44,26,0,0,7,9,4,0,0,0,1,0,6,1,0,0,4,0,3,0,0,0,2,3,1,1,0,0,0,0,0,0,0,0,6,3,1,1,0,0,2,0,1,1,0,0,1,1,0,0,0,0,0,0,0,0,0,0,0,0,0,0,0,0,1,0,1,0,0,1,1,1,1,0,0,0,0,1,1,1,1,0,0
47 - Λακωνίας,279 E.T. Δήμου Σπάρτης,426,194,4,1,5,189,111,26,54,0,1,22,16,13,0,0,0,1,31,23,0,0,2,4,5,0,0,1,0,1,8,4,0,0,2,0,2,0,1,0,1,2,2,0,0,0,0,0,0,0,0,0,2,2,1,0,0,0,6,1,1,1,0,0,0,0,0,0,0,0,0,0,0,0,0,0,0,0,0,0,0,0,0,0,0,0,0,0,0,0,0,0,0,1,0,1,1,3,0,0,0
47 - Λακωνίας,280 E.T. Δήμου Σπάρτης,240,78,1,0,1,77,38,12,16,0,0,8,22,21,0,0,0,0,11,7,1,0,2,1,2,0,0,0,0,1,1,1,0,0,0,0,1,1,0,0,0,1,1,0,0,0,0,0,0,0,0,0,1,1,0,0,0,0,0,0,0,0,0,0,0,0,0,0,0,0,0,0,0,0,0,0,0,0,0,0,0,0,0,0,0,0,0,0,0,0,0,0,0,0,0,0,0,0,0,0,0
47 - Λακωνίας,281 E.T. Δήμου Σπάρτης,460,158,2,2,4,154,95,17,67,1,3,6,18,16,0,1,1,0,11,9,0,0,1,1,4,0,0,0,0,2,9,2,1,2,2,1,1,1,0,0,0,1,1,0,0,0,0,0,0,0,0,0,0,0,1,1,0,0,5,0,2,1,0,0,1,1,0,0,0,0,2,1,1,0,0,0,0,0,0,0,0,0,0,0,0,0,0,2,2,0,0,0,0,1,1,1,1,2,1,1,0
47 - Λακωνίας,282 E.T. Δήμου Σπάρτης,286,48,1,0,1,47,9,1,4,0,1,3,0,0,0,0,0,0,31,31,0,0,0,0,1,0,1,0,0,0,0,0,0,0,0,0,0,0,0,0,0,0,0,0,0,0,0,0,0,0,0,0,0,0,0,0,0,0,3,0,0,0,0,0,0,0,0,0,0,0,0,0,0,0,0,0,0,0,0,0,0,0,0,0,0,1,0,0,0,1,0,0,0,0,0,1,0,0,0,0,0
47 - Λακωνίας,283 E.T. Δήμου Σπάρτης,270,123,2,0,2,121,49,8,27,1,1,11,16,10,0,2,0,0,33,28,0,0,4,0,6,1,4,0,0,1,2,0,0,0,2,0,3,0,1,1,0,2,2,0,0,0,0,0,0,0,0,0,0,0,1,0,1,0,4,0,2,2,0,0,0,0,0,0,0,0,0,0,0,0,0,0,0,0,0,0,0,0,0,0,0,0,0,0,0,0,0,0,0,2,1,0,0,3,0,0,0
47 - Λακωνίας,Ετερ. Λακωνίας (από Εφετείο Θεσσαλονίκης),74,52,1,0,1,51,25,14,5,3,0,3,13,7,0,2,0,3,4,3,1,0,0,0,2,0,0,0,1,0,1,1,0,0,0,0,2,0,1,0,1,0,0,0,0,0,0,0,1,0,0,0,1,0,0,0,0,0,0,0,0,0,0,0,0,0,0,0,0,0,0,0,0,0,0,0,0,0,0,0,0,0,0,0,0,0,0,0,0,0,0,0,0,0,0,0,0,2,1,1,0
47 - Λακωνίας,Ετερ. Λακωνίας (από 110ο Ε.Τ. Νομ. Αττικης-Αθηνών),414,276,2,2,4,272,146,53,48,8,11,7,54,22,9,6,3,0,24,15,0,0,2,3,16,6,0,2,1,2,4,0,1,0,0,1,6,0,2,1,0,0,0,0,0,0,0,0,2,0,1,1,2,0,4,1,1,0,3,1,2,0,0,0,0,0,0,0,0,0,0,0,0,0,0,0,0,0,0,0,0,0,1,1,0,1,0,1,1,0,0,0,0,0,0,0,0,8,7,0,0
47 - Λακωνίας,Ετερ. Λακωνίας (από 111ο Ε.Τ. Νομ. Αττικης-Αθηνών),420,296,6,0,6,290,152,53,39,8,16,17,48,25,4,5,1,2,24,16,0,1,0,2,28,6,0,2,1,2,4,0,2,0,1,0,3,2,0,0,0,2,1,1,0,0,0,0,2,0,0,0,2,0,3,0,1,1,11,2,3,5,0,0,0,0,0,0,0,0,0,0,0,0,0,0,1,0,0,1,1,0,3,1,1,0,0,0,0,0,0,0,0,0,0,0,0,6,4,0,1
47 - Λακωνίας,Ετερ. Λακωνίας (από 112ο Ε.Τ. Νομ. Αττικης-Αθηνών),415,280,1,0,1,279,138,59,29,6,16,9,49,23,5,10,1,1,33,18,0,3,4,1,21,3,1,4,4,5,6,4,0,0,0,1,5,0,2,1,1,0,0,0,0,0,0,0,1,0,0,0,0,0,7,0,1,2,5,0,2,3,0,0,0,0,0,0,0,0,0,0,0,0,0,0,1,0,0,0,0,0,2,0,1,0,0,3,2,0,0,0,0,0,0,0,0,8,6,0,1
47 - Λακωνίας,Ετερ. Λακωνίας (από 113ο Ε.Τ. Νομ. Αττικης-Αθηνών),419,301,4,0,4,297,158,69,34,8,12,16,44,15,7,9,0,5,34,24,0,1,2,3,25,2,2,2,2,7,1,0,0,0,0,0,7,1,1,2,0,0,0,0,2,0,0,0,1,0,0,0,1,1,6,0,2,2,10,0,4,5,0,0,0,0,0,0,0,0,0,0,0,0,0,0,1,1,0,0,0,0,1,0,0,0,0,1,0,0,0,0,0,0,0,0,0,5,3,1,1
47 - Λακωνίας,Ετερ. Λακωνίας (από 17ο Ε.Τ. Νομ. Αττικης-Πειραιώς),497,365,7,2,9,356,191,88,40,6,18,19,71,37,7,8,3,4,20,11,1,0,5,0,21,3,1,3,2,7,7,1,0,0,0,1,4,0,0,2,1,1,1,0,1,1,0,0,1,1,0,0,4,3,3,0,1,0,14,1,4,6,0,0,0,0,0,0,0,0,0,0,0,0,0,0,1,0,0,1,2,1,0,0,0,2,1,0,0,0,0,0,0,0,0,0,0,13,9,0,1
Σύνολο,,121801,52641,839,268,1107,51534,25652,9563,9733,524,2855,1769,7120,4414,770,562,294,257,7836,4688,201,214,899,1479,2665,428,540,223,322,501,2004,403,108,59,797,250,854,152,102,93,277,718,556,86,66,33,11,5,204,33,41,53,286,186,309,85,88,21,869,140,412,155,49,28,53,36,5,2,30,15,262,66,35,122,5,4,116,32,13,34,130,78,276,98,106,53,37,220,150,138,62,10,6,163,105,106,50,1339,493,138,399
