ΠΕΡΙΦΕΡΕΙΑ,ΕΚΛΟΓΙΚΟ ΤΜΗΜΑ,ΕΓΓΕΓΡΑΜΜΕΝΟΙ,ΨΗΦΙΣΑΝΤΕΣ,ΑΚΥΡΑ,ΛΕΥΚΑ,ΑΚΥΡΑ & ΛΕΥΚΑ,ΕΓΚΥΡΑ,Νέα Δημοκρατία,ΑΝΔΡΕΑΔΑΚΗΣ ΚΩΝΣΤΑΝΤΙΝΟΣ-ΗΡΑΚΛΗΣ του Εμμανουήλ,ΑΝΔΡΟΥΛΑΚΗ ΑΝΑΣΤΑΣΙΑ του Νικολάου,ΒΛΑΣΣΗ ΕΛΕΝΗ του Φιλίππου,ΠΛΑΚΙΩΤΑΚΗΣ ΙΩΑΝΝΗΣ του Ιωσήφ,ΣΥΡΙΖΑ,ΘΡΑΨΑΝΙΩΤΗΣ ΕΜΜΑΝΟΥΗΛ του Μιχαήλ,ΚΑΛΑΪΤΖΑΚΗΣ ΕΜΜΑΝΟΥΗΛ του Ιωάννη,ΠΕΤΡΑΚΗ ΠΕΛΑΓΙΑ του Ελευθερίου,ΣΑΠΟΥΝΤΖΑΚΗ ΜΑΡΙΑ του Νικολάου,ΠΑΣΟΚ-Κίνημα Αλλαγής,ΚΛΩΝΤΖΑΣ ΕΜΜΑΝΟΥΗΛ του Μιχαήλ,ΚΟΥΡΟΥΠΑΚΗΣ ΝΙΚΟΛΑΟΣ του Μιχαήλ,ΜΠΙΤΖΑΡΑΚΗ - ΣΙΓΑΝΟΥ ΕΛΕΥΘΕΡΙΑ του Ιωάννη,ΣΠΥΡΙΔΑΚΗ ΑΙΚΑΤΕΡΙΝΗ (ΚΑΤΕΡΙΝΑ) του Νικολάου,Κ.Κ.Ε.,ΔΑΛΑΒΕΡΟΥ - ΚΑΡΥΔΗ ΕΙΡΗΝΗ (ΡΕΝΑ) του Ιωάννη,ΔΕΡΜΙΤΖΑΚΗΣ ΚΩΝΣΤΑΝΤΙΝΟΣ του Νικολάου,ΣΥΜΕΩΝΙΔΗΣ ΣΥΜΕΩΝ του Κωνσταντίνου,ΦΡΑΓΚΟΠΟΥΛΟΥ ΜΑΡΙΑ του Κωνσταντίνου,Ελληνική Λύση - Κ. Βελόπουλος,ΑΡΒΑΝΙΤΟΠΟΥΛΟΥ ΑΙΚΑΤΕΡΙΝΗ του Εμμανουήλ,ΓΕΝΕΙΑΤΑΚΗΣ ΙΩΑΝΝΗΣ του Νικολάου,ΜέΡΑ25-ΣΥΜΜΑΧΙΑ ΓΙΑ ΤΗ ΡΗΞΗ,ΜΠΑΡΜΠΕΡΑΚΗΣ ΚΩΝΣΤΑΝΤΙΝΟΣ του Γεωργίου,ΦΡΥΣΟΥΛΗΣ ΙΩΑΝΝΗΣ του Κανάκη,ΧΡΙΣΤΟΔΟΥΛΟΠΟΥΛΟΥ ΚΑΛΛΙΟΠΗ (ΚΑΛΗ) του Χρήστου,ΕΝΩΝΩ ΣΥΜΜΑΧΙΑ ΕΛΕΥΘΕΡΙΑΣ,ΣΟΥΛΑΔΑΚΗΣ ΕΜΜΑΝΟΥΗΛ του Ιωάννη,Κ.Κ.Ε. (μ-λ),ΔΕΛΟΓΚΟΣ ΘΕΟΔΩΡΟΣ του Ευστρατίου,ΠΑΞΙΜΑΔΑΚΗ ΚΑΛΛΙΟΠΗ του Επαμεινώνδα,Ο.Κ.Δ.Ε.,ΚΤΙΣΤΑΚΗ ΜΑΡΙΑ του Γεωργίου,ΑΝΤ.ΑΡ.ΣΥ.Α.,ΚΕΡΟΥΛΗΣ ΕΜΜΑΝΟΥΗΛ του Ιωάννη,ΤΖΙΚΑ ΕΛΕΝΗ του Ιωάννη,Κίνημα 21,ΚΑΡΥΠΙΔΗΣ ΘΩΜΑΣ του Θεοδώρου,ΕΘΝΙΚΗ ΔΗΜΙΟΥΡΓΙΑ,ΑΝΔΡΟΥΛΙΔΑΚΗΣ ΜΑΤΘΑΙΟΣ του Γεωργίου,ΚΑΠΑΡΑΚΗΣ ΕΜΜΑΝΟΥΗΛ του Γεωργίου,ΝΟΜΙΚΟΥ ΜΑΡΙΓΩ ΑΛΙΚΗ (ΜΑΡΙΑ) του Νικολάου,ΝΙΚΗ,ΔΡΑΚΟΝΑΚΗΣ ΑΝΑΣΤΑΣΙΟΣ του Μιχάηλ,ΜΑΝΕΤΑ ΜΑΡΙΛΕΝΑ του Αντωνίου,κοινωνία αξιών,ΣΙΓΑΝΟΥ ΓΙΑΝΝΑ του Νικολάου,ΒΟΡΕΙΑ ΛΕΓΚΑ - ΚΡΑΜΑ,ΠΑΜΠΟΥΚΤΣΗΣ ΣΩΚΡΑΤΗΣ του Δημητρίου,Μ-Λ Κ.Κ.Ε.,ΚΟΡΝΑΡΟΣ ΜΙΛΤΙΑΔΗΣ του Γεώργιου,Ελλήνων Συνέλευσις,ΒΑΣΙΛΑΚΗ ΜΑΡΙΑ του Κωνσταντίνου,ΜΠΡΟΚΟΣ ΕΜΜΑΝΟΥΗΛ του Γεωργίου,ΠΕΔΙΑΔΙΤΗΣ ΜΙΧΑΗΛ του Γεωργίου,ΣΙΑΓΚΑ ΕΥΑΓΓΕΛΙΑ του Σταμάτη,Ένωση Κεντρώων,ΑΙΓΙΝΙΤΗ ΥΠΑΤΙΑ του Ιωάννη,ΞΕΝΙΔΑΚΗΣ ΠΑΝΑΓΙΩΤΗΣ του Θεοδώρου,ΦΡΟΝΙΜΑΚΗΣ ΕΜΜΑΝΟΥΗΛ του Νικολάου,ΤΩΡΑ ΟΛΟΙ ΜΑΖΙ (Τ.ΟΛ.ΜΑ),ΑΝΤΩΝΑΚΑΚΗΣ ΕΛΕΥΘΕΡΙΟΣ του Γεωργίου,ΣΥΜΜΑΧΙΑ ΑΝΑΤΡΟΠΗΣ,ΓΥΠΑΡΑΚΗ ΕΥΑΓΓΕΛΙΑ του Κωνσταντίνου,ΕΥΑΓΓΕΛΙΔΑΚΗΣ ΑΓΓΕΛΟΣ του Ιωάννη,ΠΟΛΙΤΙΚΗ ΠΡΩΤΟΒΟΥΛΙΑ ,ΓΡΑΦΑΝΑΚΗ ΜΑΡΙΑ-ΑΝΝΑ του Ιωάννη,ΠΝΟΗ ΔΗΜΟΚΡΑΤΙΑΣ,ΟΡΝΣΤΑΪΝ ΑΓΓΕΛΙΚΗ - ΒΙΛΕΛΜΙΝΗ του Ευαγγέλου,ΠΡΑΣΙΝΟ ΚΙΝΗΜΑ,ΧΑΝΔΡΙΝΟΣ ΓΕΩΡΓΙΟΣ του Δημητρίου,Οικολόγοι Πράσινοι,ΣΑΡΑΝΤΗΣ ΙΩΑΝΝΗΣ του Νικολάου,ΕΑΝ...,ΤΣΙΡΙΓΩΤΑΚΗΣ ΜΙΛΤΙΑΔΗΣ του Μιχαήλ,ΕΝΟΤΗΤΑ - ΑΛΗΘΕΙΑ ΕΝ.Α,ΓΚΕΚΑ ΟΛΓΑ του Κωνσταντίνου,Πλεύση Ελευθερίας - Ζωή Κωνστ.,ΚΡΥΣΤΑΛΑΝΤΟΥ ΠΟΛΥΞΕΝΗ του Αναστασίου
56 - Λασιθίου,1 E.T. Δήμου Αγίου Νικολάου,439,361,9,3,12,349,127,14,29,5,57,73,47,5,6,3,71,56,4,1,4,10,1,3,1,2,11,3,5,8,2,1,3,5,5,8,6,0,1,1,1,0,1,1,0,1,0,0,0,7,4,1,0,0,0,0,0,0,3,0,0,3,0,1,0,0,0,1,1,5,1,3,0,0,0,0,1,0,2,0,1,0,0,0,11,8
56 - Λασιθίου,2 E.T. Δήμου Αγίου Νικολάου,587,340,2,1,3,337,158,15,26,3,96,58,47,2,4,2,44,30,2,1,3,20,2,5,1,3,7,1,2,9,2,1,2,4,2,4,1,2,0,0,2,2,0,6,3,0,0,0,0,5,2,2,1,0,0,0,1,1,3,1,0,2,0,0,0,0,0,1,1,0,0,0,0,0,4,2,0,0,2,1,1,0,0,0,7,4
56 - Λασιθίου,3 E.T. Δήμου Αγίου Νικολάου,529,334,2,0,2,332,142,9,21,5,95,70,49,4,7,5,43,29,2,5,2,11,2,3,0,5,10,1,5,11,1,3,4,3,2,1,0,1,0,0,0,0,0,4,4,2,0,1,0,5,3,2,0,0,0,0,1,1,3,0,3,0,0,1,1,0,0,1,0,6,2,3,0,0,1,1,0,0,6,4,1,1,0,0,10,6
56 - Λασιθίου,4 E.T. Δήμου Αγίου Νικολάου,509,321,3,2,5,316,156,17,20,6,98,57,42,2,5,3,41,30,3,0,3,12,2,6,1,2,7,2,5,7,1,3,0,1,0,1,1,0,0,0,1,0,0,2,2,0,0,0,0,5,2,2,0,0,1,1,0,0,5,0,2,2,0,0,0,0,0,0,0,5,1,3,0,0,1,0,1,1,2,2,3,1,0,0,8,3
56 - Λασιθίου,5 E.T. Δήμου Αγίου Νικολάου,520,346,9,2,11,335,128,15,18,0,87,67,46,1,4,3,41,21,3,6,3,23,2,5,0,7,5,0,5,14,4,1,4,5,5,1,1,0,0,0,2,1,1,2,1,4,1,1,0,10,7,3,2,2,0,0,1,1,6,1,1,4,0,1,0,0,1,0,0,11,2,5,0,0,2,1,0,0,4,1,0,0,0,0,6,0
56 - Λασιθίου,6 E.T. Δήμου Αγίου Νικολάου,522,364,6,4,10,354,182,18,21,7,115,52,37,1,3,4,51,36,2,3,7,12,2,1,1,3,5,2,2,8,1,1,3,5,3,1,1,0,0,0,1,0,0,2,1,2,0,1,0,4,2,2,0,0,0,0,0,0,4,0,1,3,0,1,0,0,1,1,1,7,3,3,2,2,1,1,2,2,4,2,1,1,0,0,6,4
56 - Λασιθίου,7 E.T. Δήμου Αγίου Νικολάου,520,363,7,3,10,353,121,13,13,1,83,75,49,3,10,8,63,39,7,4,7,12,2,3,1,1,3,0,2,7,2,2,3,8,6,0,0,0,0,0,2,1,1,3,2,4,1,0,0,12,1,7,1,1,1,0,1,1,3,1,2,0,0,2,0,0,1,3,2,9,4,3,0,0,4,4,0,0,5,4,3,3,0,0,11,7
56 - Λασιθίου,8 E.T. Δήμου Αγίου Νικολάου,518,351,24,3,27,324,105,12,10,0,74,65,47,5,4,4,69,52,2,4,7,11,0,3,0,5,14,1,9,6,0,1,4,4,3,1,1,0,0,0,0,0,0,3,2,6,1,2,0,6,4,0,1,0,0,0,0,0,9,4,4,1,0,0,0,0,0,0,0,5,0,2,0,0,0,0,0,0,9,4,0,0,0,0,10,8
56 - Λασιθίου,9 E.T. Δήμου Αγίου Νικολάου,512,351,9,3,12,339,173,24,18,2,120,47,36,0,4,2,47,38,2,1,2,13,5,2,1,3,8,2,4,11,4,1,5,1,1,1,0,0,0,0,3,2,0,1,1,3,1,1,0,4,1,3,0,0,1,1,1,0,4,2,0,2,0,1,0,0,1,1,1,7,2,5,0,0,1,1,0,0,0,0,1,1,0,0,10,7
56 - Λασιθίου,10 E.T. Δήμου Αγίου Νικολάου,518,334,17,2,19,315,150,20,23,2,95,52,38,3,4,4,29,15,0,3,5,19,3,4,0,8,12,3,7,7,2,0,3,8,8,0,0,0,0,0,0,0,0,1,1,4,1,2,0,5,2,1,1,1,0,0,0,0,6,0,0,6,0,0,0,0,0,0,0,4,1,3,0,0,3,1,1,0,6,1,0,0,0,0,7,6
56 - Λασιθίου,11 E.T. Δήμου Αγίου Νικολάου,529,296,21,2,23,273,95,14,14,1,61,70,49,7,3,5,38,30,3,0,2,8,0,1,0,6,5,1,3,10,1,1,6,10,10,1,0,0,0,0,1,0,0,0,0,2,1,1,0,5,3,1,1,1,0,0,0,0,9,3,3,2,0,0,0,0,0,0,0,3,1,1,0,0,1,1,1,1,2,1,0,0,0,0,11,9
56 - Λασιθίου,12 E.T. Δήμου Αγίου Νικολάου,498,306,8,4,12,294,106,13,14,2,59,62,37,3,6,5,45,23,3,3,13,19,0,1,5,6,8,3,3,14,3,1,5,7,3,0,0,0,0,0,1,1,0,1,1,4,0,1,0,9,3,5,1,1,1,0,0,0,2,1,0,1,0,0,0,0,0,0,0,7,4,0,0,0,0,0,1,0,2,1,0,0,0,0,4,4
56 - Λασιθίου,13 E.T. Δήμου Αγίου Νικολάου,527,365,8,2,10,355,157,13,14,3,116,70,32,8,7,7,50,30,3,4,6,13,0,2,0,2,11,2,3,11,3,1,3,8,7,2,0,1,0,0,1,1,0,1,1,0,0,0,0,5,3,2,1,1,0,0,0,0,7,3,1,3,0,0,0,0,0,1,1,1,0,0,0,0,3,2,1,0,3,3,1,1,0,0,8,5
56 - Λασιθίου,14 E.T. Δήμου Αγίου Νικολάου,521,320,13,4,17,303,129,6,17,1,92,48,33,2,5,3,41,30,2,2,3,25,0,6,0,11,7,2,5,13,4,0,4,3,2,1,1,0,0,0,2,0,2,2,1,2,0,0,1,1,1,0,0,0,1,1,1,1,7,2,0,5,0,1,0,1,0,1,0,3,1,0,1,0,0,0,2,1,5,4,0,0,0,0,7,6
56 - Λασιθίου,15 E.T. Δήμου Αγίου Νικολάου,544,373,12,1,13,360,137,15,24,6,87,66,50,2,5,3,65,47,2,4,3,16,3,4,1,4,9,3,5,12,3,0,4,6,3,1,1,0,0,0,0,0,0,0,0,2,1,0,1,8,3,5,1,1,0,0,0,0,8,1,3,4,0,0,0,0,0,0,0,7,1,3,0,0,3,1,0,0,13,6,0,0,0,0,6,3
56 - Λασιθίου,16 E.T. Δήμου Αγίου Νικολάου,539,324,8,1,9,315,142,13,11,2,103,44,29,4,1,4,41,28,2,2,5,24,3,2,3,7,6,1,2,12,1,1,2,3,2,1,0,0,0,0,4,2,1,0,0,3,1,1,0,7,3,3,1,1,0,0,0,0,3,2,0,0,0,0,0,0,0,1,1,5,2,3,0,0,0,0,1,1,3,0,0,0,0,0,14,8
56 - Λασιθίου,17 E.T. Δήμου Αγίου Νικολάου,522,341,5,4,9,332,132,10,16,5,93,75,57,3,8,3,49,26,2,5,4,18,4,2,2,6,12,2,10,6,2,1,1,0,0,1,1,0,0,0,0,0,0,0,0,6,0,4,0,1,1,0,0,0,0,0,0,0,6,0,1,5,0,0,0,0,0,5,4,4,2,2,1,1,2,2,0,0,1,1,1,0,0,0,12,8
56 - Λασιθίου,18 E.T. Δήμου Αγίου Νικολάου,492,388,13,3,16,372,159,19,25,4,102,57,39,3,5,5,70,42,4,2,8,30,5,3,0,14,12,2,7,6,0,1,2,2,2,0,0,0,0,0,1,0,1,2,1,4,1,0,1,4,2,0,0,0,0,0,0,0,2,1,0,1,0,1,0,0,0,0,0,4,2,1,2,1,0,0,0,0,7,6,0,0,0,0,9,5
56 - Λασιθίου,19 E.T. Δήμου Αγίου Νικολάου,226,155,8,0,8,147,71,9,4,1,57,25,12,2,4,6,30,4,2,3,0,6,0,1,1,4,1,1,0,2,0,0,2,2,1,2,0,0,0,0,0,0,0,0,0,1,1,0,0,1,0,1,0,0,0,0,0,0,1,0,0,1,0,0,0,0,0,1,0,1,0,0,0,0,0,0,2,2,0,0,0,0,0,0,1,1
56 - Λασιθίου,20 E.T. Δήμου Αγίου Νικολάου,502,329,7,3,10,319,172,6,22,3,125,32,19,2,4,1,58,44,4,4,2,12,0,0,0,9,6,3,2,5,0,0,2,1,0,0,0,0,0,0,3,0,1,2,1,2,1,0,1,7,1,3,1,1,0,0,0,0,0,0,0,0,0,2,0,0,0,1,1,3,0,1,0,0,0,0,2,1,2,0,0,0,0,0,8,7
56 - Λασιθίου,21 E.T. Δήμου Αγίου Νικολάου,495,345,6,3,9,336,158,9,11,1,120,31,16,4,3,4,98,83,1,7,5,10,0,0,0,7,7,3,2,8,3,0,0,2,2,2,2,0,0,0,2,0,1,0,0,3,1,1,1,2,2,0,1,1,0,0,1,0,0,0,0,0,0,0,0,0,0,3,3,3,0,0,0,0,1,1,1,1,3,0,0,0,0,0,0,0
56 - Λασιθίου,22 E.T. Δήμου Αγίου Νικολάου,503,364,9,1,10,354,158,13,18,3,118,46,34,5,5,2,95,77,1,10,1,15,0,2,0,12,4,1,3,4,3,0,1,4,4,2,2,0,1,0,0,0,0,0,0,0,0,0,0,12,9,2,0,0,0,0,0,0,0,0,0,0,0,3,1,0,0,0,0,0,0,0,0,0,0,0,0,0,1,0,2,1,0,0,7,5
56 - Λασιθίου,23 E.T. Δήμου Αγίου Νικολάου,242,175,3,1,4,171,64,1,3,0,56,45,29,3,0,1,36,16,1,7,6,4,0,0,0,0,4,0,2,0,0,0,0,3,3,0,0,0,0,0,0,0,0,0,0,1,1,0,0,0,0,0,0,0,0,0,0,0,6,1,0,5,0,1,0,0,0,0,0,3,1,0,0,0,0,0,1,0,2,0,0,0,0,0,1,0
56 - Λασιθίου,24 E.T. Δήμου Αγίου Νικολάου,150,101,3,1,4,97,43,2,10,0,28,25,2,5,4,4,10,6,0,0,1,3,1,0,0,2,1,1,0,7,2,0,2,3,3,0,0,0,0,0,0,0,0,0,0,1,0,0,0,2,1,1,0,0,0,0,0,0,1,0,1,0,0,0,0,0,0,0,0,0,0,0,0,0,0,0,0,0,0,0,0,0,0,0,1,1
56 - Λασιθίου,25 E.T. Δήμου Αγίου Νικολάου,118,60,1,0,1,59,28,5,12,0,10,5,5,0,0,0,11,8,0,3,0,0,0,0,0,0,0,0,0,1,0,0,1,1,0,0,0,0,0,0,0,0,0,0,0,2,0,0,0,6,0,3,0,0,0,0,0,0,3,3,0,0,0,0,0,0,0,0,0,0,0,0,0,0,0,0,0,0,1,1,0,0,0,0,1,1
56 - Λασιθίου,26 E.T. Δήμου Αγίου Νικολάου,566,362,5,2,7,355,183,13,6,2,149,37,32,1,1,0,58,36,1,5,3,9,2,2,1,1,12,1,5,11,3,2,2,0,0,0,0,0,0,0,1,1,0,1,0,0,0,0,0,12,5,7,1,0,0,0,0,0,5,2,2,0,0,0,0,0,0,0,0,1,1,0,0,0,0,0,5,4,3,2,0,0,0,0,16,9
56 - Λασιθίου,27 E.T. Δήμου Αγίου Νικολάου,537,352,8,5,13,339,140,5,5,3,114,30,20,6,3,1,66,53,1,2,6,12,1,1,1,2,20,10,7,3,0,0,2,1,1,1,1,0,0,0,1,0,1,0,0,2,2,0,0,5,4,1,3,2,0,0,0,0,8,2,2,3,0,1,0,0,0,2,2,4,0,1,1,0,0,0,0,0,7,3,1,1,0,0,31,17
56 - Λασιθίου,28 E.T. Δήμου Αγίου Νικολάου,467,318,12,2,14,304,97,4,12,5,65,58,42,3,5,3,83,69,0,3,3,15,3,1,2,5,4,2,0,7,0,1,2,4,4,1,0,1,1,0,4,2,1,0,0,2,0,1,0,1,0,0,1,1,0,0,1,0,5,0,1,4,0,1,0,0,0,0,0,2,1,0,0,0,2,0,1,1,3,1,0,0,0,0,11,0
56 - Λασιθίου,29 E.T. Δήμου Αγίου Νικολάου,463,306,7,0,7,299,107,8,15,6,70,43,29,5,3,2,71,62,0,3,0,26,2,8,0,7,4,2,0,11,4,0,3,7,6,0,0,0,1,0,3,3,0,2,1,2,0,1,0,6,1,4,1,1,0,0,0,0,4,2,1,1,0,0,0,0,0,0,0,1,0,0,0,0,2,1,1,0,1,0,0,0,0,0,6,3
56 - Λασιθίου,30 E.T. Δήμου Αγίου Νικολάου,495,351,14,1,15,336,136,12,14,4,94,46,35,0,4,0,77,73,0,0,1,19,4,3,0,6,9,2,4,5,0,1,2,8,6,1,0,0,0,0,1,1,0,2,2,2,2,0,0,4,1,1,0,0,0,0,0,0,2,0,0,0,0,0,0,0,0,0,0,0,0,0,0,0,3,2,1,1,7,2,0,0,0,0,13,7
56 - Λασιθίου,31 E.T. Δήμου Αγίου Νικολάου,474,321,9,2,11,310,79,12,6,0,54,66,49,4,2,3,79,72,4,0,1,41,7,2,3,19,6,1,3,10,1,1,5,6,5,1,1,0,1,1,2,1,0,1,1,3,1,0,0,2,1,0,1,1,0,0,1,1,0,0,0,0,0,0,0,0,0,1,1,2,1,1,1,0,0,0,1,1,3,2,0,0,0,0,3,3
56 - Λασιθίου,32 E.T. Δήμου Αγίου Νικολάου,409,294,5,0,5,289,109,13,15,1,71,47,33,3,2,2,71,58,3,1,7,20,4,2,1,7,2,2,0,8,1,0,1,6,6,2,2,0,1,1,3,3,0,1,1,1,0,0,0,4,1,1,0,0,0,0,0,0,0,0,0,0,0,0,0,0,0,0,0,3,3,0,0,0,0,0,0,0,4,3,0,0,0,0,7,6
56 - Λασιθίου,33 E.T. Δήμου Αγίου Νικολάου,120,93,0,2,2,91,48,7,3,1,35,29,28,0,0,0,7,4,0,1,0,0,0,0,0,0,3,1,0,0,0,0,0,0,0,0,0,0,0,0,0,0,0,0,0,0,0,0,0,3,1,1,0,0,0,0,0,0,0,0,0,0,0,0,0,0,0,0,0,0,0,0,0,0,0,0,0,0,0,0,0,0,0,0,1,0
56 - Λασιθίου,34 E.T. Δήμου Αγίου Νικολάου,526,409,14,5,19,390,151,8,14,0,118,108,88,3,3,1,47,29,2,2,3,36,7,8,3,11,14,2,7,7,3,2,1,3,2,1,1,0,0,0,2,1,1,3,2,0,0,0,0,2,0,1,4,4,0,0,0,0,0,0,0,0,0,0,0,0,0,0,0,0,0,0,1,0,0,0,0,0,2,0,0,0,0,0,9,2
56 - Λασιθίου,35 E.T. Δήμου Αγίου Νικολάου,441,280,6,2,8,272,141,16,6,0,90,38,27,3,3,0,60,48,2,2,1,7,0,2,1,3,5,0,2,2,2,0,0,0,0,0,0,0,0,0,1,0,0,2,2,0,0,0,0,4,2,0,0,0,0,0,0,0,2,1,1,0,0,0,0,0,0,0,0,5,3,1,0,0,0,0,0,0,1,1,3,3,0,0,1,0
56 - Λασιθίου,36 E.T. Δήμου Αγίου Νικολάου,108,48,0,1,1,47,12,2,3,0,7,14,9,1,3,1,15,13,0,2,0,1,0,0,0,0,0,0,0,3,1,0,2,0,0,0,0,0,0,0,0,0,0,0,0,0,0,0,0,0,0,0,0,0,0,0,0,0,0,0,0,0,0,0,0,0,0,0,0,0,0,0,0,0,0,0,0,0,1,1,0,0,0,0,1,0
56 - Λασιθίου,37 E.T. Δήμου Αγίου Νικολάου,289,196,3,2,5,191,84,16,3,1,51,32,27,0,0,0,51,4,1,0,4,8,1,1,1,2,4,1,2,3,1,0,0,1,1,0,0,0,0,0,0,0,0,1,1,2,1,0,0,2,0,0,1,0,0,0,0,0,0,0,0,0,0,0,0,0,0,0,0,0,0,0,0,0,0,0,0,0,0,0,0,0,0,0,2,1
56 - Λασιθίου,38 E.T. Δήμου Αγίου Νικολάου,166,99,1,1,2,97,40,4,8,0,23,13,9,1,1,0,31,15,0,6,8,2,0,1,0,1,1,0,1,0,0,0,0,1,1,0,0,0,0,0,2,0,0,0,0,1,0,1,0,2,0,0,0,0,0,0,0,0,0,0,0,0,0,0,0,0,0,0,0,1,0,1,0,0,0,0,1,0,0,0,1,1,0,0,1,0
56 - Λασιθίου,39 E.T. Δήμου Αγίου Νικολάου,159,102,1,1,2,100,32,5,1,0,21,16,13,0,1,0,35,19,2,4,2,4,0,1,0,0,2,1,0,3,1,1,1,0,0,0,0,0,0,0,0,0,0,0,0,0,0,0,0,3,3,0,0,0,0,0,0,0,0,0,0,0,0,0,0,0,0,0,0,1,0,1,1,1,0,0,0,0,1,1,0,0,0,0,2,2
56 - Λασιθίου,40 E.T. Δήμου Αγίου Νικολάου,544,361,11,4,15,346,146,3,11,5,116,56,28,3,8,7,64,38,4,1,6,10,1,1,2,2,6,1,3,6,1,0,1,11,11,0,0,0,1,0,3,2,0,5,4,3,1,1,0,20,4,14,1,0,0,0,0,0,1,1,0,0,0,1,0,0,1,1,0,1,1,0,0,0,1,1,0,0,6,2,0,0,0,0,3,0
56 - Λασιθίου,41 E.T. Δήμου Αγίου Νικολάου,528,371,15,5,20,351,116,7,4,6,84,60,39,4,6,1,85,48,9,2,14,12,2,2,0,2,8,2,4,3,0,0,1,18,17,1,0,1,1,1,0,0,0,7,2,0,0,0,0,12,1,4,0,0,0,0,2,1,3,0,0,3,0,1,1,0,0,1,0,6,1,2,0,0,3,1,1,1,2,0,0,0,0,0,9,6
56 - Λασιθίου,42 E.T. Δήμου Αγίου Νικολάου,534,340,14,4,18,322,120,2,7,1,93,56,20,7,12,3,64,39,2,0,11,22,4,5,3,4,6,3,1,5,0,1,2,15,14,0,0,0,0,0,3,3,0,1,1,1,0,0,0,7,2,4,2,1,1,0,0,0,0,0,0,0,0,0,0,0,0,0,0,2,2,0,0,0,0,0,0,0,5,4,1,1,0,0,11,7
56 - Λασιθίου,43 E.T. Δήμου Αγίου Νικολάου,550,323,4,3,7,316,130,12,9,3,89,58,28,9,3,3,60,38,3,2,6,9,1,2,0,1,11,1,5,1,0,0,0,4,4,0,0,0,0,0,1,1,0,2,1,9,2,2,0,10,0,9,3,2,0,0,0,0,2,2,0,0,0,3,0,0,2,1,1,4,2,2,0,0,0,0,0,0,2,0,1,0,0,0,5,3
56 - Λασιθίου,44 E.T. Δήμου Αγίου Νικολάου,537,360,14,0,14,346,123,9,11,6,89,76,26,12,21,5,54,32,4,4,3,14,3,1,0,3,7,2,3,14,2,2,4,19,14,0,0,0,0,0,1,0,0,3,2,3,0,1,2,11,1,6,0,0,0,0,1,0,0,0,0,0,0,1,0,0,0,2,0,1,1,0,2,0,2,0,0,0,7,4,0,0,0,0,5,3
56 - Λασιθίου,45 E.T. Δήμου Αγίου Νικολάου,75,35,1,0,1,34,13,0,1,0,10,8,4,1,0,0,8,7,0,0,1,1,0,0,0,1,1,0,1,0,0,0,0,1,1,1,0,0,0,0,0,0,0,0,0,0,0,0,0,1,1,0,0,0,0,0,0,0,0,0,0,0,0,0,0,0,0,0,0,0,0,0,0,0,0,0,0,0,0,0,0,0,0,0,0,0
56 - Λασιθίου,46 E.T. Δήμου Αγίου Νικολάου,96,55,2,0,2,53,13,0,0,1,9,19,11,0,1,3,15,3,2,4,2,1,0,0,0,0,0,0,0,0,0,0,0,2,0,0,0,0,0,0,0,0,0,0,0,0,0,0,0,0,0,0,0,0,0,0,0,0,1,0,1,0,0,1,0,0,0,0,0,0,0,0,0,0,0,0,1,1,0,0,0,0,0,0,0,0
56 - Λασιθίου,47 E.T. Δήμου Αγίου Νικολάου,297,198,2,0,2,196,84,6,1,5,62,29,19,1,3,1,43,25,2,4,8,5,1,1,0,3,2,0,0,1,0,0,1,8,7,0,0,0,0,0,2,0,1,1,1,0,0,0,0,4,3,1,1,1,0,0,0,0,0,0,0,0,0,0,0,0,0,1,0,3,2,1,2,2,2,0,0,0,2,1,0,0,0,0,6,5
56 - Λασιθίου,48 E.T. Δήμου Αγίου Νικολάου,312,185,4,1,5,180,107,13,4,6,79,30,20,2,4,0,20,14,2,2,0,2,0,0,0,2,4,2,1,2,0,0,0,0,0,0,0,0,0,0,1,0,1,0,0,0,0,0,0,5,0,3,0,0,0,0,0,0,3,3,0,0,0,0,0,0,0,0,0,0,0,0,1,1,0,0,0,0,2,0,1,0,0,0,2,1
56 - Λασιθίου,49 E.T. Δήμου Αγίου Νικολάου,123,84,2,0,2,82,12,3,0,5,0,26,22,0,0,0,35,29,0,1,0,1,0,0,0,0,0,0,0,0,0,0,0,3,3,1,0,0,0,0,1,1,0,0,0,0,0,0,0,0,0,0,0,0,0,0,0,0,0,0,0,0,0,0,0,0,0,0,0,0,0,0,0,0,1,1,0,0,0,0,0,0,0,0,2,1
56 - Λασιθίου,50 E.T. Δήμου Αγίου Νικολάου,201,104,4,1,5,99,50,4,2,1,40,11,5,0,3,0,28,19,0,4,4,2,0,0,0,1,1,1,0,1,1,0,0,0,0,0,0,0,0,0,0,0,0,0,0,1,0,0,0,0,0,0,1,1,0,0,0,0,0,0,0,0,0,0,0,0,0,0,0,1,0,0,0,0,1,0,1,0,0,0,0,0,0,0,1,1
56 - Λασιθίου,51 E.T. Δήμου Αγίου Νικολάου,322,207,4,1,5,202,90,11,2,3,68,40,18,5,4,4,43,24,1,0,11,3,1,0,0,0,6,3,1,2,0,0,1,1,1,0,0,0,0,0,0,0,0,4,3,0,0,0,0,0,0,0,0,0,0,0,0,0,0,0,0,0,0,3,1,0,2,0,0,1,1,0,0,0,0,0,1,0,2,2,0,0,0,0,6,5
56 - Λασιθίου,52 E.T. Δήμου Αγίου Νικολάου,96,67,2,0,2,65,18,0,1,0,16,16,5,1,2,0,18,11,3,0,1,1,0,0,0,1,0,0,0,1,0,0,1,0,0,1,1,0,0,0,1,1,0,0,0,0,0,0,0,1,0,1,0,0,0,0,0,0,0,0,0,0,0,0,0,0,0,0,0,0,0,0,0,0,0,0,0,0,1,1,1,0,0,0,6,3
56 - Λασιθίου,53 E.T. Δήμου Αγίου Νικολάου,291,192,6,1,7,185,61,5,4,1,46,28,13,4,4,0,64,39,5,5,3,8,0,0,0,5,4,2,1,6,3,1,0,1,1,0,0,0,0,0,0,0,0,2,1,0,0,0,0,4,4,0,0,0,0,0,0,0,0,0,0,0,0,2,0,0,1,0,0,0,0,0,1,1,0,0,0,0,0,0,0,0,0,0,4,1
56 - Λασιθίου,54 E.T. Δήμου Αγίου Νικολάου,206,115,2,0,2,113,38,2,0,1,35,15,9,0,2,3,24,12,11,1,0,7,1,3,1,2,4,0,1,4,0,0,2,1,1,4,3,0,0,0,1,0,1,0,0,0,0,0,0,7,3,4,0,0,0,0,0,0,1,1,0,0,0,0,0,0,0,0,0,4,0,3,0,0,1,1,0,0,1,0,0,0,0,0,1,0
56 - Λασιθίου,55 E.T. Δήμου Αγίου Νικολάου,483,309,0,0,0,309,114,13,10,6,77,81,41,6,18,4,42,29,4,2,3,19,2,4,5,5,8,4,4,6,4,0,0,22,22,0,0,0,0,0,0,0,0,0,0,0,0,0,0,1,0,1,0,0,0,0,0,0,3,0,0,3,0,0,0,0,0,2,0,3,0,1,0,0,0,0,1,1,0,0,0,0,0,0,7,5
56 - Λασιθίου,56 E.T. Δήμου Αγίου Νικολάου,474,314,6,2,8,306,115,23,7,6,70,73,36,9,18,7,39,24,2,0,8,6,2,0,1,0,7,3,4,6,2,0,1,36,34,0,0,0,0,0,0,0,0,2,2,1,1,0,0,1,0,0,0,0,0,0,0,0,0,0,0,0,0,0,0,0,0,0,0,10,4,6,0,0,1,1,1,0,0,0,0,0,0,0,8,5
56 - Λασιθίου,57 E.T. Δήμου Αγίου Νικολάου,278,180,3,0,3,177,64,9,4,1,45,58,29,7,8,3,13,11,1,0,0,8,0,2,0,0,7,1,1,9,3,0,4,5,4,0,0,0,1,0,0,0,0,1,1,0,0,0,0,3,0,1,0,0,0,0,0,0,0,0,0,0,0,0,0,0,0,2,0,2,0,0,0,0,0,0,1,0,1,0,0,0,0,0,2,1
56 - Λασιθίου,58 E.T. Δήμου Ιεράπετρας,527,353,6,1,7,346,128,8,1,49,61,73,3,60,3,0,54,6,3,1,41,22,1,14,2,0,5,1,4,10,4,0,2,6,6,0,0,0,1,1,2,1,1,5,3,7,0,4,0,1,1,0,0,0,0,0,2,1,1,0,0,0,0,3,1,0,1,0,0,6,4,2,0,0,1,1,1,0,2,2,0,0,0,0,16,12
56 - Λασιθίου,59 E.T. Δήμου Ιεράπετρας,519,314,5,1,6,308,113,3,3,43,58,61,0,53,2,1,67,4,5,0,51,19,1,6,1,4,8,3,3,7,3,0,3,3,3,1,0,1,1,1,0,0,0,2,2,1,0,1,0,3,0,0,0,0,0,0,0,0,0,0,0,0,0,1,0,0,1,1,0,4,2,1,0,0,1,1,0,0,3,3,0,0,0,0,12,9
56 - Λασιθίου,60 E.T. Δήμου Ιεράπετρας,523,338,11,3,14,324,140,3,4,61,65,46,3,32,6,2,55,7,5,0,41,27,2,17,2,1,2,0,2,7,4,1,2,9,9,0,0,0,0,0,1,0,1,1,1,5,0,5,0,13,5,5,0,0,0,0,1,0,1,1,0,0,0,0,0,0,0,0,0,0,0,0,1,0,0,0,0,0,6,5,2,1,0,0,7,3
56 - Λασιθίου,61 E.T. Δήμου Ιεράπετρας,535,321,9,1,10,311,120,1,0,42,71,50,3,43,0,1,64,7,7,1,45,21,0,14,0,0,9,1,3,16,5,2,6,0,0,1,0,1,0,0,0,0,0,1,0,2,0,2,0,1,1,0,2,1,0,0,0,0,1,1,0,0,0,1,0,0,1,1,1,4,0,2,0,0,0,0,1,1,5,4,1,1,0,0,10,9
56 - Λασιθίου,62 E.T. Δήμου Ιεράπετρας,531,358,12,3,15,343,132,3,1,57,63,51,1,44,5,1,61,2,4,0,50,29,2,20,0,2,11,3,7,6,1,2,1,5,5,0,0,0,0,0,0,0,0,3,1,8,1,7,0,9,2,5,1,1,0,0,1,1,4,2,0,0,2,0,0,0,0,1,0,7,4,2,1,1,0,0,2,0,5,4,0,0,0,0,6,5
56 - Λασιθίου,63 E.T. Δήμου Ιεράπετρας,522,317,8,3,11,306,132,2,2,28,87,56,5,42,2,1,53,5,0,4,36,7,0,6,0,0,8,2,5,10,2,1,5,2,2,0,0,0,2,2,1,0,0,2,1,4,0,2,1,12,8,1,1,0,0,0,1,1,0,0,0,0,0,0,0,0,0,0,0,3,2,0,0,0,3,2,1,0,0,0,0,0,0,0,8,4
56 - Λασιθίου,64 E.T. Δήμου Ιεράπετρας,522,375,4,0,4,371,142,5,2,46,79,81,7,67,3,0,78,1,6,0,59,19,2,10,1,1,6,0,3,15,4,1,6,3,1,0,0,0,0,0,1,0,0,2,1,1,0,0,0,2,1,1,0,0,0,0,0,0,2,0,0,0,2,0,0,0,0,0,0,4,0,1,0,0,2,2,1,1,4,2,0,0,0,0,8,6
56 - Λασιθίου,65 E.T. Δήμου Ιεράπετρας,540,328,7,2,9,319,131,4,4,38,82,54,9,38,4,0,46,2,1,0,35,26,0,20,1,1,9,4,4,12,6,1,2,4,4,0,0,0,1,1,1,0,1,2,0,5,0,3,2,7,3,3,1,1,0,0,0,0,1,0,0,0,0,0,0,0,0,0,0,3,2,1,0,0,0,0,0,0,4,4,2,1,0,0,10,8
56 - Λασιθίου,66 E.T. Δήμου Ιεράπετρας,533,318,11,3,14,304,90,2,1,35,43,63,6,43,3,0,66,3,2,3,52,26,1,14,3,0,6,1,2,8,3,0,2,2,2,0,0,0,3,1,0,0,0,0,0,11,2,7,0,8,0,6,0,0,0,0,1,1,0,0,0,0,0,0,0,0,0,0,0,4,2,0,0,0,0,0,0,0,6,3,0,0,0,0,10,6
56 - Λασιθίου,67 E.T. Δήμου Ιεράπετρας,517,301,6,2,8,293,103,3,4,27,59,62,2,47,9,2,58,6,2,1,49,22,2,14,0,1,8,2,6,14,4,1,7,0,0,0,0,0,2,2,0,0,0,2,1,1,1,0,0,4,1,2,0,0,0,0,0,0,0,0,0,0,0,0,0,0,0,1,0,2,1,1,0,0,1,1,2,1,4,1,1,1,0,0,6,2
56 - Λασιθίου,68 E.T. Δήμου Ιεράπετρας,536,331,2,4,6,325,132,5,3,50,66,57,3,41,3,2,44,3,1,0,34,16,1,8,1,2,11,3,6,16,5,1,2,6,6,0,0,0,1,1,1,0,1,3,1,6,1,5,0,6,1,2,0,0,0,0,0,0,0,0,0,0,0,0,0,0,0,0,0,4,1,1,1,0,1,0,1,0,1,1,0,0,0,0,18,5
56 - Λασιθίου,69 E.T. Δήμου Ιεράπετρας,527,330,10,3,13,317,99,0,3,40,53,69,7,54,4,2,75,9,3,2,55,16,1,12,0,0,9,3,5,9,6,1,1,2,2,2,1,0,7,6,2,1,0,0,0,2,1,1,0,9,2,6,0,0,0,0,0,0,0,0,0,0,0,0,0,0,0,2,2,0,0,0,0,0,5,4,0,0,3,2,1,1,0,0,5,3
56 - Λασιθίου,70 E.T. Δήμου Ιεράπετρας,526,295,15,2,17,278,104,4,2,39,56,62,4,43,4,3,42,6,0,0,32,15,1,9,1,0,14,5,7,15,10,0,3,2,2,0,0,0,0,0,0,0,0,1,0,2,0,2,0,5,3,2,1,1,0,0,0,0,1,0,0,1,0,0,0,0,0,0,0,6,2,2,0,0,1,0,0,0,1,1,0,0,0,0,6,5
56 - Λασιθίου,71 E.T. Δήμου Ιεράπετρας,517,298,10,2,12,286,120,0,0,34,67,61,2,50,5,1,57,6,5,1,38,11,2,4,0,2,5,0,2,7,3,0,3,1,1,0,0,0,0,0,0,0,0,0,0,4,1,3,0,3,0,1,0,0,0,0,0,0,0,0,0,0,0,1,0,0,0,2,2,1,0,0,0,0,1,0,1,1,4,4,1,0,0,0,6,6
56 - Λασιθίου,72 E.T. Δήμου Ιεράπετρας,527,357,6,2,8,349,138,3,1,47,73,71,8,47,11,1,69,8,7,2,45,19,2,13,1,0,6,1,5,9,5,0,2,3,3,1,1,0,1,1,0,0,0,1,1,6,0,6,0,3,2,1,1,1,0,0,0,0,1,1,0,0,0,1,0,0,1,0,0,3,2,1,0,0,4,4,0,0,2,1,0,0,0,0,10,5
56 - Λασιθίου,73 E.T. Δήμου Ιεράπετρας,551,349,6,2,8,341,125,3,4,51,61,70,6,53,2,1,70,4,8,2,54,19,1,13,1,0,14,4,6,10,5,2,1,2,2,0,0,0,0,0,0,0,0,1,1,6,3,1,2,2,1,1,2,2,0,0,0,0,1,0,0,0,1,1,0,0,1,3,3,1,1,0,0,0,0,0,1,1,2,0,0,0,0,0,11,6
56 - Λασιθίου,74 E.T. Δήμου Ιεράπετρας,512,293,2,0,2,291,122,2,1,38,75,48,4,27,6,2,59,5,2,0,47,16,1,11,0,2,6,2,3,11,6,1,3,2,0,1,0,0,2,2,0,0,0,3,3,2,0,2,0,4,1,2,0,0,0,0,0,0,1,1,0,0,0,0,0,0,0,0,0,2,1,1,1,0,0,0,0,0,3,3,0,0,0,0,8,4
56 - Λασιθίου,75 E.T. Δήμου Ιεράπετρας,521,357,9,1,10,347,142,2,6,38,88,70,7,48,7,2,61,6,3,0,49,20,3,11,1,0,6,1,4,10,3,2,4,7,6,0,0,0,0,0,0,0,0,5,4,4,0,3,0,3,1,1,0,0,1,1,0,0,0,0,0,0,0,2,0,0,2,0,0,7,2,2,2,1,1,0,0,0,1,1,0,0,0,0,5,3
56 - Λασιθίου,76 E.T. Δήμου Ιεράπετρας,521,321,9,0,9,312,133,1,3,40,84,64,6,46,8,2,44,3,5,1,31,14,1,11,0,0,4,1,3,9,3,1,3,5,5,1,0,0,2,2,2,1,0,2,1,5,0,4,1,4,1,2,0,0,0,0,1,1,1,0,0,0,1,1,1,0,0,2,2,4,2,1,0,0,1,1,0,0,5,3,0,0,0,0,8,3
56 - Λασιθίου,77 E.T. Δήμου Ιεράπετρας,518,311,11,3,14,297,108,1,1,39,59,54,4,39,4,0,44,1,2,3,29,23,0,17,0,0,6,3,2,7,1,0,3,5,4,0,0,0,0,0,1,1,0,2,0,3,0,2,0,8,5,2,0,0,0,0,0,0,2,0,0,0,1,0,0,0,0,0,0,9,2,5,0,0,3,3,2,0,7,3,0,0,0,0,13,5
56 - Λασιθίου,78 E.T. Δήμου Ιεράπετρας,505,329,13,7,20,309,118,0,4,39,75,65,2,60,3,0,54,1,5,0,41,17,2,12,0,0,5,2,3,9,2,0,4,9,9,0,0,0,0,0,2,1,1,1,1,2,0,1,0,13,9,2,0,0,0,0,0,0,1,1,0,0,0,0,0,0,0,0,0,4,2,2,1,1,1,1,0,0,3,3,1,1,0,0,3,2
56 - Λασιθίου,79 E.T. Δήμου Ιεράπετρας,419,314,6,0,6,308,130,2,2,31,84,44,5,32,4,1,55,4,6,2,37,12,0,9,0,1,13,3,6,6,0,1,4,10,8,0,0,0,0,0,0,0,0,0,0,3,1,1,1,5,2,3,1,1,2,1,0,0,2,0,1,0,0,2,1,0,0,1,1,2,0,1,0,0,2,2,1,1,3,3,2,0,0,0,12,7
56 - Λασιθίου,80 E.T. Δήμου Ιεράπετρας,272,196,5,0,5,191,67,2,0,15,47,53,0,49,3,0,32,2,4,1,24,7,0,4,0,0,3,0,3,1,0,0,0,1,1,0,0,0,1,1,0,0,0,2,2,1,0,0,0,5,2,2,0,0,0,0,0,0,1,0,0,1,0,1,0,0,1,1,1,12,8,2,0,0,0,0,0,0,0,0,0,0,0,0,3,3
56 - Λασιθίου,81 E.T. Δήμου Ιεράπετρας,372,276,1,0,1,275,106,2,0,22,73,49,6,32,6,2,75,2,3,1,56,6,0,3,0,0,15,3,9,2,0,0,1,6,4,0,0,0,0,0,0,0,0,1,1,1,0,0,1,6,1,0,0,0,0,0,0,0,3,1,0,1,1,0,0,0,0,1,1,0,0,0,0,0,0,0,0,0,2,1,0,0,0,0,2,0
56 - Λασιθίου,82 E.T. Δήμου Ιεράπετρας,370,244,5,2,7,237,107,1,2,30,69,48,5,38,3,0,55,4,2,1,38,6,0,5,0,0,5,0,5,1,0,0,0,3,2,0,0,0,1,0,0,0,0,3,3,1,0,1,0,1,1,0,0,0,0,0,0,0,1,0,1,0,0,0,0,0,0,0,0,3,0,3,0,0,0,0,0,0,1,0,0,0,0,0,1,1
56 - Λασιθίου,83 E.T. Δήμου Ιεράπετρας,575,404,6,1,7,397,161,8,3,46,101,71,10,50,4,0,94,13,1,0,73,13,2,5,0,1,10,2,7,4,2,0,1,8,6,0,0,0,2,1,0,0,0,4,4,1,0,1,0,9,1,8,1,1,0,0,0,0,0,0,0,0,0,0,0,0,0,3,3,4,2,1,0,0,2,2,0,0,3,1,0,0,0,0,7,4
56 - Λασιθίου,84 E.T. Δήμου Ιεράπετρας,458,299,10,1,11,288,115,5,1,20,82,43,2,38,0,1,67,4,3,1,50,9,1,4,0,2,6,0,6,11,5,0,3,4,4,0,0,0,1,1,1,0,1,3,2,3,0,3,0,2,1,1,0,0,0,0,0,0,0,0,0,0,0,3,0,1,1,0,0,3,0,1,0,0,0,0,1,1,4,2,1,0,0,0,11,9
56 - Λασιθίου,85 E.T. Δήμου Ιεράπετρας,466,333,9,0,9,324,133,3,5,26,90,37,4,27,2,1,89,4,3,0,79,10,2,7,0,1,11,4,6,11,9,1,1,4,4,3,1,0,1,1,2,1,0,1,1,3,0,3,0,1,0,0,0,0,0,0,0,0,0,0,0,0,0,0,0,0,0,2,1,6,2,3,1,0,2,2,0,0,0,0,0,0,0,0,7,4
56 - Λασιθίου,86 E.T. Δήμου Ιεράπετρας,449,290,9,1,10,280,79,2,1,19,55,71,4,57,4,3,77,13,7,2,50,13,1,9,1,0,2,0,2,8,6,1,0,7,7,1,0,1,0,0,0,0,0,0,0,9,0,9,0,2,2,0,0,0,0,0,0,0,4,1,1,2,0,0,0,0,0,1,1,1,0,1,0,0,1,0,0,0,0,0,0,0,0,0,4,4
56 - Λασιθίου,87 E.T. Δήμου Ιεράπετρας,434,227,3,1,4,223,76,1,2,21,47,48,5,35,4,3,52,3,0,0,41,14,0,11,1,0,5,0,4,2,0,0,1,3,3,0,0,0,0,0,0,0,0,1,1,4,0,3,0,2,1,1,0,0,0,0,0,0,5,0,1,1,3,0,0,0,0,0,0,4,0,2,1,0,1,1,0,0,1,1,1,1,0,0,3,2
56 - Λασιθίου,88 E.T. Δήμου Ιεράπετρας,106,50,0,0,0,50,6,0,0,1,4,11,0,7,2,0,29,0,0,0,28,0,0,0,0,0,0,0,0,2,0,0,0,0,0,0,0,0,0,0,0,0,0,0,0,0,0,0,0,1,0,1,1,1,0,0,0,0,0,0,0,0,0,0,0,0,0,0,0,0,0,0,0,0,0,0,0,0,0,0,0,0,0,0,0,0
56 - Λασιθίου,89 E.T. Δήμου Ιεράπετρας,658,414,7,1,8,406,141,1,1,26,110,85,11,49,12,5,79,16,14,1,40,54,10,34,6,2,9,1,4,5,1,0,4,2,2,1,0,1,2,1,2,2,0,1,0,0,0,0,0,2,2,0,0,0,0,0,0,0,0,0,0,0,0,0,0,0,0,3,2,3,0,2,0,0,8,8,1,1,1,1,3,3,0,0,4,4
56 - Λασιθίου,90 E.T. Δήμου Ιεράπετρας,677,383,2,2,4,379,119,1,4,21,80,94,11,75,3,0,114,26,3,2,73,7,0,5,1,0,10,0,9,4,2,1,1,4,3,0,0,0,0,0,1,0,0,1,0,1,0,1,0,4,1,2,1,0,0,0,0,0,0,0,0,0,0,2,0,0,0,1,1,7,1,4,0,0,0,0,1,0,2,2,0,0,0,0,6,2
56 - Λασιθίου,91 E.T. Δήμου Ιεράπετρας,410,275,5,1,6,269,119,2,0,29,81,50,11,30,4,1,38,3,0,0,27,17,0,16,0,0,10,4,6,4,0,0,2,5,5,1,1,0,1,1,0,0,0,0,0,2,0,2,0,4,0,2,0,0,0,0,0,0,3,0,0,0,2,1,0,0,1,1,1,3,1,2,0,0,2,1,0,0,3,1,2,0,0,0,3,1
56 - Λασιθίου,92 E.T. Δήμου Ιεράπετρας,412,260,6,3,9,251,102,5,4,16,76,53,10,36,3,2,41,0,1,0,29,17,0,13,1,2,5,3,2,5,2,0,3,6,6,1,0,0,2,2,0,0,0,0,0,1,1,0,0,6,3,3,1,1,0,0,0,0,0,0,0,0,0,0,0,0,0,0,0,3,1,1,1,1,1,1,0,0,3,3,0,0,0,0,3,1
56 - Λασιθίου,93 E.T. Δήμου Ιεράπετρας,422,282,7,0,7,275,146,4,2,20,114,37,3,31,1,1,41,7,0,1,28,13,0,12,1,0,6,0,3,8,2,0,4,4,4,0,0,0,0,0,0,0,0,1,0,1,0,1,0,5,2,2,1,1,0,0,0,0,1,1,0,0,0,0,0,0,0,0,0,2,1,0,0,0,2,1,1,0,1,1,0,0,0,0,5,2
56 - Λασιθίου,94 E.T. Δήμου Ιεράπετρας,211,159,2,1,3,156,65,5,1,19,40,18,5,10,3,0,35,3,3,0,25,7,0,6,0,0,4,0,2,3,1,0,0,2,2,0,0,0,2,2,1,0,0,0,0,2,0,1,0,3,2,1,1,1,0,0,0,0,3,0,3,0,0,0,0,0,0,1,1,4,3,0,0,0,3,3,0,0,2,2,0,0,0,0,0,0
56 - Λασιθίου,95 E.T. Δήμου Ιεράπετρας,451,227,6,5,11,216,79,4,1,11,62,25,4,17,1,2,71,12,0,1,51,6,0,4,0,0,4,1,2,3,2,0,1,3,3,0,0,0,1,0,0,0,0,3,2,3,0,3,0,4,2,1,0,0,0,0,1,1,0,0,0,0,0,1,0,0,0,1,0,5,1,1,0,0,1,1,0,0,1,1,0,0,0,0,4,3
56 - Λασιθίου,96 E.T. Δήμου Ιεράπετρας,176,95,2,0,2,93,24,1,3,2,11,19,7,3,3,0,24,5,0,1,16,5,0,4,0,0,2,1,0,0,0,0,0,2,1,0,0,0,0,0,0,0,0,1,1,1,0,0,0,5,2,3,0,0,0,0,0,0,3,1,0,0,0,0,0,0,0,0,0,1,0,0,1,1,4,3,0,0,0,0,0,0,0,0,1,1
56 - Λασιθίου,97 E.T. Δήμου Ιεράπετρας,93,47,1,0,1,46,16,1,0,1,13,5,4,1,0,0,20,2,1,0,16,0,0,0,0,0,2,1,1,1,0,0,1,0,0,0,0,0,0,0,0,0,0,0,0,2,0,2,0,0,0,0,0,0,0,0,0,0,0,0,0,0,0,0,0,0,0,0,0,0,0,0,0,0,0,0,0,0,0,0,0,0,0,0,0,0
56 - Λασιθίου,98 E.T. Δήμου Ιεράπετρας,135,59,1,0,1,58,21,0,0,0,18,13,3,10,0,0,17,0,0,0,16,3,0,1,0,1,0,0,0,1,0,0,0,0,0,0,0,0,0,0,1,0,0,0,0,0,0,0,0,0,0,0,0,0,0,0,0,0,0,0,0,0,0,1,0,0,0,0,0,1,0,0,0,0,0,0,0,0,0,0,0,0,0,0,0,0
56 - Λασιθίου,99 E.T. Δήμου Ιεράπετρας,399,262,6,1,7,255,152,1,1,29,117,31,0,28,2,0,39,1,0,1,35,5,0,3,1,1,7,2,3,3,1,0,0,4,3,0,0,0,0,0,1,0,0,1,1,2,1,1,0,1,0,1,0,0,0,0,0,0,1,0,1,0,0,0,0,0,0,0,0,2,1,1,0,0,0,0,0,0,0,0,0,0,0,0,6,0
56 - Λασιθίου,100 E.T. Δήμου Ιεράπετρας,466,302,4,0,4,298,110,2,1,15,91,51,8,36,2,1,79,0,2,0,76,13,0,12,0,0,8,1,6,10,6,2,2,2,2,1,0,1,0,0,0,0,0,1,1,2,0,2,0,1,0,1,0,0,1,1,0,0,0,0,0,0,0,0,0,0,0,0,0,3,0,1,1,0,5,4,0,0,3,0,3,1,0,0,4,4
56 - Λασιθίου,101 E.T. Δήμου Ιεράπετρας,699,497,13,1,14,483,172,2,3,10,142,109,22,70,8,2,114,35,10,0,54,13,0,10,0,0,11,6,4,18,9,1,2,6,6,3,0,2,0,0,3,1,1,4,2,2,0,2,0,1,0,1,0,0,0,0,0,0,1,0,1,0,0,2,1,0,1,2,2,2,1,0,0,0,4,2,0,0,4,2,1,0,0,0,11,8
56 - Λασιθίου,102 E.T. Δήμου Ιεράπετρας,137,92,1,0,1,91,25,0,0,3,22,13,2,8,1,0,43,1,0,0,42,1,0,1,0,0,1,0,0,1,0,0,0,0,0,0,0,0,0,0,0,0,0,0,0,2,0,2,0,3,1,0,0,0,0,0,0,0,0,0,0,0,0,0,0,0,0,0,0,0,0,0,0,0,0,0,0,0,0,0,0,0,0,0,2,1
56 - Λασιθίου,103 E.T. Δήμου Ιεράπετρας,342,172,3,0,3,169,66,4,0,12,46,18,3,11,2,2,58,1,1,3,48,6,0,6,0,0,1,0,0,4,1,0,2,0,0,0,0,0,0,0,0,0,0,0,0,6,0,6,0,1,1,0,0,0,0,0,1,0,0,0,0,0,0,0,0,0,0,1,1,0,0,0,0,0,1,0,0,0,1,1,2,2,0,0,3,1
56 - Λασιθίου,104 E.T. Δήμου Ιεράπετρας,402,234,5,3,8,226,88,2,1,6,75,36,5,21,9,0,48,6,20,0,16,5,0,1,3,1,16,3,6,1,1,0,0,3,3,1,0,0,0,0,0,0,0,2,2,1,0,0,1,2,1,1,1,0,0,0,0,0,0,0,0,0,0,1,0,0,1,1,1,2,1,0,1,0,2,1,0,0,1,1,1,1,0,0,13,9
56 - Λασιθίου,105 E.T. Δήμου Ιεράπετρας,380,226,10,0,10,216,95,3,4,5,78,22,2,17,2,0,52,7,12,3,25,4,0,1,2,0,11,3,2,8,1,1,4,3,3,0,0,0,0,0,0,0,0,1,1,1,0,1,0,1,0,1,0,0,0,0,0,0,0,0,0,0,0,1,0,0,1,4,2,0,0,0,0,0,2,2,1,0,3,0,1,0,0,0,6,3
56 - Λασιθίου,106 E.T. Δήμου Ιεράπετρας,388,236,7,2,9,227,98,2,7,7,78,31,3,19,5,1,30,3,1,1,16,14,0,8,0,0,11,1,6,5,3,1,0,5,5,1,0,1,0,0,0,0,0,0,0,4,0,4,0,13,6,4,0,0,0,0,0,0,2,2,0,0,0,0,0,0,0,0,0,3,2,0,1,0,3,0,0,0,0,0,1,0,0,0,5,1
56 - Λασιθίου,107 E.T. Δήμου Ιεράπετρας,496,317,8,2,10,307,114,4,3,15,85,49,6,22,15,1,75,5,23,4,31,9,2,1,2,3,10,4,4,3,0,0,1,8,6,0,0,0,0,0,2,1,0,0,0,6,4,0,0,3,0,3,1,0,0,0,1,0,0,0,0,0,0,0,0,0,0,2,0,2,1,0,0,0,3,1,0,0,4,3,1,1,0,0,14,6
56 - Λασιθίου,108 E.T. Δήμου Ιεράπετρας,487,325,8,0,8,317,115,5,4,19,82,45,2,27,11,1,82,4,18,4,47,18,2,5,1,4,7,3,2,14,1,6,3,5,4,0,0,0,0,0,0,0,0,3,3,1,1,0,0,3,2,0,0,0,0,0,1,1,0,0,0,0,0,2,0,0,1,1,0,1,1,0,0,0,2,2,2,1,3,2,0,0,0,0,12,10
56 - Λασιθίου,109 E.T. Δήμου Ιεράπετρας,483,314,7,1,8,306,130,0,3,10,109,41,6,27,5,1,75,4,9,1,53,12,1,7,0,0,7,2,3,9,1,1,4,2,1,0,0,0,0,0,1,1,0,4,0,3,0,3,0,4,0,3,0,0,0,0,0,0,1,0,0,1,0,2,0,1,0,1,1,2,1,1,0,0,3,2,1,1,5,3,0,0,0,0,3,3
56 - Λασιθίου,110 E.T. Δήμου Οροπεδίου Λασιθίου,259,150,2,0,2,148,56,2,1,4,45,15,1,1,6,2,68,5,8,39,8,3,2,0,0,0,0,0,0,1,0,0,0,0,0,0,0,0,0,0,1,0,0,1,1,0,0,0,0,2,1,1,0,0,0,0,0,0,0,0,0,0,0,0,0,0,0,1,0,0,0,0,0,0,0,0,0,0,0,0,0,0,0,0,0,0
56 - Λασιθίου,111 E.T. Δήμου Οροπεδίου Λασιθίου,596,365,7,0,7,358,149,5,8,1,127,44,13,3,16,3,137,26,10,52,28,4,2,0,0,0,3,1,0,7,2,2,2,2,2,0,0,0,0,0,2,0,1,0,0,1,0,0,0,3,0,1,2,2,0,0,0,0,0,0,0,0,0,1,0,0,0,2,2,0,0,0,0,0,0,0,0,0,1,1,0,0,0,0,0,0
56 - Λασιθίου,112 E.T. Δήμου Οροπεδίου Λασιθίου,159,89,0,1,1,88,32,1,2,0,18,12,8,2,0,0,26,7,0,6,10,4,3,0,0,0,6,1,4,2,0,0,1,0,0,0,0,0,0,0,1,0,1,0,0,0,0,0,0,1,0,0,0,0,0,0,0,0,0,0,0,0,0,2,0,0,1,0,0,0,0,0,0,0,0,0,0,0,0,0,0,0,0,0,2,1
56 - Λασιθίου,113 E.T. Δήμου Οροπεδίου Λασιθίου,332,224,7,1,8,216,73,4,1,4,61,19,6,1,7,1,113,25,8,46,20,4,3,0,1,0,1,0,1,1,0,0,0,1,1,0,0,0,0,0,0,0,0,0,0,0,0,0,0,2,1,1,0,0,0,0,0,0,0,0,0,0,0,0,0,0,0,0,0,0,0,0,0,0,0,0,0,0,0,0,1,0,0,0,1,1
56 - Λασιθίου,114 E.T. Δήμου Οροπεδίου Λασιθίου,181,97,4,1,5,92,36,1,6,1,23,16,7,1,2,0,31,0,0,0,0,1,1,0,0,0,1,1,0,2,0,1,0,0,0,0,0,0,0,0,0,0,0,0,0,1,0,0,0,2,1,0,0,0,0,0,0,0,0,0,0,0,0,0,0,0,0,0,0,2,0,1,0,0,0,0,0,0,0,0,0,0,0,0,0,0
56 - Λασιθίου,115 E.T. Δήμου Οροπεδίου Λασιθίου,107,72,1,1,2,70,26,1,2,0,21,13,5,0,4,1,17,4,0,6,2,3,3,0,0,0,1,0,1,2,1,0,0,0,0,0,0,0,0,0,0,0,0,0,0,0,0,0,0,5,4,0,0,0,0,0,0,0,0,0,0,0,0,0,0,0,0,0,0,1,1,0,0,0,1,1,0,0,0,0,0,0,0,0,1,0
56 - Λασιθίου,116 E.T. Δήμου Οροπεδίου Λασιθίου,95,55,0,0,0,55,10,1,1,0,7,5,2,0,2,1,18,1,0,14,1,14,14,0,0,0,2,0,1,3,0,2,1,0,0,0,0,0,0,0,1,0,0,0,0,0,0,0,0,0,0,0,0,0,0,0,0,0,0,0,0,0,0,0,0,0,0,0,0,0,0,0,0,0,0,0,0,0,0,0,0,0,0,0,2,1
56 - Λασιθίου,117 E.T. Δήμου Οροπεδίου Λασιθίου,193,98,0,1,1,97,21,0,4,0,15,13,10,2,1,0,17,9,1,6,0,36,35,1,0,0,0,0,0,2,0,0,1,0,0,0,0,0,0,0,0,0,0,1,1,0,0,0,0,0,0,0,2,2,0,0,0,0,1,0,0,0,0,1,1,0,0,0,0,0,0,0,0,0,0,0,0,0,1,1,0,0,0,0,2,2
56 - Λασιθίου,118 E.T. Δήμου Οροπεδίου Λασιθίου,265,146,3,0,3,143,45,1,3,2,32,21,5,2,10,0,52,8,1,23,12,5,2,1,1,1,2,0,0,3,2,1,0,1,1,1,0,1,0,0,0,0,0,0,0,0,0,0,0,2,0,2,0,0,0,0,0,0,1,0,1,0,0,2,0,0,1,1,1,2,0,0,0,0,0,0,0,0,2,1,0,0,0,0,3,3
56 - Λασιθίου,119 E.T. Δήμου Οροπεδίου Λασιθίου,672,453,16,2,18,435,153,0,8,7,112,70,21,10,12,7,155,27,2,96,16,31,24,3,0,2,3,0,2,5,0,0,1,6,6,1,0,0,0,0,0,0,0,0,0,1,0,0,1,1,0,1,0,0,0,0,0,0,0,0,0,0,0,1,0,0,1,0,0,2,1,1,0,0,0,0,1,0,4,3,0,0,0,0,1,0
56 - Λασιθίου,120 E.T. Δήμου Οροπεδίου Λασιθίου,325,230,4,0,4,226,64,5,3,7,47,24,12,3,5,0,123,25,25,53,13,1,0,0,0,0,2,1,0,4,0,0,0,0,0,0,0,0,0,0,0,0,0,1,1,2,1,0,1,1,0,1,0,0,0,0,0,0,0,0,0,0,0,0,0,0,0,2,1,1,1,0,0,0,0,0,0,0,0,0,0,0,0,0,1,0
56 - Λασιθίου,121 E.T. Δήμου Σητείας,544,370,7,1,8,362,185,3,4,4,160,43,2,5,26,1,60,0,50,1,2,16,0,0,9,0,5,2,2,12,0,10,1,1,0,0,0,0,0,0,0,0,0,4,3,3,3,0,0,11,3,7,2,0,0,0,1,0,0,0,0,0,0,1,1,0,0,0,0,4,2,2,0,0,0,0,0,0,4,1,0,0,0,0,10,7
56 - Λασιθίου,122 E.T. Δήμου Σητείας,540,350,9,3,12,338,129,3,4,0,113,56,6,3,41,0,60,1,48,0,5,17,0,1,12,0,12,5,3,14,0,9,2,2,2,1,1,0,0,0,1,0,0,2,2,4,3,0,0,7,2,2,0,0,1,1,0,0,1,0,1,0,0,1,0,0,1,5,4,2,0,0,0,0,2,1,2,1,3,1,3,1,0,0,13,11
56 - Λασιθίου,123 E.T. Δήμου Σητείας,556,341,6,1,7,334,142,0,1,1,127,73,8,9,46,1,54,2,45,0,2,15,0,1,11,1,4,2,1,13,0,9,2,1,1,0,0,0,0,0,0,0,0,3,2,3,1,0,1,4,1,2,0,0,0,0,0,0,5,3,0,1,0,1,0,0,0,0,0,0,0,0,1,1,1,0,3,0,3,2,0,0,0,0,8,5
56 - Λασιθίου,124 E.T. Δήμου Σητείας,542,332,9,0,9,323,136,5,0,1,120,56,8,2,35,4,60,2,47,2,5,10,0,1,6,0,12,5,3,10,0,8,1,0,0,0,0,0,0,0,2,1,1,4,3,1,1,0,0,6,2,2,0,0,0,0,0,0,2,2,0,0,0,3,1,1,0,1,0,1,0,0,0,0,1,1,0,0,5,3,0,0,0,0,13,6
56 - Λασιθίου,125 E.T. Δήμου Σητείας,556,353,5,5,10,343,131,4,0,1,121,75,5,1,59,0,63,1,53,0,3,15,0,1,13,1,10,6,2,9,1,7,1,3,3,1,0,1,0,0,1,1,0,0,0,4,2,0,1,5,1,4,0,0,1,1,0,0,1,0,0,0,0,0,0,0,0,3,3,3,1,0,0,0,2,2,0,0,2,1,2,2,0,0,12,9
56 - Λασιθίου,126 E.T. Δήμου Σητείας,542,332,17,2,19,313,130,1,4,2,113,63,6,5,47,0,58,0,39,0,7,21,1,3,15,0,2,1,0,14,0,12,0,2,1,1,0,1,0,0,1,0,1,2,2,1,1,0,0,8,3,3,0,0,0,0,0,0,1,0,0,1,0,0,0,0,0,1,1,1,1,0,0,0,0,0,0,0,3,2,0,0,0,0,4,2
56 - Λασιθίου,127 E.T. Δήμου Σητείας,547,330,3,5,8,322,129,1,1,4,115,57,6,3,38,1,74,1,57,0,5,10,0,1,7,0,9,5,2,16,0,12,0,2,2,0,0,0,0,0,1,0,0,1,1,4,1,1,1,5,1,4,4,3,0,0,0,0,1,1,0,0,0,1,0,0,0,1,0,2,0,1,0,0,0,0,0,0,2,1,0,0,0,0,3,1
56 - Λασιθίου,128 E.T. Δήμου Σητείας,549,339,7,3,10,329,144,7,2,0,126,56,5,3,44,1,50,1,40,1,2,19,0,1,14,0,8,5,1,12,0,7,2,4,3,1,1,0,1,1,0,0,0,4,3,2,1,0,1,13,3,7,0,0,0,0,0,0,0,0,0,0,0,0,0,0,0,0,0,1,0,0,2,0,0,0,1,1,5,5,0,0,0,0,6,4
56 - Λασιθίου,129 E.T. Δήμου Σητείας,540,314,1,4,5,309,129,3,0,5,116,53,8,4,34,0,60,0,44,1,8,19,0,0,15,0,9,3,3,11,1,7,0,2,2,0,0,0,0,0,1,1,0,1,1,1,1,0,0,4,1,2,0,0,0,0,0,0,0,0,0,0,0,3,0,1,0,2,0,5,1,2,0,0,0,0,0,0,1,1,1,1,0,0,7,5
56 - Λασιθίου,130 E.T. Δήμου Σητείας,560,366,8,1,9,357,144,3,2,1,132,66,6,4,48,1,56,1,40,1,6,17,1,0,12,1,14,5,7,18,1,10,2,2,2,0,0,0,2,2,2,0,1,1,1,1,0,0,0,9,3,5,0,0,0,0,0,0,3,0,0,3,0,0,0,0,0,0,0,3,2,0,0,0,0,0,2,2,1,1,0,0,0,0,16,16
56 - Λασιθίου,131 E.T. Δήμου Σητείας,547,323,12,3,15,308,116,0,5,1,105,56,6,2,39,0,69,1,54,0,4,13,1,1,8,0,6,2,3,16,0,12,2,1,0,0,0,0,0,0,2,0,0,2,2,1,1,0,0,8,1,7,1,1,0,0,0,0,1,0,0,0,1,1,0,0,0,3,3,3,1,1,0,0,0,0,1,0,1,1,1,1,0,0,6,2
56 - Λασιθίου,132 E.T. Δήμου Σητείας,559,366,21,1,22,344,142,0,0,1,132,69,10,5,44,1,62,1,50,0,5,15,0,0,13,0,11,4,2,20,0,9,1,1,1,0,0,0,0,0,0,0,0,1,1,0,0,0,0,3,1,2,0,0,0,0,0,0,1,1,0,0,0,1,0,1,0,0,0,4,0,0,0,0,1,1,1,0,5,4,3,1,0,0,4,2
56 - Λασιθίου,133 E.T. Δήμου Σητείας,566,380,6,2,8,372,146,2,2,2,128,65,3,7,42,1,87,6,63,3,7,21,0,1,13,3,6,2,1,17,2,10,2,3,3,0,0,0,0,0,1,1,0,1,1,2,0,1,1,6,1,3,0,0,0,0,0,0,1,0,0,0,1,2,0,2,0,2,0,3,2,0,0,0,0,0,1,1,1,0,1,1,0,0,6,2
56 - Λασιθίου,134 E.T. Δήμου Σητείας,524,341,4,3,7,334,135,1,1,1,125,61,3,3,49,0,63,2,48,0,8,13,1,0,7,0,7,4,1,13,1,9,1,3,3,0,0,0,0,0,1,0,0,3,3,4,2,0,0,3,2,1,2,2,0,0,0,0,0,0,0,0,0,2,1,1,0,2,2,4,1,1,0,0,3,3,1,0,6,0,1,0,0,0,7,7
56 - Λασιθίου,135 E.T. Δήμου Σητείας,197,115,3,0,3,112,40,0,0,0,38,17,1,2,9,0,40,0,34,1,0,2,0,0,2,0,3,1,1,4,0,2,0,0,0,0,0,0,0,0,0,0,0,2,2,1,1,0,0,0,0,0,1,1,0,0,0,0,1,0,0,1,0,0,0,0,0,1,0,0,0,0,0,0,0,0,0,0,0,0,0,0,0,0,0,0
56 - Λασιθίου,136 E.T. Δήμου Σητείας,327,201,4,0,4,197,65,0,0,0,58,28,2,2,16,0,68,2,50,1,9,7,0,0,4,0,5,2,2,6,2,1,1,1,1,0,0,0,0,0,1,0,1,0,0,0,0,0,0,2,0,2,0,0,0,0,0,0,0,0,0,0,0,0,0,0,0,1,1,3,1,0,0,0,2,2,0,0,1,0,1,1,0,0,6,0
56 - Λασιθίου,137 E.T. Δήμου Σητείας,314,202,3,2,5,197,84,0,8,1,72,36,4,4,23,0,43,2,35,0,1,10,0,2,4,1,2,1,0,6,1,3,0,5,4,0,0,0,0,0,0,0,0,0,0,1,0,0,0,0,0,0,0,0,1,1,2,2,2,0,1,0,0,1,1,0,0,1,1,1,1,0,0,0,0,0,0,0,0,0,0,0,0,0,2,1
56 - Λασιθίου,138 E.T. Δήμου Σητείας,162,102,2,1,3,99,33,0,0,0,32,21,3,1,17,0,33,0,31,2,0,2,0,0,0,0,1,0,0,3,0,3,0,0,0,0,0,0,0,0,1,0,0,0,0,2,0,2,0,1,1,0,0,0,0,0,0,0,0,0,0,0,0,0,0,0,0,0,0,0,0,0,0,0,1,1,0,0,0,0,0,0,0,0,1,0
56 - Λασιθίου,139 E.T. Δήμου Σητείας,221,139,2,1,3,136,72,2,0,3,59,16,2,1,10,0,29,0,27,0,2,7,0,0,3,0,0,0,0,4,1,1,1,0,0,0,0,0,0,0,0,0,0,0,0,1,1,0,0,0,0,0,0,0,0,0,0,0,0,0,0,0,0,1,0,0,0,1,1,1,0,1,1,0,0,0,0,0,2,1,0,0,0,0,1,1
56 - Λασιθίου,140 E.T. Δήμου Σητείας,141,64,1,1,2,62,16,0,0,1,15,23,3,0,20,0,12,0,9,0,2,1,1,0,0,0,2,0,2,6,0,2,0,0,0,0,0,0,0,0,0,0,0,0,0,0,0,0,0,1,1,0,0,0,0,0,0,0,0,0,0,0,0,1,0,0,0,0,0,0,0,0,0,0,0,0,0,0,0,0,0,0,0,0,0,0
56 - Λασιθίου,141 E.T. Δήμου Σητείας,249,151,7,2,9,142,67,7,1,0,55,14,2,1,6,0,22,2,20,0,0,12,0,2,8,0,6,3,1,6,0,6,0,1,0,0,0,0,0,0,2,0,2,0,0,2,1,1,0,1,1,0,0,0,0,0,0,0,1,1,0,0,0,0,0,0,0,1,1,0,0,0,0,0,0,0,1,1,1,0,0,0,0,0,5,2
56 - Λασιθίου,142 E.T. Δήμου Σητείας,282,181,3,4,7,174,45,0,3,3,34,30,4,0,21,0,51,4,35,3,2,13,1,6,4,0,1,1,0,9,3,6,0,5,5,0,0,0,1,1,1,1,0,0,0,1,1,0,0,5,0,5,0,0,0,0,0,0,1,0,0,0,0,1,0,0,0,1,0,2,1,1,0,0,1,1,1,0,2,1,1,1,0,0,2,1
56 - Λασιθίου,143 E.T. Δήμου Σητείας,174,119,4,0,4,115,38,2,0,0,35,31,3,1,23,1,28,2,19,0,1,1,0,0,0,0,7,0,2,5,1,2,0,1,1,0,0,0,0,0,1,0,0,1,1,0,0,0,0,0,0,0,0,0,0,0,0,0,0,0,0,0,0,0,0,0,0,0,0,0,0,0,0,0,0,0,1,1,0,0,0,0,0,0,1,0
56 - Λασιθίου,144 E.T. Δήμου Σητείας,409,252,2,0,2,250,94,3,0,0,87,44,3,5,25,2,55,1,46,0,2,17,1,1,12,0,7,4,3,5,0,3,1,0,0,0,0,0,0,0,2,0,2,1,1,1,0,0,1,5,0,5,1,1,0,0,0,0,4,1,0,1,1,2,2,0,0,0,0,1,0,0,0,0,0,0,1,1,2,1,0,0,0,0,8,6
56 - Λασιθίου,145 E.T. Δήμου Σητείας,409,274,4,3,7,267,114,9,0,1,100,45,2,1,34,6,56,2,43,0,4,6,0,0,5,1,9,6,1,11,2,8,1,3,2,0,0,0,0,0,2,0,1,0,0,0,0,0,0,2,2,0,0,0,0,0,0,0,2,2,0,0,0,1,1,0,0,1,1,0,0,0,1,1,1,1,1,1,1,1,1,1,0,0,10,10
56 - Λασιθίου,146 E.T. Δήμου Σητείας,90,55,4,1,5,50,21,1,0,0,20,3,0,1,1,0,13,0,13,0,0,1,0,0,1,0,1,0,1,2,0,1,0,2,1,1,0,1,0,0,0,0,0,0,0,0,0,0,0,2,0,2,0,0,0,0,0,0,0,0,0,0,0,0,0,0,0,0,0,0,0,0,0,0,0,0,0,0,3,3,0,0,0,0,1,1
56 - Λασιθίου,147 E.T. Δήμου Σητείας,220,146,4,0,4,142,60,0,1,2,55,16,6,2,5,1,33,3,23,0,2,3,0,0,3,0,5,1,4,11,0,11,0,0,0,0,0,0,0,0,0,0,0,0,0,2,1,0,0,2,0,1,2,0,0,0,0,0,0,0,0,0,0,0,0,0,0,0,0,1,0,1,0,0,1,0,1,0,0,0,1,0,0,0,4,2
56 - Λασιθίου,148 E.T. Δήμου Σητείας,477,286,4,2,6,280,143,3,2,2,129,52,6,3,41,2,59,4,46,1,8,5,1,0,4,0,7,1,5,3,1,1,0,3,2,0,0,0,0,0,0,0,0,0,0,1,1,0,0,1,0,0,0,0,0,0,0,0,0,0,0,0,0,0,0,0,0,0,0,0,0,0,0,0,0,0,0,0,2,0,1,0,0,0,3,2
56 - Λασιθίου,149 E.T. Δήμου Σητείας,467,266,7,1,8,258,138,2,1,4,121,34,1,1,28,0,59,1,45,1,5,3,0,1,2,0,8,4,4,4,1,3,0,1,1,0,0,0,0,0,0,0,0,0,0,1,1,0,0,4,0,3,0,0,0,0,0,0,1,0,1,0,0,0,0,0,0,0,0,1,0,0,1,1,0,0,0,0,1,0,0,0,0,0,2,1
56 - Λασιθίου,150 E.T. Δήμου Σητείας,248,138,1,2,3,135,73,3,0,0,64,8,1,0,5,0,33,0,28,0,0,5,0,0,5,0,1,1,0,4,4,0,0,0,0,0,0,0,0,0,0,0,0,0,0,1,0,1,0,1,1,0,1,1,0,0,0,0,0,0,0,0,0,1,1,0,0,2,2,0,0,0,0,0,0,0,0,0,0,0,1,1,0,0,4,4
56 - Λασιθίου,151 E.T. Δήμου Σητείας,426,254,5,5,10,244,86,2,8,4,69,60,14,5,30,1,42,2,33,0,3,15,0,5,4,0,3,2,1,18,1,7,4,6,5,0,0,0,0,0,0,0,0,1,1,1,0,0,0,2,1,1,1,0,0,0,0,0,1,0,1,0,0,0,0,0,0,0,0,1,0,0,0,0,0,0,2,1,4,3,0,0,0,0,1,1
56 - Λασιθίου,152 E.T. Δήμου Σητείας,384,247,1,1,2,245,76,0,1,4,65,52,8,3,25,3,81,10,52,1,15,6,0,2,1,0,4,2,0,17,5,3,1,2,1,0,0,0,0,0,0,0,0,1,1,0,0,0,0,1,0,0,0,0,0,0,0,0,1,0,0,1,0,0,0,0,0,0,0,1,0,0,0,0,0,0,1,0,1,0,0,0,0,0,1,1
56 - Λασιθίου,153 E.T. Δήμου Σητείας,393,233,9,2,11,222,91,4,0,0,82,51,2,4,36,4,42,0,32,0,8,4,0,2,2,0,4,1,3,12,1,6,3,1,0,0,0,0,0,0,0,0,0,4,1,0,0,0,0,0,0,0,0,0,0,0,0,0,4,0,0,3,1,0,0,0,0,2,2,2,1,0,2,1,0,0,0,0,1,1,0,0,0,0,2,2
56 - Λασιθίου,154 E.T. Δήμου Σητείας,372,228,1,0,1,227,98,0,2,5,80,44,1,10,30,0,40,2,35,0,3,4,1,0,3,0,11,7,3,5,0,3,1,2,2,0,0,0,0,0,0,0,0,0,0,3,3,0,0,8,1,7,0,0,0,0,0,0,0,0,0,0,0,1,0,0,1,1,1,2,0,1,0,0,3,2,2,2,2,2,0,0,0,0,1,0
56 - Λασιθίου,155 E.T. Δήμου Σητείας,76,45,4,0,4,41,20,0,1,0,19,1,0,0,1,0,14,1,8,0,4,2,0,1,1,0,0,0,0,1,0,0,0,1,1,0,0,0,0,0,0,0,0,0,0,0,0,0,0,0,0,0,0,0,0,0,0,0,0,0,0,0,0,0,0,0,0,0,0,0,0,0,0,0,0,0,0,0,0,0,0,0,0,0,2,2
56 - Λασιθίου,156 E.T. Δήμου Σητείας,489,293,7,0,7,286,103,5,3,6,78,36,4,6,20,2,72,1,37,3,21,9,3,1,3,0,7,2,2,10,2,0,3,7,4,0,0,0,0,0,2,0,1,4,1,1,1,0,0,5,0,3,2,1,0,0,0,0,2,0,0,0,1,2,1,0,0,1,0,2,0,0,0,0,6,5,1,0,2,2,1,1,0,0,11,4
56 - Λασιθίου,157 E.T. Δήμου Σητείας,138,81,3,1,4,77,30,1,0,2,23,13,2,3,8,0,23,3,12,0,6,1,1,0,0,0,1,0,1,0,0,0,0,2,2,0,0,0,0,0,0,0,0,0,0,0,0,0,0,3,1,0,0,0,0,0,0,0,0,0,0,0,0,3,0,0,1,0,0,0,0,0,0,0,1,1,0,0,0,0,0,0,0,0,0,0
56 - Λασιθίου,158 E.T. Δήμου Σητείας,463,286,7,2,9,277,113,1,3,0,108,26,2,2,21,0,87,3,71,0,7,16,0,0,14,1,7,3,2,5,1,2,1,2,2,0,0,0,0,0,0,0,0,0,0,3,1,1,0,2,1,0,2,1,1,1,0,0,2,1,0,0,1,2,0,0,0,1,1,2,2,0,0,0,0,0,1,1,1,1,0,0,0,0,4,2
56 - Λασιθίου,159 E.T. Δήμου Σητείας,473,302,7,3,10,292,91,0,2,0,88,52,6,8,30,3,85,4,75,1,3,11,1,0,5,1,18,11,3,3,0,2,0,3,3,1,0,1,0,0,0,0,0,1,1,5,3,1,1,4,1,2,0,0,0,0,0,0,8,1,1,5,1,3,0,1,0,0,0,3,2,0,0,0,1,0,0,0,1,1,0,0,0,0,2,1
56 - Λασιθίου,160 E.T. Δήμου Σητείας,455,301,9,2,11,290,105,2,3,3,91,46,6,4,30,2,88,6,70,0,7,13,2,0,10,0,4,2,0,6,0,5,0,1,0,1,0,0,0,0,1,1,0,1,1,1,0,0,1,5,1,3,0,0,0,0,0,0,6,0,0,4,1,1,0,1,0,0,0,4,1,2,0,0,0,0,1,1,1,0,1,1,0,0,4,4
56 - Λασιθίου,161 E.T. Δήμου Σητείας,407,257,3,3,6,251,111,3,7,1,98,35,3,4,26,1,64,4,53,1,3,8,0,2,4,0,6,2,2,6,0,5,1,2,2,0,0,0,0,0,0,0,0,0,0,1,1,0,0,2,1,1,0,0,0,0,1,1,1,1,0,0,0,3,0,0,3,0,0,0,0,0,0,0,1,1,0,0,2,1,1,1,0,0,7,7
56 - Λασιθίου,162 E.T. Δήμου Σητείας,376,229,5,4,9,220,104,7,0,0,94,27,2,1,23,0,55,2,42,0,4,6,0,0,4,0,1,1,0,4,1,3,0,3,1,1,0,0,1,1,0,0,0,1,1,0,0,0,0,1,0,1,0,0,0,0,1,1,1,0,0,1,0,3,1,2,0,0,0,0,0,0,0,0,4,4,0,0,1,1,1,1,0,0,5,5
56 - Λασιθίου,163 E.T. Δήμου Σητείας,147,73,0,0,0,73,13,0,0,2,11,20,2,1,16,1,29,0,29,0,0,2,0,1,0,0,3,0,3,2,0,2,0,1,1,0,0,0,0,0,0,0,0,0,0,0,0,0,0,0,0,0,0,0,0,0,0,0,1,0,0,1,0,0,0,0,0,0,0,0,0,0,0,0,0,0,0,0,0,0,0,0,0,0,2,1
56 - Λασιθίου,164 E.T. Δήμου Σητείας,610,355,7,2,9,346,171,2,10,5,141,34,5,6,18,0,94,3,81,0,5,9,2,0,5,1,8,4,1,3,1,1,1,0,0,0,0,0,1,1,1,0,1,2,2,1,1,0,0,5,1,2,0,0,0,0,0,0,1,0,0,1,0,1,1,0,0,0,0,2,0,1,0,0,0,0,1,0,3,2,1,0,0,0,8,6
56 - Λασιθίου,165 E.T. Δήμου Σητείας,165,106,4,0,4,102,41,0,0,1,40,11,1,4,3,0,42,3,30,0,6,3,0,0,1,0,1,0,0,1,0,1,0,1,1,0,0,0,0,0,0,0,0,0,0,0,0,0,0,1,1,0,0,0,0,0,0,0,0,0,0,0,0,0,0,0,0,0,0,0,0,0,0,0,0,0,0,0,0,0,0,0,0,0,1,1
56 - Λασιθίου,166 E.T. Δήμου Σητείας,334,237,4,1,5,232,91,2,2,3,76,26,3,3,15,1,88,3,66,0,9,4,1,3,0,0,3,1,2,2,0,1,0,0,0,0,0,0,0,0,1,0,0,1,0,2,1,0,0,1,0,1,0,0,0,0,0,0,0,0,0,0,0,0,0,0,0,1,0,4,2,0,0,0,0,0,0,0,1,0,0,0,0,0,7,5
56 - Λασιθίου,167 E.T. Δήμου Σητείας,360,229,17,4,21,208,106,0,1,2,100,37,3,2,25,4,47,0,28,1,8,3,0,0,1,1,2,1,0,3,0,2,0,2,2,0,0,0,0,0,1,0,1,0,0,1,0,0,0,1,0,0,0,0,0,0,0,0,0,0,0,0,0,1,0,0,1,1,0,1,1,0,0,0,0,0,0,0,0,0,0,0,0,0,2,0
56 - Λασιθίου,168 E.T. Δήμου Σητείας,257,148,8,1,9,139,55,2,0,0,53,23,1,4,18,0,46,0,40,0,3,3,0,0,3,0,1,0,0,0,0,0,0,1,1,0,0,0,0,0,1,0,0,0,0,1,1,0,0,5,1,4,0,0,0,0,0,0,0,0,0,0,0,0,0,0,0,0,0,0,0,0,0,0,1,1,0,0,0,0,1,0,0,0,1,1
56 - Λασιθίου,169 E.T. Δήμου Σητείας,308,164,1,0,1,163,69,1,1,0,63,25,6,1,14,1,46,6,27,1,5,5,0,0,4,0,2,0,0,2,0,1,0,0,0,0,0,0,0,0,3,0,2,2,2,0,0,0,0,1,1,0,0,0,0,0,0,0,0,0,0,0,0,0,0,0,0,3,2,0,0,0,1,0,0,0,0,0,2,1,0,0,0,0,2,2
56 - Λασιθίου,Ετερ. Λασιθίου (από Εφετείο Θεσσαλονίκης),77,54,0,0,0,54,23,1,2,0,17,14,6,1,3,1,7,2,0,0,3,4,0,0,0,1,0,0,0,2,0,1,1,0,0,0,0,0,0,0,0,0,0,1,1,2,0,0,0,0,0,0,0,0,0,0,0,0,0,0,0,0,0,0,0,0,0,0,0,1,0,1,0,0,0,0,0,0,0,0,0,0,0,0,0,0
56 - Λασιθίου,Ετερ. Λασιθίου (από 117ο Ε.Τ. Νομ. Αττικης-Αθηνών),375,282,0,0,0,282,114,4,4,10,79,72,19,17,23,6,39,10,7,5,13,16,2,4,5,2,2,2,0,12,4,2,2,1,1,0,0,0,0,0,1,0,1,1,1,4,1,0,1,8,4,3,0,0,0,0,0,0,0,0,0,0,0,1,0,0,0,0,0,3,1,1,1,1,1,1,0,0,0,0,0,0,0,0,6,4
56 - Λασιθίου,Ετερ. Λασιθίου (από 118ο Ε.Τ. Νομ. Αττικης-Αθηνών),365,271,0,2,2,269,107,3,8,6,80,58,12,11,15,0,50,9,14,3,16,20,0,8,1,4,0,0,0,8,2,1,3,0,0,0,0,0,0,0,2,1,1,1,1,2,1,0,0,8,5,1,0,0,0,0,0,0,0,0,0,0,0,1,0,0,1,0,0,2,1,0,0,0,1,1,0,0,0,0,0,0,0,0,9,3
56 - Λασιθίου,Ετερ. Λασιθίου (από 119ο Ε.Τ. Νομ. Αττικης-Αθηνών),371,275,2,0,2,273,113,4,2,7,84,76,16,11,24,2,42,11,15,6,4,15,3,5,2,1,6,2,2,11,1,5,1,1,1,0,0,0,0,0,1,0,1,2,2,0,0,0,0,1,1,0,0,0,0,0,0,0,1,1,0,0,0,1,0,0,1,0,0,1,1,0,0,0,1,1,0,0,0,0,0,0,0,0,1,0
56 - Λασιθίου,Ετερ. Λασιθίου (από 19ο Ε.Τ. Νομ. Αττικης-Πειραιώς),84,60,1,0,1,59,24,2,2,1,18,9,1,5,1,1,10,2,3,0,1,11,2,1,3,0,0,0,0,0,0,0,0,0,0,0,0,0,0,0,0,0,0,1,1,0,0,0,0,0,0,0,0,0,0,0,0,0,0,0,0,0,0,0,0,0,0,0,0,0,0,0,0,0,1,1,0,0,0,0,0,0,0,0,3,3
56 - Λασιθίου,Ετερ. Λασιθίου (από Εφετείο Ανατολικής Κρήτης),42,36,1,1,2,34,10,3,0,1,6,9,0,2,5,0,8,3,0,1,3,2,0,0,0,1,2,2,0,0,0,0,0,0,0,0,0,0,0,0,0,0,0,0,0,0,0,0,0,0,0,0,0,0,0,0,0,0,0,0,0,0,0,0,0,0,0,0,0,1,1,0,0,0,0,0,1,0,0,0,0,0,0,0,1,0
56 - Λασιθίου,Ε.Τ. ΚΑΤΑΣΤΗΜΑΤΟΣ ΚΡΑΤΗΣΗΣ ΝΕΑΠΟΛΗΣ,42,40,2,0,2,38,11,1,0,0,10,19,3,2,3,5,4,1,1,0,0,0,0,0,0,0,3,1,2,0,0,0,0,0,0,0,0,0,0,0,0,0,0,0,0,0,0,0,0,0,0,0,0,0,0,0,0,0,0,0,0,0,0,0,0,0,0,0,0,0,0,0,0,0,0,0,0,0,0,0,0,0,0,0,1,1
Σύνολο,,69256,44336,1053,270,1323,43013,17197,818,855,1661,12632,7637,2299,2296,1881,279,9239,2392,2449,581,2753,2014,248,638,368,284,1013,306,445,1163,264,308,264,571,493,76,33,19,52,40,132,48,41,211,148,326,80,144,27,692,241,308,74,53,14,10,28,18,250,68,45,94,21,113,20,13,36,120,80,406,143,131,40,19,164,117,85,44,358,204,77,45,0,0,961,592
