ΠΕΡΙΦΕΡΕΙΑ,ΕΚΛΟΓΙΚΟ ΤΜΗΜΑ,ΕΓΓΕΓΡΑΜΜΕΝΟΙ,ΨΗΦΙΣΑΝΤΕΣ,ΑΚΥΡΑ,ΛΕΥΚΑ,ΑΚΥΡΑ & ΛΕΥΚΑ,ΕΓΚΥΡΑ,Νέα Δημοκρατία,ΑΘΑΝΑΣΙΟΥ ΧΑΡΑΛΑΜΠΟΣ του Χριστόφα,ΒΑΤΗ ΑΦΡΟΔΙΤΗ-ΝΤΑΪΑΝΑ του Δημητρίου,ΜΕΛΑΤΟΥ ΦΩΤΕΙΝΗ του Δημητρίου,ΠΙΠΙΝΗΣ ΙΑΣΩΝΑΣ του Παναγιώτη,ΧΑΤΖΗΚΟΜΝΗΝΟΣ ΑΡΙΣΤΕΙΔΗΣ (ΑΡΗΣ) του Γεωργίου,ΣΥΡΙΖΑ,ΒΑΣΙΛΑ ΜΥΡΣΙΝΗ του Βασιλείου,ΜΑΝΤΖΑΒΕΛΑΣ ΑΝΤΩΝΙΟΣ του Λεωνίδα,ΜΟΙΡΑΣΓΕΝΤΗΣ ΔΗΜΗΤΡΙΟΣ του Ευστράτιου,ΜΠΟΥΡΝΟΥΣ ΙΩΑΝΝΗΣ του Δημητρίου,ΝΙΚΟΛΑΡΑ ΜΑΡΙΑ του Εμμανουήλ,ΠΑΣΟΚ-Κίνημα Αλλαγής,ΜΑΜΑΚΟΣ ΜΙΧΑΗΛ (ΜΙΧΑΛΗΣ) του Γεωργίου,ΠΑΡΑΣΚΕΥΑΪΔΗΣ ΠΑΝΑΓΙΩΤΗΣ του Χαριλάου,ΠΕΤΡΕΛΛΗΣ ΓΕΩΡΓΙΟΣ του Ιωάννη,ΤΟΥΦΟΥ ΜΑΓΔΑΛΗΝΗ του Στυλιανού,ΧΟΧΛΑΚΑ ΒΑΣΙΛΙΚΗ (ΒΑΣΩ) του Θεοδώρου,Κ.Κ.Ε.,ΖΑΦΕΙΡΙΟΥ ΙΩΑΝΝΗΣ του Παναγιώτη,ΚΟΜΝΗΝΑΚΑ ΜΑΡΙΑ του Αποστόλου,ΜΑΝΤΑΤΗΣ ΣΤΑΥΡΟΣ του Ιγνατίου,ΠΛΑΝΤΖΟΣ ΣΠΥΡΙΔΩΝ του Νικολάου,ΤΣΙΡΙΓΩΤΗ ΝΙΚΗ του Μιχαήλ,Ελληνική Λύση - Κ. Βελόπουλος,ΔΗΜΗΤΡΑΝΤΖΟΥ ΡΟΖΑΝΑ του Κωνσταντίνου,ΚΑΝΙΩΡΟΣ ΚΩΝΣΤΑΝΤΙΝΟΣ του Σπυρίδωνος,ΚΑΡΥΟΦΥΛΛΑΚΗ ΜΑΓΔΑΛΗΝΗ του Ιορδάνη,ΜΠΟΥΡΑΝΤΑΝΗΣ ΘΕΟΔΩΡΟΣ ΑΝΔΡΕΑΣ του Σταύρου,ΠΑΠΑΓΙΑΝΝΗΣ ΑΘΑΝΑΣΙΟΣ του Άγγελου,ΜέΡΑ25-ΣΥΜΜΑΧΙΑ ΓΙΑ ΤΗ ΡΗΞΗ,ΖΕΡΔΕΛΗΣ ΙΩΑΝΝΗΣ του Χριστόφορου,ΜΑΝΤΖΑΡΗ ΕΥΣΤΑΘΙΑ (ΕΥΑ) του Δημητρίου,ΠΑΤΣΕΛΗΣ ΤΕΡΠΑΝΔΡΟΣ-ΒΑΣΙΛΕΙΟΣ (ΑΚΗΣ) του Παναγιώτη,ΕΝΩΝΩ ΣΥΜΜΑΧΙΑ ΕΛΕΥΘΕΡΙΑΣ,ΜΠΑΛΗ ΕΥΘΑΛΙΑ του Θεόδωρου,Κ.Κ.Ε. (μ-λ),ΓΙΑΝΝΟΥΛΗΣ ΕΥΣΤΡΑΤΙΟΣ του Δημητρίου,ΘΑΝΟΥ ΓΕΩΡΓΙΑ του Δημήτριου,Ο.Κ.Δ.Ε.,ΕΡΗΜΑΚΗ ΑΝΑΣΤΑΣΙΑ του Βλάσιου,ΑΝΤ.ΑΡ.ΣΥ.Α.,ΑΡΓΥΡΟΠΟΥΛΟΥ ΕΥΑΓΓΕΛΙΑ του Φωτίου,ΖΑΡΑΔΟΥΚΑ ΕΛΠΙΔΑ του Δημητρίου,ΜΑΝΑΒΗΣ ΝΙΚΟΛΑΟΣ του Αποστόλου,Κίνημα 21,ΚΑΠΠΗΣ ΧΡΗΣΤΟΣ του Σωκράτη,ΕΘΝΙΚΗ ΔΗΜΙΟΥΡΓΙΑ,ΒΑΧΤΣΑΒΑΝΗΣ ΧΑΡΑΛΑΜΠΟΣ του Μιχαήλ,ΛΗΜΝΑΙΟΥ ΠΟΛΥΞΕΝΗ του Κυριάκου,ΠΑΛΑΙΟΛΟΓΟΣ ΓΕΩΡΓΙΟΣ του Τιμολέοντος,ΝΙΚΗ,ΔΕΛΒΕΡΟΥΔΗ ΑΝΑΣΤΑΣΙΑ του Κομνηνού,ΠΑΛΗΟΣ ΔΗΜΗΤΡΙΟΣ του Μιχαήλ,ΣΑΜΑΡΑ ΜΑΡΘΑ του Γεωργίου,κοινωνία αξιών,ΛΑΣΚΑΡΗΣ ΒΑΣΙΛΕΙΟΣ του Αθανασίου,ΒΟΡΕΙΑ ΛΕΓΚΑ - ΚΡΑΜΑ,ΑΜΠΑΤΖΙΔΗΣ ΑΝΑΣΤΑΣΙΟΣ του Σάββα,ΖΙΜΒΡΑΓΟΥΔΑΚΗΣ ΑΘΑΝΑΣΙΟΣ του Δημητρίου,ΠΕΤΑΡΟΥΔΑ ΣΤΥΛΙΑΝΗ του Κωνσταντίνου,Ο.Α.Κ.Κ.Ε.,ΛΙΑΣΟΠΟΥΛΟΣ ΧΡΗΣΤΟΣ του Πέτρου,Μ-Λ Κ.Κ.Ε.,ΛΕΟΝΤΗ ΑΝΑΣΤΑΣΙΑ του Ιπποκράτη,Ελλήνων Συνέλευσις,ΕΛΕΥΘΕΡΑΚΗΣ ΝΙΚΟΛΑΟΣ του Κωνσταντίνου,ΛΑΚΚΑ ΝΙΚΟΛΕΤΤΑ του Αθανάσιου,ΝΑΘΑΝΑΗΛΙΔΗΣ ΝΙΚΟΛΑΟΣ του Γεωργίου,Ένωση Κεντρώων,ΜΠΙΓΓΟΣ ΧΡΙΣΤΟΦΟΡΟΣ του Κωνσταντίνου,ΣΚΑΡΑΚΑΚΗΣ ΣΤΥΛΙΑΝΟΣ (ΣΤΕΛΙΟΣ) του Κωνσταντίνου,ΣΥΚΗ ΠΑΝΑΓΙΩΤΑ του Γρηγορίου,ΤΩΡΑ ΟΛΟΙ ΜΑΖΙ (Τ.ΟΛ.ΜΑ),ΧΑΤΖΗΜΑΝΩΛΗ ΕΛΕΝΗ του Ευαγγέλου,ΣΥΜΜΑΧΙΑ ΑΝΑΤΡΟΠΗΣ,ΘΕΟΦΑΝΟΥΣ ΔΗΜΗΤΡΙΟΣ του Παναγιώτη,ΠΕΤΡΙΤΖΙΚΛΗ ΠΑΝΑΓΙΩΤΑ του Νικολάου,ΤΕΛΩΝΗ ΝΙΚΗ του Ευστρατίου,ΤΕΡΖΟΓΛΟΥ ΑΚΥΛΑΣ του Ηλία,ΧΛΙΜΠΟΣ ΠΑΝΑΓΙΩΤΗΣ του Μιχαήλ,ΠΝΟΗ ΔΗΜΟΚΡΑΤΙΑΣ,ΚΛΩΝΗ ΑΝΤΩΝΙΑ του Πάνου,ΠΡΑΣΙΝΟ ΚΙΝΗΜΑ,ΓΥΦΤΕΑΣ ΔΗΜΗΤΡΙΟΣ του Παναγιώτη,ΕΑΝ...,ΚΑΣΦΙΚΗΣ ΔΙΟΝΥΣΙΟΣ του Ελευθερίου,ΕΝΟΤΗΤΑ - ΑΛΗΘΕΙΑ ΕΝ.Α,ΚΑΒΟΥΡΑΣ ΔΗΜΗΤΡΙΟΣ του Ιγνατίου,Πλεύση Ελευθερίας - Ζωή Κωνστ.,ΦΡΑΝΤΖΗ ΜΑΡΙΑΝΘΗ του Χαραλάμπους
48 - Λέσβου,1 E.T. Δήμου Δυτικής Λέσβου,568,246,10,1,11,235,106,98,1,0,2,2,29,6,1,0,8,8,16,2,1,3,0,9,55,0,50,2,0,0,11,5,1,2,2,0,1,1,0,0,1,1,2,1,1,0,0,2,1,1,0,2,2,0,0,0,0,2,1,0,1,0,0,0,0,0,0,1,1,0,0,0,0,0,0,0,0,0,0,1,1,1,0,0,0,0,0,1,1,0,0,0,0,2,1,2,2
48 - Λέσβου,2 E.T. Δήμου Δυτικής Λέσβου,574,337,9,3,12,325,177,134,7,0,12,15,25,3,2,1,12,4,15,2,2,2,0,5,56,1,50,2,0,0,14,7,2,3,0,1,2,0,1,0,1,1,1,0,1,0,0,1,0,1,0,2,1,2,1,1,0,5,0,1,3,0,0,1,1,0,0,0,0,1,0,0,0,0,0,1,0,0,0,3,0,7,3,2,0,1,1,2,2,2,0,0,0,3,3,4,3
48 - Λέσβου,3 E.T. Δήμου Δυτικής Λέσβου,553,233,2,1,3,230,110,95,0,0,5,7,21,2,2,3,2,10,14,6,3,2,1,2,40,1,34,2,0,3,10,1,1,2,1,3,8,4,3,0,9,8,0,0,0,0,0,0,0,0,0,3,2,2,0,1,1,6,1,1,3,0,0,0,0,0,0,0,0,0,0,0,0,0,0,2,2,0,0,0,0,3,1,1,0,0,1,0,0,1,0,0,0,0,0,1,0
48 - Λέσβου,4 E.T. Δήμου Δυτικής Λέσβου,559,235,3,2,5,230,120,104,4,0,2,9,27,0,1,2,10,12,9,3,2,2,0,2,49,1,40,5,0,0,8,4,1,1,0,0,0,0,0,0,3,2,1,1,0,0,0,0,0,0,0,3,1,0,0,0,0,3,1,2,0,0,0,1,0,1,0,1,1,0,0,1,1,0,0,0,0,0,0,1,0,0,0,0,0,0,0,1,1,0,0,0,0,1,0,1,0
48 - Λέσβου,5 E.T. Δήμου Δυτικής Λέσβου,581,234,6,1,7,227,111,96,0,0,6,4,19,4,0,2,6,6,19,2,6,1,0,7,50,1,38,5,0,3,7,2,0,1,1,0,1,0,1,0,5,4,0,0,0,0,0,0,0,0,0,0,0,0,0,0,0,1,1,0,0,0,0,1,0,0,1,0,0,0,0,0,0,0,0,4,1,1,1,0,0,3,0,1,0,0,1,0,0,2,2,0,0,2,1,2,2
48 - Λέσβου,6 E.T. Δήμου Δυτικής Λέσβου,372,153,2,0,2,151,72,62,2,0,4,2,25,5,2,0,8,4,23,3,10,1,1,7,14,0,8,5,0,0,1,0,0,0,0,0,2,1,0,0,0,0,0,0,0,0,0,1,1,0,0,1,0,2,0,0,2,2,0,0,1,0,0,0,0,0,0,0,0,0,0,1,0,0,0,0,0,0,0,0,0,2,0,0,0,0,1,0,0,0,0,0,0,0,0,5,3
48 - Λέσβου,7 E.T. Δήμου Δυτικής Λέσβου,581,166,4,1,5,161,63,44,1,0,10,7,28,5,0,2,10,9,50,5,6,26,1,11,4,1,2,0,0,0,4,0,1,1,0,0,1,0,0,0,0,0,2,0,2,0,0,1,0,0,1,0,0,1,1,0,0,4,0,1,2,0,0,0,0,0,0,0,0,0,0,0,0,0,0,0,0,0,0,0,0,2,0,0,0,1,0,0,0,0,0,0,0,0,0,1,1
48 - Λέσβου,8 E.T. Δήμου Δυτικής Λέσβου,584,160,1,1,2,158,54,36,0,0,11,5,23,2,1,0,8,6,53,1,8,27,0,13,9,0,6,0,0,2,6,1,0,0,0,0,0,0,0,0,1,0,0,0,0,0,0,0,0,0,0,1,0,1,0,0,1,3,1,1,0,0,0,0,0,0,0,0,0,0,0,0,0,0,0,1,1,0,0,0,0,1,0,1,0,0,0,0,0,0,0,1,1,2,1,2,1
48 - Λέσβου,9 E.T. Δήμου Δυτικής Λέσβου,558,200,3,0,3,197,100,57,5,0,23,5,27,2,1,0,13,5,33,0,4,14,2,8,8,2,3,0,0,0,5,3,1,0,0,0,0,0,0,0,1,1,0,0,0,0,0,3,0,0,0,1,0,2,0,0,1,2,0,0,1,1,0,1,0,0,0,0,0,0,0,0,0,0,0,1,0,0,0,1,0,5,1,0,1,0,2,0,0,0,0,1,0,0,0,5,2
48 - Λέσβου,10 E.T. Δήμου Δυτικής Λέσβου,329,117,0,0,0,117,54,32,4,0,8,8,10,2,0,0,2,4,20,4,2,7,0,5,24,2,4,15,0,2,4,2,1,0,0,1,0,0,0,0,2,2,0,0,0,0,0,0,0,0,0,1,1,0,0,0,0,1,0,0,1,0,0,0,0,0,0,0,0,0,0,0,0,0,0,0,0,0,0,0,0,0,0,0,0,0,0,0,0,1,0,0,0,0,0,0,0
48 - Λέσβου,11 E.T. Δήμου Δυτικής Λέσβου,308,100,1,0,1,99,51,31,2,1,7,7,13,2,0,0,4,6,20,0,2,8,0,7,8,1,2,4,0,0,0,0,0,0,0,0,0,0,0,0,0,0,0,0,0,0,0,4,0,2,0,0,0,0,0,0,0,1,0,0,1,0,0,0,0,0,0,0,0,0,0,0,0,0,0,0,0,0,0,0,0,0,0,0,0,0,0,1,1,1,1,0,0,0,0,0,0
48 - Λέσβου,12 E.T. Δήμου Δυτικής Λέσβου,564,209,2,2,4,205,68,25,0,1,28,8,36,13,0,0,6,15,16,1,2,7,0,5,58,2,40,12,0,0,2,2,0,0,0,0,1,0,1,0,3,2,0,0,0,0,0,3,1,0,0,1,1,2,0,0,0,2,0,0,0,0,0,0,0,0,0,0,0,0,0,0,0,0,0,1,0,1,0,1,1,1,1,0,0,0,0,0,0,1,1,2,1,0,0,7,7
48 - Λέσβου,13 E.T. Δήμου Δυτικής Λέσβου,571,212,3,2,5,207,77,30,4,1,36,5,32,5,0,1,6,16,17,0,3,9,0,4,53,0,44,4,0,2,5,2,0,1,0,2,2,0,2,0,0,0,1,0,0,0,0,4,1,0,0,1,1,0,0,0,0,2,0,0,2,0,0,0,0,0,0,0,0,0,0,0,0,0,0,0,0,0,0,0,0,0,0,0,0,0,0,0,0,0,0,2,2,0,0,11,9
48 - Λέσβου,14 E.T. Δήμου Δυτικής Λέσβου,558,215,9,0,9,206,76,30,4,3,27,10,32,4,0,1,5,18,14,2,4,6,0,2,53,1,43,6,0,1,4,0,0,0,1,1,10,2,6,1,2,1,0,0,0,0,0,3,2,1,0,0,0,1,0,1,0,2,1,0,1,1,1,0,0,0,0,0,0,0,0,1,0,1,0,1,0,0,0,0,0,0,0,0,0,0,0,0,0,0,0,0,0,0,0,6,6
48 - Λέσβου,15 E.T. Δήμου Δυτικής Λέσβου,548,207,2,3,5,202,72,44,2,0,18,8,33,5,1,0,6,20,12,0,3,5,0,4,43,0,36,4,0,2,8,1,0,0,0,1,8,0,7,1,2,1,0,0,0,0,0,1,1,0,0,0,0,0,0,0,0,3,0,0,3,0,0,0,0,0,0,0,0,0,0,1,0,1,0,1,1,0,0,1,1,5,0,1,0,0,4,0,0,1,0,0,0,0,0,11,11
48 - Λέσβου,16 E.T. Δήμου Δυτικής Λέσβου,506,306,7,3,10,296,94,27,2,1,52,7,56,39,0,0,4,10,16,0,4,3,0,9,83,4,26,49,2,1,11,3,2,1,1,0,3,2,0,0,0,0,2,2,0,0,0,2,0,0,1,4,2,1,0,0,1,5,1,0,3,0,0,0,0,0,0,0,0,0,0,0,0,0,0,2,0,0,0,0,0,9,1,3,0,1,3,1,1,2,1,2,2,0,0,3,2
48 - Λέσβου,17 E.T. Δήμου Δυτικής Λέσβου,501,250,1,2,3,247,90,13,2,0,73,1,53,38,0,0,5,8,7,1,1,1,0,4,65,6,21,30,0,4,4,1,1,0,0,1,2,2,0,0,0,0,0,0,0,0,0,0,0,0,0,1,1,0,0,0,0,3,1,1,1,0,0,0,0,0,0,0,0,1,1,0,0,0,0,1,0,0,0,0,0,10,5,1,0,1,1,0,0,0,0,0,0,1,1,9,9
48 - Λέσβου,18 E.T. Δήμου Δυτικής Λέσβου,201,75,3,1,4,71,25,16,2,1,2,2,10,4,0,1,0,0,9,0,1,6,0,1,19,0,2,16,0,0,0,0,0,0,0,0,0,0,0,0,0,0,0,0,0,1,1,0,0,0,0,0,0,1,0,1,0,2,0,0,2,1,1,0,0,0,0,0,0,0,0,0,0,0,0,1,1,0,0,0,0,1,1,0,0,0,0,0,0,0,0,0,0,0,0,1,1
48 - Λέσβου,19 E.T. Δήμου Δυτικής Λέσβου,605,232,7,1,8,224,119,66,4,1,24,14,29,4,2,1,7,12,37,1,2,13,0,19,16,1,7,4,0,2,4,0,0,4,0,0,0,0,0,0,5,3,1,1,0,0,0,1,0,0,0,0,0,0,0,0,0,2,0,0,2,1,0,0,0,0,0,0,0,0,0,0,0,0,0,0,0,0,0,1,0,1,0,0,0,0,0,0,0,2,1,0,0,0,0,5,4
48 - Λέσβου,20 E.T. Δήμου Δυτικής Λέσβου,527,256,3,0,3,253,92,37,4,0,10,32,28,6,0,1,13,6,86,39,23,4,0,14,14,2,2,9,0,0,6,0,0,0,0,1,4,2,1,1,1,1,0,0,0,0,0,1,0,1,0,0,0,3,0,0,3,0,0,0,0,0,0,0,0,0,0,0,0,0,0,0,0,0,0,1,1,0,0,1,0,10,0,0,0,4,3,0,0,0,0,1,1,1,0,4,3
48 - Λέσβου,21 E.T. Δήμου Δυτικής Λέσβου,430,230,4,3,7,223,90,56,2,0,18,12,29,10,0,3,3,10,51,4,10,15,4,8,31,2,14,13,1,1,2,2,0,0,0,0,2,0,1,0,1,1,1,1,0,0,0,0,0,0,0,0,0,1,0,0,1,3,0,1,0,0,0,0,0,0,0,0,0,0,0,0,0,0,0,0,0,0,0,1,0,0,0,0,0,0,0,0,0,0,0,1,0,1,0,9,6
48 - Λέσβου,22 E.T. Δήμου Δυτικής Λέσβου,442,253,3,0,3,250,99,54,3,0,30,7,38,15,0,1,6,13,53,4,18,15,0,12,41,0,16,22,0,1,7,4,0,1,1,0,1,1,0,0,0,0,0,0,0,0,0,0,0,0,0,1,0,0,0,0,0,3,0,0,2,0,0,0,0,0,0,0,0,0,0,0,0,0,0,1,0,1,0,2,1,2,0,0,0,2,0,0,0,0,0,0,0,0,0,2,2
48 - Λέσβου,23 E.T. Δήμου Δυτικής Λέσβου,417,234,4,1,5,229,80,50,0,0,17,11,27,10,0,0,3,12,45,3,13,17,0,9,38,0,9,22,1,4,10,1,1,2,1,2,7,3,3,0,2,1,1,0,0,0,0,1,0,0,0,0,0,1,0,0,1,8,2,1,1,0,0,0,0,0,0,0,0,0,0,0,0,0,0,0,0,0,0,7,7,0,0,0,0,0,0,0,0,0,0,0,0,0,0,2,1
48 - Λέσβου,24 E.T. Δήμου Δυτικής Λέσβου,331,172,1,2,3,169,38,25,2,0,1,6,21,0,0,7,4,7,33,5,13,6,0,6,70,0,1,64,0,0,1,0,0,0,0,0,0,0,0,0,1,1,0,0,0,0,0,0,0,0,0,1,0,0,0,0,0,3,0,0,1,0,0,0,0,0,0,0,0,0,0,0,0,0,0,1,1,0,0,0,0,0,0,0,0,0,0,0,0,0,0,0,0,0,0,0,0
48 - Λέσβου,25 E.T. Δήμου Δυτικής Λέσβου,378,229,0,1,1,228,49,33,1,1,9,3,48,0,0,0,24,17,38,2,6,5,0,22,81,0,4,77,0,0,2,0,2,0,0,0,2,0,2,0,0,0,0,0,0,0,0,0,0,0,0,1,1,0,0,0,0,2,0,0,1,0,0,0,0,0,0,0,0,0,0,0,0,0,0,0,0,0,0,0,0,1,0,0,1,0,0,1,1,0,0,0,0,1,0,2,1
48 - Λέσβου,26 E.T. Δήμου Δυτικής Λέσβου,535,295,6,0,6,289,113,53,12,3,21,19,48,2,1,3,7,29,41,4,5,11,1,13,33,1,14,15,0,0,5,1,1,0,2,0,3,2,1,0,6,6,1,1,0,1,0,0,0,0,0,2,1,1,0,0,1,7,2,0,2,0,0,0,0,0,0,0,0,0,0,1,0,0,0,1,0,0,0,1,0,13,1,0,0,6,1,1,1,0,0,1,1,2,1,8,4
48 - Λέσβου,27 E.T. Δήμου Δυτικής Λέσβου,529,250,1,1,2,248,113,51,9,1,32,15,43,6,0,0,3,33,26,5,4,6,1,7,17,0,2,14,1,0,5,1,1,0,1,1,3,1,0,2,0,0,0,0,0,0,0,3,0,0,3,1,1,3,0,1,2,2,1,0,1,0,0,0,0,0,0,0,0,0,0,0,0,0,0,1,0,0,0,0,0,22,1,6,0,7,4,1,1,1,1,0,0,1,1,6,4
48 - Λέσβου,28 E.T. Δήμου Δυτικής Λέσβου,525,318,7,1,8,310,130,54,12,2,30,16,54,1,1,3,8,36,28,0,5,6,0,13,36,0,7,26,0,1,6,0,3,1,0,0,11,1,3,1,3,1,0,0,0,0,0,0,0,0,0,2,2,3,0,0,3,7,1,2,1,0,0,0,0,0,0,0,0,1,1,0,0,0,0,4,1,0,1,1,1,14,2,1,0,9,2,0,0,2,1,2,1,0,0,6,3
48 - Λέσβου,29 E.T. Δήμου Δυτικής Λέσβου,517,294,8,1,9,285,115,43,17,0,35,12,38,5,2,1,4,23,40,3,5,5,2,18,27,5,7,11,0,2,9,2,3,2,0,1,12,5,4,0,4,3,0,0,0,0,0,2,1,0,1,6,3,2,1,1,0,3,1,0,0,0,0,1,0,0,1,0,0,0,0,0,0,0,0,0,0,0,0,2,2,14,1,3,0,8,0,1,1,1,0,0,0,4,2,4,4
48 - Λέσβου,30 E.T. Δήμου Δυτικής Λέσβου,406,194,3,0,3,191,72,25,7,2,6,26,29,2,1,0,9,15,60,2,30,11,0,9,10,0,3,6,0,0,4,2,0,0,0,0,2,1,0,1,0,0,0,0,0,1,0,0,0,0,0,0,0,1,0,0,0,1,0,1,0,0,0,0,0,0,0,0,0,0,0,0,0,0,0,2,0,1,0,4,2,0,0,0,0,0,0,0,0,1,1,1,1,2,1,1,0
48 - Λέσβου,31 E.T. Δήμου Δυτικής Λέσβου,400,149,1,0,1,148,44,25,3,1,2,8,28,5,0,1,15,7,41,2,17,10,1,7,10,0,4,5,0,0,4,1,0,0,0,1,2,1,1,0,5,5,0,0,0,0,0,0,0,0,0,0,0,1,0,1,0,3,2,0,0,0,0,0,0,0,0,0,0,0,0,0,0,0,0,0,0,0,0,0,0,3,0,0,0,0,3,1,1,0,0,1,0,2,2,3,1
48 - Λέσβου,32 E.T. Δήμου Δυτικής Λέσβου,561,223,3,1,4,219,98,68,7,1,9,10,21,1,0,3,6,11,59,4,20,6,2,23,16,0,0,11,1,2,4,0,0,0,0,2,1,0,0,0,1,1,1,0,0,0,0,1,0,0,0,2,1,3,1,0,1,5,2,2,0,0,0,0,0,0,0,0,0,0,0,0,0,0,0,0,0,0,0,0,0,2,0,0,0,0,2,0,0,1,1,2,1,0,0,2,1
48 - Λέσβου,33 E.T. Δήμου Δυτικής Λέσβου,534,205,2,2,4,201,96,67,4,0,11,11,26,3,0,2,3,15,34,0,12,9,0,8,17,1,3,10,0,3,3,1,0,1,1,0,1,0,0,0,0,0,1,0,1,0,0,0,0,0,0,1,0,0,0,0,0,7,0,1,6,0,0,0,0,0,0,0,0,1,1,0,0,0,0,1,0,0,0,0,0,4,0,1,0,0,2,1,0,1,0,1,0,0,0,6,2
48 - Λέσβου,34 E.T. Δήμου Δυτικής Λέσβου,537,256,16,1,17,239,92,60,3,0,11,15,42,0,0,0,8,32,20,3,8,0,0,8,41,0,7,30,0,1,3,0,0,0,1,2,1,1,0,0,10,5,0,0,0,0,0,0,0,0,0,0,0,0,0,0,0,4,1,1,2,0,0,0,0,0,0,0,0,0,0,1,1,0,0,0,0,0,0,1,1,13,0,4,0,3,0,1,1,0,0,1,0,5,5,4,4
48 - Λέσβου,35 E.T. Δήμου Δυτικής Λέσβου,524,267,7,2,9,258,86,64,3,1,13,4,47,4,0,6,5,29,20,4,3,3,1,9,62,3,4,50,0,1,6,0,2,2,0,1,3,1,1,0,3,3,0,0,0,0,0,2,1,0,0,0,0,1,0,0,0,4,2,0,1,0,0,0,0,0,0,0,0,1,1,0,0,0,0,2,2,0,0,2,1,12,1,4,0,2,1,0,0,1,0,0,0,5,4,1,0
48 - Λέσβου,36 E.T. Δήμου Δυτικής Λέσβου,503,257,8,3,11,246,89,65,7,0,6,9,48,2,2,3,5,32,17,1,3,6,0,7,65,2,10,51,0,0,5,1,1,2,0,0,3,1,0,0,1,1,2,2,0,0,0,0,0,0,0,0,0,0,0,0,0,4,1,0,3,0,0,0,0,0,0,0,0,0,0,1,1,0,0,0,0,0,0,1,1,5,0,1,1,2,0,0,0,1,0,0,0,2,2,2,1
48 - Λέσβου,37 E.T. Δήμου Δυτικής Λέσβου,536,236,2,1,3,233,121,84,8,0,20,6,40,0,0,2,6,30,23,3,4,3,0,10,11,0,2,8,0,0,6,1,0,0,0,1,4,0,1,0,1,1,0,0,0,0,0,0,0,0,0,0,0,2,1,0,0,6,2,0,3,0,0,0,0,0,0,0,0,0,0,0,0,0,0,0,0,0,0,0,0,7,0,0,0,0,0,0,0,3,1,1,1,2,2,6,6
48 - Λέσβου,38 E.T. Δήμου Δυτικής Λέσβου,519,241,1,1,2,239,103,61,6,2,17,13,40,2,0,0,7,26,23,4,3,0,0,12,27,0,7,17,0,1,10,3,1,1,0,3,3,0,2,0,2,2,0,0,0,0,0,0,0,0,0,1,0,4,2,0,2,3,0,0,3,0,0,1,0,1,0,0,0,0,0,0,0,0,0,1,0,0,0,1,1,10,0,2,0,5,1,0,0,1,0,0,0,4,4,5,4
48 - Λέσβου,39 E.T. Δήμου Δυτικής Λέσβου,516,272,4,3,7,265,106,50,2,0,10,32,30,6,7,0,0,12,39,7,20,3,2,4,37,2,11,21,1,0,11,3,2,0,0,0,3,0,0,1,0,0,0,0,0,0,0,2,1,0,0,0,0,1,0,0,0,5,1,1,2,0,0,0,0,0,0,0,0,1,0,0,0,0,0,0,0,0,0,1,1,6,2,2,1,1,0,0,0,1,1,0,0,12,11,10,8
48 - Λέσβου,40 E.T. Δήμου Δυτικής Λέσβου,493,270,3,0,3,267,90,45,1,0,16,24,49,5,1,2,5,29,51,6,30,3,1,8,37,0,13,22,0,0,6,2,0,1,0,1,3,0,2,1,0,0,1,1,0,0,0,2,0,1,0,1,0,0,0,0,0,1,0,1,0,0,0,0,0,0,0,0,0,0,0,0,0,0,0,0,0,0,0,1,0,2,0,1,0,1,0,1,1,4,3,1,1,12,7,5,3
48 - Λέσβου,41 E.T. Δήμου Δυτικής Λέσβου,511,227,8,2,10,217,52,32,6,0,3,9,19,2,0,3,6,5,20,0,8,2,1,8,95,3,22,6,0,53,10,3,0,1,0,3,4,2,1,0,0,0,0,0,0,0,0,0,0,0,0,3,1,2,0,0,1,2,0,0,1,0,0,0,0,0,0,0,0,0,0,0,0,0,0,0,0,0,0,0,0,4,3,0,0,0,0,1,0,2,1,0,0,2,2,1,0
48 - Λέσβου,42 E.T. Δήμου Δυτικής Λέσβου,514,336,18,2,20,316,66,35,6,0,6,13,57,15,0,5,21,5,22,5,6,2,0,5,123,10,36,2,1,56,9,3,0,0,2,1,7,2,3,1,1,1,0,0,0,0,0,0,0,0,0,1,1,5,1,1,0,7,1,2,4,0,0,0,0,0,0,0,0,2,1,1,1,0,0,0,0,0,0,1,1,3,2,0,0,1,0,0,0,2,1,2,2,2,1,5,5
48 - Λέσβου,43 E.T. Δήμου Δυτικής Λέσβου,490,231,2,1,3,228,52,26,4,0,2,15,38,2,2,6,19,4,18,1,9,3,0,3,84,6,25,1,0,38,5,1,0,2,0,1,3,2,0,0,0,0,1,1,0,0,0,1,0,0,0,3,2,0,0,0,0,11,2,2,2,0,0,1,0,1,0,0,0,1,1,1,0,0,0,0,0,0,0,1,0,2,2,0,0,0,0,1,0,0,0,0,0,2,1,3,2
48 - Λέσβου,44 E.T. Δήμου Δυτικής Λέσβου,359,179,5,2,7,172,73,42,4,0,0,21,22,3,0,1,4,10,9,0,3,2,0,4,46,4,29,1,0,8,3,0,0,0,0,0,1,1,0,0,1,0,0,0,0,0,0,1,0,0,0,1,1,2,0,0,0,4,3,1,0,0,0,0,0,0,0,0,0,1,0,0,0,0,0,0,0,0,0,0,0,2,2,0,0,0,0,0,0,0,0,0,0,4,4,2,1
48 - Λέσβου,45 E.T. Δήμου Δυτικής Λέσβου,335,160,3,0,3,157,56,38,1,1,2,13,19,2,2,3,6,6,14,0,4,4,1,5,42,5,25,2,0,5,3,0,0,0,0,0,7,6,0,1,0,0,0,0,0,0,0,0,0,0,0,0,0,0,0,0,0,3,1,0,2,0,0,0,0,0,0,0,0,0,0,0,0,0,0,0,0,0,0,0,0,8,8,0,0,0,0,2,2,1,1,0,0,1,1,1,1
48 - Λέσβου,46 E.T. Δήμου Δυτικής Λέσβου,517,268,5,2,7,261,87,42,2,0,3,37,59,0,0,13,17,26,25,3,9,6,2,3,39,17,11,0,0,8,10,2,2,2,1,3,5,2,2,1,2,2,1,1,0,0,0,0,0,0,0,1,1,5,2,1,2,6,0,0,4,0,0,0,0,0,0,0,0,0,0,1,1,0,0,0,0,0,0,0,0,19,17,2,0,0,0,0,0,0,0,0,0,0,0,1,1
48 - Λέσβου,47 E.T. Δήμου Δυτικής Λέσβου,568,282,3,3,6,276,98,44,13,0,4,33,44,1,3,1,10,24,46,2,27,5,1,6,26,4,13,5,0,3,9,1,1,2,1,1,6,5,1,0,1,0,0,0,0,0,0,0,0,0,0,15,4,0,0,0,0,14,0,1,13,0,0,3,1,0,0,0,0,2,0,0,0,0,0,1,0,0,0,0,0,6,5,0,0,0,0,1,1,2,1,0,0,1,0,1,1
48 - Λέσβου,48 E.T. Δήμου Δυτικής Λέσβου,245,143,2,0,2,141,52,26,19,0,2,3,38,4,0,3,9,18,12,0,4,2,0,5,23,0,13,0,0,9,4,1,0,1,0,0,2,0,0,0,0,0,0,0,0,0,0,0,0,0,0,1,0,2,0,0,2,1,0,0,1,0,0,0,0,0,0,0,0,0,0,0,0,0,0,0,0,0,0,1,1,1,1,0,0,0,0,0,0,3,2,1,0,0,0,0,0
48 - Λέσβου,49 E.T. Δήμου Δυτικής Λέσβου,161,72,2,0,2,70,28,19,4,0,0,3,18,2,0,2,9,5,11,1,4,2,0,0,2,0,1,0,0,0,0,0,0,0,0,0,1,0,0,0,0,0,1,1,0,0,0,2,0,0,0,0,0,1,0,0,1,0,0,0,0,0,0,0,0,0,0,0,0,0,0,0,0,0,0,0,0,0,0,1,1,4,4,0,0,0,0,0,0,0,0,0,0,0,0,1,1
48 - Λέσβου,50 E.T. Δήμου Δυτικής Λέσβου,460,246,0,0,0,246,158,38,104,1,5,9,29,2,0,5,14,8,26,5,2,7,0,5,15,1,8,1,0,2,5,1,0,0,0,0,2,1,1,0,0,0,0,0,0,0,0,0,0,0,0,1,0,2,1,0,1,1,1,0,0,0,0,0,0,0,0,0,0,0,0,0,0,0,0,0,0,0,0,1,1,2,1,0,1,0,0,1,0,1,0,0,0,0,0,2,1
48 - Λέσβου,51 E.T. Δήμου Δυτικής Λέσβου,460,239,4,0,4,235,137,23,85,1,13,6,42,1,1,1,13,23,19,2,1,3,1,9,13,0,9,1,0,3,6,1,0,0,1,2,5,3,2,0,1,0,1,0,0,0,0,0,0,0,0,1,1,1,0,0,1,2,1,1,0,0,0,0,0,0,0,0,0,0,0,0,0,0,0,1,0,0,1,0,0,0,0,0,0,0,0,0,0,1,0,0,0,0,0,5,3
48 - Λέσβου,52 E.T. Δήμου Δυτικής Λέσβου,458,205,4,1,5,200,123,29,75,0,5,7,26,1,1,3,7,12,12,4,2,4,0,2,22,2,16,2,0,1,5,2,1,1,0,1,3,1,1,0,0,0,0,0,0,0,0,0,0,0,0,1,1,1,0,0,1,0,0,0,0,0,0,0,0,0,0,0,0,0,0,0,0,0,0,2,0,1,1,0,0,0,0,0,0,0,0,2,2,0,0,0,0,0,0,3,3
48 - Λέσβου,53 E.T. Δήμου Δυτικής Λέσβου,440,207,3,1,4,203,109,26,62,0,6,11,22,0,0,1,14,4,17,4,0,3,1,6,28,6,11,5,0,0,9,2,1,2,0,4,3,0,2,1,0,0,0,0,0,0,0,1,0,1,0,1,1,1,0,0,1,2,0,0,2,0,0,0,0,0,0,1,1,0,0,0,0,0,0,2,1,0,1,0,0,0,0,0,0,0,0,2,2,3,3,0,0,0,0,2,2
48 - Λέσβου,54 E.T. Δήμου Δυτικής Λέσβου,476,225,6,0,6,219,79,41,18,0,3,14,68,2,0,0,32,31,23,3,7,10,0,3,29,2,12,4,0,7,5,0,0,2,0,3,2,2,0,0,1,0,0,0,0,0,0,0,0,0,0,0,0,1,0,0,0,5,1,1,2,0,0,1,1,0,0,0,0,0,0,0,0,0,0,0,0,0,0,1,0,2,1,1,0,0,0,0,0,0,0,0,0,0,0,2,0
48 - Λέσβου,55 E.T. Δήμου Δυτικής Λέσβου,454,219,3,2,5,214,90,35,28,0,10,11,34,4,0,6,13,8,27,2,12,6,1,6,21,2,8,8,0,2,7,2,1,1,1,1,2,1,0,1,1,1,2,0,2,0,0,1,0,0,0,0,0,5,0,1,2,7,4,1,1,0,0,1,1,0,0,0,0,0,0,0,0,0,0,2,0,0,0,0,0,5,2,1,0,2,0,1,1,0,0,2,1,0,0,6,4
48 - Λέσβου,56 E.T. Δήμου Δυτικής Λέσβου,467,225,1,2,3,222,105,41,28,0,9,15,41,2,0,4,11,18,28,4,8,9,0,3,19,1,5,8,0,3,6,0,0,1,2,1,2,0,0,0,0,0,0,0,0,0,0,0,0,0,0,2,0,8,0,3,5,1,0,0,0,0,0,1,0,0,0,0,0,0,0,1,1,0,0,0,0,0,0,1,1,1,0,0,1,0,0,0,0,0,0,0,0,1,0,5,3
48 - Λέσβου,57 E.T. Δήμου Δυτικής Λέσβου,454,198,2,0,2,196,96,59,19,1,9,2,35,4,2,6,9,12,22,0,2,13,0,6,14,0,7,2,1,1,12,3,2,2,1,2,2,1,1,0,2,2,0,0,0,0,0,0,0,0,0,0,0,0,0,0,0,1,0,1,0,1,1,0,0,0,0,0,0,0,0,0,0,0,0,2,0,0,0,0,0,7,3,0,0,2,2,0,0,1,0,0,0,0,0,1,1
48 - Λέσβου,58 E.T. Δήμου Δυτικής Λέσβου,528,242,7,2,9,233,114,83,7,1,6,15,50,4,4,8,10,11,17,3,2,3,0,8,11,2,4,4,1,0,13,4,3,1,0,3,2,0,2,0,1,1,0,0,0,1,1,0,0,0,0,0,0,5,0,0,3,3,1,0,2,0,0,0,0,0,0,0,0,0,0,0,0,0,0,1,0,0,0,1,1,3,0,1,0,0,2,2,2,0,0,1,1,0,0,8,8
48 - Λέσβου,59 E.T. Δήμου Δυτικής Λέσβου,520,265,4,1,5,260,130,84,15,1,4,21,44,6,0,2,14,10,22,2,5,6,1,5,8,0,2,4,0,0,16,3,0,1,3,0,9,6,2,1,2,2,0,0,0,0,0,1,0,0,1,0,0,4,0,1,3,5,1,1,1,1,1,0,0,0,0,0,0,1,1,0,0,0,0,2,0,2,0,0,0,2,1,0,0,0,1,6,5,2,1,0,0,0,0,5,3
48 - Λέσβου,60 E.T. Δήμου Δυτικής Λέσβου,511,267,8,0,8,259,120,66,12,1,12,26,67,5,3,10,29,10,19,1,5,2,1,8,14,2,4,5,0,1,2,1,0,0,0,0,6,3,0,0,0,0,1,1,0,0,0,3,1,0,2,3,2,3,0,0,2,4,0,2,1,0,0,1,0,0,0,0,0,0,0,0,0,0,0,2,0,1,0,2,1,3,1,0,0,1,0,0,0,1,1,2,1,0,0,6,2
48 - Λέσβου,61 E.T. Δήμου Δυτικής Λέσβου,426,185,4,0,4,181,67,41,13,0,1,7,33,3,0,4,8,14,33,13,4,3,0,10,21,0,9,7,0,2,6,0,2,0,0,3,4,1,1,0,1,1,0,0,0,0,0,0,0,0,0,2,2,0,0,0,0,3,2,0,1,0,0,1,1,0,0,0,0,0,0,0,0,0,0,0,0,0,0,0,0,8,1,0,0,0,4,0,0,0,0,0,0,0,0,2,2
48 - Λέσβου,62 E.T. Δήμου Δυτικής Λέσβου,428,165,2,0,2,163,84,45,20,0,9,2,22,2,3,1,5,10,24,10,4,3,0,6,23,5,4,11,0,1,3,0,0,0,0,1,1,0,1,0,0,0,0,0,0,0,0,0,0,0,0,0,0,0,0,0,0,2,0,1,0,0,0,0,0,0,0,0,0,0,0,0,0,0,0,0,0,0,0,1,1,1,0,0,0,0,1,0,0,0,0,0,0,2,1,0,0
48 - Λέσβου,63 E.T. Δήμου Δυτικής Λέσβου,427,175,1,1,2,173,68,39,14,0,5,8,45,2,1,2,16,11,22,10,2,0,0,7,27,1,4,12,1,2,3,0,1,0,0,0,1,1,0,0,0,0,0,0,0,0,0,0,0,0,0,0,0,0,0,0,0,0,0,0,0,1,1,0,0,0,0,0,0,0,0,0,0,0,0,0,0,0,0,0,0,3,0,2,0,0,1,0,0,2,1,0,0,0,0,1,0
48 - Λέσβου,64 E.T. Δήμου Δυτικής Λέσβου,230,134,1,1,2,132,44,18,8,0,11,7,38,3,1,2,6,23,32,3,12,9,0,7,4,0,3,0,0,0,1,0,0,0,0,0,1,0,0,0,1,1,1,1,0,0,0,1,0,0,0,0,0,0,0,0,0,1,0,1,0,0,0,0,0,0,0,0,0,0,0,0,0,0,0,0,0,0,0,0,0,1,0,1,0,0,0,0,0,1,1,1,1,0,0,5,5
48 - Λέσβου,65 E.T. Δήμου Δυτικής Λέσβου,263,102,1,1,2,100,37,18,4,0,2,13,26,0,0,1,12,10,8,1,2,3,0,0,17,1,4,10,0,1,4,2,0,0,0,1,1,1,0,0,0,0,0,0,0,0,0,0,0,0,0,0,0,1,1,0,0,0,0,0,0,0,0,0,0,0,0,0,0,0,0,1,0,0,0,0,0,0,0,3,2,1,0,0,0,0,1,1,1,0,0,0,0,0,0,0,0
48 - Λέσβου,66 E.T. Δήμου Δυτικής Λέσβου,324,156,1,1,2,154,69,37,0,0,2,27,32,3,1,8,14,1,17,2,9,2,0,3,14,4,5,0,0,2,3,1,0,0,1,0,1,1,0,0,5,3,0,0,0,0,0,2,1,0,0,0,0,1,0,0,0,3,0,0,1,0,0,0,0,0,0,0,0,0,0,0,0,0,0,0,0,0,0,0,0,4,0,2,0,0,2,0,0,0,0,0,0,0,0,3,1
48 - Λέσβου,67 E.T. Δήμου Δυτικής Λέσβου,329,151,4,0,4,147,76,26,0,0,3,43,21,0,0,17,0,2,14,1,11,1,0,1,12,2,6,2,0,1,2,0,0,1,0,0,0,0,0,0,8,2,0,0,0,0,0,1,0,1,0,0,0,0,0,0,0,3,0,0,3,0,0,0,0,0,0,0,0,0,0,0,0,0,0,1,0,0,0,0,0,1,0,1,0,0,0,1,0,2,1,2,0,0,0,3,1
48 - Λέσβου,68 E.T. Δήμου Δυτικής Λέσβου,503,254,7,1,8,246,88,26,6,0,6,35,57,2,1,15,11,22,29,4,7,3,1,7,45,2,23,3,0,5,5,1,0,0,0,3,6,2,3,1,0,0,1,0,1,0,0,1,0,0,1,2,0,0,0,0,0,2,0,0,0,0,0,1,0,0,0,0,0,0,0,1,0,0,0,1,0,0,0,0,0,0,0,0,0,0,0,0,0,1,0,2,1,0,0,4,0
48 - Λέσβου,69 E.T. Δήμου Δυτικής Λέσβου,515,244,6,1,7,237,110,43,5,1,20,39,48,3,0,11,10,21,22,3,7,9,0,0,32,1,20,2,1,3,2,0,0,0,0,1,9,7,1,0,1,0,2,2,0,0,0,1,1,0,0,2,1,0,0,0,0,0,0,0,0,0,0,0,0,0,0,0,0,1,1,0,0,0,0,2,0,0,2,1,0,1,0,1,0,0,0,0,0,0,0,2,2,0,0,1,1
48 - Λέσβου,70 E.T. Δήμου Δυτικής Λέσβου,316,160,4,1,5,155,69,24,3,0,3,31,15,0,0,3,6,3,33,2,20,0,0,7,13,1,7,1,0,2,8,1,0,1,1,1,3,1,0,0,1,0,0,0,0,0,0,0,0,0,0,0,0,0,0,0,0,8,1,0,3,0,0,0,0,0,0,0,0,0,0,0,0,0,0,0,0,0,0,1,0,2,0,1,0,0,1,0,0,0,0,2,1,0,0,0,0
48 - Λέσβου,71 E.T. Δήμου Δυτικής Λέσβου,305,155,2,0,2,153,72,15,0,1,1,52,22,0,0,9,10,3,27,2,23,1,0,1,11,1,8,1,0,1,2,1,0,0,0,0,3,3,0,0,4,2,0,0,0,0,0,1,0,0,0,0,0,0,0,0,0,2,1,1,0,0,0,0,0,0,0,0,0,0,0,1,0,1,0,0,0,0,0,1,1,4,0,3,1,0,0,1,1,1,1,0,0,0,0,1,1
48 - Λέσβου,72 E.T. Δήμου Δυτικής Λέσβου,539,263,6,1,7,256,134,46,0,0,3,74,40,1,1,19,8,5,25,0,18,3,0,2,34,4,17,5,1,1,6,1,0,2,0,2,2,1,0,0,1,1,0,0,0,0,0,0,0,0,0,0,0,1,0,0,0,1,0,0,0,0,0,0,0,0,0,0,0,1,0,0,0,0,0,1,0,0,1,0,0,3,0,1,1,0,0,1,0,0,0,0,0,0,0,6,4
48 - Λέσβου,73 E.T. Δήμου Δυτικής Λέσβου,539,211,6,2,8,203,87,20,2,1,10,47,40,2,0,26,6,1,31,1,26,1,1,2,21,1,11,5,0,0,5,0,0,0,0,1,7,5,0,0,1,1,1,1,0,0,0,0,0,0,0,0,0,0,0,0,0,2,2,0,0,1,0,0,0,0,0,0,0,0,0,0,0,0,0,1,0,0,1,0,0,4,0,1,0,0,0,0,0,0,0,0,0,0,0,2,1
48 - Λέσβου,74 E.T. Δήμου Δυτικής Λέσβου,535,290,6,3,9,281,123,41,5,5,11,51,53,1,2,30,5,2,26,1,16,1,1,1,39,4,25,5,0,2,3,0,1,0,0,1,7,1,2,0,0,0,0,0,0,0,0,1,0,0,0,3,2,4,0,0,2,6,1,2,2,1,1,1,0,0,1,0,0,0,0,1,1,0,0,1,1,0,0,1,0,0,0,0,0,0,0,0,0,2,0,2,1,0,0,7,3
48 - Λέσβου,75 E.T. Δήμου Δυτικής Λέσβου,535,237,2,1,3,234,109,31,6,1,9,54,48,2,0,28,13,1,22,4,14,0,0,0,28,1,13,5,0,3,6,1,0,0,1,3,5,1,2,0,0,0,0,0,0,0,0,1,0,0,0,0,0,2,0,2,0,4,1,0,0,0,0,0,0,0,0,0,0,0,0,0,0,0,0,0,0,0,0,0,0,6,1,0,1,0,1,0,0,1,0,0,0,0,0,2,2
48 - Λέσβου,76 E.T. Δήμου Δυτικής Λέσβου,537,242,4,2,6,236,98,26,2,0,10,57,55,1,0,39,12,1,35,4,21,4,0,4,22,1,11,5,0,0,9,4,0,0,0,0,2,2,0,0,0,0,0,0,0,0,0,0,0,0,0,1,0,2,0,0,1,3,1,1,1,0,0,1,0,0,0,0,0,0,0,0,0,0,0,3,0,1,1,0,0,3,0,0,1,1,1,0,0,1,0,0,0,0,0,1,1
48 - Λέσβου,77 E.T. Δήμου Δυτικής Λέσβου,545,226,8,1,9,217,80,22,1,4,7,42,62,3,0,35,10,6,25,0,11,8,2,2,27,0,11,5,2,0,5,0,2,0,0,2,6,3,1,1,0,0,0,0,0,0,0,2,0,1,0,0,0,0,0,0,0,3,1,0,1,0,0,0,0,0,0,0,0,0,0,0,0,0,0,0,0,0,0,1,0,3,0,0,0,0,3,1,1,1,1,0,0,0,0,1,0
48 - Λέσβου,78 E.T. Δήμου Δυτικής Λέσβου,270,98,0,0,0,98,43,29,3,0,0,10,15,2,0,4,4,4,14,2,8,4,0,0,17,1,3,10,1,1,5,2,0,0,0,0,0,0,0,0,0,0,0,0,0,0,0,0,0,0,0,0,0,0,0,0,0,1,0,1,0,0,0,0,0,0,0,0,0,0,0,0,0,0,0,0,0,0,0,0,0,0,0,0,0,0,0,0,0,0,0,0,0,0,0,3,2
48 - Λέσβου,79 E.T. Δήμου Μυτιλήνης,515,230,6,1,7,223,71,48,2,0,5,9,33,4,2,3,13,1,27,4,9,8,1,3,52,5,32,2,0,6,9,1,0,3,0,3,2,1,0,0,3,3,1,1,0,0,0,1,0,0,1,4,3,1,0,0,0,9,3,2,2,0,0,0,0,0,0,0,0,2,2,0,0,0,0,0,0,0,0,1,1,1,0,0,0,0,0,2,1,2,2,0,0,0,0,2,2
48 - Λέσβου,80 E.T. Δήμου Μυτιλήνης,516,212,2,2,4,208,60,42,1,0,4,8,28,8,0,5,13,0,30,8,12,6,0,1,67,7,45,1,0,8,5,0,2,2,0,1,6,2,0,0,2,1,0,0,0,0,0,0,0,0,0,0,0,0,0,0,0,3,1,0,2,0,0,0,0,0,0,0,0,0,0,0,0,0,0,0,0,0,0,0,0,0,0,0,0,0,0,3,3,0,0,0,0,0,0,4,4
48 - Λέσβου,81 E.T. Δήμου Μυτιλήνης,505,250,8,2,10,240,56,30,0,1,2,14,56,5,0,11,23,9,27,3,17,1,0,5,66,3,51,0,0,6,5,1,1,0,0,0,3,1,0,1,3,2,1,0,1,0,0,1,0,0,0,2,1,2,0,0,2,6,2,1,1,2,0,0,0,0,0,0,0,0,0,0,0,0,0,1,0,0,0,0,0,2,1,1,0,0,0,0,0,0,0,1,0,0,0,6,1
48 - Λέσβου,82 E.T. Δήμου Μυτιλήνης,499,244,5,1,6,238,82,46,4,0,0,21,26,4,1,5,11,1,28,5,8,6,0,5,71,2,55,4,0,2,10,1,2,1,0,2,3,2,0,0,3,2,0,0,0,0,0,1,0,0,0,0,0,0,0,0,0,2,2,0,0,0,0,1,1,0,0,0,0,1,1,1,0,0,0,0,0,0,0,1,1,0,0,0,0,0,0,1,1,0,0,0,0,0,0,7,2
48 - Λέσβου,83 E.T. Δήμου Μυτιλήνης,506,202,4,3,7,195,56,36,2,0,7,3,40,3,0,5,24,2,32,9,12,5,0,4,35,2,18,3,0,9,5,2,0,1,0,1,2,1,0,1,3,3,0,0,0,0,0,2,0,1,0,0,0,1,1,0,0,4,3,0,0,1,0,0,0,0,0,0,0,0,0,0,0,0,0,2,0,0,1,2,0,1,0,1,0,0,0,0,0,0,0,3,2,0,0,6,3
48 - Λέσβου,84 E.T. Δήμου Μυτιλήνης,493,222,5,3,8,214,68,45,0,0,6,11,37,3,1,5,16,5,26,5,4,8,0,7,58,7,40,0,0,7,4,0,0,1,1,1,2,0,1,0,1,1,2,1,0,0,0,1,0,0,0,1,0,0,0,0,0,4,2,0,1,0,0,0,0,0,0,0,0,0,0,1,1,0,0,0,0,0,0,0,0,1,0,0,0,0,0,1,0,2,1,0,0,0,0,5,5
48 - Λέσβου,85 E.T. Δήμου Μυτιλήνης,477,238,8,3,11,227,75,38,1,2,14,12,33,3,0,3,15,5,39,24,7,1,0,6,53,4,37,0,0,6,8,1,1,2,0,1,2,2,0,0,6,5,0,0,0,0,0,1,0,0,0,0,0,0,0,0,0,4,1,1,2,0,0,0,0,0,0,0,0,0,0,1,1,0,0,0,0,0,0,1,0,1,0,0,0,0,0,0,0,1,1,0,0,0,0,2,1
48 - Λέσβου,86 E.T. Δήμου Μυτιλήνης,549,291,5,1,6,285,108,60,5,1,16,13,37,4,1,3,12,14,49,12,17,14,0,5,48,3,3,5,1,29,11,3,1,0,1,2,1,1,0,0,2,1,0,0,0,0,0,1,0,0,0,3,1,4,1,1,0,7,1,0,2,0,0,0,0,0,0,0,0,1,1,0,0,0,0,0,0,0,0,0,0,2,0,0,1,0,0,1,1,1,0,1,0,2,1,6,3
48 - Λέσβου,87 E.T. Δήμου Μυτιλήνης,536,277,10,0,10,267,102,64,4,0,9,14,25,6,2,1,6,7,51,12,18,13,1,5,43,1,12,1,0,21,16,5,0,1,2,1,1,1,0,0,2,1,1,1,0,0,0,0,0,0,0,1,1,1,1,0,0,5,0,1,3,0,0,1,0,0,1,0,0,1,0,1,0,1,0,1,0,0,1,0,0,5,0,1,0,0,2,1,1,1,0,1,0,0,0,7,4
48 - Λέσβου,88 E.T. Δήμου Μυτιλήνης,404,253,2,6,8,245,101,61,3,0,5,20,31,0,1,2,13,10,28,3,6,3,0,16,43,2,3,2,0,31,8,1,1,2,0,1,4,2,0,0,1,1,0,0,0,0,0,1,0,0,0,3,0,1,0,0,1,7,2,0,4,0,0,0,0,0,0,1,1,0,0,0,0,0,0,0,0,0,0,0,0,11,0,3,2,1,0,2,1,0,0,0,0,0,0,3,2
48 - Λέσβου,89 E.T. Δήμου Μυτιλήνης,394,253,2,1,3,250,113,72,3,1,7,18,34,1,1,2,16,10,27,5,9,5,1,7,33,0,3,1,0,26,16,1,1,1,1,3,3,1,0,0,1,1,2,1,0,0,0,0,0,0,0,1,0,1,0,0,0,8,2,0,3,1,1,0,0,0,0,0,0,0,0,0,0,0,0,1,0,0,0,0,0,5,0,0,0,1,1,0,0,1,0,1,0,1,0,1,0
48 - Λέσβου,90 E.T. Δήμου Μυτιλήνης,397,237,2,2,4,233,118,58,4,2,16,33,24,2,0,3,6,5,23,5,11,2,0,2,36,3,3,1,0,22,8,4,1,1,0,2,6,3,0,0,0,0,1,0,0,0,0,0,0,0,0,1,0,1,0,0,1,5,1,0,2,0,0,0,0,0,0,0,0,1,0,0,0,0,0,0,0,0,0,2,1,3,0,0,2,0,1,0,0,0,0,1,0,0,0,3,2
48 - Λέσβου,91 E.T. Δήμου Μυτιλήνης,585,277,11,0,11,266,98,55,1,1,14,17,49,4,0,2,22,14,44,16,12,8,0,7,36,2,6,0,0,27,11,1,1,1,0,1,5,3,1,0,2,2,2,0,1,0,0,2,0,0,1,5,3,1,0,0,1,2,0,0,1,1,1,0,0,0,0,0,0,0,0,0,0,0,0,0,0,0,0,0,0,3,1,0,0,0,1,1,1,1,1,0,0,1,1,2,2
48 - Λέσβου,92 E.T. Δήμου Μυτιλήνης,579,261,6,5,11,250,80,50,2,1,10,10,44,3,1,4,17,10,35,11,6,6,0,8,34,7,8,3,1,13,10,4,2,0,0,3,5,1,1,3,3,3,1,1,0,0,0,1,1,0,0,0,0,6,0,2,1,7,1,0,5,0,0,0,0,0,0,0,0,0,0,0,0,0,0,1,1,0,0,2,1,3,1,0,0,0,2,4,3,3,2,5,4,2,1,4,3
48 - Λέσβου,93 E.T. Δήμου Μυτιλήνης,586,283,5,3,8,275,112,64,3,2,10,23,38,3,2,4,16,7,40,15,5,8,0,7,31,1,5,0,0,21,6,0,1,0,1,1,1,0,1,0,3,1,1,0,1,0,0,3,0,2,0,2,1,3,1,2,0,7,1,1,5,0,0,1,0,0,1,0,0,0,0,0,0,0,0,2,1,0,0,4,4,9,2,0,0,0,2,0,0,2,0,2,1,1,0,7,4
48 - Λέσβου,94 E.T. Δήμου Μυτιλήνης,402,247,8,4,12,235,99,70,5,3,7,8,40,4,5,2,19,6,22,7,7,3,0,4,24,0,8,0,1,12,23,8,6,2,1,3,1,1,0,0,1,1,2,1,1,0,0,2,1,1,0,3,3,2,1,0,0,10,4,2,3,0,0,0,0,0,0,0,0,0,0,0,0,0,0,1,0,1,0,1,0,2,0,0,1,0,0,1,1,0,0,0,0,0,0,1,1
48 - Λέσβου,95 E.T. Δήμου Μυτιλήνης,323,172,5,1,6,166,58,37,4,2,8,6,37,1,1,0,16,13,29,15,10,2,0,2,17,0,4,0,0,12,6,2,1,0,1,1,1,0,0,0,3,1,0,0,0,0,0,0,0,0,0,2,2,0,0,0,0,1,0,0,1,0,0,1,0,0,0,0,0,1,0,0,0,0,0,0,0,0,0,2,2,4,1,0,1,0,2,1,0,2,0,0,0,0,0,1,1
48 - Λέσβου,96 E.T. Δήμου Μυτιλήνης,342,183,1,1,2,181,79,41,2,2,10,9,33,1,1,2,14,7,32,7,8,2,0,10,16,1,0,1,0,8,1,0,1,0,0,0,2,2,0,0,1,1,1,1,0,0,0,0,0,0,0,0,0,1,0,0,0,6,1,1,1,0,0,0,0,0,0,0,0,0,0,0,0,0,0,0,0,0,0,0,0,2,0,0,0,0,2,1,0,1,0,1,1,0,0,4,1
48 - Λέσβου,97 E.T. Δήμου Μυτιλήνης,478,237,3,0,3,234,62,33,3,1,7,10,36,1,0,6,15,8,52,10,18,13,1,9,44,0,5,3,0,34,10,4,2,1,0,2,1,1,0,0,3,2,0,0,0,0,0,0,0,0,0,1,1,2,0,0,1,8,2,0,4,0,0,1,0,0,1,0,0,3,1,0,0,0,0,1,0,0,0,0,0,1,0,0,0,0,0,1,1,0,0,0,0,3,1,5,4
48 - Λέσβου,98 E.T. Δήμου Μυτιλήνης,491,242,8,2,10,232,87,68,2,1,5,5,44,4,0,8,25,5,37,16,4,8,0,5,31,2,9,0,0,17,7,0,2,3,1,0,5,2,1,0,1,1,1,0,0,0,0,0,0,0,0,0,0,0,0,0,0,6,0,3,1,0,0,1,1,0,0,0,0,1,0,1,0,0,0,1,1,0,0,0,0,1,0,0,0,0,0,0,0,0,0,1,1,1,1,6,2
48 - Λέσβου,99 E.T. Δήμου Μυτιλήνης,504,218,4,2,6,212,79,52,1,0,3,16,29,4,0,0,18,6,35,13,4,13,0,4,33,3,7,2,0,20,9,6,1,1,1,0,1,1,0,0,5,2,0,0,0,0,0,1,0,0,1,0,0,1,0,0,1,4,3,0,1,1,1,1,0,0,0,0,0,0,0,2,1,1,0,0,0,0,0,2,2,1,0,0,0,0,0,0,0,0,0,0,0,0,0,8,4
48 - Λέσβου,100 E.T. Δήμου Μυτιλήνης,467,229,10,1,11,218,100,63,6,1,10,16,35,5,1,1,15,4,30,14,8,2,0,3,24,2,2,0,1,14,4,0,0,1,0,1,6,5,0,0,1,1,0,0,0,0,0,1,0,0,0,0,0,0,0,0,0,4,1,0,1,1,1,1,1,0,0,0,0,0,0,0,0,0,0,1,0,0,0,1,1,4,0,0,0,1,3,1,0,0,0,0,0,0,0,4,2
48 - Λέσβου,101 E.T. Δήμου Μυτιλήνης,478,235,5,1,6,229,66,44,3,1,6,8,30,3,0,2,15,8,34,13,6,3,0,6,41,2,9,0,0,24,12,1,1,1,0,0,3,1,2,0,2,1,1,1,0,0,0,0,0,0,0,4,0,3,2,0,1,4,0,0,4,1,0,1,0,0,0,0,0,0,0,1,1,0,0,3,0,0,0,1,1,2,0,0,1,0,1,3,1,3,2,3,1,2,0,9,5
48 - Λέσβου,102 E.T. Δήμου Μυτιλήνης,385,202,12,2,14,188,66,42,2,1,8,10,35,3,0,1,24,1,38,3,11,9,1,14,24,2,8,1,0,11,2,0,0,0,0,2,2,2,0,0,1,1,0,0,0,0,0,0,0,0,0,0,0,7,4,0,2,5,0,1,3,0,0,0,0,0,0,0,0,0,0,0,0,0,0,2,0,0,1,0,0,3,1,2,0,0,0,1,1,0,0,0,0,0,0,2,1
48 - Λέσβου,103 E.T. Δήμου Μυτιλήνης,421,251,4,6,10,241,94,56,2,0,12,18,43,5,3,7,21,2,43,1,10,26,2,1,30,5,5,2,0,12,6,1,1,0,0,3,2,1,1,0,1,1,2,1,0,0,0,1,0,0,0,1,1,2,1,0,0,3,0,0,3,0,0,1,0,0,1,0,0,0,0,0,0,0,0,0,0,0,0,0,0,7,0,4,0,0,0,0,0,1,1,0,0,4,2,0,0
48 - Λέσβου,104 E.T. Δήμου Μυτιλήνης,429,246,7,1,8,238,79,48,3,0,8,17,39,5,0,9,19,1,45,1,11,24,0,6,31,7,12,0,0,9,6,0,2,0,1,0,4,4,0,0,2,2,3,1,0,0,0,0,0,0,0,1,1,1,0,0,0,6,1,0,5,0,0,0,0,0,0,0,0,1,1,0,0,0,0,1,0,0,1,3,0,6,0,2,0,0,3,1,0,0,0,3,1,3,3,3,1
48 - Λέσβου,105 E.T. Δήμου Μυτιλήνης,452,299,13,4,17,282,100,52,1,3,18,19,59,8,2,10,20,6,43,14,12,11,0,5,35,3,2,2,0,23,11,3,1,2,4,1,1,0,0,0,1,0,2,0,1,0,0,2,0,2,0,0,0,1,0,0,0,14,0,2,8,0,0,1,0,1,0,0,0,0,0,0,0,0,0,2,0,1,1,2,2,1,0,0,0,0,0,0,0,2,2,1,1,1,0,3,3
48 - Λέσβου,106 E.T. Δήμου Μυτιλήνης,535,333,11,5,16,317,118,53,5,3,8,37,46,7,2,10,15,4,50,19,11,13,0,3,51,2,17,2,0,25,21,4,1,6,2,2,5,3,1,0,2,2,0,0,0,0,0,3,0,1,2,1,0,1,0,0,0,8,0,2,5,0,0,1,0,0,1,0,0,1,0,0,0,0,0,3,1,1,1,0,0,0,0,0,0,0,0,1,1,0,0,2,1,0,0,3,1
48 - Λέσβου,107 E.T. Δήμου Μυτιλήνης,466,248,5,1,6,242,97,64,6,1,3,23,34,5,2,6,16,4,72,5,24,29,1,12,6,0,4,0,0,2,10,3,0,1,0,3,1,1,0,0,1,1,3,2,0,0,0,1,0,0,0,2,2,1,1,0,0,5,0,0,5,0,0,0,0,0,0,0,0,0,0,1,0,0,0,1,0,1,0,0,0,6,0,4,0,0,2,0,0,0,0,0,0,0,0,1,0
48 - Λέσβου,108 E.T. Δήμου Μυτιλήνης,179,91,2,3,5,86,29,13,0,0,0,14,21,5,0,4,3,3,12,0,3,8,0,1,10,0,3,0,0,5,3,1,1,0,0,0,1,1,0,0,0,0,0,0,0,0,0,0,0,0,0,0,0,0,0,0,0,1,0,0,1,0,0,0,0,0,0,0,0,0,0,0,0,0,0,0,0,0,0,2,1,1,0,1,0,0,0,0,0,1,0,0,0,0,0,5,5
48 - Λέσβου,109 E.T. Δήμου Μυτιλήνης,246,156,2,0,2,154,50,33,1,0,4,10,22,0,0,1,20,1,28,9,6,11,0,1,30,3,8,0,0,17,9,2,1,2,1,1,1,1,0,0,2,2,0,0,0,0,0,0,0,0,0,1,1,0,0,0,0,8,0,0,5,0,0,1,0,0,0,0,0,0,0,0,0,0,0,0,0,0,0,0,0,1,0,0,0,0,1,0,0,1,0,0,0,0,0,0,0
48 - Λέσβου,110 E.T. Δήμου Μυτιλήνης,385,241,2,2,4,237,104,66,2,1,9,16,36,3,0,7,14,3,26,5,5,14,0,2,36,1,9,0,0,22,4,1,0,0,0,2,3,2,0,0,1,1,0,0,0,0,0,2,0,0,1,4,4,0,0,0,0,12,3,1,3,0,0,0,0,0,0,0,0,1,0,0,0,0,0,0,0,0,0,0,0,5,0,0,0,0,0,0,0,0,0,0,0,0,0,3,1
48 - Λέσβου,111 E.T. Δήμου Μυτιλήνης,188,133,1,1,2,131,73,33,4,1,13,20,8,1,0,0,2,4,24,0,19,1,0,2,13,9,0,0,0,1,1,0,0,0,0,0,0,0,0,0,0,0,1,0,0,0,0,0,0,0,0,1,0,0,0,0,0,2,1,0,0,0,0,0,0,0,0,0,0,0,0,0,0,0,0,0,0,0,0,0,0,5,0,4,0,0,1,0,0,1,1,1,0,0,0,1,0
48 - Λέσβου,112 E.T. Δήμου Μυτιλήνης,549,352,5,2,7,345,150,84,6,7,10,36,51,3,0,2,39,5,26,0,11,2,1,7,72,49,14,0,0,6,10,2,0,0,0,0,4,4,0,0,5,2,1,1,0,0,0,0,0,0,0,1,0,5,0,2,2,5,0,1,2,0,0,0,0,0,0,0,0,0,0,0,0,0,0,1,0,0,1,1,0,6,1,0,5,0,0,2,1,1,1,0,0,1,0,3,2
48 - Λέσβου,113 E.T. Δήμου Μυτιλήνης,534,283,5,2,7,276,112,65,2,1,7,27,52,2,0,3,37,5,25,1,14,5,1,4,58,44,7,0,0,3,5,2,0,1,0,2,3,3,0,0,1,1,0,0,0,0,0,1,0,0,0,0,0,2,0,2,0,3,0,1,2,0,0,0,0,0,0,0,0,0,0,0,0,0,0,0,0,0,0,0,0,7,0,0,6,0,1,1,0,0,0,0,0,1,0,5,4
48 - Λέσβου,114 E.T. Δήμου Μυτιλήνης,374,189,5,1,6,183,57,30,1,0,4,17,31,1,0,2,20,4,15,0,4,4,0,5,41,12,7,0,0,20,8,0,1,1,2,0,9,7,0,0,3,1,0,0,0,0,0,0,0,0,0,0,0,1,1,0,0,5,2,1,2,0,0,0,0,0,0,0,0,0,0,1,0,0,1,0,0,0,0,1,1,4,0,0,0,0,4,0,0,1,1,2,2,0,0,4,2
48 - Λέσβου,115 E.T. Δήμου Μυτιλήνης,369,203,2,1,3,200,76,40,1,0,2,31,33,3,0,6,19,1,31,0,16,5,0,9,31,12,10,0,0,6,7,3,0,0,0,1,2,1,1,0,2,1,0,0,0,0,0,0,0,0,0,6,3,0,0,0,0,3,1,0,2,0,0,2,0,1,0,0,0,1,0,0,0,0,0,1,0,0,0,0,0,1,0,0,1,0,0,0,0,0,0,1,1,0,0,3,1
48 - Λέσβου,116 E.T. Δήμου Μυτιλήνης,560,328,18,4,22,306,113,58,7,0,3,31,46,4,2,3,29,3,56,1,38,10,0,6,36,21,5,0,0,7,16,1,1,2,1,3,1,1,0,0,2,2,1,1,0,0,0,0,0,0,0,1,1,3,1,0,1,13,2,2,7,0,0,0,0,0,0,0,0,0,0,2,1,0,0,2,1,0,1,4,0,8,4,1,1,0,1,0,0,0,0,0,0,0,0,2,2
48 - Λέσβου,117 E.T. Δήμου Μυτιλήνης,566,342,2,4,6,336,137,74,9,2,7,38,44,4,4,10,17,5,65,10,22,7,2,22,53,26,13,1,0,10,11,0,1,4,3,2,4,2,2,0,2,1,0,0,0,0,0,0,0,0,0,0,0,3,1,1,1,6,1,1,4,0,0,2,0,2,0,0,0,1,0,0,0,0,0,0,0,0,0,0,0,5,0,1,0,0,4,0,0,1,1,1,1,0,0,1,0
48 - Λέσβου,118 E.T. Δήμου Μυτιλήνης,369,252,5,4,9,243,115,51,8,2,25,24,31,2,0,8,17,2,31,2,14,5,0,6,17,9,2,2,0,2,18,3,0,4,2,3,7,7,0,0,0,0,0,0,0,0,0,0,0,0,0,3,2,3,1,2,0,4,1,1,2,0,0,0,0,0,0,1,0,0,0,0,0,0,0,3,0,0,2,2,1,3,0,0,1,0,2,0,0,0,0,0,0,2,1,3,2
48 - Λέσβου,119 E.T. Δήμου Μυτιλήνης,373,209,4,1,5,204,98,58,4,1,4,26,31,1,0,9,17,1,22,4,9,4,0,4,25,1,10,6,0,4,6,2,0,0,0,1,2,2,0,0,2,1,1,1,0,0,0,1,0,1,0,1,1,1,1,0,0,1,0,0,0,0,0,0,0,0,0,0,0,0,0,0,0,0,0,0,0,0,0,0,0,2,0,0,1,0,0,4,1,1,1,3,3,1,0,2,1
48 - Λέσβου,120 E.T. Δήμου Μυτιλήνης,374,175,5,1,6,169,98,46,7,0,6,34,12,0,0,1,10,0,21,1,9,4,0,6,17,0,6,3,1,5,7,4,0,2,0,1,1,0,0,1,2,1,0,0,0,1,0,0,0,0,0,0,0,0,0,0,0,1,0,0,1,0,0,0,0,0,0,0,0,0,0,0,0,0,0,1,1,0,0,0,0,2,0,0,0,0,2,1,0,1,1,1,0,2,2,1,1
48 - Λέσβου,121 E.T. Δήμου Μυτιλήνης,422,259,3,2,5,254,87,33,3,2,8,28,34,1,2,5,14,9,46,5,20,14,1,4,40,8,19,0,2,3,12,1,1,4,2,1,4,2,1,1,0,0,0,0,0,0,0,1,1,0,0,0,0,2,0,0,0,9,3,1,4,0,0,0,0,0,0,0,0,0,0,1,1,0,0,3,1,0,0,1,1,7,0,1,1,0,2,0,0,0,0,1,1,0,0,6,4
48 - Λέσβου,122 E.T. Δήμου Μυτιλήνης,552,351,12,3,15,336,130,57,7,3,15,39,39,2,0,4,20,8,46,0,22,4,3,13,49,30,9,0,0,4,16,3,2,3,0,2,2,1,0,1,9,5,0,0,0,0,0,0,0,0,0,1,1,2,1,0,0,10,2,2,3,1,0,2,0,1,1,0,0,0,0,0,0,0,0,1,0,0,1,2,2,8,2,1,1,0,4,1,1,4,2,11,5,0,0,2,2
48 - Λέσβου,123 E.T. Δήμου Μυτιλήνης,558,309,9,2,11,298,109,56,2,0,9,35,54,1,2,4,33,7,54,1,26,20,0,6,37,4,20,0,0,11,13,7,0,0,0,5,1,1,0,0,0,0,1,1,0,0,0,1,0,0,0,1,0,0,0,0,0,2,1,0,1,1,1,0,0,0,0,0,0,0,0,0,0,0,0,1,0,0,0,0,0,9,0,0,0,0,5,2,2,4,3,1,1,1,1,6,1
48 - Λέσβου,124 E.T. Δήμου Μυτιλήνης,569,340,10,2,12,328,124,64,1,0,7,45,63,4,1,1,49,7,42,2,9,19,0,9,55,3,34,0,1,12,16,4,3,4,0,3,2,1,1,0,4,2,1,0,0,1,0,2,0,0,1,0,0,0,0,0,0,7,1,1,4,2,0,0,0,0,0,0,0,0,0,0,0,0,0,1,1,0,0,1,0,1,0,1,0,0,0,1,0,1,1,2,2,0,0,2,1
48 - Λέσβου,125 E.T. Δήμου Μυτιλήνης,532,319,8,1,9,310,95,16,3,0,2,69,66,5,0,5,46,6,52,5,17,21,0,7,45,4,26,0,0,13,10,1,0,0,0,3,2,0,1,0,3,2,1,0,0,0,0,2,0,0,0,1,0,0,0,0,0,9,3,2,3,0,0,0,0,0,0,0,0,0,0,0,0,0,0,1,0,0,0,2,0,8,2,1,0,0,4,2,1,0,0,4,3,0,0,7,4
48 - Λέσβου,126 E.T. Δήμου Μυτιλήνης,556,342,13,2,15,327,139,73,10,2,8,39,50,10,4,3,21,9,72,7,26,15,2,15,22,7,4,1,1,7,14,2,2,2,1,2,7,5,2,0,1,0,1,0,0,0,0,0,0,0,0,0,0,0,0,0,0,5,0,2,2,1,0,1,1,0,0,0,0,0,0,0,0,0,0,1,1,0,0,2,2,2,1,1,0,0,0,0,0,2,0,0,0,0,0,7,4
48 - Λέσβου,127 E.T. Δήμου Μυτιλήνης,476,295,6,0,6,289,131,67,4,2,8,44,47,7,0,3,18,12,51,2,28,11,0,8,28,8,13,0,0,4,6,1,1,1,1,0,2,2,0,0,1,1,0,0,0,0,0,1,0,0,1,2,1,4,2,0,0,5,1,0,2,0,0,0,0,0,0,0,0,0,0,0,0,0,0,0,0,0,0,1,1,5,0,1,0,1,2,0,0,0,0,1,1,0,0,4,3
48 - Λέσβου,128 E.T. Δήμου Μυτιλήνης,513,290,3,5,8,282,113,63,3,3,13,28,49,1,1,4,23,17,47,6,22,2,0,13,26,11,9,0,1,3,9,2,1,2,1,1,9,4,4,0,3,3,0,0,0,0,0,0,0,0,0,0,0,2,0,0,0,7,4,0,3,0,0,0,0,0,0,0,0,0,0,0,0,0,0,0,0,0,0,0,0,5,1,0,3,0,0,2,2,4,4,1,1,0,0,5,5
48 - Λέσβου,129 E.T. Δήμου Μυτιλήνης,443,224,7,0,7,217,83,40,3,0,8,27,22,1,0,1,15,4,38,4,19,3,0,10,33,17,9,1,0,3,9,4,0,2,1,1,7,5,1,0,3,1,0,0,0,0,0,0,0,0,0,0,0,0,0,0,0,5,0,2,2,1,1,1,0,1,0,0,0,0,0,0,0,0,0,2,1,1,0,0,0,5,2,1,0,0,1,1,0,3,2,0,0,1,0,3,1
48 - Λέσβου,130 E.T. Δήμου Μυτιλήνης,420,212,5,1,6,206,85,36,4,0,15,23,28,1,0,5,12,7,22,1,11,2,0,4,25,11,4,0,0,6,8,3,0,2,0,1,5,5,0,0,4,3,1,1,0,0,0,0,0,0,0,0,0,2,0,0,0,11,3,1,6,0,0,0,0,0,0,0,0,0,0,0,0,0,0,0,0,0,0,3,3,6,0,0,6,0,0,0,0,0,0,0,0,1,0,5,3
48 - Λέσβου,131 E.T. Δήμου Μυτιλήνης,456,218,11,0,11,207,100,46,5,0,10,32,37,1,0,3,19,7,27,1,15,2,0,5,16,5,4,0,0,4,4,1,0,2,0,0,7,4,3,0,1,0,0,0,0,1,1,2,1,0,0,0,0,1,0,0,1,3,0,1,1,0,0,0,0,0,0,0,0,0,0,0,0,0,0,0,0,0,0,3,1,1,1,0,0,0,0,1,0,0,0,1,0,0,0,2,2
48 - Λέσβου,132 E.T. Δήμου Μυτιλήνης,418,208,2,3,5,203,85,45,4,0,7,26,37,2,2,4,20,6,33,1,11,9,0,7,22,9,8,0,0,1,9,2,2,0,0,5,3,2,1,0,0,0,0,0,0,0,0,1,0,0,1,1,1,1,1,0,0,3,1,1,1,0,0,0,0,0,0,0,0,0,0,0,0,0,0,0,0,0,0,0,0,2,0,0,1,0,0,0,0,2,2,0,0,2,2,2,2
48 - Λέσβου,133 E.T. Δήμου Μυτιλήνης,425,250,8,0,8,242,115,46,5,0,5,52,16,1,0,1,6,7,41,0,15,10,0,15,20,8,7,0,2,2,11,6,0,1,0,3,6,5,0,0,4,3,0,0,0,0,0,0,0,0,0,0,0,1,0,0,0,18,9,3,2,0,0,0,0,0,0,0,0,0,0,0,0,0,0,2,0,2,0,0,0,3,0,0,0,0,2,0,0,0,0,0,0,1,0,4,3
48 - Λέσβου,134 E.T. Δήμου Μυτιλήνης,434,255,7,0,7,248,115,33,5,2,15,57,27,2,0,6,13,4,48,2,22,13,0,7,13,7,1,2,0,2,7,2,0,1,1,3,4,2,0,1,4,4,3,2,0,0,0,1,0,0,1,0,0,0,0,0,0,14,4,3,5,0,0,0,0,0,0,0,0,2,2,0,0,0,0,0,0,0,0,1,1,3,0,0,2,0,0,0,0,0,0,0,0,0,0,6,4
48 - Λέσβου,135 E.T. Δήμου Μυτιλήνης,340,225,2,4,6,219,68,32,1,3,5,18,40,4,0,6,17,4,38,1,10,13,0,9,31,2,4,0,0,3,10,1,2,4,1,2,6,2,2,0,2,1,0,0,0,0,0,2,0,1,0,0,0,3,1,1,1,8,1,0,6,0,0,0,0,0,0,0,0,0,0,0,0,0,0,2,0,1,0,1,1,2,0,0,1,0,1,2,1,2,2,0,0,0,0,2,1
48 - Λέσβου,136 E.T. Δήμου Μυτιλήνης,303,194,2,2,4,190,66,29,1,0,12,21,42,2,0,7,25,1,13,0,4,4,0,5,41,6,18,2,0,9,7,4,0,0,0,2,2,1,0,1,1,1,0,0,0,0,0,3,1,1,1,0,0,1,1,0,0,7,0,0,7,0,0,0,0,0,0,0,0,0,0,0,0,0,0,1,1,0,0,1,1,2,0,0,0,1,1,0,0,1,1,1,1,0,0,1,1
48 - Λέσβου,137 E.T. Δήμου Μυτιλήνης,545,370,13,3,16,354,150,68,8,1,18,40,82,5,2,10,40,15,35,1,12,10,1,9,44,7,20,0,0,13,7,1,1,2,0,1,6,5,1,0,2,2,3,3,0,0,0,0,0,0,0,2,1,1,0,0,1,4,0,0,3,0,0,0,0,0,0,0,0,0,0,0,0,0,0,2,0,0,0,0,0,4,0,2,0,1,0,1,0,3,0,0,0,1,0,7,2
48 - Λέσβου,138 E.T. Δήμου Μυτιλήνης,551,360,16,4,20,340,165,70,11,1,16,54,47,2,0,0,34,7,33,1,10,6,0,13,37,5,27,0,0,5,10,2,1,0,0,4,12,8,2,0,1,0,0,0,0,1,1,1,0,0,0,1,1,4,0,1,1,6,0,0,5,0,0,1,0,1,0,0,0,0,0,2,0,1,0,1,0,0,1,1,1,4,0,1,1,0,2,0,0,1,1,2,1,4,4,6,2
48 - Λέσβου,139 E.T. Δήμου Μυτιλήνης,552,336,11,3,14,322,113,53,2,2,9,37,46,1,1,8,27,6,51,5,23,12,0,10,43,7,26,1,0,7,13,4,1,4,1,0,8,2,4,1,0,0,2,1,1,0,0,3,0,0,3,2,1,3,2,0,1,9,1,1,6,0,0,1,0,0,1,0,0,0,0,0,0,0,0,1,0,1,0,1,0,12,1,2,2,0,4,0,0,2,1,1,1,3,2,8,8
48 - Λέσβου,140 E.T. Δήμου Μυτιλήνης,559,350,8,5,13,337,128,48,6,2,15,52,60,6,0,9,28,9,58,1,21,11,2,16,27,3,14,0,0,6,11,2,1,1,1,2,12,3,1,4,0,0,2,2,0,1,1,3,0,1,0,1,1,0,0,0,0,7,2,0,3,0,0,3,0,2,0,0,0,2,2,1,0,0,0,0,0,0,0,0,0,7,0,2,2,0,2,2,2,3,2,2,1,1,1,6,3
48 - Λέσβου,141 E.T. Δήμου Μυτιλήνης,544,335,12,3,15,320,115,43,7,1,24,32,54,6,0,6,22,12,47,8,20,9,1,7,27,5,16,0,0,2,11,2,0,1,1,3,11,5,2,1,2,1,0,0,0,1,1,3,2,0,0,2,1,0,0,0,0,10,1,3,4,1,0,5,0,5,0,0,0,0,0,2,0,1,1,2,1,0,0,2,1,4,0,1,0,1,1,4,2,0,0,4,1,0,0,13,5
48 - Λέσβου,142 E.T. Δήμου Μυτιλήνης,550,344,2,2,4,340,114,53,8,0,13,30,80,3,0,8,42,13,44,2,18,6,0,11,41,4,22,2,0,7,12,3,1,2,1,1,9,5,2,0,3,1,1,0,0,0,0,0,0,0,0,1,0,1,0,0,0,6,2,0,4,0,0,2,0,2,0,0,0,1,1,0,0,0,0,0,0,0,0,0,0,8,0,1,4,0,1,0,0,7,4,2,1,3,2,5,4
48 - Λέσβου,143 E.T. Δήμου Μυτιλήνης,550,338,6,1,7,331,149,64,8,2,22,47,55,5,0,7,26,11,42,1,11,10,0,17,24,1,11,0,0,7,10,4,1,1,1,2,10,5,2,1,2,2,3,3,0,0,0,1,0,1,0,6,5,2,1,0,0,7,0,2,5,0,0,1,0,1,0,0,0,0,0,1,0,0,0,1,0,0,0,0,0,12,0,6,2,0,4,0,0,0,0,0,0,0,0,5,2
48 - Λέσβου,144 E.T. Δήμου Μυτιλήνης,553,321,3,3,6,315,145,53,2,3,23,43,48,5,0,8,21,8,36,2,19,4,0,7,26,4,10,1,0,4,13,1,3,3,3,0,9,6,2,0,1,1,2,0,0,0,0,1,1,0,0,2,2,1,0,0,0,7,1,2,3,1,1,0,0,0,0,0,0,0,0,1,1,0,0,1,0,0,0,3,1,7,0,1,1,0,2,0,0,2,0,1,1,2,0,6,3
48 - Λέσβου,145 E.T. Δήμου Μυτιλήνης,540,330,5,1,6,324,126,62,8,2,1,37,54,1,1,7,31,7,42,5,13,5,0,17,28,3,14,0,0,5,18,4,3,2,1,4,12,8,0,0,3,2,3,1,1,0,0,2,0,0,2,1,1,3,0,0,0,7,0,2,3,0,0,0,0,0,0,0,0,1,1,0,0,0,0,1,0,1,0,1,0,5,0,2,1,0,1,1,1,0,0,0,0,4,1,12,5
48 - Λέσβου,146 E.T. Δήμου Μυτιλήνης,551,324,10,3,13,311,122,51,7,1,15,40,61,4,1,10,34,5,39,4,25,2,0,7,44,7,25,0,0,7,12,3,0,0,5,2,2,1,0,0,4,3,0,0,0,0,0,3,0,0,3,3,1,3,0,1,2,4,1,0,3,0,0,0,0,0,0,0,0,1,1,0,0,0,0,1,0,0,1,2,1,1,0,0,0,0,0,0,0,0,0,0,0,1,1,8,8
48 - Λέσβου,147 E.T. Δήμου Μυτιλήνης,556,323,14,1,15,308,136,54,9,1,15,43,40,2,2,7,21,4,37,5,14,6,0,11,26,1,13,0,0,4,11,4,0,2,1,1,14,11,1,1,4,4,0,0,0,0,0,0,0,0,0,6,5,0,0,0,0,4,0,1,2,5,0,0,0,0,0,0,0,0,0,0,0,0,0,2,1,0,0,2,1,10,1,1,4,0,2,1,1,3,1,2,1,2,1,3,1
48 - Λέσβου,148 E.T. Δήμου Μυτιλήνης,554,353,7,2,9,344,132,56,7,3,15,39,69,2,3,10,32,14,51,2,16,13,3,13,35,5,13,0,0,11,17,2,1,3,0,3,11,5,2,1,4,3,0,0,0,0,0,3,1,1,1,1,1,1,1,0,0,2,0,0,2,0,0,0,0,0,0,0,0,2,1,0,0,0,0,0,0,0,0,1,1,7,2,2,0,0,2,0,0,1,1,2,1,1,0,4,3
48 - Λέσβου,149 E.T. Δήμου Μυτιλήνης,546,330,9,6,15,315,133,52,16,1,16,38,54,7,0,7,24,9,41,2,15,11,0,10,38,3,17,3,0,10,11,3,2,2,1,2,6,5,1,0,4,2,0,0,0,0,0,0,0,0,0,2,1,1,0,0,1,6,1,0,5,0,0,3,1,2,0,0,0,0,0,0,0,0,0,1,0,0,1,2,1,4,0,2,0,0,2,0,0,3,2,1,0,2,2,3,1
48 - Λέσβου,150 E.T. Δήμου Μυτιλήνης,550,336,8,4,12,324,133,38,5,1,15,58,62,4,1,5,40,7,44,0,14,9,3,15,31,4,18,3,0,6,11,4,0,1,1,0,8,3,1,0,2,0,0,0,0,0,0,0,0,0,0,1,0,4,1,2,0,8,1,1,4,0,0,1,0,0,1,0,0,0,0,0,0,0,0,4,0,0,0,0,0,9,0,0,1,0,8,0,0,1,0,1,1,2,1,2,2
48 - Λέσβου,151 E.T. Δήμου Μυτιλήνης,559,363,15,0,15,348,151,57,3,3,14,53,59,9,1,13,26,4,45,6,10,12,1,14,36,4,24,0,0,7,9,4,0,0,2,1,3,2,0,0,0,0,0,0,0,0,0,0,0,0,0,2,1,4,0,1,2,7,2,0,4,0,0,3,0,3,0,0,0,1,1,0,0,0,0,5,1,1,1,2,1,8,0,2,4,0,1,2,1,2,1,0,0,3,3,6,5
48 - Λέσβου,152 E.T. Δήμου Μυτιλήνης,527,324,7,3,10,314,143,47,11,3,17,50,42,0,0,4,22,10,37,5,12,7,0,12,31,4,18,0,0,5,12,3,2,0,2,3,9,5,1,1,7,6,1,0,0,1,0,3,1,1,1,0,0,5,0,1,3,2,0,0,2,0,0,0,0,0,0,0,0,0,0,0,0,0,0,1,0,1,0,0,0,6,1,0,0,0,5,1,0,1,1,3,2,1,1,8,6
48 - Λέσβου,153 E.T. Δήμου Μυτιλήνης,589,373,4,2,6,367,153,62,7,2,23,45,58,3,1,7,27,11,47,8,7,12,0,15,38,3,20,0,0,8,12,2,0,0,0,2,13,11,0,1,2,2,1,1,0,0,0,5,2,0,0,2,2,2,0,1,0,7,3,0,4,0,0,0,0,0,0,0,0,0,0,0,0,0,0,2,0,0,0,4,3,4,0,0,2,0,2,1,1,1,1,0,0,1,1,14,7
48 - Λέσβου,154 E.T. Δήμου Μυτιλήνης,569,349,8,2,10,339,132,49,9,3,22,32,49,2,0,6,31,6,35,2,8,12,0,8,40,2,18,4,0,9,14,1,2,1,1,5,14,6,4,1,1,0,0,0,0,0,0,2,2,0,0,3,1,5,2,0,1,12,2,2,3,1,0,0,0,0,0,0,0,1,1,0,0,0,0,2,0,0,0,0,0,8,3,0,0,0,4,7,5,4,1,3,2,1,1,5,2
48 - Λέσβου,155 E.T. Δήμου Μυτιλήνης,613,372,5,2,7,365,158,71,6,1,22,39,61,2,0,7,40,8,44,12,12,14,2,4,52,5,25,3,0,9,16,4,2,1,2,2,1,1,0,0,5,2,1,1,0,0,0,0,0,0,0,2,0,2,0,0,0,6,0,0,3,3,2,0,0,0,0,0,0,0,0,0,0,0,0,1,0,0,0,1,1,5,0,0,1,0,4,1,1,3,0,1,0,1,1,1,1
48 - Λέσβου,156 E.T. Δήμου Μυτιλήνης,591,375,7,5,12,363,172,73,18,3,17,53,64,6,0,6,34,13,43,3,9,12,0,16,29,2,21,0,0,4,12,1,1,2,1,2,7,5,2,0,0,0,2,1,0,0,0,0,0,0,0,1,1,3,1,0,1,8,0,2,5,0,0,0,0,0,0,0,0,1,0,1,0,0,0,1,1,0,0,0,0,7,0,3,1,1,2,1,0,3,1,1,0,0,0,7,4
48 - Λέσβου,157 E.T. Δήμου Μυτιλήνης,601,375,9,3,12,363,152,50,8,3,21,53,75,3,1,12,43,10,46,4,12,12,0,12,29,6,12,0,0,5,13,3,2,2,0,3,12,11,1,0,3,1,1,0,0,0,0,1,0,0,1,0,0,0,0,0,0,5,1,0,2,1,0,0,0,0,0,0,0,0,0,1,0,0,0,0,0,0,0,0,0,4,1,2,1,0,0,3,2,3,1,1,0,3,2,10,8
48 - Λέσβου,158 E.T. Δήμου Μυτιλήνης,592,369,10,3,13,356,147,57,7,0,27,52,65,3,0,10,25,12,45,6,18,4,1,12,34,8,13,1,0,9,15,2,0,1,1,1,7,1,4,1,1,1,0,0,0,0,0,2,1,0,0,1,1,2,1,0,0,4,1,0,2,0,0,1,0,1,0,0,0,0,0,0,0,0,0,1,0,0,1,1,0,11,0,6,1,0,3,4,1,1,0,1,1,1,0,12,7
48 - Λέσβου,159 E.T. Δήμου Μυτιλήνης,597,357,15,2,17,340,130,58,5,0,18,39,62,2,3,8,32,10,51,2,10,15,2,17,34,1,18,4,0,5,9,1,2,1,0,2,15,13,2,0,1,1,1,1,0,0,0,2,0,1,1,4,1,2,0,0,1,5,1,1,1,0,0,3,0,1,0,0,0,1,0,0,0,0,0,0,0,0,0,0,0,7,1,0,2,0,4,0,0,3,2,0,0,3,3,7,3
48 - Λέσβου,160 E.T. Δήμου Μυτιλήνης,615,336,12,1,13,323,121,56,7,1,11,31,59,1,1,8,24,10,50,7,11,8,0,18,29,5,10,2,0,6,4,0,0,0,0,0,12,6,2,0,2,2,1,1,0,1,0,1,0,0,1,1,1,0,0,0,0,12,2,0,5,0,0,1,0,1,0,0,0,0,0,0,0,0,0,1,0,0,0,8,6,11,1,1,2,0,5,0,0,2,1,2,1,0,0,5,4
48 - Λέσβου,161 E.T. Δήμου Μυτιλήνης,607,376,8,2,10,366,142,61,4,2,20,41,59,5,0,8,27,15,67,4,27,11,0,22,40,4,19,0,0,7,9,3,0,1,1,2,10,4,2,1,6,3,1,0,0,0,0,4,0,2,2,2,2,1,0,0,1,4,0,0,3,1,1,0,0,0,0,0,0,2,1,0,0,0,0,1,1,0,0,0,0,7,0,2,3,0,2,2,2,2,1,1,0,1,0,4,3
48 - Λέσβου,162 E.T. Δήμου Μυτιλήνης,604,377,6,4,10,367,166,64,11,5,20,51,56,3,1,10,24,8,45,2,14,7,1,19,34,9,11,0,0,12,12,1,1,2,1,2,11,8,2,0,2,0,1,1,0,0,0,2,0,1,1,1,1,3,1,0,0,5,1,0,4,0,0,0,0,0,0,0,0,2,1,1,1,0,0,2,0,0,2,2,1,3,0,0,1,0,2,5,2,2,1,2,1,1,0,9,7
48 - Λέσβου,163 E.T. Δήμου Μυτιλήνης,612,344,7,2,9,335,155,50,9,3,25,54,59,5,2,5,23,16,30,2,11,9,1,5,36,5,21,0,0,6,11,3,2,0,1,3,6,4,0,0,4,3,1,0,0,0,0,0,0,0,0,0,0,4,1,0,1,12,1,2,8,0,0,1,0,1,0,0,0,0,0,1,0,0,1,1,1,0,0,2,2,5,0,3,0,0,1,0,0,1,0,1,0,2,1,3,3
48 - Λέσβου,164 E.T. Δήμου Μυτιλήνης,602,355,7,2,9,346,156,74,6,1,14,42,52,2,0,3,27,11,40,5,17,4,0,11,40,0,0,0,0,0,6,0,1,3,1,1,11,7,1,1,3,1,0,0,0,0,0,1,1,0,0,0,0,6,2,1,3,9,2,0,4,0,0,0,0,0,0,0,0,0,0,0,0,0,0,0,0,0,0,0,0,8,1,2,1,0,4,2,1,1,1,1,0,0,0,10,6
48 - Λέσβου,165 E.T. Δήμου Μυτιλήνης,607,351,9,2,11,340,151,53,6,0,17,55,59,3,1,10,30,10,52,4,18,19,1,10,24,6,10,1,1,4,12,2,1,1,0,6,8,5,0,2,1,0,1,1,0,0,0,2,0,0,0,1,1,1,0,1,0,7,3,0,4,1,0,0,0,0,0,0,0,0,0,0,0,0,0,3,1,0,0,0,0,4,1,1,0,0,2,0,0,4,1,1,0,2,0,6,4
48 - Λέσβου,166 E.T. Δήμου Μυτιλήνης,611,358,7,4,11,347,151,58,9,1,19,45,53,0,1,8,31,7,55,3,11,18,1,15,35,3,23,1,0,3,5,1,1,1,0,0,10,5,2,0,1,1,2,0,1,0,0,2,0,0,2,1,1,2,0,1,0,7,0,2,3,0,0,2,0,0,0,0,0,0,0,0,0,0,0,0,0,0,0,0,0,2,0,0,1,0,1,3,2,2,1,1,0,2,1,11,7
48 - Λέσβου,167 E.T. Δήμου Μυτιλήνης,604,378,6,2,8,370,156,65,7,2,31,36,69,3,2,9,36,12,47,3,13,13,1,13,37,3,19,2,0,11,10,3,1,1,0,2,6,4,0,0,1,0,0,0,0,0,0,2,1,0,1,3,2,3,0,0,0,9,2,0,4,1,0,0,0,0,0,0,0,0,0,2,1,1,0,1,0,1,0,2,1,8,2,1,1,0,3,4,4,3,3,0,0,0,0,6,2
48 - Λέσβου,168 E.T. Δήμου Μυτιλήνης,596,340,11,2,13,327,131,49,12,1,19,39,65,5,1,4,35,10,46,5,12,9,0,14,37,6,19,3,0,4,4,1,0,2,0,1,6,4,1,0,2,2,0,0,0,0,0,2,0,1,0,1,1,1,1,0,0,11,3,1,3,1,0,0,0,0,0,0,0,0,0,2,2,0,0,2,0,0,0,0,0,2,1,0,0,0,1,0,0,1,0,0,0,1,0,12,5
48 - Λέσβου,169 E.T. Δήμου Μυτιλήνης,609,340,4,2,6,334,167,55,9,2,43,45,72,3,2,6,39,12,27,0,14,5,0,7,20,0,12,2,0,6,4,0,1,0,0,1,13,9,3,0,4,3,1,1,0,0,0,3,1,0,2,1,1,1,0,0,0,3,0,1,1,0,0,1,0,0,0,0,0,0,0,0,0,0,0,5,0,1,3,0,0,4,1,1,0,0,1,0,0,2,1,0,0,0,0,6,4
48 - Λέσβου,170 E.T. Δήμου Μυτιλήνης,577,328,9,4,13,315,149,65,7,2,19,44,44,0,2,11,22,4,38,4,10,11,0,11,31,8,10,0,2,4,9,1,2,1,0,1,6,3,2,0,0,0,2,0,1,0,0,3,3,0,0,2,1,3,0,0,3,10,1,1,3,0,0,1,0,0,0,0,0,1,0,0,0,0,0,0,0,0,0,2,2,5,0,1,1,0,2,1,1,3,0,0,0,1,1,4,3
48 - Λέσβου,171 E.T. Δήμου Μυτιλήνης,546,95,3,0,3,92,60,21,3,2,6,19,10,2,0,3,4,1,6,1,0,0,0,2,6,0,4,0,0,0,2,0,0,0,0,1,2,0,1,0,1,1,1,1,0,0,0,0,0,0,0,1,0,0,0,0,0,1,0,0,0,0,0,0,0,0,0,0,0,0,0,0,0,0,0,0,0,0,0,1,1,0,0,0,0,0,0,0,0,0,0,1,1,0,0,0,0
48 - Λέσβου,172 E.T. Δήμου Μυτιλήνης,545,68,3,0,3,65,26,13,0,0,4,5,6,0,0,1,3,0,10,1,3,1,0,4,5,0,3,0,0,1,7,2,0,0,0,1,2,1,0,0,0,0,0,0,0,0,0,0,0,0,0,1,0,0,0,0,0,2,1,0,0,0,0,0,0,0,0,0,0,0,0,0,0,0,0,0,0,0,0,0,0,3,0,1,0,0,1,0,0,0,0,0,0,0,0,3,1
48 - Λέσβου,173 E.T. Δήμου Μυτιλήνης,551,68,1,1,2,66,34,12,0,2,6,8,7,2,0,3,2,0,8,1,2,0,0,3,7,0,4,0,0,0,2,1,0,0,0,1,2,1,0,1,0,0,0,0,0,0,0,0,0,0,0,1,0,0,0,0,0,2,2,0,0,0,0,0,0,0,0,0,0,0,0,0,0,0,0,0,0,0,0,0,0,1,0,0,1,0,0,0,0,0,0,0,0,0,0,2,0
48 - Λέσβου,174 E.T. Δήμου Μυτιλήνης,545,44,4,0,4,40,9,5,0,0,0,4,4,1,0,0,1,2,6,0,1,2,0,2,4,1,2,0,0,1,2,0,0,0,1,0,4,0,1,0,0,0,0,0,0,0,0,2,0,2,0,0,0,0,0,0,0,2,0,0,1,0,0,0,0,0,0,0,0,0,0,0,0,0,0,1,1,0,0,0,0,1,0,0,0,0,1,2,2,0,0,2,0,0,0,1,1
48 - Λέσβου,175 E.T. Δήμου Μυτιλήνης,547,121,3,2,5,116,48,17,8,4,2,11,9,0,1,2,2,2,9,1,2,2,0,2,10,1,4,0,1,3,10,2,1,1,0,3,5,1,1,1,1,1,0,0,0,0,0,1,0,0,1,0,0,0,0,0,0,8,2,1,4,0,0,1,1,0,0,0,0,0,0,1,0,0,0,0,0,0,0,2,2,2,1,1,0,0,0,0,0,1,0,3,1,0,0,5,5
48 - Λέσβου,176 E.T. Δήμου Μυτιλήνης,536,128,5,1,6,122,54,23,3,0,7,17,23,4,2,3,8,5,9,1,0,4,2,1,7,0,4,0,0,2,5,1,0,0,0,3,7,2,1,0,0,0,0,0,0,0,0,1,0,0,1,0,0,1,0,0,0,6,4,2,0,0,0,1,1,0,0,0,0,0,0,0,0,0,0,1,0,1,0,0,0,1,0,0,0,0,1,1,0,0,0,0,0,1,0,4,2
48 - Λέσβου,177 E.T. Δήμου Μυτιλήνης,541,65,2,1,3,62,30,16,0,1,2,8,6,0,0,2,2,0,9,3,1,0,1,1,7,0,3,1,0,2,0,0,0,0,0,0,2,0,1,0,0,0,0,0,0,0,0,0,0,0,0,0,0,0,0,0,0,1,0,1,0,0,0,0,0,0,0,0,0,0,0,0,0,0,0,1,0,1,0,1,1,3,0,1,0,0,2,0,0,1,1,1,0,0,0,0,0
48 - Λέσβου,178 E.T. Δήμου Μυτιλήνης,552,83,4,3,7,76,31,17,1,1,3,6,12,1,0,0,6,1,5,1,1,2,0,1,2,0,0,0,0,1,4,1,0,2,0,0,0,0,0,0,2,2,0,0,0,0,0,1,1,0,0,0,0,0,0,0,0,4,3,0,0,0,0,0,0,0,0,1,1,1,0,0,0,0,0,2,1,0,1,1,1,3,1,1,0,0,0,1,1,0,0,3,2,1,1,2,2
48 - Λέσβου,179 E.T. Δήμου Μυτιλήνης,549,103,6,1,7,96,39,16,3,2,2,4,13,1,3,1,1,1,12,2,2,1,2,1,13,5,5,0,0,2,3,0,1,0,0,0,2,0,1,0,0,0,0,0,0,0,0,0,0,0,0,1,1,1,0,0,0,4,0,1,2,0,0,1,0,1,0,0,0,0,0,0,0,0,0,0,0,0,0,0,0,2,0,1,0,0,1,0,0,2,1,0,0,0,0,3,3
48 - Λέσβου,180 E.T. Δήμου Μυτιλήνης,539,59,0,0,0,59,30,10,3,0,3,4,7,1,0,0,1,2,3,0,0,1,0,1,3,0,2,0,0,0,1,0,0,0,0,0,0,0,0,0,2,1,0,0,0,0,0,2,0,0,1,3,1,1,1,0,0,1,0,0,0,0,0,0,0,0,0,0,0,0,0,0,0,0,0,1,0,0,0,0,0,1,0,0,0,0,1,1,0,1,0,0,0,0,0,2,2
48 - Λέσβου,181 E.T. Δήμου Μυτιλήνης,544,153,1,4,5,148,51,21,4,4,3,9,29,7,1,2,7,6,13,3,0,1,0,6,18,2,5,0,0,3,5,2,0,1,0,0,3,0,0,0,4,3,2,2,0,0,0,2,0,0,0,1,0,4,0,1,2,3,0,0,2,0,0,0,0,0,0,0,0,0,0,1,1,0,0,0,0,0,0,2,0,2,0,1,0,0,0,1,1,0,0,1,1,0,0,6,5
48 - Λέσβου,182 E.T. Δήμου Μυτιλήνης,516,165,3,2,5,160,93,43,5,4,10,16,19,2,0,0,8,5,8,1,0,1,0,3,11,1,5,0,0,2,4,0,1,1,0,0,0,0,0,0,1,1,1,0,0,0,0,0,0,0,0,3,1,4,0,1,1,6,1,2,1,1,1,0,0,0,0,0,0,0,0,0,0,0,0,3,0,0,1,0,0,2,0,1,0,0,0,0,0,0,0,1,1,0,0,3,2
48 - Λέσβου,183 E.T. Δήμου Μυτιλήνης,590,199,8,1,9,190,64,34,3,0,6,17,29,0,0,3,14,5,49,35,5,3,0,4,19,9,3,0,0,2,2,0,0,0,1,0,3,1,1,0,5,1,0,0,0,1,0,1,1,0,0,0,0,1,0,0,1,7,3,1,3,0,0,0,0,0,0,0,0,0,0,0,0,0,0,0,0,0,0,0,0,1,0,0,1,0,0,1,1,1,1,0,0,0,0,6,1
48 - Λέσβου,184 E.T. Δήμου Μυτιλήνης,611,174,7,2,9,165,52,28,1,1,6,10,22,5,0,0,11,2,42,36,2,3,0,1,19,7,7,0,0,1,7,2,0,0,0,2,4,1,1,0,2,0,0,0,0,0,0,0,0,0,0,1,0,4,0,2,1,4,2,0,0,0,0,0,0,0,0,0,0,1,0,0,0,0,0,0,0,0,0,0,0,3,1,1,0,0,0,3,1,0,0,0,0,0,0,1,0
48 - Λέσβου,185 E.T. Δήμου Μυτιλήνης,608,186,7,3,10,176,63,29,7,0,14,8,18,0,1,0,8,4,40,25,2,2,0,3,18,0,2,0,0,4,7,2,2,1,0,0,4,2,1,0,4,1,1,0,1,0,0,1,0,1,0,1,1,1,0,0,1,7,4,1,1,0,0,0,0,0,0,0,0,0,0,1,1,0,0,2,0,0,1,1,1,3,1,0,0,1,0,0,0,0,0,0,0,0,0,4,2
48 - Λέσβου,186 E.T. Δήμου Μυτιλήνης,590,181,6,0,6,175,66,29,1,0,13,17,21,0,0,0,13,2,35,32,1,0,0,0,16,4,4,0,0,5,5,2,0,2,0,0,2,1,0,0,2,0,0,0,0,0,0,2,0,1,0,5,3,1,1,0,0,7,3,1,2,1,0,1,0,1,0,0,0,0,0,0,0,0,0,2,0,0,2,0,0,4,0,1,0,0,3,2,0,0,0,0,0,0,0,3,2
48 - Λέσβου,187 E.T. Δήμου Μυτιλήνης,605,174,5,0,5,169,45,27,2,1,4,6,29,2,1,1,9,11,49,39,6,0,0,2,13,1,5,0,1,3,7,1,0,0,2,2,4,2,0,0,11,5,0,0,0,0,0,0,0,0,0,1,1,0,0,0,0,5,0,1,3,0,0,0,0,0,0,0,0,0,0,0,0,0,0,0,0,0,0,1,1,0,0,0,0,0,0,2,1,0,0,0,0,0,0,2,0
48 - Λέσβου,188 E.T. Δήμου Μυτιλήνης,613,215,6,0,6,209,70,32,3,0,12,10,35,3,0,2,21,5,37,26,6,1,0,2,24,5,6,0,0,3,9,2,0,1,0,2,5,5,0,0,4,2,1,0,0,0,0,0,0,0,0,5,4,0,0,0,0,3,0,0,2,0,0,2,1,0,1,0,0,2,0,0,0,0,0,2,1,0,0,0,0,5,2,0,1,0,2,2,1,1,1,0,0,0,0,2,2
48 - Λέσβου,189 E.T. Δήμου Μυτιλήνης,600,218,3,1,4,214,74,32,4,0,18,12,24,3,1,0,12,5,47,33,8,2,0,3,29,16,4,1,0,5,13,3,0,0,1,2,4,3,1,0,3,3,1,0,0,0,0,2,0,1,1,0,0,0,0,0,0,4,0,0,3,1,1,1,0,1,0,0,0,1,1,0,0,0,0,1,0,1,0,1,1,1,0,0,0,0,1,1,0,0,0,0,0,0,0,6,3
48 - Λέσβου,190 E.T. Δήμου Μυτιλήνης,608,191,12,1,13,178,59,27,1,0,13,6,16,3,0,2,7,0,49,39,5,2,0,2,18,10,2,1,0,3,6,2,2,2,0,0,5,4,0,0,0,0,0,0,0,0,0,1,0,0,1,1,1,0,0,0,0,9,0,0,6,1,0,1,0,0,1,0,0,0,0,1,1,0,0,2,0,0,2,0,0,2,0,0,0,0,1,1,0,1,0,0,0,0,0,5,0
48 - Λέσβου,191 E.T. Δήμου Μυτιλήνης,562,226,7,7,14,212,84,39,3,0,15,17,27,3,1,1,13,3,46,39,1,4,0,1,25,11,5,0,0,2,8,1,1,2,0,1,5,5,0,0,4,3,0,0,0,0,0,0,0,0,0,0,0,0,0,0,0,4,0,0,2,0,0,0,0,0,0,1,0,0,0,0,0,0,0,0,0,0,0,0,0,3,0,0,1,0,1,1,0,1,1,0,0,0,0,3,2
48 - Λέσβου,192 E.T. Δήμου Μυτιλήνης,442,150,1,0,1,149,55,36,2,0,7,10,19,1,1,7,4,6,49,19,17,6,1,5,7,2,2,0,0,2,1,1,0,0,0,0,6,4,2,0,0,0,0,0,0,0,0,0,0,0,0,0,0,0,0,0,0,10,5,1,3,0,0,0,0,0,0,0,0,0,0,0,0,0,0,0,0,0,0,1,1,0,0,0,0,0,0,0,0,1,1,0,0,0,0,0,0
48 - Λέσβου,193 E.T. Δήμου Μυτιλήνης,420,131,2,1,3,128,60,37,1,0,4,14,8,0,0,2,4,1,36,22,13,1,0,0,1,0,0,0,0,0,4,1,0,1,0,1,1,1,0,0,0,0,0,0,0,0,0,0,0,0,0,0,0,0,0,0,0,12,2,6,3,0,0,0,0,0,0,0,0,0,0,0,0,0,0,0,0,0,0,0,0,4,0,0,1,2,1,1,1,0,0,0,0,1,1,0,0
48 - Λέσβου,194 E.T. Δήμου Μυτιλήνης,449,212,4,0,4,208,60,41,1,0,4,9,20,2,1,3,7,4,77,64,7,1,0,1,14,3,9,0,0,0,7,1,0,0,1,2,4,2,1,0,3,2,0,0,0,0,0,1,0,0,0,1,0,0,0,0,0,7,2,1,2,0,0,0,0,0,0,0,0,0,0,0,0,0,0,1,0,0,0,0,0,8,1,1,0,0,4,0,0,1,0,0,0,0,0,4,3
48 - Λέσβου,195 E.T. Δήμου Μυτιλήνης,202,82,0,0,0,82,24,16,0,0,1,3,28,2,2,3,11,6,21,15,3,1,0,0,2,0,1,0,0,1,0,0,0,0,0,0,2,0,0,0,0,0,0,0,0,0,0,1,1,0,0,0,0,0,0,0,0,1,0,0,0,0,0,0,0,0,0,0,0,0,0,0,0,0,0,1,0,0,0,0,0,1,0,0,0,0,1,0,0,0,0,0,0,0,0,1,1
48 - Λέσβου,196 E.T. Δήμου Μυτιλήνης,433,112,6,2,8,104,29,16,2,0,3,3,22,2,1,5,8,2,22,15,3,1,0,3,8,0,5,0,0,2,0,0,0,0,0,0,2,0,0,2,2,2,1,0,1,0,0,0,0,0,0,0,0,0,0,0,0,3,1,0,1,0,0,1,1,0,0,0,0,0,0,0,0,0,0,1,0,0,1,1,1,4,0,0,1,0,1,1,1,1,1,1,1,1,1,4,3
48 - Λέσβου,197 E.T. Δήμου Μυτιλήνης,386,115,2,0,2,113,33,26,0,0,1,6,24,3,1,2,9,3,33,25,2,0,0,4,10,3,4,2,0,1,2,0,0,0,1,0,2,0,1,1,0,0,0,0,0,0,0,0,0,0,0,0,0,0,0,0,0,1,0,1,0,0,0,0,0,0,0,0,0,0,0,0,0,0,0,0,0,0,0,0,0,1,0,0,1,0,0,1,1,0,0,0,0,3,3,3,3
48 - Λέσβου,198 E.T. Δήμου Μυτιλήνης,403,156,6,2,8,148,56,25,3,0,9,15,20,4,0,1,12,1,15,11,3,0,0,0,35,22,5,0,0,5,6,0,0,0,0,4,2,2,0,0,1,1,0,0,0,0,0,1,0,0,1,6,5,1,0,0,1,2,0,0,0,0,0,0,0,0,0,0,0,2,0,0,0,0,0,0,0,0,0,0,0,0,0,0,0,0,0,0,0,0,0,0,0,0,0,1,1
48 - Λέσβου,199 E.T. Δήμου Μυτιλήνης,401,177,2,3,5,172,73,30,2,0,13,26,28,1,2,1,13,9,26,15,5,2,0,4,24,11,4,2,1,4,3,0,0,0,1,1,2,1,0,0,3,2,4,1,1,0,0,0,0,0,0,0,0,1,0,0,0,2,0,1,1,0,0,0,0,0,0,0,0,0,0,0,0,0,0,0,0,0,0,2,2,1,0,0,0,0,1,0,0,0,0,0,0,0,0,3,2
48 - Λέσβου,200 E.T. Δήμου Μυτιλήνης,429,189,5,0,5,184,57,36,2,0,11,5,22,0,0,3,13,5,52,40,10,0,0,1,23,12,3,0,0,4,7,0,0,2,1,2,5,4,0,0,2,1,0,0,0,0,0,0,0,0,0,0,0,1,1,0,0,7,0,1,5,0,0,0,0,0,0,0,0,0,0,1,1,0,0,1,0,0,0,0,0,2,1,0,1,0,0,0,0,2,0,1,1,0,0,1,1
48 - Λέσβου,201 E.T. Δήμου Αγίου Ευστρατίου,464,117,0,2,2,115,65,19,3,7,12,15,18,5,2,2,4,2,11,0,3,0,5,1,8,0,4,1,2,0,3,2,0,1,0,0,2,0,1,0,1,1,0,0,0,0,0,0,0,0,0,0,0,1,0,0,0,1,1,0,0,0,0,0,0,0,0,0,0,0,0,0,0,0,0,0,0,0,0,0,0,0,0,0,0,0,0,0,0,1,1,1,1,0,0,3,1
48 - Λέσβου,202 E.T. Δήμου Αγίου Ευστρατίου,402,110,1,0,1,109,62,14,1,10,16,18,19,1,2,0,11,5,4,0,1,2,0,0,14,0,5,4,4,1,2,0,1,0,1,0,1,1,0,0,0,0,1,0,0,0,0,1,0,0,0,0,0,1,0,0,0,0,0,0,0,0,0,0,0,0,0,0,0,0,0,0,0,0,0,0,0,0,0,3,3,0,0,0,0,0,0,0,0,0,0,0,0,0,0,1,0
48 - Λέσβου,203 E.T. Δήμου Λήμνου,478,149,5,1,6,143,49,19,1,4,2,17,16,2,6,0,3,1,36,3,1,0,27,1,17,0,1,0,15,0,7,1,1,1,1,0,1,0,1,0,1,1,1,1,0,0,0,0,0,0,0,0,0,0,0,0,0,11,2,5,1,0,0,0,0,0,0,0,0,0,0,0,0,0,0,0,0,0,0,1,0,0,0,0,0,0,0,0,0,0,0,1,1,0,0,2,0
48 - Λέσβου,204 E.T. Δήμου Λήμνου,663,335,6,6,12,323,131,34,8,22,8,22,29,6,5,0,0,4,64,2,3,1,36,3,26,1,2,0,16,1,15,2,3,2,2,2,5,1,0,1,4,2,0,0,0,0,0,2,1,1,0,2,1,5,0,2,0,25,7,4,3,1,0,0,0,0,0,0,0,0,0,0,0,0,0,3,0,0,0,1,0,1,0,0,0,0,1,2,1,0,0,3,0,0,0,4,3
48 - Λέσβου,205 E.T. Δήμου Λήμνου,572,255,5,1,6,249,101,29,4,11,10,26,40,14,4,1,6,5,37,7,2,0,19,0,6,0,1,0,3,0,22,8,0,0,1,5,6,0,1,1,3,2,1,0,1,0,0,0,0,0,0,0,0,2,1,0,0,8,2,2,3,1,0,0,0,0,0,0,0,1,1,0,0,0,0,3,1,0,1,1,0,4,3,0,0,0,0,3,2,1,1,2,0,0,0,7,4
48 - Λέσβου,206 E.T. Δήμου Λήμνου,391,224,5,4,9,215,97,29,2,35,3,20,30,8,5,0,7,2,41,2,2,1,33,0,22,2,0,0,18,0,1,0,0,0,0,1,2,0,1,0,1,1,2,1,0,0,0,1,0,0,0,5,4,1,0,1,0,2,1,1,0,1,1,1,0,0,1,0,0,0,0,1,1,0,0,0,0,0,0,1,0,1,1,0,0,0,0,0,0,1,0,0,0,0,0,4,2
48 - Λέσβου,207 E.T. Δήμου Λήμνου,395,219,4,0,4,215,107,29,3,31,12,24,31,1,7,1,13,2,46,0,0,2,36,4,7,0,2,0,5,0,7,2,2,0,0,0,5,0,1,1,1,1,0,0,0,0,0,0,0,0,0,2,0,1,0,0,0,3,0,0,2,0,0,0,0,0,0,0,0,0,0,0,0,0,0,0,0,0,0,0,0,3,2,0,0,0,0,1,1,0,0,0,0,0,0,1,0
48 - Λέσβου,208 E.T. Δήμου Λήμνου,318,59,0,0,0,59,36,5,1,17,0,4,10,0,2,0,2,1,4,0,0,0,4,0,1,0,0,0,1,0,2,0,0,0,0,1,0,0,0,0,0,0,0,0,0,0,0,1,0,1,0,0,0,0,0,0,0,2,1,0,0,0,0,0,0,0,0,0,0,0,0,0,0,0,0,0,0,0,0,0,0,1,0,0,0,0,0,0,0,0,0,1,0,0,0,1,1
48 - Λέσβου,209 E.T. Δήμου Λήμνου,319,41,2,1,3,38,21,5,0,12,1,1,1,0,0,0,1,0,7,0,0,1,4,0,2,0,0,0,2,0,3,1,0,0,0,1,0,0,0,0,0,0,0,0,0,0,0,0,0,0,0,0,0,0,0,0,0,2,0,1,0,0,0,0,0,0,0,0,0,0,0,0,0,0,0,0,0,0,0,0,0,1,1,0,0,0,0,0,0,0,0,0,0,0,0,1,0
48 - Λέσβου,210 E.T. Δήμου Λήμνου,374,107,1,1,2,105,28,10,0,12,0,2,15,1,2,0,4,2,21,0,0,0,19,0,16,0,0,0,16,0,13,0,0,2,0,1,0,0,0,0,0,0,0,0,0,1,1,0,0,0,0,0,0,0,0,0,0,1,0,0,1,1,0,0,0,0,0,0,0,1,0,0,0,0,0,4,2,1,0,0,0,0,0,0,0,0,0,1,0,1,0,0,0,0,0,2,2
48 - Λέσβου,211 E.T. Δήμου Λήμνου,473,114,4,3,7,107,37,11,0,3,4,17,12,1,3,2,0,1,28,1,0,0,27,0,17,3,0,0,13,0,3,0,1,0,0,2,2,1,1,0,1,0,0,0,0,0,0,0,0,0,0,1,1,1,0,0,0,2,0,1,1,0,0,0,0,0,0,0,0,0,0,0,0,0,0,0,0,0,0,0,0,2,0,0,0,0,2,0,0,0,0,0,0,0,0,1,0
48 - Λέσβου,212 E.T. Δήμου Λήμνου,256,63,0,0,0,63,43,7,1,17,3,14,4,2,1,0,1,0,12,1,2,0,9,0,2,0,0,0,2,0,2,0,0,0,0,2,0,0,0,0,0,0,0,0,0,0,0,0,0,0,0,0,0,0,0,0,0,0,0,0,0,0,0,0,0,0,0,0,0,0,0,0,0,0,0,0,0,0,0,0,0,0,0,0,0,0,0,0,0,0,0,0,0,0,0,0,0
48 - Λέσβου,213 E.T. Δήμου Λήμνου,379,95,1,0,1,94,38,18,2,8,3,2,15,2,2,0,6,2,6,1,0,0,5,0,7,0,0,0,5,0,8,2,0,1,1,1,1,0,1,0,3,1,1,0,0,0,0,1,0,0,0,0,0,2,1,1,0,5,0,0,1,0,0,0,0,0,0,0,0,0,0,0,0,0,0,0,0,0,0,0,0,2,0,0,0,0,1,1,0,1,0,1,1,0,0,2,2
48 - Λέσβου,214 E.T. Δήμου Λήμνου,334,85,4,3,7,78,26,10,0,10,1,5,10,2,1,2,2,2,14,2,0,1,7,0,15,0,0,1,10,1,2,0,1,0,0,1,1,1,0,0,1,1,0,0,0,0,0,0,0,0,0,0,0,1,0,1,0,3,1,0,2,0,0,0,0,0,0,0,0,0,0,0,0,0,0,0,0,0,0,0,0,0,0,0,0,0,0,2,2,1,1,1,0,0,0,1,1
48 - Λέσβου,215 E.T. Δήμου Λήμνου,544,234,2,3,5,229,103,26,0,32,16,19,27,4,10,1,6,3,38,2,1,1,27,0,17,0,1,0,10,1,14,4,0,1,1,6,6,2,0,4,4,4,0,0,0,0,0,1,0,0,0,1,1,1,0,0,1,3,1,0,1,0,0,0,0,0,0,0,0,0,0,1,1,0,0,2,2,0,0,1,1,0,0,0,0,0,0,0,0,2,1,1,1,0,0,7,6
48 - Λέσβου,216 E.T. Δήμου Λήμνου,527,187,7,0,7,180,79,27,1,25,7,9,38,5,17,3,4,2,17,0,0,1,14,0,13,0,1,0,11,0,6,1,1,2,0,2,4,1,0,1,5,4,0,0,0,0,0,1,0,0,0,0,0,0,0,0,0,3,2,0,0,1,1,0,0,0,0,0,0,0,0,0,0,0,0,1,0,0,0,0,0,5,2,2,1,0,0,1,0,2,0,0,0,0,0,4,3
48 - Λέσβου,217 E.T. Δήμου Λήμνου,416,155,2,1,3,152,69,16,1,19,5,19,22,3,6,1,3,1,24,0,1,0,16,2,27,1,1,0,24,0,1,0,0,0,0,1,1,0,0,0,0,0,0,0,0,0,0,2,0,1,0,0,0,0,0,0,0,0,0,0,0,0,0,1,1,0,0,0,0,0,0,2,1,0,0,0,0,0,0,0,0,1,0,0,0,0,1,1,0,0,0,0,0,0,0,1,0
48 - Λέσβου,218 E.T. Δήμου Λήμνου,425,146,7,2,9,137,46,18,5,8,0,10,14,3,3,0,1,1,46,1,13,0,24,2,13,0,0,0,9,0,3,1,0,0,0,1,2,0,0,1,2,1,0,0,0,0,0,0,0,0,0,1,0,0,0,0,0,0,0,0,0,0,0,1,0,0,0,0,0,0,0,1,1,0,0,1,0,0,0,1,0,0,0,0,0,0,0,1,1,2,1,0,0,0,0,3,1
48 - Λέσβου,219 E.T. Δήμου Λήμνου,467,189,5,3,8,181,86,19,1,15,8,26,24,5,5,0,5,6,23,1,5,1,11,0,14,0,1,1,8,1,7,1,1,0,0,5,1,0,0,1,0,0,2,0,0,0,0,1,0,0,0,3,2,0,0,0,0,5,3,1,0,0,0,0,0,0,0,0,0,0,0,0,0,0,0,3,1,1,1,1,1,0,0,0,0,0,0,2,0,2,0,2,2,0,0,5,1
48 - Λέσβου,220 E.T. Δήμου Λήμνου,463,176,4,7,11,165,59,11,4,15,2,17,21,2,6,0,5,2,35,0,9,0,21,1,8,0,0,0,4,1,12,1,1,0,0,8,6,2,3,0,0,0,0,0,0,0,0,1,1,0,0,2,0,1,1,0,0,3,0,0,1,2,1,1,1,0,0,0,0,0,0,0,0,0,0,2,0,0,0,0,0,3,0,1,0,0,1,2,1,0,0,0,0,0,0,7,3
48 - Λέσβου,221 E.T. Δήμου Λήμνου,165,60,3,0,3,57,22,4,0,9,3,3,5,1,2,0,0,1,18,0,0,0,16,2,3,1,0,0,2,0,1,0,0,0,0,0,0,0,0,0,0,0,1,1,0,0,0,0,0,0,0,0,0,0,0,0,0,1,0,0,0,1,1,0,0,0,0,0,0,0,0,1,1,0,0,0,0,0,0,0,0,4,1,0,0,0,0,0,0,0,0,0,0,0,0,0,0
48 - Λέσβου,222 E.T. Δήμου Λήμνου,606,257,2,5,7,250,103,29,6,24,0,32,26,5,4,1,1,6,46,4,2,1,36,1,10,0,1,0,6,1,39,2,1,0,1,35,2,0,0,0,4,3,2,0,2,0,0,0,0,0,0,0,0,5,0,0,4,8,3,1,0,1,1,0,0,0,0,0,0,0,0,1,0,0,0,1,1,0,0,0,0,0,0,0,0,0,0,0,0,0,0,0,0,0,0,2,1
48 - Λέσβου,223 E.T. Δήμου Λήμνου,446,209,4,2,6,203,68,20,1,10,3,31,41,7,12,1,13,4,40,1,7,0,30,1,14,0,1,0,11,0,19,1,1,3,0,13,3,1,0,0,2,2,1,0,0,0,0,1,0,0,1,1,1,0,0,0,0,1,0,0,0,0,0,0,0,0,0,0,0,0,0,0,0,0,0,1,0,0,0,1,0,1,0,0,0,0,0,1,1,1,1,2,1,0,0,5,4
48 - Λέσβου,224 E.T. Δήμου Λήμνου,493,152,3,0,3,149,71,22,4,27,4,9,23,3,4,1,5,4,21,1,2,0,15,0,13,1,0,1,10,0,9,1,1,0,0,5,1,0,1,0,0,0,0,0,0,0,0,0,0,0,0,0,0,0,0,0,0,1,0,0,1,0,0,0,0,0,0,0,0,1,1,0,0,0,0,4,0,0,3,0,0,0,0,0,0,0,0,0,0,1,1,0,0,0,0,4,2
48 - Λέσβου,225 E.T. Δήμου Λήμνου,307,59,2,1,3,56,17,7,0,3,2,1,13,1,4,2,2,0,13,0,0,1,10,1,8,0,1,0,6,0,1,0,0,0,0,1,0,0,0,0,1,0,0,0,0,0,0,0,0,0,0,2,1,0,0,0,0,0,0,0,0,0,0,0,0,0,0,0,0,0,0,0,0,0,0,0,0,0,0,0,0,0,0,0,0,0,0,0,0,0,0,0,0,0,0,1,1
48 - Λέσβου,226 E.T. Δήμου Λήμνου,363,163,7,4,11,152,55,17,2,10,2,5,25,3,3,0,1,6,28,4,4,2,10,2,11,2,0,1,5,0,8,0,0,2,1,1,4,0,2,1,5,1,0,0,0,0,0,1,1,0,0,1,0,2,0,1,0,5,2,1,0,0,0,1,0,0,0,0,0,0,0,0,0,0,0,1,0,1,0,2,1,1,0,0,0,0,0,0,0,1,1,1,1,0,0,0,0
48 - Λέσβου,227 E.T. Δήμου Λήμνου,271,102,2,1,3,99,49,16,0,16,1,3,12,2,1,2,0,3,18,2,4,0,7,0,5,0,0,0,5,0,0,0,0,0,0,0,3,0,1,1,5,3,0,0,0,0,0,0,0,0,0,1,1,1,1,0,0,1,0,1,0,0,0,0,0,0,0,0,0,0,0,0,0,0,0,0,0,0,0,0,0,0,0,0,0,0,0,0,0,3,1,1,1,0,0,0,0
48 - Λέσβου,228 E.T. Δήμου Λήμνου,191,55,1,0,1,54,11,7,1,0,1,0,9,2,0,0,4,2,14,0,0,3,6,0,8,0,0,0,8,0,11,0,0,0,0,11,0,0,0,0,0,0,0,0,0,0,0,0,0,0,0,0,0,0,0,0,0,1,0,1,0,0,0,0,0,0,0,0,0,0,0,0,0,0,0,0,0,0,0,0,0,0,0,0,0,0,0,0,0,0,0,0,0,0,0,0,0
48 - Λέσβου,229 E.T. Δήμου Λήμνου,192,55,2,0,2,53,15,4,1,7,0,0,6,0,0,0,0,3,14,0,5,0,9,0,11,0,0,0,9,1,5,0,0,0,1,3,0,0,0,0,0,0,1,1,0,0,0,0,0,0,0,0,0,0,0,0,0,0,0,0,0,0,0,0,0,0,0,0,0,0,0,0,0,0,0,0,0,0,0,0,0,1,1,0,0,0,0,0,0,0,0,0,0,0,0,0,0
48 - Λέσβου,230 E.T. Δήμου Λήμνου,602,292,7,2,9,283,128,24,1,38,19,18,22,3,8,0,2,3,50,1,1,1,43,0,20,0,0,0,16,1,14,0,1,2,0,5,8,3,3,0,0,0,3,1,0,0,0,0,0,0,0,3,3,7,0,0,2,10,4,1,2,0,0,1,0,0,0,0,0,0,0,1,1,0,0,3,1,0,1,2,1,0,0,0,0,0,0,1,0,1,0,2,0,0,0,7,5
48 - Λέσβου,231 E.T. Δήμου Λήμνου,547,252,1,1,2,250,110,35,3,34,18,12,34,2,13,0,9,6,44,2,2,2,34,0,38,0,0,0,35,0,4,0,1,0,0,1,3,0,1,0,0,0,0,0,0,0,0,1,0,0,0,1,0,0,0,0,0,1,0,0,1,0,0,0,0,0,0,0,0,0,0,2,2,0,0,3,1,0,0,0,0,2,0,0,0,0,0,1,1,0,0,0,0,0,0,6,5
48 - Λέσβου,232 E.T. Δήμου Λήμνου,553,198,3,0,3,195,91,22,1,35,12,8,24,1,11,0,6,4,28,0,0,2,26,0,23,0,1,0,21,0,8,2,2,0,0,1,2,0,1,0,2,1,0,0,0,0,0,0,0,0,0,0,0,1,0,1,0,3,1,1,1,0,0,0,0,0,0,0,0,0,0,4,4,0,0,0,0,0,0,3,1,3,2,0,0,0,1,0,0,0,0,1,1,1,1,1,1
48 - Λέσβου,233 E.T. Δήμου Λήμνου,563,239,1,3,4,235,91,13,2,43,6,13,27,3,14,2,5,2,54,0,5,4,43,0,24,0,0,0,21,0,8,1,1,1,0,2,3,1,2,0,1,0,0,0,0,1,0,0,0,0,0,2,2,2,1,0,1,7,1,2,1,0,0,0,0,0,0,0,0,0,0,0,0,0,0,0,0,0,0,1,1,1,0,0,0,1,0,2,2,2,0,2,2,0,0,7,5
48 - Λέσβου,234 E.T. Δήμου Λήμνου,548,235,5,1,6,229,95,47,1,22,6,13,30,1,11,0,11,1,43,0,0,1,38,1,30,0,0,0,27,0,3,1,0,0,1,1,5,3,0,1,0,0,1,0,0,0,0,1,0,1,0,0,0,2,0,1,0,7,2,0,2,0,0,0,0,0,0,0,0,0,0,1,1,0,0,0,0,0,0,1,0,0,0,0,0,0,0,1,0,2,0,1,0,0,0,6,3
48 - Λέσβου,235 E.T. Δήμου Λήμνου,539,227,3,1,4,223,89,23,1,46,7,5,29,1,14,0,2,5,46,0,0,1,36,2,24,0,0,0,23,0,7,1,2,0,0,2,8,1,6,0,2,2,0,0,0,0,0,0,0,0,0,1,0,3,0,0,0,5,2,1,1,0,0,0,0,0,0,0,0,1,1,3,3,0,0,1,0,0,0,1,1,0,0,0,0,0,0,0,0,0,0,1,0,0,0,2,1
48 - Λέσβου,236 E.T. Δήμου Λήμνου,532,230,3,2,5,225,95,29,1,39,10,7,33,1,8,2,12,3,33,0,0,0,32,0,33,1,1,0,28,0,3,1,1,0,0,0,7,3,1,1,3,2,0,0,0,0,0,0,0,0,0,1,1,6,2,1,3,3,2,0,0,0,0,0,0,0,0,0,0,0,0,0,0,0,0,3,1,0,0,1,1,0,0,0,0,0,0,1,0,0,0,0,0,0,0,3,2
48 - Λέσβου,237 E.T. Δήμου Λήμνου,542,238,4,1,5,233,88,29,2,27,18,8,34,2,14,0,3,6,35,0,1,0,33,1,34,1,0,1,29,0,7,1,0,1,0,2,8,1,3,0,4,2,0,0,0,0,0,0,0,0,0,0,0,1,1,0,0,6,1,3,1,0,0,2,0,0,0,0,0,0,0,2,2,0,0,2,1,0,0,0,0,2,2,0,0,0,0,1,0,0,0,2,2,0,0,5,2
48 - Λέσβου,238 E.T. Δήμου Λήμνου,567,246,2,3,5,241,94,26,4,28,12,10,36,5,10,1,5,2,44,1,1,0,38,0,26,2,0,0,22,0,7,1,1,2,0,2,3,1,0,1,4,4,0,0,0,0,0,0,0,0,0,2,1,1,0,0,1,9,3,2,3,0,0,0,0,0,0,0,0,0,0,3,3,0,0,0,0,0,0,2,0,1,0,0,0,0,0,0,0,0,0,4,2,0,0,5,2
48 - Λέσβου,239 E.T. Δήμου Λήμνου,540,187,0,0,0,187,72,19,0,32,5,11,29,0,10,1,4,6,36,1,0,0,34,0,18,0,0,0,16,0,4,0,1,0,0,1,6,0,3,0,1,0,1,0,1,0,0,0,0,0,0,1,1,2,1,0,1,5,3,0,0,1,0,1,0,0,1,0,0,0,0,1,1,0,0,0,0,0,0,1,1,0,0,0,0,0,0,0,0,1,0,1,0,1,1,5,3
48 - Λέσβου,240 E.T. Δήμου Λήμνου,479,159,1,1,2,157,77,14,0,21,18,10,26,1,9,2,8,5,24,0,1,2,19,0,13,0,0,0,12,0,3,0,0,1,0,0,1,0,0,0,2,2,0,0,0,0,0,0,0,0,0,2,0,0,0,0,0,2,0,1,1,0,0,0,0,0,0,0,0,0,0,1,1,0,0,1,1,0,0,0,0,1,1,0,0,0,0,1,0,2,1,0,0,0,0,1,1
48 - Λέσβου,241 E.T. Δήμου Λήμνου,469,157,5,0,5,152,89,25,2,42,4,11,14,5,2,0,3,3,33,3,1,1,24,1,10,1,0,0,8,1,2,0,0,0,0,2,0,0,0,0,0,0,1,1,0,0,0,0,0,0,0,0,0,0,0,0,0,2,1,0,0,0,0,0,0,0,0,0,0,0,0,0,0,0,0,0,0,0,0,0,0,0,0,0,0,0,0,0,0,0,0,0,0,1,1,0,0
48 - Λέσβου,242 E.T. Δήμου Λήμνου,450,161,0,3,3,158,87,33,0,41,3,8,23,3,3,1,7,4,26,1,0,4,20,0,7,0,0,1,6,0,3,2,0,0,0,0,0,0,0,0,4,4,0,0,0,0,0,1,1,0,0,1,0,0,0,0,0,1,1,0,0,0,0,0,0,0,0,0,0,0,0,0,0,0,0,1,0,1,0,0,0,1,0,0,0,1,0,0,0,0,0,0,0,0,0,3,2
48 - Λέσβου,243 E.T. Δήμου Λήμνου,496,295,3,11,14,281,77,23,1,29,8,7,29,6,6,0,8,4,28,1,2,1,21,0,103,1,6,0,78,2,13,5,1,1,0,0,6,1,1,1,2,1,1,0,0,0,0,1,0,1,0,3,2,1,0,1,0,7,2,1,2,0,0,0,0,0,0,0,0,0,0,0,0,0,0,2,0,0,1,0,0,1,0,0,0,0,0,1,0,1,0,0,0,0,0,5,1
48 - Λέσβου,244 E.T. Δήμου Λήμνου,453,253,5,5,10,243,68,16,3,25,3,7,16,2,3,1,2,3,20,2,1,0,11,2,103,1,4,0,89,1,10,1,0,0,0,2,3,0,3,0,1,0,1,0,0,0,0,2,1,0,0,0,0,0,0,0,0,10,5,0,1,1,1,0,0,0,0,0,0,1,0,1,1,0,0,0,0,0,0,0,0,2,1,0,0,0,0,0,0,1,1,2,1,0,0,1,0
48 - Λέσβου,245 E.T. Δήμου Λήμνου,476,185,3,1,4,181,86,24,1,22,9,20,20,3,5,1,7,2,25,0,0,1,19,2,28,0,3,0,23,0,4,1,1,0,0,1,2,2,0,0,1,1,2,0,1,0,0,0,0,0,0,1,1,0,0,0,0,3,0,2,0,0,0,0,0,0,0,0,0,1,0,1,0,1,0,0,0,0,0,2,2,0,0,0,0,0,0,0,0,2,2,0,0,0,0,3,1
48 - Λέσβου,246 E.T. Δήμου Λήμνου,416,179,9,2,11,168,72,15,0,35,7,4,24,5,3,1,4,2,28,2,2,0,20,0,7,0,0,0,5,0,11,3,1,1,0,3,7,0,1,0,2,2,0,0,0,0,0,1,0,1,0,0,0,2,2,0,0,2,0,0,0,1,1,0,0,0,0,0,0,0,0,1,1,0,0,1,0,0,0,0,0,0,0,0,0,0,0,0,0,3,1,2,1,0,0,4,3
48 - Λέσβου,247 E.T. Δήμου Λήμνου,403,173,7,2,9,164,80,9,3,46,6,9,29,2,8,1,6,3,19,1,1,0,16,0,6,0,0,0,6,0,6,1,0,1,1,0,7,2,2,1,2,1,1,1,0,0,0,1,0,0,1,0,0,2,0,0,2,4,3,0,1,1,0,0,0,0,0,0,0,0,0,0,0,0,0,0,0,0,0,1,1,0,0,0,0,0,0,1,0,1,1,2,2,0,0,1,1
48 - Λέσβου,248 E.T. Δήμου Λήμνου,279,157,10,1,11,146,71,21,8,18,4,8,18,3,11,0,3,1,19,2,3,1,12,0,10,2,0,0,7,0,11,2,0,0,1,5,2,0,2,0,0,0,0,0,0,0,0,0,0,0,0,4,3,0,0,0,0,2,1,0,1,1,0,0,0,0,0,0,0,0,0,2,1,1,0,0,0,0,0,0,0,1,0,1,0,0,0,0,0,1,1,1,1,0,0,3,2
48 - Λέσβου,249 E.T. Δήμου Λήμνου,419,222,15,2,17,205,81,9,3,25,6,13,34,5,15,1,4,1,20,0,0,2,14,0,9,1,0,1,5,0,16,5,2,1,2,1,2,1,0,0,4,4,0,0,0,0,0,3,2,0,0,4,2,5,1,0,2,8,2,0,2,1,0,0,0,0,0,0,0,0,0,0,0,0,0,0,0,0,0,2,2,2,1,0,0,0,0,1,0,1,0,3,1,0,0,9,7
48 - Λέσβου,250 E.T. Δήμου Λήμνου,579,128,5,3,8,120,42,13,3,8,6,5,18,6,4,1,1,2,33,2,2,1,23,0,6,0,3,1,1,0,7,2,0,2,1,0,2,1,0,0,1,0,0,0,0,0,0,0,0,0,0,1,0,0,0,0,0,2,1,1,0,1,0,0,0,0,0,0,0,0,0,0,0,0,0,1,0,0,1,1,0,1,0,0,0,0,1,0,0,0,0,1,1,0,0,3,3
48 - Λέσβου,251 E.T. Δήμου Λήμνου,574,133,4,2,6,127,56,14,1,16,4,12,12,3,2,1,3,1,28,2,1,5,20,0,14,2,3,0,8,0,6,2,0,2,1,0,1,1,0,0,1,1,1,1,0,0,0,0,0,0,0,0,0,0,0,0,0,0,0,0,0,1,1,0,0,0,0,1,1,0,0,0,0,0,0,2,1,0,1,2,2,0,0,0,0,0,0,0,0,0,0,0,0,0,0,2,1
48 - Λέσβου,252 E.T. Δήμου Λήμνου,571,111,5,0,5,106,30,10,1,5,2,8,15,3,4,1,6,0,34,1,2,2,26,0,9,1,1,1,6,0,3,1,0,0,1,0,1,0,1,0,1,0,0,0,0,0,0,0,0,0,0,0,0,1,0,1,0,3,0,0,0,0,0,0,0,0,0,0,0,0,0,1,0,1,0,0,0,0,0,1,0,2,1,0,1,0,0,2,2,0,0,0,0,0,0,3,2
48 - Λέσβου,253 E.T. Δήμου Λήμνου,497,153,5,3,8,145,63,21,3,17,5,9,23,4,8,2,3,2,23,2,2,4,11,2,5,0,1,0,2,0,8,1,2,1,0,0,7,2,1,0,2,2,0,0,0,0,0,2,0,1,0,0,0,3,1,1,0,0,0,0,0,0,0,0,0,0,0,0,0,0,0,0,0,0,0,0,0,0,0,1,1,1,0,0,1,0,0,0,0,1,0,2,2,0,0,4,2
48 - Λέσβου,254 E.T. Δήμου Λήμνου,584,264,9,4,13,251,118,20,6,38,8,37,15,2,5,0,4,0,41,2,3,1,34,0,27,2,0,0,22,0,20,3,3,2,1,4,5,0,3,1,2,1,0,0,0,0,0,0,0,0,0,2,2,0,0,0,0,3,1,1,1,0,0,0,0,0,0,0,0,0,0,0,0,0,0,1,0,1,0,1,0,3,1,0,0,0,0,1,1,3,2,3,2,0,0,6,4
48 - Λέσβου,255 E.T. Δήμου Λήμνου,146,49,0,0,0,49,27,8,0,9,2,2,7,2,3,0,1,1,7,1,1,0,5,0,3,0,0,0,2,0,3,0,1,0,0,2,0,0,0,0,0,0,0,0,0,0,0,0,0,0,0,1,1,0,0,0,0,0,0,0,0,0,0,0,0,0,0,0,0,0,0,0,0,0,0,0,0,0,0,0,0,1,0,0,1,0,0,0,0,0,0,0,0,0,0,0,0
48 - Λέσβου,256 E.T. Δήμου Λήμνου,524,153,5,2,7,146,60,15,1,8,3,25,20,1,8,2,3,0,28,2,3,1,18,0,12,0,2,0,8,0,9,1,1,0,1,2,3,0,1,0,1,1,0,0,0,0,0,0,0,0,0,0,0,2,0,1,0,5,0,2,0,0,0,1,0,0,0,0,0,0,0,0,0,0,0,3,0,2,0,0,0,0,0,0,0,0,0,0,0,0,0,2,1,0,0,0,0
48 - Λέσβου,257 E.T. Δήμου Λήμνου,364,110,0,1,1,109,36,12,3,14,2,5,15,2,2,0,4,4,29,0,6,6,17,0,12,0,0,0,11,0,4,2,1,0,0,0,0,0,0,0,1,1,0,0,0,0,0,0,0,0,0,2,2,0,0,0,0,2,0,2,0,0,0,0,0,0,0,0,0,0,0,3,3,0,0,1,0,0,0,0,0,0,0,0,0,0,0,0,0,0,0,0,0,1,1,3,2
48 - Λέσβου,258 E.T. Δήμου Λήμνου,364,72,3,2,5,67,23,4,0,9,0,4,2,0,1,0,1,0,27,1,0,7,17,1,11,0,0,0,9,0,0,0,0,0,0,0,0,0,0,0,0,0,1,0,0,0,0,0,0,0,0,1,0,0,0,0,0,1,1,0,0,0,0,0,0,0,0,0,0,0,0,0,0,0,0,1,1,0,0,0,0,0,0,0,0,0,0,0,0,0,0,0,0,0,0,0,0
48 - Λέσβου,Ετερ. Λέσβου (από 27ο Ε.Τ. Νομ. Θεσσαλονικης),244,179,1,3,4,175,60,18,5,5,11,12,44,10,7,1,11,7,17,3,5,2,2,3,21,0,7,1,6,2,4,1,1,0,0,0,6,4,2,0,1,0,0,0,0,0,0,1,0,0,0,2,1,0,0,0,0,9,4,1,0,0,0,0,0,0,0,0,0,1,0,0,0,0,0,1,0,0,1,1,0,0,0,0,0,0,0,2,2,0,0,0,0,0,0,5,1
48 - Λέσβου,Ετερ. Λέσβου (από Εφετείο Θεσσαλονίκης),43,25,0,0,0,25,9,4,1,0,1,2,4,0,0,0,3,0,3,1,0,0,1,1,3,1,0,0,1,1,0,0,0,0,0,0,2,1,0,0,0,0,0,0,0,0,0,0,0,0,0,0,0,0,0,0,0,2,0,1,1,0,0,0,0,0,0,0,0,0,0,0,0,0,0,0,0,0,0,0,0,1,0,0,1,0,0,1,1,0,0,0,0,0,0,0,0
48 - Λέσβου,Ετερ. Λέσβου (από 120ο Ε.Τ. Νομ. Αττικης-Αθηνών),524,373,0,2,2,371,133,49,12,14,23,12,87,14,10,1,37,9,37,5,9,9,3,5,66,3,33,4,3,7,11,3,0,2,0,3,7,5,0,0,0,0,0,0,0,0,0,1,1,0,0,0,0,3,1,0,0,8,1,1,3,0,0,0,0,0,0,0,0,0,0,0,0,0,0,4,1,1,1,0,0,9,1,2,0,0,2,2,1,0,0,0,0,0,0,3,3
48 - Λέσβου,Ετερ. Λέσβου (από 121ο Ε.Τ. Νομ. Αττικης-Αθηνών),526,363,4,1,5,358,130,43,11,12,32,17,66,8,6,5,24,10,37,2,9,8,9,4,68,9,29,6,4,6,11,3,2,3,0,1,15,6,5,2,1,0,0,0,0,0,0,3,0,2,1,1,1,1,0,1,0,11,2,2,3,0,0,0,0,0,0,0,0,0,0,0,0,0,0,0,0,0,0,0,0,4,3,0,1,0,0,0,0,0,0,0,0,0,0,10,8
48 - Λέσβου,Ετερ. Λέσβου (από 122ο Ε.Τ. Νομ. Αττικης-Αθηνών),518,355,1,1,2,353,140,49,14,12,27,25,80,11,5,6,21,13,27,3,7,11,1,3,58,4,28,6,4,8,7,1,2,1,0,1,9,2,2,0,0,0,0,0,0,0,0,2,0,0,0,0,0,2,0,0,0,10,4,1,2,0,0,0,0,0,0,0,0,0,0,1,0,1,0,2,0,1,0,1,1,3,2,0,0,0,1,0,0,0,0,0,0,0,0,11,8
48 - Λέσβου,Ετερ. Λέσβου (από 123ο Ε.Τ. Νομ. Αττικης-Αθηνών),530,334,5,2,7,327,115,39,13,11,24,14,76,8,2,6,30,16,38,6,3,13,6,2,45,5,23,4,4,6,16,4,1,3,0,5,11,4,3,1,2,2,1,1,0,0,0,1,1,0,0,0,0,0,0,0,0,8,3,1,2,0,0,0,0,0,0,0,0,0,0,0,0,0,0,1,0,0,1,2,1,2,0,0,0,0,0,2,1,0,0,0,0,0,0,7,2
48 - Λέσβου,Ετερ. Λέσβου (από 124ο Ε.Τ. Νομ. Αττικης-Αθηνών),522,371,3,0,3,368,156,63,14,14,35,21,82,24,1,6,26,15,30,2,7,6,3,7,49,5,22,3,3,5,7,3,0,2,0,1,9,3,4,0,0,0,0,0,0,0,0,4,1,3,0,1,1,3,1,1,0,5,2,0,1,0,0,0,0,0,0,0,0,1,0,2,1,1,0,2,0,1,0,2,2,5,0,1,3,0,0,2,1,0,0,0,0,0,0,8,5
48 - Λέσβου,Ετερ. Λέσβου (από 20ο Ε.Τ. Νομ. Αττικης-Πειραιώς),268,183,10,1,11,172,54,24,8,5,3,5,37,7,5,1,12,6,10,4,0,0,4,1,27,3,9,3,1,4,8,0,1,2,3,0,3,1,0,2,1,1,1,0,1,0,0,2,0,0,0,2,1,2,0,1,0,5,0,1,1,0,0,0,0,0,0,0,0,0,0,0,0,0,0,1,0,0,0,2,0,2,0,0,1,0,1,3,2,0,0,0,0,0,0,12,7
Σύνολο,,126463,59132,1312,451,1763,57369,23239,10402,1475,1450,2706,5217,9131,923,522,1006,3424,1964,8339,1351,2143,1419,1296,1435,7456,869,2616,954,846,1252,1964,412,186,236,124,414,1057,506,229,72,462,305,142,68,26,15,7,224,47,46,51,298,170,354,68,59,111,1241,279,175,483,60,26,88,16,32,15,8,6,64,30,85,52,13,3,234,49,36,51,204,124,875,148,150,106,74,228,197,120,242,121,198,111,177,115,1015,635
