ΠΕΡΙΦΕΡΕΙΑ,ΕΚΛΟΓΙΚΟ ΤΜΗΜΑ,ΕΓΓΕΓΡΑΜΜΕΝΟΙ,ΨΗΦΙΣΑΝΤΕΣ,ΑΚΥΡΑ,ΛΕΥΚΑ,ΑΚΥΡΑ & ΛΕΥΚΑ,ΕΓΚΥΡΑ,Νέα Δημοκρατία,ΓΙΑΝΝΑΚΗΣ ΣΤΕΡΓΙΟΣ του Κωνσταντίνου,ΚΑΤΣΙΚΟΒΟΡΔΟΥ ΜΑΡΙΑ του Ιωάννη,ΚΥΡΙΑΚΗΣ ΣΠΥΡΙΔΩΝ του Γεωργίου,ΜΠΕΪΝΤΑΡΗ ΙΩΑΝΝΑ του Ιωάννη,ΣΥΡΙΖΑ,ΛΕΛΟΒΙΤΗΣ ΠΑΝΑΓΙΩΤΗΣ του Ιωάννη,ΜΑΡΚΟΥ ΜΑΡΙΑ του Ευάγγελου,ΜΠΑΡΚΑΣ ΚΩΝΣΤΑΝΤΙΝΟΣ του Θεοφάνη,ΡΕΒΙΣΙΟΥ ΔΗΜΗΤΡΟΥΛΑ του Νικολάου,ΠΑΣΟΚ-Κίνημα Αλλαγής,ΒΑΡΤΕΛΑΤΟΥ ΣΤΥΛΙΑΝΗ του Πέτρου,ΔΗΜΗΤΡΙΟΥ ΓΕΩΡΓΙΟΣ του Δημητρίου,ΦΡΑΓΚΟΥΛΗΣ ΠΑΥΛΟΣ του Γεωργίου,ΧΗΤΑ ΜΑΡΙΑ του Βησσαρίωνα,Κ.Κ.Ε.,ΑΜΑΡΑΝΤΟΣ ΣΤΑΥΡΟΣ του Ελευθερίου,ΜΑΛΕΖΑ ΖΗΝΟΒΙΑ (ΖΗΝΑ) του Ευσταθίου,ΠΟΥΜΠΗΣ ΓΕΩΡΓΙΟΣ του Ιωάννη,ΤΖΙΜΑ ΜΑΡΙΑ του Σπυρίδωνα,Ελληνική Λύση - Κ. Βελόπουλος,ΚΩΝΣΤΑΝΤΙΝΙΔΗΣ ΕΥΡΙΠΙΔΗΣ του Ιωάννη,ΠΑΠΑΔΟΠΟΥΛΟΥ ΚΩΝΣΤΑΝΤΙΑ του Κυριάκου,ΠΑΠΟΥΛΙΔΟΥ ΕΛΠΙΔΑ του Γεωργίου,ΜέΡΑ25-ΣΥΜΜΑΧΙΑ ΓΙΑ ΤΗ ΡΗΞΗ,ΖΗΚΙΔΗ ΑΝΤΙΓΟΝΗ του Τιμολέοντος,ΛΑΪΝΑ ΠΑΡΘΕΝΙΑ του Νικολάου,ΛΙΒΙΕΡΑΤΟΣ ΝΙΚΟΛΑΟΣ του Ηλία,ΝΙΚΟΥ ΕΡΩΤΟΚΡΙΤΟΣ του Διονυσίου,ΕΝΩΝΩ ΣΥΜΜΑΧΙΑ ΕΛΕΥΘΕΡΙΑΣ,ΠΑΠΟΥΤΣΗΣ ΚΩΝΣΤΑΝΤΙΝΟΣ του Χρήστου,Κ.Κ.Ε. (μ-λ),ΜΟΥΚΑΣ ΒΑΣΙΛΕΙΟΣ του Ιωάννη,Ο.Κ.Δ.Ε.,ΖΑΚΑΣ ΧΡΗΣΤΟΣ του Γρηγορίου,ΑΝΤ.ΑΡ.ΣΥ.Α.,ΓΚΟΥΓΙΑΝΟΥ- ΖΙΑΚΑ ΠΕΛΑΓΙΑ του Δημητρίου,ΜΑΝΙΚΑΣ ΔΗΜΟΣΘΕΝΗΣ του Σταύρου,ΝΑΝΟΣ ΕΥΑΓΓΕΛΟΣ του Σωτηρίου,ΣΙΑΦΑΚΑ ΑΘΗΝΑ του Γεωργίου,Κίνημα 21,ΝΤΟΣΤΑΣ ΓΕΩΡΓΙΟΣ του Χαρίση,ΕΘΝΙΚΗ ΔΗΜΙΟΥΡΓΙΑ,ΠΑΛΤΑΟΓΛΟΥ ΠΑΝΑΓΙΩΤΑ του Γεωργίου,ΠΑΠΑΚΩΣΤΑΣ ΓΕΩΡΓΙΟΣ του Χρήστου,ΝΙΚΗ,ΚΑΤΣΙΜΠΟΥΡΔΑΣ ΔΗΜΗΤΡΙΟΣ του Αθανασίου,ΜΟΝΔΕΛΟΥ ΑΝΤΙΓΟΝΗ του Αναστασίου,κοινωνία αξιών,ΤΣΕΛΑΛΙΔΟΥ ΧΡΥΣΑΝΘΗ (ΧΡΥΣΑ) του Ευσταθίου,ΒΟΡΕΙΑ ΛΕΓΚΑ - ΚΡΑΜΑ,ΚΥΡΙΑΚΟΥ ΒΑΣΙΛΕΙΟΣ του Νικολάου,Ο.Α.Κ.Κ.Ε.,ΔΕΛΗΝΑΟΥΜΗΣ ΚΩΝΣΤΑΝΤΙΝΟΣ του Αλεξάνδρου,Μ-Λ Κ.Κ.Ε.,ΑΘΑΝΑΣΙΟΥ ΧΡΥΣΑΝΘΗ του Παντελή,Ελλήνων Συνέλευσις,ΚΑΤΣΑΡΟΥ ΑΜΑΛΙΑ του Σωκράτη,ΜΑΖΗΣ ΙΩΑΝΝΗΣ του Αθανασίου,Ένωση Κεντρώων,ΧΑΤΖΗΣ ΙΩΑΝΝΗΣ του Παναγιώτη,ΤΩΡΑ ΟΛΟΙ ΜΑΖΙ (Τ.ΟΛ.ΜΑ),ΔΡΑΓΟΥΜΑΝΙΩΤΗ ΕΥΓΕΝΙΑ του Αθανασίου,ΣΥΜΜΑΧΙΑ ΑΝΑΤΡΟΠΗΣ,ΣΑΛΙΑΡΗ ΕΥΓΕΝΙΑ του Ηλία,ΣΙΑΡΚΟΣ ΔΗΜΗΤΡΙΟΣ του Γεωργίου,ΕΛΕΥΘΕΡΟΙ ΞΑΝΑ,ΚΑΡΑΘΑΝΑΣΗ ΙΩΑΝΝΑ του Θεόδωρου,ΠΝΟΗ ΔΗΜΟΚΡΑΤΙΑΣ,ΤΑΓΚΑΣ ΧΡΗΣΤΟΣ του Δημητρίου,ΠΡΑΣΙΝΟ ΚΙΝΗΜΑ,ΤΖΑΚΟΥ ΠΟΛΥΞΕΝΗ του Πέτρου,ΤΟΛΗΣ ΓΕΩΡΓΙΟΣ του Κωνσταντίνου,ΕΝΟΤΗΤΑ - ΑΛΗΘΕΙΑ ΕΝ.Α,ΣΟΛΔΑΤΟΥ ΕΙΡΗΝΗ του Ζώη,Πλεύση Ελευθερίας - Ζωή Κωνστ.,ΤΣΕΤΣΟΥ ΑΝΘΟΥΛΑ του Βασιλείου
21 - Πρέβεζας,1 E.T. Δήμου Ζηρού,286,167,0,0,0,167,118,32,1,75,6,17,4,1,8,2,4,0,0,1,3,1,1,0,0,0,5,1,0,0,1,0,0,0,0,1,1,0,0,0,0,0,0,0,0,0,2,2,3,0,2,6,3,0,0,0,0,0,0,0,0,0,0,0,0,0,0,0,0,1,0,0,1,0,1,0,0,0,0,1,1,5,1
21 - Πρέβεζας,2 E.T. Δήμου Ζηρού,499,266,2,2,4,262,144,53,7,67,3,55,1,11,31,0,13,3,2,3,3,3,0,1,1,0,6,2,0,0,3,0,1,0,1,7,6,0,0,0,0,4,1,3,0,0,0,0,19,0,19,3,2,1,0,0,0,0,0,0,0,0,0,0,0,0,0,0,0,3,2,0,0,0,0,0,0,0,0,0,0,2,2
21 - Πρέβεζας,3 E.T. Δήμου Ζηρού,510,251,2,1,3,248,150,41,5,83,7,40,1,3,27,1,14,1,1,0,9,0,0,0,0,0,4,0,1,1,7,2,1,0,1,1,1,1,0,0,0,1,0,0,0,0,1,0,18,0,18,5,1,2,0,0,0,0,0,0,0,0,1,0,0,1,0,0,0,0,0,0,0,0,0,0,0,0,0,1,0,3,1
21 - Πρέβεζας,4 E.T. Δήμου Ζηρού,161,67,0,0,0,67,30,17,2,5,2,16,3,0,9,0,10,0,0,7,1,2,0,1,0,0,1,0,1,0,2,1,0,0,0,2,2,0,0,0,0,0,0,0,0,0,0,0,0,0,0,2,0,2,0,0,0,0,0,0,0,0,0,0,0,0,0,0,0,0,0,0,0,0,0,0,0,0,0,0,0,2,2
21 - Πρέβεζας,5 E.T. Δήμου Ζηρού,408,208,5,2,7,201,80,23,0,49,1,57,10,3,32,1,30,5,2,13,5,8,0,0,0,4,3,1,1,0,8,2,0,1,0,3,3,0,0,0,0,1,0,0,1,0,0,0,1,1,0,0,0,0,0,0,0,0,0,0,0,0,0,0,0,1,0,0,0,3,3,0,0,0,1,1,1,1,0,1,0,3,0
21 - Πρέβεζας,6 E.T. Δήμου Ζηρού,418,254,4,1,5,249,112,37,4,69,2,56,12,3,27,2,27,4,6,9,7,19,2,2,0,11,4,3,0,0,5,0,2,0,1,3,3,1,0,0,0,3,0,2,0,0,5,2,5,0,2,0,0,0,0,0,0,0,0,0,0,0,1,1,0,1,1,0,0,0,0,0,0,0,0,0,2,1,1,3,1,2,2
21 - Πρέβεζας,7 E.T. Δήμου Ζηρού,421,254,2,1,3,251,107,39,4,48,3,43,9,9,12,0,26,4,1,13,4,32,2,3,0,13,6,1,1,2,4,1,0,1,2,8,6,2,1,0,0,3,0,0,1,0,2,2,1,0,0,2,0,0,3,1,0,0,0,0,0,0,4,0,4,1,0,0,0,0,0,0,2,2,0,0,0,0,0,1,0,4,2
21 - Πρέβεζας,8 E.T. Δήμου Ζηρού,413,247,4,0,4,243,107,35,6,53,3,66,16,5,30,1,24,2,0,13,4,26,5,0,0,16,5,2,0,0,6,0,0,0,3,2,0,0,0,0,0,0,0,0,0,0,0,0,0,0,0,1,0,0,0,0,0,0,0,0,0,0,0,0,0,0,0,0,0,2,0,0,1,0,0,0,0,0,0,1,0,2,1
21 - Πρέβεζας,9 E.T. Δήμου Ζηρού,300,130,3,0,3,127,78,16,2,53,2,20,7,3,8,0,6,4,0,2,0,4,0,0,1,1,6,0,3,0,0,0,0,0,0,0,0,1,0,0,0,0,0,0,0,0,0,0,2,0,1,0,0,0,0,0,0,0,0,0,0,0,0,0,0,0,0,0,0,0,0,0,0,0,0,0,8,8,0,0,0,2,2
21 - Πρέβεζας,10 E.T. Δήμου Ζηρού,254,149,6,0,6,143,82,12,2,58,1,19,5,0,5,2,25,2,6,6,7,1,0,0,0,1,7,0,0,0,1,0,0,0,0,1,1,0,0,0,0,0,0,0,0,0,0,0,0,0,0,2,1,0,0,0,0,0,0,0,0,0,0,0,0,1,0,0,0,0,0,0,0,0,0,0,2,2,0,1,1,1,0
21 - Πρέβεζας,11 E.T. Δήμου Ζηρού,215,108,2,3,5,103,53,38,1,10,0,34,5,3,13,2,3,0,0,1,0,3,0,0,0,3,2,1,0,0,0,0,0,0,0,0,0,0,0,0,0,2,1,0,1,0,0,0,1,0,0,3,3,0,0,0,0,0,0,0,0,0,0,0,0,0,0,0,0,1,0,1,0,0,0,0,0,0,0,1,1,0,0
21 - Πρέβεζας,12 E.T. Δήμου Ζηρού,172,98,1,0,1,97,28,11,0,15,0,42,5,4,25,0,8,2,1,4,1,8,1,0,0,3,3,2,0,0,0,0,0,0,0,1,0,0,0,0,0,1,0,0,0,1,0,0,1,1,0,2,2,0,0,0,0,0,0,0,0,0,0,0,0,0,0,0,0,0,0,0,0,0,0,0,3,0,2,0,0,0,0
21 - Πρέβεζας,13 E.T. Δήμου Ζηρού,319,167,2,0,2,165,109,35,1,69,0,25,4,2,14,0,15,4,2,5,1,3,0,0,0,1,3,0,0,1,1,0,0,0,0,0,0,1,0,0,0,0,0,0,0,0,1,0,2,0,1,0,0,0,1,1,0,0,0,0,0,0,0,0,0,0,0,0,0,0,0,0,0,0,4,3,0,0,0,0,0,0,0
21 - Πρέβεζας,14 E.T. Δήμου Ζηρού,300,148,1,1,2,146,70,22,2,42,1,37,12,5,17,1,21,3,5,8,4,2,0,0,0,1,3,0,3,0,0,0,0,0,0,5,5,0,0,0,0,0,0,0,0,0,0,0,2,1,1,1,1,0,0,0,0,0,0,0,0,0,0,0,0,0,0,0,0,0,0,0,1,1,0,0,0,0,0,1,1,3,3
21 - Πρέβεζας,15 E.T. Δήμου Ζηρού,320,169,2,1,3,166,92,29,0,55,1,26,15,2,4,0,24,2,0,14,3,2,0,0,0,0,0,0,0,0,5,2,0,0,2,9,9,0,0,0,0,0,0,0,0,0,1,0,1,1,0,3,0,2,0,0,0,0,0,0,0,0,0,0,0,0,0,0,0,0,0,0,0,0,0,0,2,1,0,0,0,1,0
21 - Πρέβεζας,16 E.T. Δήμου Ζηρού,477,240,11,0,11,229,124,33,4,77,2,43,12,4,21,1,29,3,7,2,10,7,0,0,0,4,4,0,2,1,1,0,0,0,0,1,0,0,0,0,0,2,1,0,1,0,0,0,2,1,1,1,0,1,0,0,1,1,0,0,0,0,0,0,0,1,1,0,0,8,1,7,1,0,1,1,1,0,0,0,0,2,0
21 - Πρέβεζας,17 E.T. Δήμου Ζηρού,488,247,3,4,7,240,151,39,4,88,1,43,7,2,28,0,14,2,2,5,0,11,1,1,1,3,4,1,0,1,1,0,0,1,0,1,0,0,0,0,0,0,0,0,0,0,2,1,1,0,0,0,0,0,0,0,0,0,0,0,0,0,0,0,0,1,0,0,0,4,0,4,0,0,1,0,2,2,0,0,0,4,4
21 - Πρέβεζας,18 E.T. Δήμου Ζηρού,342,189,1,2,3,186,68,15,5,38,4,69,7,31,17,1,24,4,3,3,7,3,1,0,0,1,2,1,1,0,2,0,0,0,0,0,0,0,0,0,0,2,0,0,1,0,2,1,2,1,0,0,0,0,0,0,0,0,0,0,0,0,1,0,0,0,0,0,0,1,0,1,0,0,0,0,1,1,0,0,0,9,9
21 - Πρέβεζας,19 E.T. Δήμου Ζηρού,411,189,6,0,6,183,66,14,3,38,2,55,9,4,28,0,30,3,1,6,16,13,4,1,1,4,4,1,0,0,0,0,0,0,0,0,0,0,0,0,0,1,0,0,1,0,0,0,2,0,0,4,1,1,0,0,0,0,0,0,0,0,0,0,0,0,0,1,0,1,1,0,2,1,1,1,0,0,0,0,0,3,2
21 - Πρέβεζας,20 E.T. Δήμου Ζηρού,435,189,4,1,5,184,69,29,2,28,2,36,2,2,23,2,26,2,5,4,8,25,1,3,0,12,11,3,2,0,2,1,0,0,0,1,0,1,0,0,0,3,0,0,1,0,0,0,0,0,0,3,0,2,0,0,0,0,0,0,0,0,0,0,0,0,0,1,1,0,0,0,2,2,1,1,0,0,0,0,0,3,3
21 - Πρέβεζας,21 E.T. Δήμου Ζηρού,421,194,3,1,4,190,68,18,0,44,2,47,12,2,23,2,27,3,1,3,15,15,0,3,1,8,4,3,0,0,4,1,0,0,0,1,1,0,0,0,0,2,0,0,0,0,1,1,1,0,1,9,5,3,0,0,1,0,0,0,0,0,0,0,0,1,1,0,0,1,0,0,2,1,1,1,0,0,0,0,0,5,2
21 - Πρέβεζας,22 E.T. Δήμου Ζηρού,345,158,6,0,6,152,59,12,0,37,2,33,7,6,14,1,27,3,9,11,2,21,2,1,1,16,3,1,0,2,2,0,2,0,0,3,3,0,0,0,0,0,0,0,0,0,0,0,0,0,0,1,1,0,0,0,0,0,0,0,0,0,0,0,0,1,1,0,0,0,0,0,0,0,0,0,1,0,0,0,0,1,1
21 - Πρέβεζας,23 E.T. Δήμου Ζηρού,328,174,2,0,2,172,83,17,1,54,3,38,5,5,14,0,17,0,0,15,2,11,3,1,0,4,6,3,0,1,3,0,0,0,2,5,4,0,0,0,0,0,0,0,0,0,1,1,0,0,0,0,0,0,0,0,0,0,0,0,0,0,0,0,0,0,0,2,1,2,0,0,0,0,0,0,0,0,0,0,0,4,1
21 - Πρέβεζας,24 E.T. Δήμου Ζηρού,490,336,1,1,2,334,114,42,2,63,1,92,29,4,42,1,64,4,21,17,17,34,2,4,1,19,11,5,1,0,1,0,0,0,0,2,2,0,0,0,0,1,0,0,0,0,0,0,0,0,0,3,1,1,0,0,0,0,1,0,0,0,1,0,1,0,0,0,0,0,0,0,2,2,0,0,3,2,0,0,0,5,4
21 - Πρέβεζας,25 E.T. Δήμου Ζηρού,506,333,8,5,13,320,134,46,6,65,3,86,10,4,43,3,48,2,1,3,31,15,2,2,5,0,6,3,0,1,2,0,0,1,0,4,2,0,0,0,0,1,0,0,0,0,0,0,2,1,1,9,2,3,0,0,1,0,0,0,0,0,2,1,0,0,0,0,0,1,0,1,1,1,1,1,0,0,0,0,0,7,4
21 - Πρέβεζας,26 E.T. Δήμου Ζηρού,498,328,8,3,11,317,167,63,10,76,5,64,7,3,39,5,36,0,2,4,23,16,0,4,5,1,7,4,0,2,1,0,0,0,1,2,2,0,0,0,0,0,0,0,0,0,0,0,2,0,1,11,4,1,0,0,0,0,0,0,0,0,0,0,0,0,0,0,0,1,1,0,1,1,0,0,2,1,0,1,1,6,4
21 - Πρέβεζας,27 E.T. Δήμου Ζηρού,499,357,5,4,9,348,182,63,5,91,8,58,6,5,29,4,46,4,1,6,30,15,3,0,3,0,10,3,2,1,4,0,0,0,1,3,2,0,0,0,0,3,0,1,1,0,3,2,1,0,0,3,1,1,0,0,0,0,0,0,0,0,0,0,0,4,2,1,1,4,2,1,4,3,1,1,1,0,0,0,0,5,3
21 - Πρέβεζας,28 E.T. Δήμου Ζηρού,507,344,4,2,6,338,143,45,7,61,7,53,3,3,36,3,71,4,3,4,45,19,1,4,3,8,10,6,0,1,1,0,0,0,0,2,1,1,0,0,0,3,0,0,1,0,1,0,2,1,1,13,4,3,1,1,0,0,0,0,0,0,2,1,1,2,1,0,0,0,0,0,2,2,0,0,4,1,0,2,1,6,2
21 - Πρέβεζας,29 E.T. Δήμου Ζηρού,505,342,8,4,12,330,134,47,4,65,6,80,8,5,56,1,58,3,5,2,41,19,3,2,7,1,11,8,1,0,3,0,0,1,1,4,4,0,0,0,0,1,0,0,0,0,1,1,3,0,3,6,3,1,2,1,0,0,0,0,1,1,2,1,0,0,0,1,0,0,0,0,1,1,0,0,0,0,0,0,0,3,1
21 - Πρέβεζας,30 E.T. Δήμου Ζηρού,517,355,3,0,3,352,143,45,6,58,9,71,11,2,43,4,50,2,0,5,40,33,4,6,2,4,14,2,3,0,7,1,1,0,3,3,2,1,0,0,0,1,0,0,1,0,1,1,3,1,2,10,2,4,0,0,0,0,0,0,0,0,0,0,0,1,1,2,1,4,2,0,1,0,0,0,1,0,0,1,1,5,4
21 - Πρέβεζας,31 E.T. Δήμου Ζηρού,504,322,4,3,7,315,128,29,6,67,4,59,4,4,43,6,70,1,7,7,41,15,1,0,3,1,7,4,1,0,9,4,1,0,3,3,1,0,0,0,0,0,0,0,0,0,0,0,7,1,1,3,0,2,1,0,0,0,0,0,0,0,3,1,2,1,1,4,3,1,0,0,0,0,1,1,1,0,0,0,0,2,1
21 - Πρέβεζας,32 E.T. Δήμου Ζηρού,464,310,10,3,13,297,116,28,10,63,5,77,6,7,48,2,42,2,1,3,33,18,0,2,8,2,15,5,2,0,3,2,0,1,0,5,3,0,0,0,0,1,0,0,0,1,1,1,5,0,2,4,2,0,0,0,1,1,0,0,0,0,1,0,1,0,0,0,0,0,0,0,1,1,0,0,2,0,0,2,2,3,3
21 - Πρέβεζας,33 E.T. Δήμου Ζηρού,473,291,4,0,4,287,136,40,3,84,2,57,9,15,22,2,36,2,2,10,14,4,0,1,0,3,7,1,1,1,5,0,2,0,1,5,5,0,0,0,0,2,0,1,0,1,3,2,0,0,0,13,6,2,0,0,0,0,0,0,0,0,0,0,0,1,1,0,0,11,3,8,1,0,1,1,0,0,0,0,0,5,4
21 - Πρέβεζας,34 E.T. Δήμου Ζηρού,478,279,6,1,7,272,117,42,0,69,2,50,6,6,27,2,26,1,0,11,8,11,1,0,1,3,14,5,0,3,3,1,0,0,1,5,4,2,1,0,0,2,0,0,0,1,2,1,2,0,0,17,8,8,0,0,0,0,0,0,1,0,0,0,0,0,0,0,0,8,2,5,5,2,2,2,1,1,0,0,0,4,3
21 - Πρέβεζας,35 E.T. Δήμου Ζηρού,514,336,5,0,5,331,183,64,5,92,2,67,8,9,35,5,32,3,2,12,12,10,1,0,0,4,5,3,1,0,3,1,0,0,1,5,5,0,0,0,0,2,0,2,0,0,0,0,3,0,3,5,3,0,0,0,0,0,0,0,2,1,0,0,0,1,1,1,1,1,0,1,1,1,3,2,1,0,0,1,1,5,0
21 - Πρέβεζας,36 E.T. Δήμου Ζηρού,351,202,9,2,11,191,133,64,2,54,2,17,3,3,9,0,14,1,2,0,6,5,0,1,0,0,3,1,0,1,2,1,0,0,1,3,3,0,0,0,0,0,0,0,0,0,2,1,1,0,1,7,1,1,0,0,0,0,0,0,0,0,0,0,0,0,0,0,0,0,0,0,0,0,0,0,0,0,0,2,2,2,1
21 - Πρέβεζας,37 E.T. Δήμου Ζηρού,237,131,1,0,1,130,79,32,3,34,3,23,4,2,13,1,13,0,0,3,8,3,0,1,0,1,1,1,0,0,1,0,0,0,0,0,0,0,0,0,0,0,0,0,0,0,0,0,1,0,0,4,3,1,0,0,0,0,0,0,1,0,0,0,0,0,0,0,0,2,0,1,0,0,0,0,0,0,0,2,0,0,0
21 - Πρέβεζας,38 E.T. Δήμου Ζηρού,326,149,2,1,3,146,78,29,2,40,4,34,8,3,14,1,12,1,0,1,10,0,0,0,0,0,3,2,1,0,0,0,0,0,0,4,3,0,0,0,0,0,0,0,0,0,0,0,1,0,1,8,3,4,0,0,0,0,0,0,0,0,1,0,0,1,0,0,0,0,0,0,1,0,0,0,0,0,0,0,0,3,1
21 - Πρέβεζας,39 E.T. Δήμου Ζηρού,332,170,1,4,5,165,47,17,0,21,1,65,9,6,39,4,14,0,1,0,8,10,1,3,4,0,7,1,3,0,2,0,1,0,0,2,1,1,1,0,0,0,0,0,0,0,1,1,3,1,2,2,1,1,1,0,0,0,0,0,1,1,0,0,0,0,0,0,0,4,1,1,0,0,1,0,0,0,0,0,0,4,1
21 - Πρέβεζας,40 E.T. Δήμου Ζηρού,515,333,9,2,11,322,176,64,5,87,3,60,12,3,29,2,21,1,1,4,12,18,3,1,3,0,13,12,0,0,5,2,0,0,2,4,4,1,1,0,0,1,0,0,0,0,1,0,0,0,0,10,8,0,0,0,1,1,0,0,0,0,1,0,0,2,1,0,0,0,0,0,1,1,0,0,1,0,0,0,0,6,2
21 - Πρέβεζας,41 E.T. Δήμου Ζηρού,502,325,5,2,7,318,157,72,3,57,6,86,13,11,48,1,26,3,1,1,16,9,0,0,1,3,13,10,1,0,3,0,2,0,1,1,1,2,1,0,0,0,0,0,0,0,0,0,1,0,0,7,3,2,1,0,1,0,0,0,1,0,0,0,0,0,0,1,1,2,1,1,1,1,2,0,2,0,0,0,0,2,1
21 - Πρέβεζας,42 E.T. Δήμου Ζηρού,317,150,4,5,9,141,53,20,2,25,0,45,1,0,41,0,19,2,3,0,7,10,0,0,0,4,5,3,1,0,1,0,0,0,0,1,1,1,0,0,0,0,0,0,0,0,0,0,1,0,1,1,1,0,0,0,0,0,0,0,0,0,1,1,0,0,0,0,0,0,0,0,0,0,0,0,0,0,0,1,0,2,1
21 - Πρέβεζας,43 E.T. Δήμου Ζηρού,350,190,7,3,10,180,95,19,2,44,5,36,2,4,24,0,13,3,0,1,4,5,0,0,0,2,6,5,0,0,6,0,4,0,0,0,0,0,0,0,0,1,0,0,0,0,7,6,1,0,1,2,2,0,0,0,0,0,0,0,0,0,0,0,0,0,0,0,0,0,0,0,1,1,1,0,1,1,0,1,0,4,1
21 - Πρέβεζας,44 E.T. Δήμου Ζηρού,448,273,1,0,1,272,125,55,3,58,2,74,2,6,65,1,19,0,3,1,15,24,3,3,4,7,5,3,1,1,5,1,1,0,0,2,0,0,0,0,0,2,0,0,0,0,0,0,2,0,1,6,2,1,1,0,0,0,0,0,0,0,1,0,0,0,0,0,0,1,1,0,1,0,1,1,0,0,0,0,0,3,0
21 - Πρέβεζας,45 E.T. Δήμου Ζηρού,184,132,1,2,3,129,48,17,0,29,0,38,4,2,25,0,19,0,0,0,16,3,1,1,0,0,2,1,1,0,0,0,0,0,0,4,4,0,0,0,0,1,0,0,0,0,0,0,0,0,0,6,5,1,0,0,0,0,1,0,0,0,0,0,0,0,0,1,1,0,0,0,1,1,1,1,0,0,0,0,0,4,1
21 - Πρέβεζας,46 E.T. Δήμου Πάργας,505,279,5,0,5,274,109,11,4,92,2,46,11,6,21,3,74,14,23,31,3,6,1,0,0,2,9,3,3,1,5,1,0,0,3,1,1,0,0,0,0,6,0,0,5,1,2,1,1,0,0,2,0,1,0,0,0,0,0,0,1,1,0,0,0,0,0,0,0,0,0,0,0,0,1,1,2,1,1,2,2,7,7
21 - Πρέβεζας,47 E.T. Δήμου Πάργας,513,279,9,0,9,270,123,19,0,101,0,31,4,7,11,0,70,7,31,21,3,17,2,4,0,5,6,3,0,1,5,1,3,0,0,0,0,0,0,0,0,7,0,0,7,0,0,0,0,0,0,2,0,2,0,0,0,0,0,0,0,0,1,0,1,3,1,0,0,1,0,0,1,0,1,0,0,0,0,0,0,2,1
21 - Πρέβεζας,48 E.T. Δήμου Πάργας,387,240,7,0,7,233,105,7,1,92,0,54,3,5,34,0,34,1,19,6,1,7,1,1,0,0,5,3,1,1,9,2,1,0,1,4,4,0,0,0,0,4,1,0,3,0,1,0,1,0,1,0,0,0,0,0,1,1,0,0,0,0,0,0,0,1,0,0,0,2,0,1,0,0,0,0,0,0,0,1,0,4,2
21 - Πρέβεζας,49 E.T. Δήμου Πάργας,369,242,2,4,6,236,112,8,0,99,1,48,2,5,27,0,26,1,10,7,3,10,3,1,0,2,9,3,2,4,9,1,5,1,0,5,4,1,0,0,0,3,0,1,2,0,2,2,2,1,1,1,1,0,0,0,0,0,0,0,0,0,0,0,0,0,0,0,0,4,2,2,2,1,0,0,0,0,0,0,0,2,1
21 - Πρέβεζας,50 E.T. Δήμου Πάργας,128,48,0,1,1,47,13,0,0,11,0,19,3,0,13,0,7,1,4,0,1,4,0,0,0,1,0,0,0,0,0,0,0,0,0,0,0,0,0,0,0,0,0,0,0,0,0,0,0,0,0,0,0,0,0,0,0,0,0,0,0,0,0,0,0,0,0,0,0,2,1,1,1,1,0,0,0,0,0,0,0,1,1
21 - Πρέβεζας,51 E.T. Δήμου Πάργας,519,326,5,3,8,318,159,10,2,142,0,54,4,7,19,3,32,1,11,9,2,25,2,1,0,11,10,1,4,0,8,2,0,1,0,3,3,0,0,0,0,8,1,0,2,0,0,0,2,0,1,3,1,1,1,0,0,0,0,0,0,0,0,0,0,0,0,0,0,2,2,0,0,0,1,0,1,0,0,0,0,9,4
21 - Πρέβεζας,52 E.T. Δήμου Πάργας,517,333,2,3,5,328,153,9,0,134,0,65,14,8,30,1,55,5,26,15,1,17,1,4,0,5,2,1,1,0,5,0,1,1,0,6,6,0,0,0,0,3,0,0,2,1,2,1,0,0,0,3,0,2,0,0,0,0,0,0,0,0,1,0,1,2,1,0,0,1,1,0,0,0,4,3,0,0,0,0,0,9,5
21 - Πρέβεζας,53 E.T. Δήμου Πάργας,521,317,3,2,5,312,166,19,2,129,3,53,7,6,28,0,45,3,19,11,1,14,0,1,0,8,4,2,1,0,7,2,0,1,1,4,2,0,0,1,0,0,0,0,0,0,0,0,1,1,0,2,1,0,1,1,0,0,0,0,0,0,0,0,0,0,0,0,0,1,0,0,1,1,2,2,1,0,0,2,2,7,3
21 - Πρέβεζας,54 E.T. Δήμου Πάργας,540,289,3,3,6,283,142,12,2,121,0,39,8,4,17,2,39,4,16,8,3,16,4,1,1,6,7,1,3,0,2,0,1,0,0,6,5,2,0,0,0,5,3,0,1,0,3,3,1,0,1,4,1,3,0,0,0,0,0,0,0,0,0,0,0,2,1,1,0,4,1,0,1,1,1,0,2,1,0,0,0,6,4
21 - Πρέβεζας,55 E.T. Δήμου Πάργας,231,169,1,0,1,168,97,19,2,70,0,23,2,5,12,1,24,2,14,2,6,4,0,2,0,0,3,0,1,2,6,1,0,1,0,1,1,0,0,0,0,4,0,0,4,0,1,0,0,0,0,1,0,0,0,0,0,0,0,0,0,0,1,0,1,1,1,0,0,0,0,0,0,0,0,0,1,1,0,0,0,1,1
21 - Πρέβεζας,56 E.T. Δήμου Πάργας,535,316,11,4,15,301,170,17,8,128,3,46,13,14,8,1,30,0,20,3,3,14,1,1,2,3,7,2,3,0,2,0,0,0,0,4,3,0,0,2,2,0,0,0,0,0,0,0,3,0,0,10,2,5,1,0,0,0,0,0,0,0,1,0,0,1,0,0,0,2,0,1,0,0,2,1,0,0,0,1,1,5,1
21 - Πρέβεζας,57 E.T. Δήμου Πάργας,537,310,8,1,9,301,137,39,5,82,5,73,13,22,33,0,37,2,18,8,8,8,1,1,1,3,8,1,2,2,2,1,1,0,0,4,2,0,0,5,3,0,0,0,0,0,3,2,3,0,0,5,3,2,0,0,0,0,0,0,0,0,1,1,0,0,0,0,0,0,0,0,0,0,0,0,3,2,0,3,2,9,9
21 - Πρέβεζας,58 E.T. Δήμου Πάργας,508,267,4,0,4,263,105,28,3,64,0,64,5,20,20,1,38,1,27,3,6,8,0,0,1,2,11,3,1,2,9,1,3,0,0,4,3,1,0,0,0,1,0,0,0,1,3,3,1,0,0,3,2,0,0,0,0,0,0,0,0,0,0,0,0,1,0,0,0,3,1,0,3,1,1,1,2,1,1,1,0,4,2
21 - Πρέβεζας,59 E.T. Δήμου Πάργας,546,299,4,1,5,294,117,21,2,85,1,88,15,28,32,0,45,2,25,9,2,10,1,1,1,5,8,4,2,1,2,0,1,1,0,1,1,0,0,0,0,3,0,0,0,2,2,0,2,0,0,4,1,2,1,1,0,0,0,0,1,0,0,0,0,1,0,1,1,5,3,1,1,1,1,1,0,0,0,0,0,1,0
21 - Πρέβεζας,60 E.T. Δήμου Πάργας,312,140,3,0,3,137,56,14,7,29,0,27,1,12,8,0,22,1,2,9,5,9,3,1,0,1,6,4,2,0,2,0,1,0,0,5,5,0,0,0,0,0,0,0,0,0,1,1,0,0,0,1,1,0,0,0,0,0,0,0,0,0,0,0,0,1,1,0,0,0,0,0,0,0,0,0,0,0,0,1,0,6,4
21 - Πρέβεζας,61 E.T. Δήμου Πάργας,232,120,1,1,2,118,63,4,3,46,4,21,7,3,6,3,14,0,10,0,1,5,0,1,0,3,1,0,0,0,1,0,0,1,0,4,4,0,0,2,2,0,0,0,0,0,1,1,0,0,0,1,0,0,0,0,0,0,0,0,0,0,0,0,0,0,0,1,0,0,0,0,0,0,0,0,1,1,0,1,1,2,2
21 - Πρέβεζας,62 E.T. Δήμου Πάργας,391,206,0,3,3,203,57,20,6,22,4,55,6,19,26,0,49,13,17,14,1,15,3,1,0,7,4,1,0,1,1,0,0,0,0,1,1,0,0,0,0,2,0,0,2,0,1,1,1,0,1,4,1,0,0,0,0,0,0,0,0,0,0,0,0,1,1,0,0,1,0,0,0,0,0,0,1,0,1,0,0,10,4
21 - Πρέβεζας,63 E.T. Δήμου Πάργας,524,242,3,3,6,236,100,20,1,72,0,40,2,8,17,0,62,2,50,6,2,12,0,2,3,6,7,1,1,0,7,0,2,0,0,0,0,0,0,0,0,1,0,0,0,0,0,0,1,0,1,1,1,0,0,0,0,0,0,0,0,0,0,0,0,0,0,1,0,1,0,0,1,0,0,0,0,0,0,0,0,2,1
21 - Πρέβεζας,64 E.T. Δήμου Πάργας,384,179,2,0,2,177,66,13,1,44,5,37,1,30,6,0,33,9,20,1,1,8,1,1,1,4,9,1,3,1,7,0,0,2,1,2,2,0,0,0,0,0,0,0,0,0,2,0,4,3,1,3,2,0,0,0,0,0,0,0,0,0,0,0,0,0,0,0,0,1,0,1,1,0,0,0,1,1,0,1,0,2,2
21 - Πρέβεζας,65 E.T. Δήμου Πάργας,116,53,0,0,0,53,27,4,0,21,0,9,2,5,2,0,13,0,2,1,8,3,0,0,0,2,0,0,0,0,1,0,0,1,0,0,0,0,0,0,0,0,0,0,0,0,0,0,0,0,0,0,0,0,0,0,0,0,0,0,0,0,0,0,0,0,0,0,0,0,0,0,0,0,0,0,0,0,0,0,0,0,0
21 - Πρέβεζας,66 E.T. Δήμου Πάργας,343,185,0,4,4,181,76,7,1,56,5,35,2,26,5,0,45,6,36,1,1,11,0,7,0,2,3,1,1,0,3,0,0,0,0,0,0,0,0,0,0,0,0,0,0,0,0,0,0,0,0,1,1,0,0,0,1,1,0,0,1,0,0,0,0,0,0,0,0,2,2,0,0,0,1,1,1,1,0,0,0,1,0
21 - Πρέβεζας,67 E.T. Δήμου Πάργας,320,152,3,0,3,149,44,5,2,28,1,49,3,25,13,1,26,4,16,1,3,16,2,1,1,2,1,0,0,0,3,0,0,0,1,0,0,0,0,0,0,0,0,0,0,0,1,1,1,0,0,0,0,0,1,0,0,0,0,0,0,0,1,1,0,0,0,0,0,0,0,0,0,0,0,0,1,1,0,0,0,5,4
21 - Πρέβεζας,68 E.T. Δήμου Πάργας,277,156,13,0,13,143,40,4,0,30,1,38,2,8,9,4,34,1,26,2,1,19,1,13,3,0,4,0,0,0,1,0,0,1,0,0,0,0,0,1,1,0,0,0,0,0,1,0,1,0,1,3,2,0,0,0,0,0,0,0,0,0,0,0,0,0,0,0,0,0,0,0,1,1,0,0,0,0,0,0,0,0,0
21 - Πρέβεζας,69 E.T. Δήμου Πάργας,306,164,2,0,2,162,54,15,2,32,0,57,2,24,24,0,15,3,9,2,1,20,1,0,1,5,2,0,1,1,1,0,0,0,0,3,0,0,0,0,0,0,0,0,0,0,1,0,1,0,0,4,2,1,0,0,0,0,0,0,1,0,0,0,0,0,0,0,0,0,0,0,0,0,0,0,1,1,0,1,1,1,0
21 - Πρέβεζας,70 E.T. Δήμου Πάργας,305,158,0,0,0,158,63,20,0,33,3,49,4,10,22,0,10,1,5,1,1,23,0,2,0,14,1,0,0,0,1,0,0,0,0,0,0,0,0,0,0,0,0,0,0,0,1,0,1,0,0,0,0,0,0,0,0,0,0,0,0,0,0,0,0,0,0,0,0,0,0,0,0,0,0,0,2,2,0,0,0,7,4
21 - Πρέβεζας,71 E.T. Δήμου Πάργας,305,120,9,1,10,110,64,14,2,44,1,19,2,11,3,0,14,0,14,0,0,3,1,0,0,1,3,1,0,1,1,0,1,0,0,0,0,0,0,0,0,0,0,0,0,0,0,0,0,0,0,5,5,0,0,0,0,0,0,0,0,0,0,0,0,0,0,0,0,0,0,0,0,0,0,0,0,0,0,0,0,1,0
21 - Πρέβεζας,72 E.T. Δήμου Πάργας,287,94,0,0,0,94,49,8,2,35,1,24,1,7,7,1,12,2,5,1,1,3,1,0,0,2,3,0,1,1,0,0,0,0,0,0,0,0,0,0,0,0,0,0,0,0,0,0,2,1,0,0,0,0,0,0,0,0,0,0,0,0,0,0,0,0,0,0,0,0,0,0,0,0,0,0,0,0,0,0,0,1,1
21 - Πρέβεζας,73 E.T. Δήμου Πάργας,340,133,0,1,1,132,71,5,2,62,0,21,2,14,1,0,22,2,20,0,0,3,3,0,0,0,1,0,0,0,0,0,0,0,0,1,0,1,0,0,0,0,0,0,0,0,2,2,3,1,2,3,2,1,0,0,0,0,0,0,0,0,0,0,0,0,0,0,0,0,0,0,0,0,1,0,0,0,0,0,0,3,3
21 - Πρέβεζας,74 E.T. Δήμου Πάργας,276,112,3,0,3,109,67,8,1,56,0,12,1,5,1,0,18,3,13,2,0,2,0,0,0,2,3,0,1,0,3,0,0,2,1,1,1,0,0,0,0,0,0,0,0,0,1,1,1,0,0,0,0,0,0,0,0,0,0,0,0,0,1,0,1,0,0,0,0,0,0,0,0,0,0,0,0,0,0,0,0,0,0
21 - Πρέβεζας,75 E.T. Δήμου Πάργας,99,49,1,0,1,48,35,6,0,26,1,5,0,3,2,0,0,0,0,0,0,1,0,1,0,0,6,1,2,0,1,1,0,0,0,0,0,0,0,0,0,0,0,0,0,0,0,0,0,0,0,0,0,0,0,0,0,0,0,0,0,0,0,0,0,0,0,0,0,0,0,0,0,0,0,0,0,0,0,0,0,0,0
21 - Πρέβεζας,76 E.T. Δήμου Πάργας,421,161,1,3,4,157,96,1,3,86,0,38,12,12,8,2,12,0,10,0,2,3,0,0,0,1,3,0,3,0,1,0,0,0,0,0,0,0,0,0,0,1,0,0,0,0,1,1,0,0,0,0,0,0,0,0,0,0,0,0,0,0,0,0,0,1,0,0,0,0,0,0,0,0,1,1,0,0,0,0,0,0,0
21 - Πρέβεζας,77 E.T. Δήμου Πάργας,407,171,2,1,3,168,90,12,8,67,1,35,8,12,9,1,24,1,21,1,0,1,0,0,0,1,2,0,2,0,2,0,0,1,1,1,1,0,0,0,0,1,0,0,0,0,2,2,1,1,0,3,0,2,0,0,0,0,0,0,0,0,0,0,0,0,0,0,0,0,0,0,0,0,2,2,4,4,0,0,0,0,0
21 - Πρέβεζας,78 E.T. Δήμου Πάργας,328,180,2,0,2,178,106,12,1,83,0,43,8,13,12,5,10,0,6,2,0,8,0,5,0,0,1,0,0,1,1,0,0,0,0,3,2,0,0,0,0,0,0,0,0,0,0,0,1,1,0,0,0,0,0,0,0,0,0,0,0,0,0,0,0,1,1,0,0,0,0,0,0,0,1,0,0,0,0,0,0,3,3
21 - Πρέβεζας,79 E.T. Δήμου Πάργας,449,215,3,1,4,211,104,18,1,79,1,38,8,4,17,0,36,2,23,3,2,3,0,1,0,1,1,0,0,0,2,1,1,0,0,2,1,1,1,0,0,1,0,0,1,0,0,0,1,0,0,4,0,1,0,0,0,0,0,0,0,0,1,0,1,2,1,0,0,1,0,1,2,2,0,0,3,3,0,0,0,9,2
21 - Πρέβεζας,80 E.T. Δήμου Πάργας,278,152,3,2,5,147,62,13,2,38,1,18,3,1,5,3,38,5,24,6,2,9,0,3,0,3,8,2,2,0,3,0,0,2,0,0,0,0,0,1,1,0,0,0,0,0,1,0,0,0,0,1,0,1,0,0,1,0,0,0,0,0,0,0,0,0,0,0,0,0,0,0,0,0,1,0,0,0,0,0,0,4,0
21 - Πρέβεζας,81 E.T. Δήμου Πάργας,315,167,1,6,7,160,82,26,1,48,0,25,8,2,9,0,34,0,26,3,2,7,3,2,1,0,2,0,1,0,3,1,0,0,1,0,0,0,0,0,0,0,0,0,0,0,0,0,0,0,0,2,1,1,0,0,0,0,0,0,0,0,0,0,0,0,0,0,0,1,1,0,1,1,0,0,1,1,0,0,0,2,1
21 - Πρέβεζας,82 E.T. Δήμου Πάργας,464,197,1,0,1,196,50,7,3,35,1,28,5,14,8,0,111,3,103,2,0,2,0,2,0,0,1,1,0,0,2,0,1,1,0,0,0,0,0,0,0,1,0,0,0,0,0,0,0,0,0,0,0,0,0,0,0,0,0,0,0,0,0,0,0,0,0,1,1,0,0,0,0,0,0,0,0,0,0,0,0,0,0
21 - Πρέβεζας,83 E.T. Δήμου Πάργας,441,155,4,0,4,151,39,10,0,25,1,17,4,3,7,0,85,0,80,2,0,3,0,0,0,2,0,0,0,0,2,0,1,0,1,1,1,0,0,1,0,0,0,0,0,0,1,0,0,0,0,0,0,0,0,0,0,0,0,0,0,0,2,1,0,0,0,0,0,0,0,0,0,0,0,0,0,0,0,0,0,0,0
21 - Πρέβεζας,84 E.T. Δήμου Πάργας,524,234,3,0,3,231,92,17,7,60,4,62,18,27,12,1,33,1,22,4,2,19,1,3,0,9,10,2,0,3,2,0,0,0,1,0,0,0,0,0,0,5,0,1,1,1,0,0,0,0,0,1,1,0,0,0,0,0,0,0,0,0,0,0,0,0,0,2,0,1,0,1,0,0,0,0,0,0,0,0,0,4,2
21 - Πρέβεζας,85 E.T. Δήμου Πάργας,546,233,1,2,3,230,105,19,3,67,4,73,1,57,3,0,14,1,8,4,1,8,1,0,0,2,3,1,1,1,2,0,0,0,1,1,1,1,1,5,2,1,0,0,0,0,2,2,3,0,0,2,0,1,0,0,0,0,0,0,0,0,1,1,0,0,0,0,0,4,2,1,0,0,0,0,1,0,0,0,0,4,4
21 - Πρέβεζας,86 E.T. Δήμου Πάργας,274,108,6,1,7,101,54,18,1,28,1,22,4,8,7,0,6,0,3,1,0,4,0,0,0,1,7,3,1,0,3,1,0,1,0,2,1,0,0,0,0,0,0,0,0,0,0,0,1,0,1,0,0,0,0,0,0,0,0,0,0,0,0,0,0,0,0,2,0,0,0,0,0,0,0,0,0,0,0,0,0,0,0
21 - Πρέβεζας,87 E.T. Δήμου Πάργας,114,65,0,1,1,64,20,8,1,9,0,16,4,5,7,0,13,3,2,8,0,3,1,1,0,1,3,0,0,1,4,4,0,0,0,2,2,0,0,0,0,1,0,0,1,0,0,0,0,0,0,0,0,0,0,0,0,0,0,0,0,0,0,0,0,1,1,0,0,1,0,1,0,0,0,0,0,0,0,0,0,0,0
21 - Πρέβεζας,88 E.T. Δήμου Πάργας,479,168,4,1,5,163,90,13,0,71,5,28,3,16,7,0,22,6,15,1,0,11,1,5,0,2,2,0,0,0,3,0,1,1,1,1,0,0,0,0,0,0,0,0,0,0,2,1,0,0,0,2,2,0,0,0,0,0,0,0,0,0,0,0,0,0,0,0,0,0,0,0,0,0,0,0,0,0,0,0,0,2,2
21 - Πρέβεζας,89 E.T. Δήμου Πρέβεζας,313,204,1,2,3,201,82,30,4,40,1,42,15,3,10,1,45,5,21,13,2,7,3,0,0,1,3,1,0,0,4,0,0,1,1,7,6,0,0,0,0,1,1,0,0,0,2,2,3,0,0,1,0,0,0,0,0,0,0,0,0,0,0,0,0,0,0,0,0,0,0,0,1,0,0,0,1,0,0,0,0,2,2
21 - Πρέβεζας,90 E.T. Δήμου Πρέβεζας,226,141,3,3,6,135,54,24,1,22,5,32,7,3,14,0,30,3,7,11,6,8,1,1,1,2,4,1,1,0,3,1,0,2,0,0,0,0,0,0,0,0,0,0,0,0,0,0,2,1,0,0,0,0,0,0,0,0,0,0,0,0,0,0,0,0,0,0,0,0,0,0,0,0,0,0,0,0,0,0,0,2,2
21 - Πρέβεζας,91 E.T. Δήμου Πρέβεζας,304,155,3,0,3,152,63,29,2,24,3,23,11,0,6,2,23,5,7,7,0,20,4,0,0,3,5,2,1,0,2,0,0,0,2,7,6,0,0,0,0,0,0,0,0,0,0,0,1,0,0,2,1,0,0,0,0,0,0,0,0,0,0,0,0,0,0,0,0,2,0,0,0,0,1,1,0,0,0,1,0,2,0
21 - Πρέβεζας,92 E.T. Δήμου Πρέβεζας,298,174,6,1,7,167,63,25,6,18,5,33,14,2,9,1,18,4,5,5,2,13,4,2,2,3,1,1,0,0,15,0,0,1,10,9,9,0,0,1,0,0,0,0,0,0,0,0,0,0,0,2,1,1,0,0,0,0,0,0,0,0,0,0,0,0,0,0,0,2,2,0,0,0,0,0,1,0,0,8,7,1,1
21 - Πρέβεζας,93 E.T. Δήμου Πρέβεζας,347,232,1,0,1,231,76,35,2,27,5,58,14,4,23,5,32,8,13,5,2,47,9,9,0,14,3,1,1,1,3,0,1,0,1,1,0,0,0,0,0,1,0,0,0,0,0,0,0,0,0,2,0,2,0,0,0,0,0,0,0,0,4,0,0,0,0,0,0,1,0,0,1,1,0,0,0,0,0,0,0,2,1
21 - Πρέβεζας,94 E.T. Δήμου Πρέβεζας,541,311,10,1,11,300,101,30,5,54,2,79,28,6,33,4,31,9,3,15,2,45,8,2,1,24,14,1,3,3,7,0,0,0,2,4,4,1,1,0,0,1,0,0,1,0,3,2,1,0,0,3,1,2,0,0,0,0,0,0,0,0,0,0,0,1,0,1,1,0,0,0,1,1,2,0,0,0,0,2,1,3,2
21 - Πρέβεζας,95 E.T. Δήμου Πρέβεζας,386,259,5,3,8,251,133,74,3,17,33,36,13,2,13,0,46,2,7,36,1,4,0,1,0,2,5,2,0,1,2,1,0,0,0,3,1,0,0,1,1,3,1,0,1,0,3,2,4,1,0,0,0,0,0,0,0,0,0,0,0,0,2,2,0,0,0,0,0,3,2,1,1,1,0,0,0,0,0,0,0,5,1
21 - Πρέβεζας,96 E.T. Δήμου Πρέβεζας,390,238,5,1,6,232,95,46,0,30,16,50,16,5,22,0,28,2,4,14,2,13,0,1,0,8,5,2,2,0,1,0,0,1,0,12,11,0,0,0,0,0,0,0,0,0,9,9,1,0,0,9,6,0,0,0,0,0,0,0,0,0,1,0,1,0,0,0,0,3,1,2,1,1,1,1,1,1,0,1,1,1,1
21 - Πρέβεζας,97 E.T. Δήμου Πρέβεζας,445,234,3,0,3,231,102,43,3,44,4,35,11,6,12,2,46,3,4,33,0,11,6,2,1,1,13,8,2,2,5,2,2,0,1,6,5,0,0,0,0,0,0,0,0,0,3,3,0,0,0,2,1,0,1,1,0,0,0,0,0,0,1,0,1,0,0,0,0,3,0,3,0,0,0,0,1,0,1,0,0,2,2
21 - Πρέβεζας,98 E.T. Δήμου Πρέβεζας,429,221,3,1,4,217,95,53,7,30,5,29,10,1,12,2,45,3,14,25,2,4,1,0,1,2,17,12,0,2,3,1,1,1,0,8,8,0,0,0,0,0,0,0,0,0,5,3,1,1,0,0,0,0,0,0,1,0,0,0,0,0,1,0,0,0,0,0,0,4,2,1,0,0,0,0,0,0,0,0,0,4,3
21 - Πρέβεζας,99 E.T. Δήμου Πρέβεζας,462,254,4,2,6,248,98,44,5,41,1,63,14,1,35,0,26,2,8,10,1,14,4,3,0,5,15,8,3,0,2,0,0,0,2,9,9,0,0,1,1,1,0,0,0,0,1,1,2,1,1,3,2,1,0,0,0,0,0,0,0,0,3,0,2,0,0,0,0,0,0,0,2,2,1,0,1,0,1,2,2,4,4
21 - Πρέβεζας,100 E.T. Δήμου Πρέβεζας,283,150,1,3,4,146,57,23,3,22,4,32,3,7,15,1,16,9,2,5,0,19,3,0,2,14,1,0,0,0,2,0,0,0,1,4,4,0,0,0,0,1,0,0,1,0,0,0,7,1,1,0,0,0,0,0,1,0,0,0,0,0,0,0,0,0,0,1,1,0,0,0,2,1,0,0,2,2,0,0,0,1,1
21 - Πρέβεζας,101 E.T. Δήμου Πρέβεζας,441,304,3,4,7,297,155,66,2,70,4,60,15,16,22,1,30,9,10,9,0,19,9,1,2,5,7,5,1,0,1,0,0,0,1,1,1,0,0,0,0,0,0,0,0,0,2,2,2,0,2,3,3,0,1,1,1,0,0,0,1,1,4,0,3,0,0,0,0,3,2,0,1,0,1,1,0,0,0,0,0,5,4
21 - Πρέβεζας,102 E.T. Δήμου Πρέβεζας,168,114,3,1,4,110,51,28,3,7,2,21,6,0,11,2,18,0,7,5,2,4,2,1,0,0,0,0,0,0,3,0,1,0,0,0,0,0,0,1,0,2,0,0,0,1,1,0,0,0,0,5,2,0,1,1,0,0,0,0,0,0,0,0,0,0,0,0,0,0,0,0,0,0,0,0,1,1,0,1,1,1,1
21 - Πρέβεζας,103 E.T. Δήμου Πρέβεζας,539,358,5,3,8,350,145,71,3,56,2,90,28,4,46,1,49,11,21,10,3,18,5,1,6,4,3,2,0,0,12,0,2,4,1,12,12,0,0,0,0,1,0,0,1,0,1,1,2,0,1,6,1,2,0,0,0,0,0,0,2,1,0,0,0,0,0,0,0,1,0,1,1,1,1,0,1,0,1,4,4,1,1
21 - Πρέβεζας,104 E.T. Δήμου Πρέβεζας,558,393,3,1,4,389,180,53,6,92,11,105,29,6,52,1,39,11,11,11,6,17,2,4,2,4,11,6,2,1,5,1,3,0,0,8,8,0,0,0,0,1,0,0,1,0,0,0,2,0,0,4,0,1,1,0,0,0,1,0,2,1,0,0,0,0,0,0,0,1,1,0,0,0,0,0,2,0,0,6,2,4,3
21 - Πρέβεζας,105 E.T. Δήμου Πρέβεζας,412,277,3,0,3,274,89,45,0,29,1,46,11,1,27,1,30,4,8,12,4,67,2,1,0,57,5,2,0,2,4,2,0,0,0,4,4,0,0,0,0,5,0,0,1,4,1,1,3,0,2,1,1,0,1,1,0,0,0,0,0,0,0,0,0,0,0,0,0,3,3,0,0,0,0,0,0,0,0,8,8,7,6
21 - Πρέβεζας,106 E.T. Δήμου Πρέβεζας,469,279,3,1,4,275,118,56,1,42,8,87,36,1,35,1,31,5,12,10,2,22,5,1,6,2,2,0,1,0,4,0,1,0,3,2,2,0,0,0,0,0,0,0,0,0,1,1,2,0,1,0,0,0,1,0,0,0,0,0,0,0,0,0,0,1,1,0,0,0,0,0,0,0,1,0,1,0,0,0,0,2,0
21 - Πρέβεζας,107 E.T. Δήμου Πρέβεζας,485,315,3,2,5,310,108,77,1,16,8,91,43,2,40,0,58,6,13,24,5,25,2,2,13,5,2,2,0,0,3,1,0,0,1,7,6,0,0,0,0,1,0,0,0,0,2,1,1,0,0,1,0,0,0,0,0,0,0,0,0,0,0,0,0,0,0,0,0,0,0,0,2,0,2,1,1,1,0,1,1,5,1
21 - Πρέβεζας,108 E.T. Δήμου Πρέβεζας,475,271,6,0,6,265,106,71,6,18,6,74,23,3,42,1,31,3,11,6,5,20,2,2,5,3,4,2,1,0,2,1,0,0,0,7,6,1,0,0,0,5,0,0,4,0,1,0,0,0,0,4,1,0,0,0,0,0,0,0,0,0,0,0,0,0,0,0,0,3,0,0,0,0,2,0,1,0,0,2,2,2,1
21 - Πρέβεζας,109 E.T. Δήμου Πρέβεζας,495,299,3,2,5,294,133,85,2,27,7,77,32,6,30,1,31,3,6,13,6,20,0,3,5,5,9,0,2,2,2,0,0,0,0,2,2,1,1,0,0,2,0,0,1,0,1,1,2,0,0,1,0,0,0,0,0,0,0,0,0,0,0,0,0,1,0,1,1,1,0,1,1,0,2,2,2,0,1,2,0,3,1
21 - Πρέβεζας,110 E.T. Δήμου Πρέβεζας,299,149,0,0,0,149,80,36,1,37,1,44,9,2,22,4,11,0,4,4,0,12,1,9,0,1,1,0,0,0,0,0,0,0,0,0,0,0,0,0,0,0,0,0,0,0,0,0,1,0,1,0,0,0,0,0,0,0,0,0,0,0,0,0,0,0,0,0,0,0,0,0,0,0,0,0,0,0,0,0,0,0,0
21 - Πρέβεζας,111 E.T. Δήμου Πρέβεζας,454,176,1,0,1,175,82,42,4,29,3,33,9,2,13,0,32,9,4,16,2,7,0,2,0,1,2,0,0,1,5,2,0,0,2,0,0,0,0,0,0,2,0,0,0,2,1,0,0,0,0,0,0,0,0,0,0,0,0,0,0,0,0,0,0,1,1,1,0,1,0,0,1,1,0,0,2,0,1,0,0,5,2
21 - Πρέβεζας,112 E.T. Δήμου Πρέβεζας,283,179,1,1,2,177,44,12,0,28,2,63,38,3,18,0,35,2,18,9,2,22,4,7,1,3,2,0,1,0,1,0,0,0,0,2,0,0,0,0,0,0,0,0,0,0,0,0,1,0,0,1,0,0,0,0,0,0,0,0,0,0,1,0,1,0,0,0,0,1,0,0,0,0,0,0,0,0,0,0,0,4,1
21 - Πρέβεζας,113 E.T. Δήμου Πρέβεζας,189,83,0,0,0,83,27,11,0,13,0,26,5,3,10,2,19,3,1,11,1,3,0,2,0,1,4,0,0,1,1,0,0,1,0,1,1,1,0,0,0,1,0,0,0,0,0,0,0,0,0,0,0,0,0,0,0,0,0,0,0,0,0,0,0,0,0,0,0,0,0,0,0,0,0,0,0,0,0,0,0,0,0
21 - Πρέβεζας,114 E.T. Δήμου Πρέβεζας,152,93,0,0,0,93,15,7,0,6,0,38,18,3,12,0,13,4,1,3,2,15,0,4,0,3,2,1,0,0,1,1,0,0,0,0,0,2,1,1,1,0,0,0,0,0,3,3,0,0,0,0,0,0,0,0,0,0,1,1,0,0,0,0,0,0,0,0,0,1,1,0,0,0,1,1,0,0,0,0,0,0,0
21 - Πρέβεζας,115 E.T. Δήμου Πρέβεζας,192,95,0,0,0,95,20,9,0,10,0,34,12,5,13,0,32,2,18,6,5,0,0,0,0,0,2,2,0,0,0,0,0,0,0,3,2,0,0,0,0,0,0,0,0,0,1,0,0,0,0,1,0,0,0,0,0,0,0,0,0,0,0,0,0,1,1,0,0,0,0,0,0,0,0,0,0,0,0,0,0,1,0
21 - Πρέβεζας,116 E.T. Δήμου Πρέβεζας,91,44,0,1,1,43,24,10,1,11,1,12,5,0,4,0,0,0,0,0,0,2,0,1,1,0,0,0,0,0,0,0,0,0,0,2,2,0,0,0,0,0,0,0,0,0,0,0,0,0,0,0,0,0,0,0,0,0,0,0,0,0,0,0,0,0,0,0,0,1,0,1,0,0,0,0,0,0,0,0,0,2,0
21 - Πρέβεζας,117 E.T. Δήμου Πρέβεζας,298,131,3,0,3,128,72,31,3,34,2,12,5,2,4,0,23,1,7,10,2,3,1,0,0,0,4,0,1,1,0,0,0,0,0,0,0,0,0,0,0,0,0,0,0,0,0,0,0,0,0,0,0,0,0,0,0,0,0,0,0,0,0,0,0,3,2,0,0,2,0,0,6,5,1,0,0,0,0,0,0,2,0
21 - Πρέβεζας,118 E.T. Δήμου Πρέβεζας,353,197,5,3,8,189,70,22,1,35,2,60,17,5,34,2,32,4,4,14,4,10,4,0,3,1,2,2,0,0,4,1,0,1,0,0,0,0,0,0,0,0,0,0,0,0,1,0,0,0,0,2,2,0,0,0,1,1,0,0,0,0,0,0,0,0,0,0,0,0,0,0,0,0,2,1,1,0,0,1,0,3,2
21 - Πρέβεζας,119 E.T. Δήμου Πρέβεζας,358,231,3,0,3,228,91,33,2,44,5,75,25,3,30,6,40,10,5,13,10,10,1,4,0,2,6,2,2,1,1,0,1,0,0,0,0,0,0,0,0,0,0,0,0,0,0,0,0,0,0,0,0,0,0,0,0,0,0,0,1,1,0,0,0,0,0,0,0,0,0,0,1,0,1,1,0,0,0,0,0,2,1
21 - Πρέβεζας,120 E.T. Δήμου Πρέβεζας,158,84,2,0,2,82,45,31,1,9,1,15,7,2,5,1,10,4,0,4,1,6,1,4,0,0,1,0,1,0,0,0,0,0,0,1,1,0,0,0,0,0,0,0,0,0,1,1,0,0,0,1,0,1,0,0,0,0,0,0,0,0,0,0,0,0,0,0,0,0,0,0,0,0,1,0,1,0,0,0,0,0,0
21 - Πρέβεζας,121 E.T. Δήμου Πρέβεζας,407,244,3,1,4,240,66,33,1,22,4,63,47,1,6,2,31,6,13,9,2,58,7,20,1,11,2,0,0,0,5,1,0,1,0,4,2,1,0,0,0,0,0,0,0,0,1,0,1,0,0,0,0,0,0,0,0,0,0,0,0,0,0,0,0,0,0,0,0,1,1,0,1,1,2,0,0,0,0,1,1,3,0
21 - Πρέβεζας,122 E.T. Δήμου Πρέβεζας,414,243,2,1,3,240,80,25,1,40,1,76,48,2,18,0,14,4,2,4,0,55,10,20,2,7,0,0,0,0,3,0,0,0,0,0,0,0,0,0,0,1,0,0,0,1,1,0,1,0,0,2,0,2,0,0,0,0,0,0,0,0,0,0,0,0,0,0,0,3,0,1,0,0,1,1,0,0,0,0,0,3,0
21 - Πρέβεζας,123 E.T. Δήμου Πρέβεζας,387,225,0,1,1,224,84,30,5,35,1,54,43,1,6,0,25,6,5,10,2,45,3,19,3,6,2,1,1,0,2,0,0,0,0,0,0,0,0,0,0,2,0,0,2,0,3,1,0,0,0,0,0,0,0,0,0,0,0,0,0,0,0,0,0,0,0,1,0,1,0,0,1,1,1,0,1,1,0,0,0,2,2
21 - Πρέβεζας,124 E.T. Δήμου Πρέβεζας,414,265,0,3,3,262,110,55,0,46,1,56,41,0,9,0,19,0,8,4,4,46,8,19,1,6,6,1,0,0,5,0,0,0,2,1,1,3,1,0,0,2,0,0,0,0,1,1,1,1,0,1,0,0,0,0,1,1,0,0,1,0,0,0,0,0,0,0,0,3,1,0,0,0,5,1,0,0,0,0,0,1,1
21 - Πρέβεζας,125 E.T. Δήμου Πρέβεζας,540,341,5,1,6,335,109,56,12,27,9,87,29,6,21,4,54,6,13,28,1,43,18,5,4,4,8,1,2,1,9,1,0,4,1,4,4,0,0,0,0,3,0,0,0,0,0,0,0,0,0,6,5,0,0,0,0,0,0,0,0,0,0,0,0,0,0,0,0,2,0,1,2,2,0,0,2,0,0,2,2,4,3
21 - Πρέβεζας,126 E.T. Δήμου Πρέβεζας,534,354,9,1,10,344,111,54,7,30,10,90,23,2,34,14,56,13,15,19,1,31,14,4,3,4,7,3,0,2,6,3,2,0,1,5,5,1,1,0,0,6,2,0,2,0,0,0,0,0,0,6,4,1,0,0,0,0,0,0,0,0,1,0,0,0,0,1,0,5,0,2,4,4,0,0,0,0,0,3,1,11,8
21 - Πρέβεζας,127 E.T. Δήμου Πρέβεζας,563,351,5,1,6,345,106,56,10,23,4,98,30,10,32,14,47,5,17,19,0,34,14,2,4,3,2,0,0,1,16,1,4,2,3,7,6,1,0,0,0,5,1,0,4,0,3,0,3,1,1,6,2,3,0,0,0,0,1,0,0,0,0,0,0,2,2,0,0,2,1,0,1,1,1,0,3,1,0,0,0,7,6
21 - Πρέβεζας,128 E.T. Δήμου Πρέβεζας,531,346,17,2,19,327,136,68,11,26,9,79,23,5,37,7,40,9,7,11,3,25,10,4,1,6,12,4,2,0,3,0,1,1,0,1,1,0,0,0,0,9,4,1,2,1,0,0,5,0,3,8,5,3,0,0,0,0,0,0,0,0,0,0,0,0,0,0,0,2,0,1,0,0,1,1,2,1,0,3,3,1,1
21 - Πρέβεζας,129 E.T. Δήμου Πρέβεζας,531,359,4,1,5,354,133,58,11,45,8,92,19,7,43,13,58,5,16,35,0,26,10,2,4,2,10,2,0,1,11,2,2,2,0,6,5,0,0,0,0,1,0,0,0,0,1,0,4,0,3,2,2,0,0,0,0,0,0,0,1,0,0,0,0,1,0,1,1,0,0,0,0,0,0,0,1,1,0,0,0,6,3
21 - Πρέβεζας,130 E.T. Δήμου Πρέβεζας,525,325,6,4,10,315,109,48,8,46,4,93,24,5,47,5,45,5,14,23,1,24,5,3,5,3,6,1,2,0,11,3,5,1,1,2,2,0,0,0,0,5,1,0,0,1,1,0,4,0,1,0,0,0,0,0,0,0,0,0,0,0,3,1,2,0,0,0,0,0,0,0,2,2,1,1,1,0,1,1,1,7,4
21 - Πρέβεζας,131 E.T. Δήμου Πρέβεζας,537,340,7,6,13,327,138,67,6,47,8,73,28,4,20,5,40,0,10,23,1,32,16,3,5,3,3,2,0,0,8,1,1,4,0,7,7,0,0,0,0,5,0,0,3,2,1,1,4,0,2,4,0,1,0,0,0,0,1,0,2,1,2,0,1,3,0,0,0,0,0,0,1,0,0,0,1,1,0,1,1,1,1
21 - Πρέβεζας,132 E.T. Δήμου Πρέβεζας,514,314,6,2,8,306,130,58,12,42,10,68,19,4,29,2,28,2,10,13,0,27,9,5,4,2,8,2,1,2,12,3,0,5,2,6,6,0,0,0,0,1,0,0,1,0,3,2,1,1,0,6,4,1,0,0,0,0,0,0,0,0,1,0,0,1,1,0,0,3,0,1,0,0,1,0,3,1,0,2,2,5,3
21 - Πρέβεζας,133 E.T. Δήμου Πρέβεζας,533,344,21,1,22,322,104,42,6,37,11,73,29,6,30,4,51,8,7,30,5,48,18,7,2,7,4,1,1,0,10,2,3,0,2,7,7,0,0,0,0,3,0,0,3,0,3,3,1,0,1,6,4,2,0,0,0,0,0,0,0,0,0,0,0,1,0,0,0,4,1,1,1,0,0,0,0,0,0,4,4,2,0
21 - Πρέβεζας,134 E.T. Δήμου Πρέβεζας,523,335,6,4,10,325,116,48,9,32,13,96,26,6,35,12,52,5,14,29,1,19,5,2,3,2,2,1,0,0,9,2,3,1,0,10,9,0,0,0,0,6,0,0,3,2,2,1,0,0,0,2,0,0,0,0,0,0,0,0,0,0,2,1,1,2,1,0,0,0,0,0,0,0,0,0,2,1,1,1,1,4,2
21 - Πρέβεζας,135 E.T. Δήμου Πρέβεζας,524,358,3,1,4,354,122,54,11,37,14,82,24,3,39,3,47,9,7,27,1,39,14,6,7,3,8,3,1,1,8,2,4,0,1,9,9,0,0,0,0,4,1,0,3,0,1,1,1,0,1,7,1,4,0,0,0,0,0,0,0,0,1,0,1,4,2,0,0,8,4,2,0,0,0,0,1,0,0,2,1,10,3
21 - Πρέβεζας,136 E.T. Δήμου Πρέβεζας,538,337,5,0,5,332,101,62,10,23,3,97,34,4,34,10,42,6,18,18,0,52,16,11,6,8,5,3,1,0,15,1,3,7,2,3,2,0,0,0,0,5,0,1,3,0,1,1,1,0,0,1,1,0,0,0,0,0,0,0,0,0,0,0,0,0,0,1,1,1,0,1,1,1,0,0,0,0,0,3,0,3,1
21 - Πρέβεζας,137 E.T. Δήμου Πρέβεζας,551,353,9,2,11,342,124,64,16,23,9,85,33,4,32,7,40,2,7,22,1,28,11,3,0,7,9,2,4,0,9,1,1,0,4,6,6,3,2,0,0,1,0,1,0,0,4,0,3,1,0,7,1,3,0,0,0,0,0,0,0,0,4,1,3,1,0,0,0,3,2,0,5,1,2,0,2,1,0,3,3,3,3
21 - Πρέβεζας,138 E.T. Δήμου Πρέβεζας,524,342,7,3,10,332,128,62,12,34,5,90,32,5,34,9,36,3,5,22,2,37,12,1,7,11,5,2,0,2,8,0,4,1,1,4,4,0,0,0,0,2,0,0,0,0,1,1,3,0,0,0,0,0,0,0,0,0,0,0,1,0,0,0,0,0,0,0,0,2,2,0,1,1,1,0,2,1,0,2,2,9,6
21 - Πρέβεζας,139 E.T. Δήμου Πρέβεζας,544,352,6,2,8,344,133,66,3,40,12,84,23,5,34,4,39,8,3,20,3,32,11,4,4,4,7,1,2,1,12,2,2,3,1,3,2,0,0,0,0,5,0,0,5,0,3,1,4,1,2,6,2,2,0,0,0,0,0,0,0,0,0,0,0,1,1,0,0,1,0,0,1,1,1,1,2,0,0,5,5,5,3
21 - Πρέβεζας,140 E.T. Δήμου Πρέβεζας,533,340,7,2,9,331,104,56,8,27,9,104,44,6,33,5,40,6,7,19,2,39,22,1,8,4,7,4,1,1,7,2,0,2,3,7,6,2,0,0,0,2,0,0,1,0,0,0,1,0,0,2,1,1,1,0,0,0,0,0,0,0,0,0,0,0,0,0,0,1,1,0,3,2,0,0,5,2,0,1,1,5,4
21 - Πρέβεζας,141 E.T. Δήμου Πρέβεζας,536,350,6,0,6,344,129,73,9,25,7,106,33,6,46,3,49,5,13,20,1,16,6,2,1,3,8,2,2,1,11,5,2,0,0,2,2,0,0,0,0,1,0,0,1,0,2,1,3,0,1,2,0,0,0,0,0,0,0,0,0,0,0,0,0,2,0,1,0,1,1,0,1,1,0,0,1,1,0,0,0,9,7
21 - Πρέβεζας,142 E.T. Δήμου Πρέβεζας,508,335,4,1,5,330,116,64,7,21,9,91,39,3,32,7,48,5,9,25,0,24,13,0,3,4,5,0,1,1,12,1,1,1,1,10,9,0,0,0,0,1,0,0,0,0,2,1,2,0,1,3,2,0,0,0,2,0,0,0,0,0,2,1,0,1,1,0,0,1,0,1,0,0,0,0,1,0,0,1,1,8,4
21 - Πρέβεζας,143 E.T. Δήμου Πρέβεζας,518,334,3,2,5,329,156,86,8,40,12,79,34,2,29,7,28,3,8,13,1,27,11,3,1,3,4,1,0,1,8,0,2,2,2,3,2,0,0,0,0,0,0,0,0,0,1,0,2,1,0,9,2,2,0,0,0,0,0,0,2,1,0,0,0,0,0,0,0,3,1,0,3,3,1,1,0,0,0,0,0,3,3
21 - Πρέβεζας,144 E.T. Δήμου Πρέβεζας,533,335,1,2,3,332,107,52,7,30,9,85,41,2,22,7,32,3,9,13,3,62,25,7,13,9,10,3,3,0,6,1,1,0,0,3,3,1,1,0,0,1,0,0,0,1,2,1,2,0,2,3,2,0,1,1,0,0,0,0,0,0,1,0,0,0,0,0,0,3,2,0,0,0,0,0,3,2,0,0,0,10,7
21 - Πρέβεζας,145 E.T. Δήμου Πρέβεζας,515,362,10,4,14,348,124,50,7,49,12,97,36,9,32,9,40,5,5,25,1,31,12,7,4,4,6,6,0,0,9,1,1,0,5,8,8,0,0,0,0,3,0,0,3,0,1,0,1,1,0,4,3,1,0,0,1,1,0,0,0,0,3,0,1,0,0,1,0,8,5,2,1,1,1,0,2,1,0,2,2,5,3
21 - Πρέβεζας,146 E.T. Δήμου Πρέβεζας,551,386,8,2,10,376,152,66,12,48,9,83,30,6,27,7,41,5,13,15,4,32,20,4,3,4,14,6,1,0,13,0,2,1,4,5,5,0,0,0,0,5,0,0,3,0,1,0,5,0,0,2,1,0,0,0,0,0,0,0,1,1,0,0,0,1,0,0,0,3,2,0,1,1,1,1,6,3,0,6,6,4,0
21 - Πρέβεζας,147 E.T. Δήμου Πρέβεζας,542,380,8,3,11,369,135,56,14,34,14,106,41,4,36,11,59,8,12,28,6,37,10,5,3,5,4,2,0,0,0,0,0,0,0,7,4,0,0,0,0,1,0,0,1,0,1,0,4,0,3,3,1,1,0,0,0,0,0,0,0,0,1,1,0,1,1,0,0,2,1,0,0,0,1,1,1,1,0,2,1,4,3
21 - Πρέβεζας,148 E.T. Δήμου Πρέβεζας,529,323,4,0,4,319,109,40,12,45,10,101,37,8,38,6,54,10,15,22,3,13,3,2,3,2,6,4,0,1,5,1,0,1,1,6,5,0,0,0,0,7,3,0,3,1,0,0,1,0,0,5,3,1,0,0,0,0,0,0,0,0,1,0,0,1,1,0,0,4,2,0,0,0,2,2,1,1,0,0,0,3,2
21 - Πρέβεζας,149 E.T. Δήμου Πρέβεζας,532,344,10,3,13,331,136,66,6,36,13,86,38,4,31,5,30,7,8,14,0,29,14,4,2,1,9,5,0,1,6,0,2,1,1,7,5,0,0,0,0,3,0,0,1,0,3,1,0,0,0,4,1,1,1,1,0,0,0,0,0,0,1,0,0,1,0,0,0,2,0,1,1,1,0,0,1,0,0,1,0,10,4
21 - Πρέβεζας,150 E.T. Δήμου Πρέβεζας,509,304,11,0,11,293,102,53,10,23,7,70,20,0,30,9,42,2,13,21,0,20,7,3,5,1,8,4,2,1,5,0,1,1,2,11,11,1,0,0,0,8,1,0,4,1,3,1,1,0,0,1,1,0,0,0,2,1,0,0,1,1,2,1,1,1,0,1,1,5,2,2,2,0,2,1,2,0,1,1,1,2,1
21 - Πρέβεζας,151 E.T. Δήμου Πρέβεζας,267,187,0,1,1,186,66,30,6,19,8,32,12,2,12,2,51,11,9,26,0,13,2,1,2,2,5,1,0,0,5,2,0,2,1,4,4,0,0,0,0,1,0,0,1,0,0,0,0,0,0,1,1,0,0,0,0,0,0,0,0,0,0,0,0,2,0,0,0,0,0,0,1,0,2,1,1,1,0,0,0,2,1
21 - Πρέβεζας,152 E.T. Δήμου Πρέβεζας,534,401,3,4,7,394,142,61,9,42,14,92,19,6,47,3,50,2,6,38,3,47,12,7,3,11,14,6,2,2,10,0,2,3,0,8,7,1,1,0,0,2,0,0,1,0,2,2,2,1,0,2,0,0,0,0,2,0,0,0,0,0,4,0,4,1,1,0,0,4,2,0,0,0,1,1,1,1,0,2,2,7,3
21 - Πρέβεζας,153 E.T. Δήμου Πρέβεζας,371,251,6,1,7,244,70,38,3,16,5,68,13,7,29,4,34,6,3,17,4,21,11,1,2,2,6,2,2,1,4,0,0,1,1,11,11,1,0,2,0,7,0,0,4,1,1,0,2,0,1,0,0,0,0,0,0,0,0,0,0,0,2,0,0,3,2,1,0,1,0,1,0,0,0,0,1,1,0,0,0,9,5
21 - Πρέβεζας,154 E.T. Δήμου Πρέβεζας,381,268,2,1,3,265,127,59,6,39,14,52,18,5,20,2,46,14,8,22,0,7,4,1,1,0,6,1,1,0,2,0,0,0,1,5,4,0,0,0,0,6,0,0,2,2,1,0,1,0,1,4,2,1,0,0,0,0,0,0,0,0,0,0,0,1,1,0,0,0,0,0,0,0,3,3,0,0,0,0,0,4,2
21 - Πρέβεζας,155 E.T. Δήμου Πρέβεζας,425,288,4,1,5,283,120,60,1,27,19,55,10,4,29,3,47,8,8,26,0,34,16,0,4,6,6,3,0,1,5,0,0,2,1,4,3,0,0,0,0,2,0,0,2,0,0,0,2,0,2,0,0,0,0,0,0,0,0,0,0,0,1,1,0,0,0,1,1,2,2,0,0,0,0,0,1,0,0,2,2,1,1
21 - Πρέβεζας,156 E.T. Δήμου Πρέβεζας,402,288,8,4,12,276,96,45,5,30,12,66,18,1,32,7,42,9,16,12,0,34,13,6,3,8,8,1,2,1,9,2,1,2,1,5,5,0,0,0,0,0,0,0,0,0,0,0,1,0,0,4,2,0,0,0,0,0,0,0,0,0,2,0,1,0,0,0,0,1,0,0,0,0,1,1,0,0,0,1,1,6,3
21 - Πρέβεζας,157 E.T. Δήμου Πρέβεζας,375,274,1,1,2,272,106,54,1,34,6,53,23,4,15,0,56,5,17,29,0,17,8,1,3,3,3,2,1,0,4,0,1,0,0,15,13,0,0,0,0,2,0,0,2,0,3,2,0,0,0,2,1,0,0,0,0,0,0,0,0,0,0,0,0,2,0,1,0,4,3,1,0,0,0,0,2,0,0,1,1,1,0
21 - Πρέβεζας,158 E.T. Δήμου Πρέβεζας,246,171,2,0,2,169,84,51,0,27,2,39,7,1,24,2,23,12,1,8,0,5,4,1,0,0,4,3,0,0,2,0,1,0,0,4,4,0,0,0,0,0,0,0,0,0,0,0,0,0,0,1,0,1,0,0,0,0,0,0,0,0,0,0,0,0,0,0,0,1,0,0,0,0,0,0,3,1,2,1,1,2,1
21 - Πρέβεζας,Ετερ. Πρέβεζας (από 33ο Ε.Τ. Νομ. Θεσσαλονικης),72,51,0,1,1,50,24,11,3,5,2,9,2,3,1,2,7,4,1,0,1,5,1,0,0,1,0,0,0,0,2,1,0,0,0,0,0,0,0,0,0,0,0,0,0,0,0,0,1,1,0,0,0,0,0,0,0,0,1,1,0,0,0,0,0,0,0,0,0,0,0,0,0,0,0,0,0,0,0,0,0,1,1
21 - Πρέβεζας,Ετερ. Πρέβεζας (από Εφετείο Θεσσαλονίκης),40,28,0,0,0,28,8,0,2,2,1,15,1,1,8,0,2,0,1,0,0,1,0,1,0,0,0,0,0,0,1,1,0,0,0,0,0,0,0,0,0,0,0,0,0,0,0,0,0,0,0,0,0,0,0,0,0,0,1,0,0,0,0,0,0,0,0,0,0,0,0,0,0,0,0,0,0,0,0,0,0,0,0
21 - Πρέβεζας,Ετερ. Πρέβεζας (από 141ο Ε.Τ. Νομ. Αττικης-Αθηνών),519,367,8,2,10,357,138,55,12,42,3,96,12,18,51,4,43,11,5,11,8,41,5,9,1,9,8,5,0,2,7,1,0,0,2,1,1,1,0,0,0,3,0,0,1,0,1,1,2,0,1,3,2,1,0,0,0,0,0,0,0,0,0,0,0,0,0,0,0,2,0,1,1,1,1,1,0,0,0,0,0,9,6
21 - Πρέβεζας,Ετερ. Πρέβεζας (από 142ο Ε.Τ. Νομ. Αττικης-Αθηνών),524,395,4,4,8,387,168,63,12,44,15,101,13,29,34,3,37,9,8,3,8,41,4,6,2,14,10,1,1,2,8,2,2,1,2,0,0,0,0,0,0,1,0,0,0,0,1,0,2,0,1,1,0,1,0,0,0,0,0,0,0,0,1,0,0,1,0,1,1,2,1,1,0,0,1,1,0,0,0,0,0,11,7
21 - Πρέβεζας,Ετερ. Πρέβεζας (από 143ο Ε.Τ. Νομ. Αττικης-Αθηνών),515,389,6,0,6,383,142,47,7,57,6,102,15,19,46,6,40,8,5,7,15,42,4,6,0,21,7,5,1,1,17,3,3,2,6,1,1,0,0,0,0,4,1,0,1,2,1,1,1,1,0,4,0,1,0,0,0,0,0,0,0,0,0,0,0,3,3,0,0,9,6,3,2,2,1,1,0,0,0,0,0,7,4
21 - Πρέβεζας,Ετερ. Πρέβεζας (από 144ο Ε.Τ. Νομ. Αττικης-Αθηνών),518,371,3,2,5,366,140,62,13,33,13,110,14,21,52,5,28,2,3,5,9,38,2,13,3,13,9,4,1,1,9,1,4,2,1,0,0,0,0,0,0,2,1,0,0,1,2,2,1,0,1,8,2,3,0,0,0,0,0,0,0,0,0,0,0,1,0,0,0,7,3,3,0,0,4,4,0,0,0,0,0,7,6
21 - Πρέβεζας,Ετερ. Πρέβεζας (από 24ο Ε.Τ. Νομ. Αττικης-Πειραιώς),155,115,2,0,2,113,35,9,3,17,3,36,4,7,13,6,15,3,8,0,2,13,0,2,2,7,5,3,0,0,0,0,0,0,0,0,0,0,0,0,0,1,0,0,0,0,0,0,0,0,0,3,3,0,0,0,0,0,0,0,0,0,0,0,0,0,0,0,0,0,0,0,0,0,0,0,0,0,0,0,0,5,2
Σύνολο,,66050,38844,647,234,881,37963,16016,5685,646,7589,710,8898,2241,1105,3751,382,5274,619,1619,1608,810,2807,613,425,262,708,890,329,144,92,686,106,115,93,126,526,453,45,16,25,14,262,25,14,114,33,182,110,257,35,115,474,201,124,25,12,21,9,8,2,26,12,85,19,37,87,43,39,20,250,96,79,113,76,106,64,147,72,16,131,97,583,334
