ΠΕΡΙΦΕΡΕΙΑ,ΕΚΛΟΓΙΚΟ ΤΜΗΜΑ,ΕΓΓΕΓΡΑΜΜΕΝΟΙ,ΨΗΦΙΣΑΝΤΕΣ,ΑΚΥΡΑ,ΛΕΥΚΑ,ΑΚΥΡΑ & ΛΕΥΚΑ,ΕΓΚΥΡΑ,Νέα Δημοκρατία,ΚΕΦΑΛΟΓΙΑΝΝΗΣ ΙΩΑΝΝΗΣ του Αχιλλέα,ΝΙΚΗΦΟΡΟΥ ΑΡΤΕΜΙΣ του Γεωργίου,ΠΑΠΑΔΑΚΗ ΔΕΣΠΟΙΝΑ του Εμμανουήλ,ΤΣΟΥΝΤΑΝΗΣ ΓΑΒΡΙΗΛ του Ιωάννη,ΣΥΡΙΖΑ,ΔΟΥΛΟΥΜΠΕΚΗΣ ΘΕΟΔΩΡΟΣ του Ευάγγελου,ΚΙΑΓΙΑ ΣΤΥΛΙΑΝΗ ΒΑΡΒΑΡΑ του Θωμά,ΜΑΝΟΥΣΑΚΗ ΧΡΥΣΟΥΛΑ του Νικολάου,ΞΑΝΘΟΣ ΑΝΔΡΕΑΣ του Γεωργίου,ΠΑΣΟΚ-Κίνημα Αλλαγής,ΚΟΤΖΑΝΑΚΗ ΚΑΣΑΝΔΡΑ του Γεωργίου,ΜΙΧΑΛΑ ΕΛΕΥΘΕΡΙΑ του Ελευθερίου,ΣΚΟΥΝΤΗΣ ΒΑΣΙΛΕΙΟΣ του Δημητρίου,ΧΝΑΡΗΣ ΕΜΜΑΝΟΥΗΛ του Ιωάννη,Κ.Κ.Ε.,ΔΑΚΑΝΑΛΗ ΙΩΑΝΝΑ του Χαράλαμπου,ΚΑΛΘΙ ΣΙΝΤΟΡΕΛΑ του Ντεντ,ΜΑΝΙΑΒΟΣ ΕΥΣΤΡΑΤΙΟΣ του Σωτηρίου,ΜΑΝΟΥΣΟΓΙΑΝΝΗΣ ΜΑΝΟΥΣΟΣ του Ιωσήφ,Ελληνική Λύση - Κ. Βελόπουλος,ΚΑΜΖΕΛΗΣ ΘΩΜΑΣ του Ανδρέα,ΜΩΡΑΪΤΗΣ ΠΑΝΑΓΙΩΤΗΣ του Σταύρου,ΤΣΟΡΑΚΙΔΟΥ ΕΙΡΗΝΗ του Γεωργίου,ΜέΡΑ25-ΣΥΜΜΑΧΙΑ ΓΙΑ ΤΗ ΡΗΞΗ,ΑΝΤΩΝΟΠΟΥΛΟΣ ΑΝΤΩΝΙΟΣ του Αναστασίου,ΤΣΑΚΑΝΑΚΗ ΑΙΚΑΤΕΡΙΝΗ-ΚΑΝΕΛΛΑ του Γεωργίου,ΕΝΩΝΩ ΣΥΜΜΑΧΙΑ ΕΛΕΥΘΕΡΙΑΣ,ΚΟΚΟΓΙΑΝΝΑΚΗ ΑΝΑΣΤΑΣΙΑ του Ιωάννη,Κ.Κ.Ε. (μ-λ),ΔΕΛΗΓΙΩΡΓΗΣ ΚΩΝΣΤΑΝΤΙΝΟΣ (ΑΝΤΡΕΑΣ) του Μιχαήλ,ΠΑΠΠΑ ΧΡΙΣΤΙΝΑ του Κωνσταντίνου,Ο.Κ.Δ.Ε.,ΣΗΦΑΚΗΣ ΚΩΝΣΤΑΝΤΙΝΟΣ του Αντωνίου,ΑΝΤ.ΑΡ.ΣΥ.Α.,ΘΕΟΔΩΡΑΚΗΣ  ΜΙΧΑΗΛ του Αναστασίου,ΣΑΒΒΑΚΗ ΕΥΓΕΝΙΑ του Κωνσταντίνου,Κίνημα 21,ΒΑΜΒΟΥΚΑ ΜΑΡΙΝΑ του Γεωργίου,ΝΙΚΟΛΑΚΑΚΗΣ ΜΑΡΚΟΣ του Πέτρου,ΕΘΝΙΚΗ ΔΗΜΙΟΥΡΓΙΑ,ΤΖΙΝΑΣ ΑΠΟΣΤΟΛΟΣ του Νικηφόρου,ΤΡΟΥΛΑΚΗ ΑΙΚΑΤΕΡΙΝΗ του Μιχαήλ,ΝΙΚΗ,ΡΗΓΙΝΙΩΤΗΣ ΘΕΟΔΩΡΟΣ του Ιωάννου,ΣΤΡΑΤΗΓΑΚΗ ΕΙΡΗΝΗ του Γεωργίου,κοινωνία αξιών,ΔΑΒΑΡΗ ΕΛΕΝΗ (ΕΛΕΝΑ) του Δημητρίου,ΒΟΡΕΙΑ ΛΕΓΚΑ - ΚΡΑΜΑ,ΠΕΤΟΥΣΗΣ ΤΗΛΕΜΑΧΟΣ του Νικολάου,Μ-Λ Κ.Κ.Ε.,ΜΠΑΓΙΑΡΤΑΚΗΣ ΙΩΑΝΝΗΣ του Γεωργίου,Ελλήνων Συνέλευσις,ΒΙΒΙΛΑΚΗΣ ΙΩΑΝΝΗΣ του Ιωάννη,ΚΑΠΝΙΣΤΟΥ ΕΛΕΝΗ του Κωνσταντίνου,ΚΥΜΙΩΝΗΣ ΙΩΑΝΝΗΣ του Γεωργίου,ΣΤΑΚΚΟΥ ΚΟΝΤΕΣΣΑ του Σπύρου,Ένωση Κεντρώων,ΑΡΑΠΑΚΗΣ ΑΘΑΝΑΣΙΟΣ του Νικολάου,ΝΟΥΦΡΑΚΗ ΑΘΑΝΑΣΙΑ του Σπυρίδωνα,ΧΑΒΑΡΑΝΗΣ ΓΕΩΡΓΙΟΣ του Παναγιώτη,ΤΩΡΑ ΟΛΟΙ ΜΑΖΙ (Τ.ΟΛ.ΜΑ),ΠΑΓΩΝΗΣ ΓΙΑΝΝΗΣ του Δημητρίου,ΣΥΜΜΑΧΙΑ ΑΝΑΤΡΟΠΗΣ,ΓΙΑΝΝΙΚΑΚΗ ΠΑΝΑΓΙΩΤΑ του Ιωάννη,ΜΑΡΚΙΔΗΣ ΕΜΜΑΝΟΥΗΛ του Τίτου,ΠΑΓΟΥΡΑΚΗΣ ΣΤΥΛΙΑΝΟΣ του Στυλιανού,ΠΟΛΙΤΙΚΗ ΠΡΩΤΟΒΟΥΛΙΑ ,ΒΟΓΙΑΤΖΑΚΗ ΕΛΕΝΗ του Εμμανουήλ,ΠΝΟΗ ΔΗΜΟΚΡΑΤΙΑΣ,ΒΑΓΚΟΤΗ ΕΛΕΝΗ του Ευαγγέλου,ΠΡΑΣΙΝΟ ΚΙΝΗΜΑ,ΡΟΚΟΥ ΑΙΚΑΤΕΡΙΝΗ του Γεωργίου,Οικολόγοι Πράσινοι,ΚΑΒΑΚΟΠΟΥΛΟΣ ΔΗΜΗΤΡΙΟΣ του Πανταζή,ΕΑΝ...,ΠΑΠΑΔΟΠΟΥΛΟΣ ΑΘΑΝΑΣΙΟΣ του Στεφάνου,ΕΝΟΤΗΤΑ - ΑΛΗΘΕΙΑ ΕΝ.Α,ΚΥΡΙΑΚΟΠΟΥΛΟΥ ΜΑΡΙΝΑ του Νικολάου,Πλεύση Ελευθερίας - Ζωή Κωνστ.,ΒΡΑΝΑΚΗΣ ΓΕΩΡΓΙΟΣ του Εμμανουήλ
54 - Ρεθύμνης,1 E.T. Δήμου Αγίου Βασιλείου,369,228,4,6,10,218,60,41,5,6,5,47,27,1,3,16,47,19,8,5,14,20,9,2,2,3,5,1,0,2,8,0,4,1,1,1,1,0,0,0,1,0,1,2,2,0,0,0,0,9,7,1,0,0,0,0,0,0,0,0,0,0,0,0,0,0,0,0,0,4,0,2,2,0,0,3,3,0,0,1,1,1,0,1,1,7,7
54 - Ρεθύμνης,2 E.T. Δήμου Αγίου Βασιλείου,384,238,4,2,6,232,95,67,3,6,8,33,7,1,0,23,47,14,13,6,10,11,1,2,0,3,10,4,2,2,10,2,5,0,0,0,0,0,0,0,0,0,0,1,0,0,1,0,0,6,3,3,0,0,0,0,0,0,0,0,0,0,0,0,0,0,0,1,0,4,2,0,1,0,0,3,2,1,0,6,6,0,0,0,0,3,2
54 - Ρεθύμνης,3 E.T. Δήμου Αγίου Βασιλείου,302,211,5,2,7,204,65,53,8,2,0,26,12,1,3,5,74,70,1,0,2,6,1,1,0,2,6,4,0,1,4,1,3,1,1,0,0,0,0,0,0,0,0,0,0,0,1,1,0,12,12,0,1,0,0,0,0,0,0,0,0,0,0,0,0,0,0,0,0,1,0,1,0,0,0,2,2,0,0,1,0,0,0,0,0,4,1
54 - Ρεθύμνης,4 E.T. Δήμου Αγίου Βασιλείου,287,204,1,0,1,203,71,58,3,1,4,28,8,0,1,13,67,65,0,1,1,15,1,1,1,8,2,1,0,1,3,0,1,0,0,0,0,0,0,0,0,0,0,1,1,0,0,0,0,2,2,0,1,1,0,0,2,2,0,0,0,0,0,0,0,0,0,1,0,1,0,0,1,0,0,1,1,0,0,5,3,0,0,0,0,3,2
54 - Ρεθύμνης,5 E.T. Δήμου Αγίου Βασιλείου,385,248,1,2,3,245,76,48,7,4,9,74,47,0,0,23,55,22,3,8,18,7,0,0,0,5,2,0,1,0,3,1,1,0,0,0,0,0,0,0,2,1,1,2,1,1,5,1,1,1,0,0,0,0,1,1,0,0,2,2,0,0,0,0,0,0,0,0,0,4,1,0,2,0,0,1,0,2,1,1,1,2,0,1,1,4,0
54 - Ρεθύμνης,6 E.T. Δήμου Αγίου Βασιλείου,367,200,1,2,3,197,67,46,4,1,6,46,28,0,6,9,54,7,1,6,39,10,2,0,0,6,2,0,0,1,3,0,1,0,0,0,0,0,0,0,1,0,1,1,1,0,0,0,0,8,6,1,0,0,1,1,0,0,0,0,0,0,0,1,0,0,0,1,1,1,0,0,0,0,0,0,0,0,0,0,0,0,0,0,0,1,1
54 - Ρεθύμνης,7 E.T. Δήμου Αγίου Βασιλείου,254,156,3,2,5,151,64,41,6,6,6,27,5,0,2,16,31,11,2,8,8,1,1,0,0,0,6,1,2,1,4,1,1,0,0,1,1,0,0,0,2,0,2,0,0,0,0,0,0,5,4,0,0,0,0,0,0,0,1,1,0,0,0,0,0,0,0,0,0,6,0,0,5,0,0,0,0,0,0,1,0,0,0,0,0,2,2
54 - Ρεθύμνης,8 E.T. Δήμου Αγίου Βασιλείου,75,43,0,0,0,43,10,7,0,1,0,11,2,0,0,9,8,0,6,0,2,3,2,0,0,0,0,0,0,0,1,0,1,0,0,0,0,0,0,0,0,0,0,0,0,0,0,0,0,10,9,1,0,0,0,0,0,0,0,0,0,0,0,0,0,0,0,0,0,0,0,0,0,0,0,0,0,0,0,0,0,0,0,0,0,0,0
54 - Ρεθύμνης,9 E.T. Δήμου Αγίου Βασιλείου,304,222,0,0,0,222,69,52,1,2,10,52,24,0,1,24,82,6,8,9,56,6,2,0,0,3,1,0,0,0,4,2,2,0,0,0,0,0,0,0,0,0,0,0,0,0,1,1,0,0,0,0,0,0,0,0,0,0,2,0,0,1,1,0,0,0,0,0,0,1,0,0,0,0,0,0,0,0,0,0,0,0,0,0,0,4,2
54 - Ρεθύμνης,10 E.T. Δήμου Αγίου Βασιλείου,236,133,1,1,2,131,35,20,3,6,4,25,12,0,0,9,37,7,4,7,14,6,3,0,0,2,6,1,2,0,1,1,0,1,0,0,0,0,0,0,0,0,0,0,0,0,1,1,0,3,3,0,0,0,0,0,0,0,1,0,0,0,0,2,1,0,0,0,0,4,2,2,0,1,0,0,0,0,0,2,0,1,0,0,0,5,2
54 - Ρεθύμνης,11 E.T. Δήμου Αγίου Βασιλείου,281,187,1,0,1,186,84,64,3,14,1,36,5,3,3,25,36,10,6,5,15,6,2,0,0,1,4,2,0,1,4,2,2,0,0,0,0,0,0,0,1,0,1,0,0,0,0,0,0,4,3,1,0,0,0,0,0,0,1,0,0,1,0,0,0,0,0,1,1,1,1,0,0,0,0,0,0,0,0,1,1,0,0,1,1,6,5
54 - Ρεθύμνης,12 E.T. Δήμου Αγίου Βασιλείου,220,141,2,1,3,138,49,30,3,3,2,25,11,0,1,10,27,10,4,4,6,2,0,0,0,0,5,0,3,1,4,0,1,3,3,0,0,0,0,0,1,0,0,3,1,2,1,1,0,5,4,0,0,0,0,0,0,0,0,0,0,0,0,0,0,0,0,0,0,7,1,0,6,0,0,1,0,0,0,1,1,1,0,0,0,3,2
54 - Ρεθύμνης,13 E.T. Δήμου Αγίου Βασιλείου,214,155,1,1,2,153,55,38,2,5,8,37,4,0,24,7,33,7,5,5,14,5,2,1,0,1,7,3,3,0,1,0,1,0,0,0,0,0,0,0,1,1,0,2,1,0,0,0,0,2,2,0,0,0,0,0,1,0,0,0,0,0,0,0,0,0,0,0,0,3,0,1,2,1,1,1,1,0,0,1,0,0,0,0,0,3,3
54 - Ρεθύμνης,14 E.T. Δήμου Αγίου Βασιλείου,243,163,2,1,3,160,46,32,2,1,6,33,17,0,1,15,43,8,2,10,23,7,4,0,0,2,5,1,1,0,2,0,1,0,0,0,0,0,0,0,0,0,0,1,0,1,0,0,0,3,1,1,1,1,0,0,0,0,1,0,0,0,0,0,0,0,0,0,0,7,2,2,2,0,0,0,0,1,0,1,0,0,0,0,0,9,7
54 - Ρεθύμνης,15 E.T. Δήμου Αγίου Βασιλείου,403,234,4,2,6,228,93,58,10,7,10,30,6,0,12,11,46,18,0,4,22,25,4,0,0,15,2,1,1,0,4,1,2,0,0,0,0,0,0,0,0,0,0,1,0,1,0,0,0,11,8,3,0,0,0,0,3,1,0,0,0,0,0,0,0,0,0,2,1,5,1,1,1,0,0,0,0,1,0,1,0,0,0,1,0,3,1
54 - Ρεθύμνης,16 E.T. Δήμου Αγίου Βασιλείου,397,220,3,0,3,217,54,38,3,4,3,51,5,3,5,33,39,12,2,4,20,39,10,0,0,19,5,0,3,2,4,1,2,0,0,1,0,1,0,0,0,0,0,2,2,0,1,0,0,7,6,1,0,0,0,0,1,0,1,0,1,0,0,3,0,0,0,0,0,3,1,1,1,0,0,2,0,1,1,1,1,0,0,0,0,2,1
54 - Ρεθύμνης,17 E.T. Δήμου Αγίου Βασιλείου,409,319,7,2,9,310,92,47,5,16,14,66,22,4,4,30,70,21,10,18,13,20,6,6,0,7,13,4,2,5,9,1,4,2,2,1,1,0,0,0,0,0,0,1,1,0,1,0,1,3,3,0,0,0,0,0,1,1,1,1,0,0,0,0,0,0,0,3,3,8,5,2,1,0,0,2,2,0,0,3,2,0,0,0,0,14,11
54 - Ρεθύμνης,18 E.T. Δήμου Αγίου Βασιλείου,303,209,2,1,3,206,70,49,0,4,12,46,5,1,2,36,53,10,7,13,21,5,2,0,0,1,1,0,1,0,5,2,2,1,0,1,0,0,0,0,0,0,0,0,0,0,0,0,0,7,2,5,1,0,0,0,1,1,0,0,0,0,0,0,0,0,0,2,1,4,1,2,1,0,0,0,0,1,0,1,1,0,0,2,1,5,2
54 - Ρεθύμνης,19 E.T. Δήμου Αγίου Βασιλείου,72,51,0,0,0,51,36,24,3,3,6,2,2,0,0,0,7,3,0,0,3,3,0,0,2,1,0,0,0,0,1,0,0,0,0,0,0,0,0,0,0,0,0,0,0,0,0,0,0,1,1,0,0,0,0,0,0,0,0,0,0,0,0,0,0,0,0,0,0,0,0,0,0,0,0,0,0,0,0,0,0,0,0,0,0,1,1
54 - Ρεθύμνης,20 E.T. Δήμου Αγίου Βασιλείου,316,176,3,3,6,170,61,53,0,1,7,34,9,0,7,18,49,26,3,4,15,4,2,0,1,0,5,1,2,0,6,1,3,0,0,0,0,0,0,0,2,0,1,0,0,0,0,0,0,2,2,0,0,0,0,0,0,0,0,0,0,0,0,0,0,0,0,2,2,3,0,1,1,0,0,0,0,0,0,1,1,0,0,1,0,0,0
54 - Ρεθύμνης,21 E.T. Δήμου Αγίου Βασιλείου,154,117,1,1,2,115,71,56,6,0,8,14,4,1,1,8,18,0,3,3,10,1,0,0,0,0,3,0,0,2,2,1,0,1,0,0,0,0,0,0,0,0,0,0,0,0,0,0,0,1,1,0,0,0,0,0,0,0,0,0,0,0,0,0,0,0,0,0,0,3,1,0,2,0,0,0,0,0,0,1,1,0,0,0,0,0,0
54 - Ρεθύμνης,22 E.T. Δήμου Αγίου Βασιλείου,159,107,0,2,2,105,43,33,2,5,2,18,5,0,0,11,18,1,5,1,9,3,0,0,1,1,6,0,3,3,8,1,5,2,2,0,0,0,0,0,0,0,0,0,0,0,1,0,1,1,1,0,0,0,1,1,0,0,0,0,0,0,0,0,0,0,0,1,1,2,2,0,0,0,0,0,0,0,0,0,0,0,0,0,0,1,1
54 - Ρεθύμνης,23 E.T. Δήμου Αγίου Βασιλείου,142,93,0,0,0,93,42,36,1,0,3,10,6,0,1,3,28,2,1,4,20,3,1,0,0,1,5,3,2,0,0,0,0,0,0,0,0,0,0,0,2,0,0,1,0,1,0,0,0,0,0,0,0,0,0,0,0,0,0,0,0,0,0,0,0,0,0,0,0,2,2,0,0,0,0,0,0,0,0,0,0,0,0,0,0,0,0
54 - Ρεθύμνης,24 E.T. Δήμου Αγίου Βασιλείου,349,249,4,0,4,245,100,73,9,7,6,39,13,2,1,21,54,3,4,15,29,9,3,0,1,3,5,0,2,1,2,1,1,0,0,0,0,0,0,0,3,3,0,5,1,2,0,0,0,4,3,1,0,0,0,0,1,0,0,0,0,0,0,0,0,0,0,0,0,10,1,5,3,0,0,4,0,0,0,2,1,0,0,0,0,7,4
54 - Ρεθύμνης,25 E.T. Δήμου Αγίου Βασιλείου,225,144,6,1,7,137,43,28,2,3,7,14,3,0,2,7,34,8,2,5,18,1,0,0,1,0,3,1,2,0,15,1,10,1,1,0,0,0,0,0,0,0,0,1,0,1,0,0,0,5,5,0,0,0,0,0,0,0,1,0,1,0,0,1,1,0,0,0,0,11,3,7,1,0,0,0,0,1,0,1,1,2,1,0,0,3,3
54 - Ρεθύμνης,26 E.T. Δήμου Αγίου Βασιλείου,467,314,6,0,6,308,93,60,3,7,13,69,17,2,1,45,42,14,5,12,8,33,4,0,10,5,10,1,3,3,7,2,3,0,0,0,0,0,0,0,0,0,0,3,3,0,0,0,0,9,5,2,0,0,0,0,0,0,1,1,0,0,0,2,2,0,0,1,0,18,4,7,5,1,0,2,1,0,0,2,1,1,0,1,1,13,5
54 - Ρεθύμνης,27 E.T. Δήμου Αγίου Βασιλείου,398,269,0,3,3,266,76,47,6,9,7,54,10,1,1,36,79,10,19,19,28,8,3,0,1,1,8,3,3,1,2,0,1,1,0,0,0,0,0,0,0,0,0,4,0,3,2,1,0,7,5,1,0,0,0,0,0,0,1,0,0,0,0,0,0,0,0,0,0,9,0,2,4,0,0,1,1,3,2,3,3,0,0,0,0,8,8
54 - Ρεθύμνης,28 E.T. Δήμου Αγίου Βασιλείου,279,202,7,1,8,194,100,64,1,21,9,26,7,1,3,13,22,1,5,4,11,6,2,0,1,0,4,0,0,4,1,1,0,0,0,0,0,0,0,0,0,0,0,1,0,1,1,0,1,12,10,2,1,1,0,0,0,0,1,0,0,1,0,0,0,0,0,0,0,2,2,0,0,0,0,1,1,1,1,4,2,0,0,2,1,9,7
54 - Ρεθύμνης,29 E.T. Δήμου Αγίου Βασιλείου,462,302,10,2,12,290,115,78,9,9,11,52,16,1,1,30,39,0,6,15,10,23,9,1,5,4,6,2,0,0,12,0,8,2,1,0,0,0,1,1,9,3,4,2,2,0,2,0,0,5,4,1,0,0,0,0,0,0,0,0,0,0,0,1,1,0,0,0,0,5,1,0,3,0,0,0,0,1,1,3,2,1,1,1,1,10,7
54 - Ρεθύμνης,30 E.T. Δήμου Αγίου Βασιλείου,390,264,9,2,11,253,88,62,5,2,5,59,22,3,4,22,72,1,4,1,65,8,2,0,1,1,3,0,0,2,4,1,3,0,0,0,0,0,0,0,0,0,0,0,0,0,0,0,0,5,4,0,0,0,0,0,0,0,0,0,0,0,0,0,0,0,0,0,0,3,2,1,0,0,0,2,1,0,0,2,1,1,1,0,0,6,4
54 - Ρεθύμνης,31 E.T. Δήμου Αγίου Βασιλείου,324,233,6,2,8,225,69,45,5,5,11,57,22,2,2,23,34,5,3,3,20,15,1,0,8,2,9,2,3,2,10,1,5,0,0,0,0,0,0,0,5,1,1,1,0,1,0,0,0,4,1,3,0,0,1,1,0,0,3,0,0,3,0,0,0,0,0,1,1,5,0,3,2,0,0,0,0,0,0,1,0,0,0,0,0,10,9
54 - Ρεθύμνης,32 E.T. Δήμου Αγίου Βασιλείου,340,238,8,1,9,229,65,43,8,3,6,64,22,4,2,33,44,9,3,9,22,20,5,1,6,4,4,1,1,1,2,0,2,1,1,0,0,0,1,1,1,1,0,0,0,0,2,1,1,3,3,0,1,1,0,0,0,0,0,0,0,0,0,1,0,0,0,1,1,3,0,2,1,1,0,1,1,0,0,1,1,0,0,1,1,12,8
54 - Ρεθύμνης,33 E.T. Δήμου Αμαρίου,57,36,1,0,1,35,13,11,1,0,1,6,1,0,0,3,13,0,0,8,5,1,0,0,0,0,0,0,0,0,0,0,0,0,0,0,0,0,0,0,0,0,0,1,0,1,0,0,0,0,0,0,0,0,0,0,0,0,0,0,0,0,0,0,0,0,0,0,0,0,0,0,0,0,0,0,0,0,0,0,0,0,0,0,0,1,0
54 - Ρεθύμνης,34 E.T. Δήμου Αμαρίου,119,93,0,0,0,93,39,26,5,1,4,13,1,0,0,11,21,3,0,17,0,7,0,5,0,1,3,0,0,3,4,2,0,0,0,0,0,0,0,0,0,0,0,0,0,0,1,0,0,4,4,0,0,0,0,0,0,0,0,0,0,0,0,0,0,0,0,0,0,0,0,0,0,0,0,0,0,0,0,0,0,1,1,0,0,0,0
54 - Ρεθύμνης,35 E.T. Δήμου Αμαρίου,189,113,4,0,4,109,42,23,8,3,3,8,2,0,1,5,26,13,0,3,10,6,2,0,0,4,0,0,0,0,2,0,0,1,1,0,0,0,0,0,0,0,0,0,0,0,0,0,0,20,19,0,0,0,0,0,0,0,0,0,0,0,0,0,0,0,0,0,0,0,0,0,0,1,1,0,0,1,1,1,1,0,0,1,1,0,0
54 - Ρεθύμνης,36 E.T. Δήμου Αμαρίου,103,57,2,0,2,55,16,9,0,2,1,7,1,0,1,5,16,1,1,4,7,3,2,0,0,0,0,0,0,0,3,0,0,0,0,0,0,0,0,0,1,0,1,0,0,0,0,0,0,1,1,0,0,0,0,0,0,0,0,0,0,0,0,0,0,0,0,0,0,0,0,0,0,0,0,0,0,0,0,2,1,0,0,0,0,6,2
54 - Ρεθύμνης,37 E.T. Δήμου Αμαρίου,156,82,0,0,0,82,46,31,6,0,4,15,1,0,2,10,9,0,0,6,3,0,0,0,0,0,5,2,0,1,1,0,1,0,0,0,0,0,0,0,0,0,0,0,0,0,0,0,0,2,1,1,0,0,0,0,0,0,2,0,2,0,0,0,0,0,0,0,0,1,0,1,0,0,0,0,0,0,0,0,0,0,0,0,0,1,1
54 - Ρεθύμνης,38 E.T. Δήμου Αμαρίου,91,70,1,0,1,69,20,13,3,1,2,14,8,0,0,4,18,0,1,10,7,1,1,0,0,0,1,0,1,0,0,0,0,0,0,0,0,0,0,0,0,0,0,10,5,4,1,1,0,0,0,0,0,0,0,0,0,0,0,0,0,0,0,0,0,0,0,0,0,3,0,3,0,0,0,0,0,0,0,1,1,0,0,0,0,0,0
54 - Ρεθύμνης,39 E.T. Δήμου Αμαρίου,267,171,1,1,2,169,80,69,6,1,2,16,5,0,0,9,62,7,2,9,42,1,1,0,0,0,2,0,1,1,2,0,1,0,0,0,0,0,0,0,0,0,0,1,1,0,0,0,0,0,0,0,0,0,0,0,0,0,0,0,0,0,0,0,0,0,0,0,0,0,0,0,0,0,0,1,1,1,0,0,0,0,0,1,0,2,2
54 - Ρεθύμνης,40 E.T. Δήμου Αμαρίου,353,201,3,2,5,196,85,58,6,9,6,32,3,0,1,19,48,12,0,9,23,5,1,1,0,3,6,1,0,1,1,0,1,0,0,0,0,0,0,0,0,0,0,1,0,0,0,0,0,6,6,0,0,0,0,0,0,0,3,0,0,3,0,0,0,0,0,0,0,2,0,1,0,0,0,0,0,0,0,1,0,1,0,0,0,5,2
54 - Ρεθύμνης,41 E.T. Δήμου Αμαρίου,109,70,0,2,2,68,24,16,0,1,5,11,2,0,0,9,27,0,3,16,8,1,0,1,0,0,0,0,0,0,0,0,0,1,1,0,0,0,0,0,0,0,0,0,0,0,1,1,0,0,0,0,0,0,0,0,0,0,0,0,0,0,0,0,0,0,0,0,0,1,0,0,1,0,0,0,0,0,0,0,0,1,1,0,0,1,1
54 - Ρεθύμνης,42 E.T. Δήμου Αμαρίου,220,157,2,0,2,155,35,21,4,2,6,46,12,1,4,28,54,0,4,26,21,1,0,0,0,0,0,0,0,0,0,0,0,1,1,0,0,0,0,0,0,0,0,5,0,5,0,0,0,6,6,0,0,0,0,0,0,0,0,0,0,0,0,0,0,0,0,0,0,3,1,1,0,0,0,1,0,0,0,1,1,1,1,1,1,0,0
54 - Ρεθύμνης,43 E.T. Δήμου Αμαρίου,459,281,6,4,10,271,128,101,16,2,1,37,1,0,4,26,68,9,1,10,44,10,3,0,0,3,4,2,0,2,2,2,0,2,1,0,0,0,0,0,4,0,4,1,0,1,1,0,1,4,2,2,0,0,1,1,0,0,1,0,0,0,0,0,0,0,0,1,0,2,0,0,1,0,0,0,0,1,0,0,0,0,0,0,0,4,1
54 - Ρεθύμνης,44 E.T. Δήμου Αμαρίου,493,327,1,1,2,325,103,74,6,5,3,53,7,0,4,35,98,8,5,69,10,22,7,2,1,10,1,0,0,0,5,0,3,1,0,0,0,0,0,0,2,0,0,2,1,1,2,1,0,14,11,1,1,1,0,0,0,0,0,0,0,0,0,0,0,0,0,0,0,5,0,0,3,0,0,1,0,1,0,4,1,0,0,0,0,10,6
54 - Ρεθύμνης,45 E.T. Δήμου Αμαρίου,308,205,1,0,1,204,37,31,1,0,0,33,15,0,0,15,108,2,0,101,4,8,1,0,2,2,4,1,2,0,1,0,1,0,0,0,0,0,1,0,1,1,0,0,0,0,1,0,0,2,2,0,0,0,0,0,0,0,0,0,0,0,0,0,0,0,0,1,0,1,0,1,0,0,0,0,0,0,0,0,0,3,1,0,0,3,2
54 - Ρεθύμνης,46 E.T. Δήμου Αμαρίου,269,142,0,0,0,142,42,31,1,3,3,57,1,1,2,53,21,2,1,8,8,1,1,0,0,0,7,3,2,1,5,4,1,0,0,0,0,0,0,0,0,0,0,0,0,0,1,0,0,1,1,0,0,0,0,0,0,0,0,0,0,0,0,0,0,0,0,0,0,0,0,0,0,1,1,1,1,0,0,2,2,0,0,3,3,0,0
54 - Ρεθύμνης,47 E.T. Δήμου Αμαρίου,383,249,4,0,4,245,96,37,46,7,6,41,7,1,4,27,78,0,1,71,5,4,1,0,1,0,3,0,1,1,2,0,2,0,0,0,0,0,0,0,0,0,0,0,0,0,0,0,0,8,7,1,0,0,0,0,0,0,0,0,0,0,0,1,0,0,0,0,0,8,4,3,0,0,0,0,0,1,0,1,1,0,0,0,0,2,1
54 - Ρεθύμνης,48 E.T. Δήμου Αμαρίου,246,171,0,3,3,168,51,36,6,1,4,41,7,0,0,32,51,2,12,14,16,3,0,0,0,2,2,1,0,1,3,0,2,0,0,0,0,0,0,0,0,0,0,3,1,2,0,0,0,4,4,0,0,0,0,0,0,0,1,0,0,0,0,1,1,0,0,0,0,1,0,1,0,0,0,0,0,1,1,1,1,1,1,1,0,3,3
54 - Ρεθύμνης,49 E.T. Δήμου Αμαρίου,197,119,0,0,0,119,39,24,13,0,2,33,4,1,1,27,24,1,1,11,10,6,3,0,0,1,2,1,1,0,2,1,1,1,0,0,0,0,0,0,0,0,0,1,1,0,0,0,0,2,2,0,0,0,0,0,0,0,0,0,0,0,0,0,0,0,0,0,0,3,0,1,2,0,0,0,0,0,0,0,0,0,0,1,1,5,5
54 - Ρεθύμνης,50 E.T. Δήμου Αμαρίου,193,145,4,0,4,141,56,43,3,3,4,16,3,0,3,8,41,0,4,13,23,2,1,0,0,1,2,0,0,1,1,1,0,3,2,0,0,0,0,0,0,0,0,0,0,0,0,0,0,2,1,1,0,0,0,0,0,0,0,0,0,0,0,2,0,1,1,0,0,4,1,1,2,1,1,1,1,0,0,2,1,0,0,2,2,6,3
54 - Ρεθύμνης,51 E.T. Δήμου Αμαρίου,445,275,6,0,6,269,136,75,23,14,15,48,8,2,8,29,47,2,0,23,21,5,3,0,0,1,5,1,2,2,3,0,2,0,0,0,0,0,0,0,2,0,2,1,0,1,1,1,0,11,9,2,0,0,0,0,0,0,0,0,0,0,0,0,0,0,0,0,0,4,0,1,2,0,0,1,0,0,0,0,0,1,1,0,0,4,2
54 - Ρεθύμνης,52 E.T. Δήμου Αμαρίου,194,123,0,0,0,123,52,34,6,3,9,28,9,1,2,15,30,0,0,20,10,1,1,0,0,0,1,0,0,0,2,1,1,0,0,0,0,0,0,0,0,0,0,2,0,0,0,0,0,3,2,0,0,0,0,0,0,0,0,0,0,0,0,0,0,0,0,0,0,1,0,0,1,0,0,0,0,0,0,0,0,1,0,0,0,2,2
54 - Ρεθύμνης,53 E.T. Δήμου Αμαρίου,129,94,1,0,1,93,30,22,0,0,7,22,8,2,1,9,18,0,0,12,6,8,2,1,1,3,1,0,0,1,4,0,2,0,0,0,0,0,0,0,0,0,0,0,0,0,0,0,0,5,4,1,0,0,0,0,0,0,0,0,0,0,0,0,0,0,0,0,0,3,0,3,0,0,0,0,0,0,0,1,1,0,0,0,0,1,1
54 - Ρεθύμνης,54 E.T. Δήμου Αμαρίου,204,151,1,0,1,150,64,49,1,4,8,35,14,4,1,16,26,1,1,13,5,5,1,0,0,4,1,1,0,0,5,1,2,0,0,0,0,0,0,0,0,0,0,0,0,0,2,0,0,2,1,0,0,0,0,0,0,0,0,0,0,0,0,0,0,0,0,0,0,7,0,7,0,0,0,0,0,0,0,0,0,0,0,1,1,2,2
54 - Ρεθύμνης,55 E.T. Δήμου Αμαρίου,294,192,1,0,1,191,68,43,7,7,7,29,4,0,2,22,61,4,5,35,16,10,5,0,3,1,7,1,2,2,1,1,0,0,0,2,1,1,0,0,0,0,0,0,0,0,0,0,0,3,3,0,1,1,0,0,0,0,0,0,0,0,0,0,0,0,0,0,0,3,0,0,2,0,0,0,0,0,0,1,1,0,0,1,1,4,2
54 - Ρεθύμνης,56 E.T. Δήμου Αμαρίου,166,115,0,1,1,114,36,27,1,1,4,36,10,1,0,21,24,0,2,16,5,7,1,0,0,4,3,1,0,0,2,0,1,1,1,0,0,0,0,0,0,0,0,4,3,0,0,0,0,0,0,0,0,0,0,0,0,0,0,0,0,0,0,0,0,0,0,0,0,0,0,0,0,0,0,0,0,1,1,0,0,0,0,0,0,0,0
54 - Ρεθύμνης,57 E.T. Δήμου Αμαρίου,223,171,3,0,3,168,52,19,13,12,5,46,11,0,2,31,55,0,7,8,40,5,1,0,0,2,1,0,0,0,2,1,0,0,0,0,0,0,0,0,0,0,0,0,0,0,0,0,0,4,1,0,0,0,0,0,0,0,0,0,0,0,0,1,1,0,0,0,0,2,1,0,1,0,0,0,0,0,0,0,0,0,0,0,0,0,0
54 - Ρεθύμνης,58 E.T. Δήμου Αμαρίου,294,183,1,1,2,181,73,47,5,13,1,26,1,4,1,17,53,5,6,12,28,4,2,0,0,0,3,1,1,0,0,0,0,1,1,0,0,0,0,0,0,0,0,0,0,0,2,0,0,5,3,0,0,0,0,0,0,0,0,0,0,0,0,0,0,0,0,0,0,8,1,4,3,0,0,1,0,1,0,0,0,1,1,0,0,3,3
54 - Ρεθύμνης,59 E.T. Δήμου Ανωγείων,494,356,3,1,4,352,149,134,6,1,0,104,35,2,4,56,35,2,0,4,26,44,37,0,0,2,1,0,0,0,3,0,2,1,1,0,0,0,0,0,2,0,0,0,0,0,1,1,0,2,1,1,0,0,0,0,1,1,0,0,0,0,0,2,1,0,0,0,0,1,0,0,0,0,0,0,0,0,0,0,0,0,0,0,0,6,5
54 - Ρεθύμνης,60 E.T. Δήμου Ανωγείων,512,389,0,0,0,389,194,174,10,0,1,99,31,0,2,59,56,4,0,4,43,34,28,0,0,4,0,0,0,0,2,0,1,0,0,0,0,0,0,0,0,0,0,0,0,0,0,0,0,0,0,0,0,0,0,0,1,0,0,0,0,0,0,0,0,0,0,0,0,1,0,1,0,0,0,0,0,0,0,0,0,0,0,0,0,2,1
54 - Ρεθύμνης,61 E.T. Δήμου Ανωγείων,506,362,3,2,5,357,138,124,4,0,0,148,49,6,8,72,46,1,2,2,39,11,7,0,0,0,0,0,0,0,6,2,2,0,0,0,0,0,0,0,0,0,0,0,0,0,0,0,0,1,0,0,0,0,0,0,2,0,0,0,0,0,0,0,0,0,0,0,0,2,1,0,0,0,0,1,1,0,0,0,0,0,0,0,0,2,2
54 - Ρεθύμνης,62 E.T. Δήμου Ανωγείων,509,377,2,0,2,375,79,68,3,2,0,151,69,5,0,66,100,1,4,10,76,31,26,0,0,1,1,0,0,1,3,1,0,0,0,0,0,0,0,0,0,0,0,0,0,0,0,0,0,1,1,0,1,0,0,0,0,0,0,0,0,0,0,0,0,0,0,0,0,7,2,1,0,0,0,0,0,0,0,0,0,0,0,1,0,0,0
54 - Ρεθύμνης,63 E.T. Δήμου Ανωγείων,512,384,6,3,9,375,119,105,2,2,1,134,32,1,2,86,45,0,2,2,37,57,46,0,0,7,1,1,0,0,5,2,2,0,0,0,0,0,0,0,1,0,0,0,0,0,0,0,0,1,0,0,0,0,0,0,4,0,0,0,0,0,0,0,0,0,0,0,0,0,0,0,0,0,0,0,0,0,0,1,0,0,0,0,0,7,3
54 - Ρεθύμνης,64 E.T. Δήμου Μυλοποτάμου,347,262,2,1,3,259,100,85,4,6,2,48,15,6,2,24,78,4,7,8,53,10,3,1,1,4,2,0,1,1,3,2,0,4,4,0,0,0,0,0,0,0,0,0,0,0,1,0,0,3,1,2,0,0,0,0,0,0,0,0,0,0,0,1,0,0,0,4,3,0,0,0,0,1,1,1,1,0,0,1,0,1,1,1,1,0,0
54 - Ρεθύμνης,65 E.T. Δήμου Μυλοποτάμου,359,256,3,0,3,253,88,69,5,6,4,62,15,3,5,35,67,3,3,2,51,8,4,1,0,0,6,0,3,2,2,0,1,0,0,1,0,0,0,0,1,0,1,0,0,0,1,1,0,7,3,3,0,0,2,1,0,0,0,0,0,0,0,0,0,0,0,0,0,1,0,0,0,0,0,0,0,1,0,1,1,0,0,0,0,5,2
54 - Ρεθύμνης,66 E.T. Δήμου Μυλοποτάμου,390,260,3,0,3,257,95,68,5,6,7,24,14,2,1,7,109,5,6,10,84,2,1,0,0,1,4,0,2,1,1,0,1,3,2,0,0,0,0,0,0,0,0,1,1,0,0,0,0,1,0,0,0,0,0,0,0,0,0,0,0,0,0,0,0,0,0,3,1,11,4,1,4,1,1,0,0,0,0,0,0,0,0,2,2,0,0
54 - Ρεθύμνης,67 E.T. Δήμου Μυλοποτάμου,167,114,0,0,0,114,30,27,0,1,0,27,9,0,0,16,47,0,1,1,38,0,0,0,0,0,3,0,0,0,1,0,1,0,0,1,1,0,0,0,0,0,0,0,0,0,0,0,0,2,1,1,0,0,0,0,0,0,0,0,0,0,0,0,0,0,0,0,0,0,0,0,0,0,0,1,0,0,0,0,0,1,1,0,0,1,0
54 - Ρεθύμνης,68 E.T. Δήμου Μυλοποτάμου,448,305,4,2,6,299,118,79,6,25,3,65,38,3,3,17,67,5,3,2,53,1,0,0,0,0,12,3,4,3,2,1,1,2,0,0,0,0,0,0,1,0,0,1,0,1,1,1,0,12,10,1,0,0,2,2,1,0,0,0,0,0,0,0,0,0,0,0,0,1,1,0,0,0,0,0,0,0,0,0,0,0,0,0,0,13,11
54 - Ρεθύμνης,69 E.T. Δήμου Μυλοποτάμου,234,171,3,1,4,167,67,47,3,8,4,32,12,2,0,17,43,1,0,9,32,5,3,0,1,1,3,0,2,1,2,0,1,1,0,0,0,0,0,0,0,0,0,0,0,0,0,0,0,2,1,1,0,0,0,0,0,0,0,0,0,0,0,0,0,0,0,1,0,6,6,0,0,0,0,1,0,0,0,2,1,1,1,0,0,1,0
54 - Ρεθύμνης,70 E.T. Δήμου Μυλοποτάμου,42,24,0,0,0,24,11,6,1,2,0,2,1,0,0,1,8,0,0,1,6,0,0,0,0,0,0,0,0,0,0,0,0,0,0,0,0,0,0,0,0,0,0,0,0,0,0,0,0,0,0,0,0,0,0,0,0,0,0,0,0,0,0,0,0,0,0,0,0,0,0,0,0,0,0,0,0,0,0,1,1,0,0,0,0,2,0
54 - Ρεθύμνης,71 E.T. Δήμου Μυλοποτάμου,558,357,10,3,13,344,107,77,3,15,7,52,20,7,0,19,128,0,2,9,113,13,3,0,1,6,5,1,1,1,3,1,0,0,0,0,0,0,0,0,2,1,1,3,2,1,0,0,0,6,4,0,1,1,0,0,0,0,0,0,0,0,0,1,1,0,0,0,0,5,1,0,3,5,2,1,1,0,0,2,1,0,0,0,0,10,8
54 - Ρεθύμνης,72 E.T. Δήμου Μυλοποτάμου,192,118,0,0,0,118,42,27,3,10,0,19,5,0,1,10,33,2,2,1,27,2,1,0,0,0,6,1,1,3,1,0,0,0,0,0,0,0,0,0,0,0,0,0,0,0,0,0,0,7,4,1,0,0,2,0,0,0,0,0,0,0,0,0,0,0,0,1,1,3,0,1,0,1,0,0,0,0,0,0,0,1,0,0,0,0,0
54 - Ρεθύμνης,73 E.T. Δήμου Μυλοποτάμου,411,318,7,1,8,310,142,120,12,5,1,45,22,5,2,16,94,1,2,20,63,4,2,0,0,1,7,0,2,3,3,0,0,2,1,0,0,0,0,0,1,0,1,1,0,1,0,0,0,3,3,0,1,1,0,0,0,0,0,0,0,0,0,1,0,0,0,0,0,4,3,1,0,0,0,1,1,0,0,0,0,0,0,0,0,1,1
54 - Ρεθύμνης,74 E.T. Δήμου Μυλοποτάμου,448,329,5,1,6,323,138,98,7,16,5,44,23,4,1,12,104,5,2,2,92,6,2,1,1,1,8,2,2,3,4,0,3,0,0,0,0,0,0,0,0,0,0,0,0,0,0,0,0,1,0,1,0,0,0,0,1,1,0,0,0,0,0,0,0,0,0,1,1,9,8,0,0,2,1,0,0,0,0,1,1,0,0,0,0,4,4
54 - Ρεθύμνης,75 E.T. Δήμου Μυλοποτάμου,52,33,0,1,1,32,2,1,0,1,0,11,6,0,0,3,14,2,0,5,7,0,0,0,0,0,1,0,0,1,1,0,0,0,0,0,0,0,0,0,0,0,0,0,0,0,0,0,0,0,0,0,0,0,0,0,0,0,0,0,0,0,0,0,0,0,0,0,0,0,0,0,0,0,0,0,0,0,0,1,0,1,0,0,0,1,0
54 - Ρεθύμνης,76 E.T. Δήμου Μυλοποτάμου,164,122,1,0,1,121,45,29,4,9,0,11,4,0,0,4,44,4,2,6,31,8,3,2,2,1,3,0,0,0,3,0,2,0,0,0,0,0,0,0,1,0,1,0,0,0,0,0,0,0,0,0,0,0,1,0,0,0,0,0,0,0,0,1,0,0,0,0,0,1,1,0,0,0,0,0,0,0,0,2,0,0,0,1,1,0,0
54 - Ρεθύμνης,77 E.T. Δήμου Μυλοποτάμου,441,290,7,0,7,283,118,70,4,13,10,66,27,0,3,33,58,3,2,16,32,9,2,2,0,2,7,3,1,0,3,0,2,3,3,0,0,0,0,0,0,0,0,1,0,0,2,1,0,2,2,0,1,0,1,0,0,0,0,0,0,0,0,0,0,0,0,1,0,2,0,0,1,0,0,1,0,0,0,2,0,1,1,0,0,5,4
54 - Ρεθύμνης,78 E.T. Δήμου Μυλοποτάμου,62,42,0,0,0,42,19,15,0,4,0,9,6,0,0,0,6,0,0,1,5,1,1,0,0,0,3,0,1,1,1,0,0,0,0,0,0,0,0,0,0,0,0,1,1,0,0,0,0,0,0,0,0,0,0,0,0,0,0,0,0,0,0,0,0,0,0,0,0,0,0,0,0,0,0,0,0,0,0,0,0,0,0,2,2,0,0
54 - Ρεθύμνης,79 E.T. Δήμου Μυλοποτάμου,458,374,7,2,9,365,145,89,9,36,1,75,21,1,3,45,107,3,3,19,79,4,3,0,0,0,6,2,1,1,3,1,0,1,1,0,0,0,0,0,0,0,0,3,1,2,1,0,0,7,6,1,0,0,0,0,0,0,1,0,1,0,0,0,0,0,0,3,3,6,0,0,3,0,0,0,0,0,0,0,0,0,0,0,0,3,2
54 - Ρεθύμνης,80 E.T. Δήμου Μυλοποτάμου,453,343,3,1,4,339,114,72,9,22,1,68,27,3,1,37,125,5,4,12,98,4,3,0,0,1,5,2,1,2,6,2,3,1,1,0,0,0,0,0,0,0,0,0,0,0,2,0,0,5,3,1,2,2,0,0,0,0,1,0,0,1,0,0,0,0,0,1,1,2,0,0,2,0,0,0,0,0,0,0,0,0,0,0,0,3,1
54 - Ρεθύμνης,81 E.T. Δήμου Μυλοποτάμου,479,379,3,2,5,374,119,78,2,20,5,65,22,2,3,34,139,4,2,9,118,7,6,0,1,0,3,0,0,2,7,2,3,3,3,0,0,0,0,0,1,0,1,1,0,1,3,2,1,11,9,1,0,0,1,1,0,0,1,0,0,1,0,0,0,0,0,0,0,4,1,1,1,0,0,2,1,2,2,2,1,1,1,0,0,2,2
54 - Ρεθύμνης,82 E.T. Δήμου Μυλοποτάμου,393,282,5,0,5,277,110,40,10,48,5,47,18,2,2,15,68,1,4,3,58,9,3,0,0,2,12,3,4,2,1,0,0,0,0,0,0,0,0,0,1,0,1,1,1,0,0,0,0,6,6,0,0,0,0,0,0,0,0,0,0,0,0,1,0,1,0,2,0,5,2,0,2,0,0,2,2,0,0,1,0,0,0,1,1,10,8
54 - Ρεθύμνης,83 E.T. Δήμου Μυλοποτάμου,535,404,2,1,3,401,201,174,3,13,1,65,15,4,2,35,93,1,1,2,88,7,4,1,0,0,6,2,2,0,5,3,1,0,0,0,0,0,0,0,0,0,0,1,1,0,0,0,0,4,3,1,0,0,1,1,0,0,0,0,0,0,0,0,0,0,0,0,0,13,6,2,4,0,0,0,0,1,0,0,0,0,0,1,0,3,3
54 - Ρεθύμνης,84 E.T. Δήμου Μυλοποτάμου,250,184,4,0,4,180,60,38,6,12,0,34,13,4,0,14,68,1,4,4,57,5,2,0,0,2,3,0,0,2,2,0,1,2,2,0,0,0,0,0,0,0,0,1,0,0,0,0,0,1,1,0,0,0,0,0,0,0,1,0,0,0,1,0,0,0,0,0,0,0,0,0,0,0,0,0,0,0,0,1,1,0,0,0,0,2,1
54 - Ρεθύμνης,85 E.T. Δήμου Μυλοποτάμου,314,202,7,4,11,191,95,76,2,9,3,27,14,0,1,11,42,1,6,2,31,5,1,3,0,0,3,2,0,1,2,0,2,1,1,0,0,0,0,0,0,0,0,0,0,0,0,0,0,2,2,0,0,0,0,0,0,0,0,0,0,0,0,1,1,0,0,6,6,2,0,2,0,1,1,0,0,1,1,0,0,0,0,0,0,3,3
54 - Ρεθύμνης,86 E.T. Δήμου Μυλοποτάμου,291,190,5,1,6,184,91,69,3,9,7,27,6,0,3,15,41,3,0,3,30,8,2,1,0,2,3,1,0,1,0,0,0,1,0,1,0,0,0,0,0,0,0,0,0,0,0,0,0,1,1,0,1,0,0,0,0,0,0,0,0,0,0,2,0,0,0,1,1,3,1,0,1,0,0,0,0,0,0,2,1,0,0,0,0,2,0
54 - Ρεθύμνης,87 E.T. Δήμου Μυλοποτάμου,408,276,7,0,7,269,105,56,2,44,1,123,94,2,0,24,35,0,0,2,31,0,0,0,0,0,2,0,1,0,0,0,0,0,0,1,0,0,0,0,0,0,0,1,1,0,0,0,0,0,0,0,0,0,0,0,0,0,0,0,0,0,0,0,0,0,0,1,1,1,1,0,0,0,0,0,0,0,0,0,0,0,0,0,0,0,0
54 - Ρεθύμνης,88 E.T. Δήμου Μυλοποτάμου,421,287,5,1,6,281,134,44,2,87,0,96,64,6,3,15,42,2,0,12,27,3,2,0,0,0,1,1,0,0,1,0,1,0,0,0,0,0,0,0,0,0,0,0,0,0,0,0,0,1,1,0,0,0,0,0,0,0,0,0,0,0,0,0,0,0,0,0,0,0,0,0,0,0,0,1,1,0,0,0,0,0,0,0,0,2,0
54 - Ρεθύμνης,89 E.T. Δήμου Μυλοποτάμου,373,280,3,0,3,277,86,19,1,66,0,122,92,5,8,12,66,3,1,13,47,0,0,0,0,0,2,0,0,1,1,0,0,0,0,0,0,0,0,0,0,0,0,0,0,0,0,0,0,0,0,0,0,0,0,0,0,0,0,0,0,0,0,0,0,0,0,0,0,0,0,0,0,0,0,0,0,0,0,0,0,0,0,0,0,0,0
54 - Ρεθύμνης,90 E.T. Δήμου Μυλοποτάμου,228,177,0,1,1,176,101,65,29,2,1,23,9,0,0,7,40,2,0,0,38,0,0,0,0,0,3,1,2,0,0,0,0,2,1,0,0,0,0,0,0,0,0,1,1,0,1,0,1,0,0,0,0,0,0,0,0,0,0,0,0,0,0,0,0,0,0,1,1,0,0,0,0,0,0,1,0,1,0,1,0,0,0,0,0,1,0
54 - Ρεθύμνης,91 E.T. Δήμου Μυλοποτάμου,61,39,0,0,0,39,12,8,2,1,0,9,3,0,0,4,16,0,0,0,16,1,0,0,0,1,0,0,0,0,0,0,0,1,1,0,0,0,0,0,0,0,0,0,0,0,0,0,0,0,0,0,0,0,0,0,0,0,0,0,0,0,0,0,0,0,0,0,0,0,0,0,0,0,0,0,0,0,0,0,0,0,0,0,0,0,0
54 - Ρεθύμνης,92 E.T. Δήμου Μυλοποτάμου,253,163,2,1,3,160,72,63,0,1,1,11,5,1,0,3,74,0,1,0,72,0,0,0,0,0,0,0,0,0,0,0,0,0,0,1,0,1,0,0,0,0,0,1,0,0,1,1,0,0,0,0,0,0,0,0,0,0,0,0,0,0,0,0,0,0,0,0,0,0,0,0,0,0,0,0,0,0,0,0,0,0,0,0,0,0,0
54 - Ρεθύμνης,93 E.T. Δήμου Μυλοποτάμου,248,157,2,1,3,154,58,38,4,3,0,25,8,5,1,6,57,2,1,7,43,2,1,0,0,0,4,2,0,0,2,0,0,1,1,0,0,0,0,0,0,0,0,2,2,0,2,0,0,0,0,0,0,0,0,0,0,0,0,0,0,0,0,0,0,0,0,0,0,0,0,0,0,0,0,0,0,0,0,0,0,0,0,0,0,1,1
54 - Ρεθύμνης,94 E.T. Δήμου Μυλοποτάμου,372,258,9,1,10,248,139,98,32,5,0,32,21,2,2,6,54,1,1,2,49,2,1,0,0,0,5,1,1,1,4,1,1,0,0,0,0,0,0,0,1,0,1,2,1,1,4,2,0,1,0,1,0,0,0,0,0,0,0,0,0,0,0,0,0,0,0,0,0,2,1,1,0,0,0,0,0,0,0,1,1,0,0,0,0,1,0
54 - Ρεθύμνης,95 E.T. Δήμου Μυλοποτάμου,283,187,1,1,2,185,75,49,5,12,0,47,8,5,1,29,51,1,0,7,43,2,1,0,0,0,1,1,0,0,2,1,1,1,1,0,0,0,0,0,0,0,0,0,0,0,0,0,0,3,1,0,0,0,0,0,0,0,0,0,0,0,0,0,0,0,0,3,3,0,0,0,0,0,0,0,0,0,0,0,0,0,0,0,0,0,0
54 - Ρεθύμνης,96 E.T. Δήμου Μυλοποτάμου,422,260,3,0,3,257,112,34,68,1,4,57,35,0,0,20,63,1,3,26,28,4,2,0,0,2,4,2,1,0,2,1,0,0,0,0,0,0,0,0,0,0,0,2,1,0,1,0,0,2,1,1,0,0,0,0,0,0,0,0,0,0,0,0,0,0,0,0,0,3,1,2,0,0,0,0,0,2,1,2,1,1,0,0,0,2,2
54 - Ρεθύμνης,97 E.T. Δήμου Μυλοποτάμου,224,141,1,0,1,140,42,35,0,6,1,20,11,2,1,5,61,0,0,0,61,1,1,0,0,0,2,0,0,1,5,2,2,0,0,0,0,0,0,0,0,0,0,1,1,0,0,0,0,1,0,1,0,0,0,0,0,0,0,0,0,0,0,0,0,0,0,1,1,3,2,0,1,0,0,2,2,0,0,0,0,0,0,0,0,1,1
54 - Ρεθύμνης,98 E.T. Δήμου Μυλοποτάμου,324,140,2,0,2,138,49,39,1,4,0,34,17,4,3,8,30,0,0,0,30,3,1,0,0,0,3,1,1,0,4,1,0,0,0,0,0,0,0,0,0,0,0,1,1,0,0,0,0,7,6,1,1,0,0,0,0,0,0,0,0,0,0,1,1,0,0,0,0,0,0,0,0,0,0,1,1,0,0,2,1,0,0,0,0,2,1
54 - Ρεθύμνης,99 E.T. Δήμου Μυλοποτάμου,118,74,2,0,2,72,41,37,4,0,0,7,3,1,0,2,19,0,2,3,12,0,0,0,0,0,0,0,0,0,0,0,0,0,0,0,0,0,0,0,0,0,0,0,0,0,0,0,0,1,0,1,0,0,0,0,0,0,1,0,0,1,0,0,0,0,0,0,0,1,0,0,0,0,0,1,1,0,0,0,0,0,0,1,0,0,0
54 - Ρεθύμνης,100 E.T. Δήμου Μυλοποτάμου,103,86,0,0,0,86,25,15,7,2,0,19,8,0,0,9,37,0,0,4,32,1,1,0,0,0,1,0,0,0,1,1,0,1,1,0,0,0,0,0,0,0,0,0,0,0,0,0,0,0,0,0,0,0,0,0,0,0,0,0,0,0,0,0,0,0,0,0,0,1,1,0,0,0,0,0,0,0,0,0,0,0,0,0,0,0,0
54 - Ρεθύμνης,101 E.T. Δήμου Μυλοποτάμου,69,38,0,1,1,37,11,8,1,1,0,1,1,0,0,0,16,1,0,1,14,0,0,0,0,0,4,1,1,2,1,0,0,1,1,0,0,0,0,0,0,0,0,0,0,0,0,0,0,1,1,0,0,0,0,0,0,0,0,0,0,0,0,0,0,0,0,0,0,1,0,0,1,0,0,0,0,0,0,1,1,0,0,0,0,0,0
54 - Ρεθύμνης,102 E.T. Δήμου Μυλοποτάμου,373,232,3,4,7,225,64,44,8,4,1,46,27,2,1,7,103,0,3,22,77,2,1,0,0,0,7,1,0,1,1,0,1,0,0,0,0,0,0,0,0,0,0,0,0,0,0,0,0,1,1,0,0,0,0,0,0,0,0,0,0,0,0,0,0,0,0,0,0,0,0,0,0,0,0,0,0,0,0,1,1,0,0,0,0,0,0
54 - Ρεθύμνης,103 E.T. Δήμου Μυλοποτάμου,176,99,2,1,3,96,48,40,6,0,0,12,1,2,1,8,22,3,0,2,15,0,0,0,0,0,3,2,1,0,4,1,2,0,0,0,0,0,1,1,0,0,0,1,1,0,0,0,0,2,1,1,0,0,0,0,0,0,0,0,0,0,0,0,0,0,0,0,0,3,1,0,1,0,0,0,0,0,0,0,0,0,0,0,0,0,0
54 - Ρεθύμνης,104 E.T. Δήμου Μυλοποτάμου,310,213,0,0,0,213,50,44,1,3,0,23,10,6,2,4,130,1,0,1,128,1,1,0,0,0,2,0,0,0,0,0,0,0,0,1,0,1,0,0,0,0,0,4,3,0,0,0,0,1,1,0,0,0,0,0,0,0,0,0,0,0,0,0,0,0,0,0,0,0,0,0,0,0,0,0,0,0,0,0,0,0,0,0,0,1,1
54 - Ρεθύμνης,105 E.T. Δήμου Μυλοποτάμου,306,218,0,0,0,218,75,66,5,3,0,37,26,2,0,9,99,1,0,0,96,2,1,0,0,0,1,0,0,1,2,0,0,0,0,0,0,0,0,0,0,0,0,1,1,0,0,0,0,0,0,0,0,0,0,0,0,0,1,0,0,1,0,0,0,0,0,0,0,0,0,0,0,0,0,0,0,0,0,0,0,0,0,0,0,0,0
54 - Ρεθύμνης,106 E.T. Δήμου Μυλοποτάμου,319,211,1,0,1,210,59,51,5,3,0,27,19,1,0,5,119,0,0,0,119,0,0,0,0,0,2,1,0,1,1,0,0,0,0,0,0,0,0,0,0,0,0,1,1,0,0,0,0,0,0,0,0,0,0,0,0,0,0,0,0,0,0,0,0,0,0,0,0,0,0,0,0,0,0,0,0,0,0,1,1,0,0,0,0,0,0
54 - Ρεθύμνης,107 E.T. Δήμου Μυλοποτάμου,295,218,3,0,3,215,66,61,2,0,3,19,10,1,1,6,127,0,1,0,125,0,0,0,0,0,1,0,0,0,0,0,0,0,0,0,0,0,0,0,0,0,0,0,0,0,0,0,0,1,0,1,0,0,0,0,0,0,0,0,0,0,0,0,0,0,0,1,1,0,0,0,0,0,0,0,0,0,0,0,0,0,0,0,0,0,0
54 - Ρεθύμνης,108 E.T. Δήμου Μυλοποτάμου,281,206,8,0,8,198,22,22,0,0,0,30,19,4,0,5,140,0,0,0,139,0,0,0,0,0,5,3,1,1,0,0,0,0,0,0,0,0,0,0,0,0,0,0,0,0,0,0,0,0,0,0,0,0,0,0,0,0,0,0,0,0,0,0,0,0,0,0,0,0,0,0,0,0,0,0,0,0,0,0,0,0,0,0,0,1,1
54 - Ρεθύμνης,109 E.T. Δήμου Μυλοποτάμου,143,60,0,0,0,60,16,12,0,1,0,12,4,0,0,7,20,3,0,2,13,1,1,0,0,0,0,0,0,0,1,0,1,1,1,0,0,0,0,0,0,0,0,0,0,0,0,0,0,0,0,0,0,0,6,4,0,0,0,0,0,0,0,0,0,0,0,0,0,0,0,0,0,0,0,0,0,0,0,1,0,0,0,0,0,2,1
54 - Ρεθύμνης,110 E.T. Δήμου Μυλοποτάμου,417,260,3,4,7,253,101,53,13,20,1,63,23,1,4,23,66,1,2,5,55,2,1,0,0,1,4,1,0,0,1,0,0,0,0,0,0,0,0,0,0,0,0,4,2,1,0,0,0,4,4,0,0,0,0,0,0,0,1,1,0,0,0,1,0,0,0,0,0,2,0,0,2,0,0,0,0,0,0,1,1,0,0,2,1,1,0
54 - Ρεθύμνης,111 E.T. Δήμου Μυλοποτάμου,67,44,1,0,1,43,1,1,0,0,0,17,1,0,2,12,21,0,0,0,21,1,0,0,0,1,0,0,0,0,2,0,2,0,0,0,0,0,0,0,0,0,0,0,0,0,0,0,0,0,0,0,0,0,0,0,0,0,0,0,0,0,0,0,0,0,0,0,0,0,0,0,0,0,0,0,0,0,0,1,0,0,0,0,0,0,0
54 - Ρεθύμνης,112 E.T. Δήμου Ρεθύμνης,555,386,8,5,13,373,132,83,15,7,13,72,30,6,3,29,99,9,20,28,36,16,3,0,0,9,11,1,2,4,5,3,0,3,3,1,0,0,0,0,0,0,0,1,1,0,6,2,1,7,7,0,0,0,0,0,0,0,1,0,0,1,0,2,0,1,0,1,1,5,3,0,2,0,0,1,0,1,1,2,1,1,0,2,1,4,3
54 - Ρεθύμνης,113 E.T. Δήμου Ρεθύμνης,545,390,10,1,11,379,146,86,6,23,14,70,19,3,2,39,46,4,5,20,13,21,7,0,1,10,22,6,4,4,7,3,1,3,3,2,1,0,0,0,1,0,1,3,3,0,1,1,0,26,22,1,0,0,0,0,0,0,0,0,0,0,0,3,0,1,0,0,0,9,3,3,1,0,0,1,1,3,2,3,1,0,0,2,2,10,7
54 - Ρεθύμνης,114 E.T. Δήμου Ρεθύμνης,199,113,6,0,6,107,49,31,5,5,6,16,4,7,0,2,14,0,3,3,7,5,4,0,0,1,1,0,0,0,4,0,3,1,1,0,0,0,0,0,0,0,0,2,2,0,0,0,0,3,3,0,2,2,0,0,0,0,0,0,0,0,0,0,0,0,0,0,0,2,1,0,1,0,0,0,0,1,1,0,0,0,0,4,4,3,1
54 - Ρεθύμνης,115 E.T. Δήμου Ρεθύμνης,107,74,2,1,3,71,22,14,4,3,1,20,7,2,1,9,15,0,0,2,12,1,1,0,0,0,4,0,1,3,1,1,0,1,0,0,0,0,0,0,0,0,0,0,0,0,0,0,0,2,0,1,1,1,3,1,0,0,0,0,0,0,0,0,0,0,0,0,0,0,0,0,0,0,0,0,0,1,0,0,0,0,0,0,0,0,0
54 - Ρεθύμνης,116 E.T. Δήμου Ρεθύμνης,100,83,2,1,3,80,15,10,1,3,1,25,14,3,0,7,33,2,4,8,19,0,0,0,0,0,3,0,0,2,1,1,0,0,0,0,0,0,0,0,0,0,0,0,0,0,0,0,0,0,0,0,0,0,1,1,0,0,0,0,0,0,0,0,0,0,0,0,0,0,0,0,0,0,0,0,0,0,0,0,0,0,0,0,0,2,1
54 - Ρεθύμνης,117 E.T. Δήμου Ρεθύμνης,271,210,1,0,1,209,44,23,5,4,6,54,15,3,2,25,90,8,5,12,65,1,1,0,0,0,1,1,0,0,3,0,0,0,0,0,0,0,0,0,1,1,0,0,0,0,0,0,0,5,2,1,1,1,3,3,0,0,0,0,0,0,0,2,0,0,0,0,0,1,0,0,1,0,0,1,1,0,0,0,0,1,0,0,0,1,0
54 - Ρεθύμνης,118 E.T. Δήμου Ρεθύμνης,196,116,2,0,2,114,30,19,3,5,1,41,14,1,3,22,26,3,1,2,19,3,3,0,0,0,2,0,0,0,4,3,1,0,0,0,0,0,0,0,1,0,1,1,1,0,0,0,0,0,0,0,0,0,0,0,0,0,1,0,0,1,0,0,0,0,0,0,0,1,1,0,0,0,0,1,1,0,0,0,0,0,0,1,1,2,2
54 - Ρεθύμνης,119 E.T. Δήμου Ρεθύμνης,412,303,11,3,14,289,102,52,5,26,11,55,13,6,3,27,81,3,9,8,55,10,4,0,0,2,5,1,1,0,5,2,2,2,2,0,0,0,0,0,0,0,0,2,1,1,2,1,1,8,4,2,0,0,0,0,0,0,0,0,0,0,0,0,0,0,0,0,0,6,2,0,4,0,0,3,2,0,0,0,0,1,1,0,0,7,1
54 - Ρεθύμνης,120 E.T. Δήμου Ρεθύμνης,368,252,2,3,5,247,90,56,3,16,9,40,10,1,3,24,60,8,11,16,25,5,2,0,0,1,5,1,1,1,4,2,2,1,0,0,0,0,0,0,0,0,0,2,0,2,1,0,0,9,5,2,0,0,1,1,0,0,0,0,0,0,0,0,0,0,0,0,0,5,1,1,2,1,0,1,1,0,0,8,4,1,0,0,0,13,8
54 - Ρεθύμνης,121 E.T. Δήμου Ρεθύμνης,353,252,4,1,5,247,76,32,12,18,8,45,18,1,0,18,80,2,9,12,50,16,3,0,1,6,4,0,0,1,8,1,4,0,0,1,0,1,0,0,0,0,0,0,0,0,2,1,1,2,2,0,0,0,2,2,0,0,0,0,0,0,0,1,0,0,0,0,0,1,0,0,1,0,0,0,0,1,1,2,1,2,2,0,0,4,4
54 - Ρεθύμνης,122 E.T. Δήμου Ρεθύμνης,309,237,0,1,1,236,100,40,4,41,5,38,15,1,4,16,47,2,1,8,36,14,12,0,0,2,6,1,3,2,6,2,1,2,2,0,0,0,0,0,0,0,0,1,1,0,1,1,0,5,2,2,0,0,0,0,0,0,1,0,1,0,0,0,0,0,0,0,0,3,0,0,3,1,1,0,0,1,1,2,1,0,0,2,1,6,3
54 - Ρεθύμνης,123 E.T. Δήμου Ρεθύμνης,552,396,4,2,6,390,118,64,5,23,22,69,24,6,1,27,89,8,15,27,24,15,4,1,1,5,8,1,1,2,8,2,3,1,1,0,0,0,0,0,1,0,0,7,3,2,0,0,0,12,8,2,1,0,0,0,1,1,3,0,0,2,0,3,1,1,1,0,0,15,3,3,8,0,0,2,2,2,2,5,1,4,1,4,2,22,11
54 - Ρεθύμνης,124 E.T. Δήμου Ρεθύμνης,306,216,4,2,6,210,91,49,3,23,9,42,16,9,0,13,37,1,0,6,27,10,5,0,0,4,3,2,1,0,8,1,6,0,0,0,0,0,0,0,0,0,0,3,2,1,0,0,0,7,6,1,0,0,1,0,0,0,0,0,0,0,0,0,0,0,0,1,1,0,0,0,0,0,0,1,0,0,0,0,0,0,0,0,0,6,6
54 - Ρεθύμνης,125 E.T. Δήμου Ρεθύμνης,204,148,2,0,2,146,47,39,4,3,0,32,19,1,2,8,46,0,3,15,21,0,0,0,0,0,4,2,1,1,7,5,1,1,1,1,0,0,0,0,0,0,0,0,0,0,0,0,0,2,2,0,0,0,0,0,1,0,0,0,0,0,0,0,0,0,0,0,0,1,0,1,0,0,0,0,0,0,0,0,0,0,0,0,0,4,2
54 - Ρεθύμνης,126 E.T. Δήμου Ρεθύμνης,99,79,0,0,0,79,36,24,2,3,6,18,12,1,0,4,16,0,1,1,13,1,0,0,0,1,1,1,0,0,2,0,2,0,0,0,0,0,0,0,0,0,0,0,0,0,0,0,0,0,0,0,0,0,0,0,0,0,0,0,0,0,0,0,0,0,0,0,0,1,0,0,1,0,0,0,0,0,0,0,0,0,0,1,0,3,2
54 - Ρεθύμνης,127 E.T. Δήμου Ρεθύμνης,306,233,2,0,2,231,106,58,3,31,7,56,21,5,2,27,26,3,2,4,14,6,3,0,1,0,2,0,0,0,4,2,0,0,0,0,0,0,0,0,0,0,0,3,1,0,3,1,1,4,4,0,1,1,0,0,0,0,0,0,0,0,0,2,0,0,1,3,1,4,1,1,0,1,1,0,0,0,0,2,2,0,0,3,3,5,3
54 - Ρεθύμνης,128 E.T. Δήμου Ρεθύμνης,329,242,0,0,0,242,84,47,3,21,6,69,29,2,2,30,52,1,5,19,25,8,2,2,0,2,4,0,0,4,3,0,2,0,0,0,0,0,0,0,0,0,0,1,0,1,1,0,1,2,1,0,0,0,2,0,0,0,0,0,0,0,0,0,0,0,0,0,0,6,2,0,1,0,0,0,0,1,1,4,4,0,0,4,4,1,1
54 - Ρεθύμνης,129 E.T. Δήμου Ρεθύμνης,214,152,2,0,2,150,63,37,4,9,6,22,5,4,1,9,25,0,2,4,17,7,4,1,0,0,11,1,1,6,3,0,1,0,0,0,0,0,0,0,1,1,0,0,0,0,1,0,1,7,6,1,0,0,1,1,0,0,1,0,1,0,0,0,0,0,0,1,1,1,0,0,1,1,1,0,0,0,0,0,0,0,0,0,0,5,4
54 - Ρεθύμνης,130 E.T. Δήμου Ρεθύμνης,480,269,1,1,2,267,58,47,2,1,5,76,9,0,7,55,27,4,2,1,13,51,1,43,2,4,16,1,4,1,7,1,2,0,0,1,0,0,0,0,0,0,0,1,0,1,0,0,0,5,2,2,0,0,0,0,0,0,9,0,0,9,0,0,0,0,0,0,0,4,1,0,3,0,0,0,0,0,0,1,0,0,0,2,2,9,7
54 - Ρεθύμνης,131 E.T. Δήμου Ρεθύμνης,470,255,5,3,8,247,94,62,9,5,8,62,15,0,11,33,13,0,0,7,5,23,2,11,0,1,9,0,5,3,6,0,2,0,0,0,0,0,0,0,0,0,0,1,0,1,0,0,0,14,10,3,0,0,1,1,0,0,4,0,0,4,0,2,0,2,0,0,0,1,1,0,0,0,0,1,1,0,0,1,1,0,0,0,0,15,11
54 - Ρεθύμνης,132 E.T. Δήμου Ρεθύμνης,549,306,8,2,10,296,129,79,19,10,10,52,20,2,4,22,49,1,8,3,32,8,2,2,2,2,16,4,5,5,6,1,5,0,0,1,1,0,0,0,0,0,0,5,0,4,2,2,0,4,2,1,1,1,1,1,0,0,0,0,0,0,0,0,0,0,0,1,1,2,0,0,2,0,0,1,0,0,0,3,2,2,2,1,1,12,9
54 - Ρεθύμνης,133 E.T. Δήμου Ρεθύμνης,281,175,2,1,3,172,44,36,2,4,1,49,33,2,0,11,18,1,5,8,2,23,4,7,6,2,2,0,1,1,3,0,1,0,0,0,0,0,0,0,2,1,0,2,0,1,0,0,0,5,3,2,0,0,0,0,0,0,7,0,0,7,0,0,0,0,0,0,0,4,1,0,3,0,0,0,0,0,0,1,1,0,0,1,1,11,11
54 - Ρεθύμνης,134 E.T. Δήμου Ρεθύμνης,249,188,3,0,3,185,73,43,10,2,14,22,9,1,0,12,51,3,8,13,25,7,1,3,0,1,0,0,0,0,1,0,0,0,0,0,0,0,0,0,1,0,1,4,0,2,1,1,0,15,14,0,0,0,0,0,0,0,0,0,0,0,0,1,0,1,0,0,0,2,0,2,0,0,0,0,0,0,0,1,1,0,0,0,0,6,4
54 - Ρεθύμνης,135 E.T. Δήμου Ρεθύμνης,102,64,0,0,0,64,28,11,1,3,11,7,5,1,0,0,12,0,0,0,12,3,0,0,1,0,3,1,1,1,5,1,3,0,0,0,0,0,0,0,0,0,0,0,0,0,0,0,0,2,1,0,0,0,0,0,0,0,0,0,0,0,0,0,0,0,0,0,0,0,0,0,0,0,0,1,1,2,2,1,1,0,0,0,0,0,0
54 - Ρεθύμνης,136 E.T. Δήμου Ρεθύμνης,267,159,2,0,2,157,61,42,4,2,6,32,20,2,1,8,22,1,5,4,11,15,9,3,3,0,10,3,4,2,2,0,0,1,0,1,1,0,0,0,0,0,0,0,0,0,2,2,0,3,2,1,0,0,0,0,0,0,5,0,0,5,0,0,0,0,0,0,0,0,0,0,0,0,0,1,1,0,0,0,0,1,1,0,0,1,0
54 - Ρεθύμνης,137 E.T. Δήμου Ρεθύμνης,119,77,1,0,1,76,22,17,2,1,1,16,6,0,1,7,13,0,2,2,9,5,2,1,0,1,4,0,0,2,4,0,2,1,1,0,0,0,1,1,0,0,0,2,2,0,1,0,0,0,0,0,0,0,1,0,0,0,0,0,0,0,0,2,0,0,0,1,0,0,0,0,0,0,0,0,0,0,0,0,0,0,0,0,0,3,2
54 - Ρεθύμνης,138 E.T. Δήμου Ρεθύμνης,190,118,3,0,3,115,46,28,2,8,4,19,5,0,0,11,5,0,0,3,0,5,0,0,2,2,4,1,1,1,3,0,3,0,0,0,0,0,0,0,0,0,0,2,1,1,0,0,0,0,0,0,0,0,0,0,2,1,0,0,0,0,0,1,0,0,0,0,0,3,1,1,0,0,0,1,1,1,0,0,0,1,1,0,0,22,15
54 - Ρεθύμνης,139 E.T. Δήμου Ρεθύμνης,455,275,3,2,5,270,116,89,8,3,7,27,5,6,1,11,80,0,1,6,65,6,0,3,2,1,8,2,2,0,4,0,3,1,0,0,0,0,1,1,0,0,0,6,3,3,2,2,0,9,7,2,0,0,0,0,0,0,1,0,0,0,0,0,0,0,0,1,1,0,0,0,0,0,0,0,0,0,0,2,1,1,0,1,0,4,2
54 - Ρεθύμνης,140 E.T. Δήμου Ρεθύμνης,234,157,0,0,0,157,57,39,5,3,5,40,7,0,1,29,30,2,16,5,6,6,1,1,0,4,6,2,3,0,3,1,1,0,0,0,0,0,0,0,0,0,0,0,0,0,0,0,0,5,4,0,0,0,0,0,0,0,0,0,0,0,0,1,0,1,0,0,0,6,3,0,3,0,0,0,0,0,0,1,0,0,0,1,1,1,1
54 - Ρεθύμνης,141 E.T. Δήμου Ρεθύμνης,191,135,0,1,1,134,48,35,0,2,8,28,11,0,1,11,31,2,2,4,20,4,2,0,0,1,4,2,2,0,3,0,0,0,0,0,0,0,0,0,0,0,0,0,0,0,0,0,0,0,0,0,1,1,1,1,0,0,0,0,0,0,0,0,0,0,0,3,0,6,1,1,1,1,1,0,0,0,0,0,0,2,2,1,0,1,0
54 - Ρεθύμνης,142 E.T. Δήμου Ρεθύμνης,532,395,13,5,18,377,131,87,10,6,12,93,35,7,5,44,55,5,10,22,11,20,13,1,0,3,7,2,3,0,11,1,5,0,0,5,0,3,0,0,3,0,0,1,0,1,4,1,1,14,9,3,0,0,1,1,0,0,0,0,0,0,0,0,0,0,0,1,1,7,2,0,3,0,0,3,2,0,0,3,2,0,0,2,2,16,9
54 - Ρεθύμνης,143 E.T. Δήμου Ρεθύμνης,535,390,3,4,7,383,132,65,12,19,24,61,19,1,0,32,51,5,9,22,8,34,12,4,1,9,13,4,4,4,17,5,8,3,3,2,0,2,0,0,0,0,0,3,2,1,2,0,1,18,13,2,2,1,0,0,0,0,0,0,0,0,0,1,0,0,0,0,0,7,2,2,1,0,0,2,0,0,0,5,2,0,0,3,1,27,18
54 - Ρεθύμνης,144 E.T. Δήμου Ρεθύμνης,516,376,4,1,5,371,146,85,9,18,20,68,16,3,9,31,42,1,9,19,11,28,13,1,2,4,12,3,3,3,7,2,4,2,2,1,0,0,0,0,2,0,0,6,2,3,2,0,1,14,13,1,1,1,1,1,0,0,0,0,0,0,0,0,0,0,0,0,0,12,9,0,3,0,0,2,0,1,0,6,1,1,1,0,0,17,7
54 - Ρεθύμνης,145 E.T. Δήμου Ρεθύμνης,362,274,7,0,7,267,79,45,6,9,13,70,34,2,3,20,37,1,2,21,10,12,9,0,0,2,9,0,1,3,7,2,3,0,0,0,0,0,0,0,0,0,0,46,0,45,1,0,0,3,2,1,0,0,0,0,0,0,0,0,0,0,0,1,1,0,0,0,0,0,0,0,0,0,0,0,0,0,0,0,0,0,0,0,0,2,2
54 - Ρεθύμνης,146 E.T. Δήμου Ρεθύμνης,425,318,6,1,7,311,106,77,12,4,4,55,18,1,7,22,56,2,3,36,13,15,9,0,1,2,8,4,2,2,3,0,1,0,0,0,0,0,0,0,0,0,0,51,4,45,0,0,0,2,0,1,1,1,2,1,0,0,0,0,0,0,0,0,0,0,0,0,0,1,0,0,1,1,0,0,0,3,2,2,1,0,0,0,0,5,4
54 - Ρεθύμνης,147 E.T. Δήμου Ρεθύμνης,548,357,13,4,17,340,131,101,4,13,7,59,22,3,9,24,64,4,7,29,21,9,1,1,0,4,15,5,0,5,9,4,4,4,4,2,0,1,0,0,0,0,0,7,2,5,6,2,1,8,6,2,0,0,0,0,1,0,3,1,0,2,0,0,0,0,0,0,0,4,3,0,1,0,0,1,0,0,0,0,0,0,0,0,0,17,11
54 - Ρεθύμνης,148 E.T. Δήμου Ρεθύμνης,94,66,1,2,3,63,12,6,0,4,0,20,4,0,0,15,20,1,7,4,6,4,1,0,0,2,0,0,0,0,2,0,1,0,0,0,0,0,0,0,0,0,0,0,0,0,0,0,0,1,1,0,0,0,0,0,0,0,0,0,0,0,0,0,0,0,0,0,0,4,0,3,0,0,0,0,0,0,0,0,0,0,0,0,0,0,0
54 - Ρεθύμνης,149 E.T. Δήμου Ρεθύμνης,253,180,4,3,7,173,63,47,0,3,4,42,12,0,0,15,26,3,3,1,13,4,4,0,0,0,4,1,0,0,4,1,1,0,0,1,0,1,0,0,0,0,0,3,0,1,0,0,0,7,5,2,0,0,0,0,0,0,0,0,0,0,0,0,0,0,0,0,0,7,0,6,1,2,1,1,0,1,0,0,0,1,1,0,0,7,3
54 - Ρεθύμνης,150 E.T. Δήμου Ρεθύμνης,259,191,7,3,10,181,76,50,7,4,9,41,20,0,1,16,35,3,4,12,14,2,1,0,0,1,3,1,1,0,1,1,0,0,0,0,0,0,0,0,1,1,0,2,0,2,1,0,1,5,4,1,0,0,0,0,0,0,4,0,0,0,0,3,1,0,0,0,0,5,2,3,0,0,0,0,0,0,0,1,0,0,0,0,0,1,0
54 - Ρεθύμνης,151 E.T. Δήμου Ρεθύμνης,209,140,1,0,1,139,55,44,1,2,3,28,11,0,1,12,42,1,2,10,28,0,0,0,0,0,1,0,0,0,1,1,0,0,0,0,0,0,0,0,0,0,0,0,0,0,0,0,0,4,2,2,0,0,0,0,0,0,0,0,0,0,0,0,0,0,0,0,0,3,0,1,2,0,0,0,0,0,0,0,0,0,0,0,0,5,4
54 - Ρεθύμνης,152 E.T. Δήμου Ρεθύμνης,307,203,1,2,3,200,68,50,5,9,2,26,10,0,3,10,72,3,15,8,44,12,4,1,0,2,2,0,2,0,1,0,0,0,0,0,0,0,0,0,0,0,0,0,0,0,0,0,0,4,2,2,0,0,2,2,0,0,1,1,0,0,0,0,0,0,0,0,0,2,1,1,0,0,0,2,0,0,0,2,2,0,0,0,0,6,5
54 - Ρεθύμνης,153 E.T. Δήμου Ρεθύμνης,289,203,5,0,5,198,52,38,1,4,8,51,14,0,1,27,41,2,10,0,12,7,4,0,0,1,6,1,0,3,7,3,3,0,0,0,0,0,0,0,1,0,1,2,1,1,3,1,2,7,5,1,0,0,0,0,0,0,0,0,0,0,0,1,0,0,1,0,0,3,1,1,1,1,0,1,0,1,1,3,2,2,2,0,0,9,6
54 - Ρεθύμνης,154 E.T. Δήμου Ρεθύμνης,317,227,5,2,7,220,71,46,8,7,5,62,14,0,5,40,33,1,4,10,17,4,1,0,0,0,3,1,2,0,2,0,0,1,0,0,0,0,0,0,0,0,0,2,0,2,1,0,0,7,4,2,0,0,0,0,0,0,0,0,0,0,0,0,0,0,0,5,1,13,0,7,5,1,0,0,0,1,0,0,0,1,1,1,1,12,9
54 - Ρεθύμνης,155 E.T. Δήμου Ρεθύμνης,368,239,2,3,5,234,91,65,6,6,9,46,10,1,1,33,46,1,5,8,29,9,5,0,2,1,6,0,1,2,3,0,2,0,0,0,0,0,0,0,4,3,1,3,0,2,0,0,0,5,3,1,0,0,0,0,0,0,1,0,1,0,0,2,0,2,0,1,1,8,4,0,3,0,0,1,1,0,0,2,1,3,2,0,0,3,1
54 - Ρεθύμνης,156 E.T. Δήμου Ρεθύμνης,196,140,1,0,1,139,57,40,0,5,3,36,6,0,3,26,22,2,3,5,10,5,1,0,0,2,5,1,0,0,1,0,0,0,0,1,0,0,0,0,0,0,0,2,1,1,0,0,0,4,1,2,0,0,1,0,0,0,1,0,1,0,0,0,0,0,0,0,0,0,0,0,0,0,0,0,0,1,1,0,0,1,1,0,0,2,2
54 - Ρεθύμνης,157 E.T. Δήμου Ρεθύμνης,302,186,5,0,5,181,68,43,5,2,13,25,7,0,2,15,42,1,5,19,16,7,2,0,1,4,1,0,0,1,1,0,1,1,1,1,0,1,0,0,0,0,0,3,0,3,0,0,0,1,1,0,0,0,2,2,1,1,0,0,0,0,0,0,0,0,0,0,0,12,2,5,4,1,0,2,0,1,1,3,3,1,0,3,3,5,2
54 - Ρεθύμνης,158 E.T. Δήμου Ρεθύμνης,534,332,5,3,8,324,126,73,11,15,10,76,20,5,4,45,32,1,2,16,9,22,2,4,1,10,4,1,1,1,10,2,4,0,0,1,0,1,0,0,0,0,0,4,1,3,4,1,3,14,14,0,0,0,0,0,0,0,0,0,0,0,0,0,0,0,0,0,0,16,6,2,7,0,0,2,2,0,0,1,0,1,0,1,1,10,7
54 - Ρεθύμνης,159 E.T. Δήμου Ρεθύμνης,539,363,14,4,18,345,122,68,6,23,14,78,23,1,5,41,52,5,5,22,16,21,8,0,0,5,7,3,2,2,14,5,4,1,1,0,0,0,0,0,1,0,0,3,2,0,2,1,0,11,11,0,0,0,0,0,0,0,3,2,0,1,0,4,2,1,0,0,0,9,3,0,4,1,0,2,2,0,0,4,4,2,2,0,0,8,7
54 - Ρεθύμνης,160 E.T. Δήμου Ρεθύμνης,535,352,3,0,3,349,142,78,15,20,17,81,22,5,4,43,44,6,7,22,7,11,3,1,2,3,3,0,0,2,9,2,4,0,0,2,1,1,0,0,4,0,3,3,3,0,6,3,1,11,8,0,0,0,2,1,0,0,0,0,0,0,0,2,2,0,0,2,2,10,3,1,5,0,0,0,0,0,0,0,0,1,1,1,0,15,10
54 - Ρεθύμνης,161 E.T. Δήμου Ρεθύμνης,531,326,10,2,12,314,103,49,11,16,14,74,29,4,3,33,45,2,11,20,9,23,9,1,3,7,8,0,1,2,9,1,4,1,1,0,0,0,0,0,5,1,2,1,0,1,1,1,0,6,6,0,0,0,0,0,0,0,0,0,0,0,0,1,1,0,0,0,0,12,7,1,1,0,0,1,1,1,1,5,5,0,0,2,1,16,12
54 - Ρεθύμνης,162 E.T. Δήμου Ρεθύμνης,545,374,5,4,9,365,140,62,9,14,38,70,21,2,3,34,55,4,7,23,16,19,5,1,0,8,10,2,2,4,11,1,6,1,1,3,2,0,1,0,4,1,1,2,2,0,5,5,0,7,3,3,1,1,0,0,0,0,0,0,0,0,0,2,0,1,0,2,1,7,4,0,3,0,0,1,1,0,0,4,4,2,2,0,0,18,13
54 - Ρεθύμνης,163 E.T. Δήμου Ρεθύμνης,543,330,8,0,8,322,112,58,13,17,9,80,16,7,4,49,43,3,7,27,4,20,8,3,1,5,3,0,1,1,7,0,4,3,3,1,0,1,0,0,2,2,0,2,1,1,1,1,0,6,6,0,0,0,0,0,0,0,0,0,0,0,0,5,3,1,0,2,2,11,5,1,5,1,1,1,1,2,2,4,2,1,0,1,0,14,10
54 - Ρεθύμνης,164 E.T. Δήμου Ρεθύμνης,534,348,4,1,5,343,121,61,13,15,11,64,19,1,5,31,65,2,19,24,12,22,4,0,2,7,6,3,1,2,17,7,6,1,0,0,0,0,0,0,0,0,0,1,1,0,4,0,1,15,10,2,0,0,0,0,0,0,0,0,0,0,0,2,0,1,1,1,1,9,6,0,3,0,0,0,0,0,0,5,4,1,0,1,1,8,3
54 - Ρεθύμνης,165 E.T. Δήμου Ρεθύμνης,566,362,2,3,5,357,154,96,10,12,15,76,23,4,8,34,35,3,9,10,7,20,8,2,2,5,9,1,2,4,5,2,0,2,1,1,1,0,0,0,1,1,0,3,1,2,4,3,0,12,8,2,0,0,1,1,0,0,0,0,0,0,0,3,1,0,0,3,1,4,1,0,2,0,0,4,3,1,1,4,3,3,1,1,1,11,8
54 - Ρεθύμνης,166 E.T. Δήμου Ρεθύμνης,555,355,2,2,4,351,151,72,12,21,30,76,24,7,7,35,45,2,6,17,12,13,2,0,0,7,8,2,0,4,7,3,1,3,2,1,0,1,0,0,2,0,1,3,0,2,3,0,2,12,8,3,3,2,0,0,0,0,0,0,0,0,0,2,0,0,0,1,0,3,0,1,2,0,0,0,0,0,0,3,3,4,3,1,0,10,5
54 - Ρεθύμνης,167 E.T. Δήμου Ρεθύμνης,531,362,5,4,9,353,160,78,9,17,25,63,22,1,2,33,43,8,12,15,5,22,5,2,6,7,7,2,0,2,4,2,1,0,0,0,0,0,0,0,2,0,2,7,3,3,2,0,0,8,7,0,0,0,0,0,1,0,0,0,0,0,0,3,0,2,0,2,0,13,4,5,2,0,0,2,0,1,1,3,1,0,0,1,1,9,4
54 - Ρεθύμνης,168 E.T. Δήμου Ρεθύμνης,548,365,4,1,5,360,144,83,10,12,24,72,17,3,0,43,59,3,13,25,13,15,2,0,4,6,5,2,0,2,11,2,7,0,0,1,1,0,0,0,2,1,0,2,1,1,5,2,1,13,9,2,0,0,1,0,0,0,0,0,0,0,0,4,0,2,0,3,2,6,3,0,2,0,0,3,2,1,0,5,4,0,0,1,1,7,5
54 - Ρεθύμνης,169 E.T. Δήμου Ρεθύμνης,535,338,11,1,12,326,131,75,5,15,18,76,25,3,10,34,37,4,6,16,8,21,4,1,3,10,7,1,2,3,10,3,5,1,1,0,0,0,0,0,0,0,0,5,1,4,1,0,0,9,7,2,0,0,0,0,0,0,0,0,0,0,0,2,0,1,0,0,0,7,3,2,1,1,1,3,3,3,1,3,1,0,0,0,0,9,8
54 - Ρεθύμνης,170 E.T. Δήμου Ρεθύμνης,558,338,2,0,2,336,119,60,8,13,23,84,24,2,7,47,48,4,23,13,4,18,11,0,0,6,12,4,1,3,12,2,6,0,0,0,0,0,0,0,1,1,0,7,3,4,4,2,1,8,7,1,1,1,0,0,0,0,1,1,0,0,0,1,1,0,0,1,1,4,1,2,1,0,0,3,2,1,1,4,2,1,0,0,0,6,2
54 - Ρεθύμνης,171 E.T. Δήμου Ρεθύμνης,564,336,2,1,3,333,118,59,10,11,28,76,20,1,6,44,59,5,13,25,12,15,7,0,0,6,8,2,0,6,9,2,4,2,2,0,0,0,0,0,1,1,0,0,0,0,2,1,0,14,12,0,1,1,0,0,0,0,0,0,0,0,0,0,0,0,0,0,0,13,3,5,5,0,0,0,0,0,0,1,1,1,1,4,4,9,7
54 - Ρεθύμνης,172 E.T. Δήμου Ρεθύμνης,532,335,12,3,15,320,155,92,14,20,23,62,14,4,3,37,41,3,3,25,7,17,4,0,4,5,4,2,0,1,6,1,2,0,0,0,0,0,0,0,0,0,0,2,2,0,0,0,0,6,5,0,0,0,2,0,0,0,0,0,0,0,0,0,0,0,0,0,0,10,3,1,5,0,0,0,0,2,0,2,2,0,0,1,1,10,7
54 - Ρεθύμνης,173 E.T. Δήμου Ρεθύμνης,458,337,5,3,8,329,123,72,16,15,12,77,25,3,1,43,66,9,17,24,13,12,0,6,1,3,5,3,0,0,5,1,1,1,1,3,1,2,0,0,1,0,0,1,1,0,2,0,1,8,4,3,0,0,0,0,0,0,1,0,0,0,0,1,1,0,0,0,0,4,2,0,2,1,1,2,1,0,0,6,4,2,1,0,0,8,5
54 - Ρεθύμνης,174 E.T. Δήμου Ρεθύμνης,487,392,4,2,6,386,135,86,12,14,11,83,24,2,0,47,58,5,18,16,8,18,8,0,1,3,12,2,2,6,8,3,1,3,2,1,1,0,0,0,0,0,0,11,4,5,1,0,0,18,15,3,0,0,0,0,0,0,0,0,0,0,0,3,0,1,0,2,1,6,1,2,2,0,0,0,0,1,0,5,4,2,0,1,0,18,12
54 - Ρεθύμνης,175 E.T. Δήμου Ρεθύμνης,557,376,10,3,13,363,123,69,8,12,19,91,26,4,3,50,74,9,15,39,8,15,2,3,0,3,2,1,0,0,13,2,4,0,0,1,0,0,0,0,3,1,0,2,1,1,2,0,1,16,14,1,0,0,0,0,0,0,1,0,1,0,0,1,0,1,0,1,0,4,3,1,0,1,0,1,1,0,0,4,2,0,0,0,0,8,6
54 - Ρεθύμνης,176 E.T. Δήμου Ρεθύμνης,551,356,6,2,8,348,146,70,19,17,23,77,30,3,4,32,56,3,16,20,7,12,3,0,1,6,4,1,2,0,16,3,9,0,0,0,0,0,0,0,0,0,0,1,0,0,4,0,2,8,5,1,0,0,0,0,1,1,0,0,0,0,0,3,1,0,0,1,1,4,0,1,1,1,0,0,0,1,0,2,1,0,0,1,1,10,5
54 - Ρεθύμνης,177 E.T. Δήμου Ρεθύμνης,521,361,7,5,12,349,158,80,5,28,21,70,17,3,4,40,34,4,5,13,6,14,5,2,0,3,10,3,1,0,12,5,5,1,0,2,0,2,1,1,2,0,1,1,0,0,0,0,0,10,10,0,1,1,0,0,0,0,0,0,0,0,0,3,3,0,0,1,0,7,1,2,4,0,0,2,1,2,0,4,3,2,1,1,1,11,7
54 - Ρεθύμνης,178 E.T. Δήμου Ρεθύμνης,550,352,6,2,8,344,120,73,13,13,9,84,16,3,5,47,51,6,6,20,13,24,8,1,3,8,7,2,1,2,13,5,2,0,0,1,0,0,0,0,0,0,0,4,2,1,0,0,0,10,9,0,0,0,1,1,0,0,0,0,0,0,0,1,0,1,0,0,0,7,1,0,4,0,0,2,1,0,0,6,3,0,0,2,1,11,4
54 - Ρεθύμνης,179 E.T. Δήμου Ρεθύμνης,545,352,3,3,6,346,162,91,6,19,33,63,18,3,2,39,42,5,10,19,5,16,4,0,1,6,10,1,5,2,10,1,4,1,1,0,0,0,0,0,0,0,0,3,2,1,4,2,0,7,5,1,0,0,0,0,0,0,1,0,0,1,0,3,1,0,0,1,0,7,4,2,0,0,0,1,1,2,2,3,1,1,0,0,0,9,5
54 - Ρεθύμνης,180 E.T. Δήμου Ρεθύμνης,539,345,8,1,9,336,147,0,0,0,0,61,12,3,7,39,45,3,11,18,8,13,4,2,2,3,5,2,1,0,9,4,3,3,1,1,1,0,0,0,1,0,1,4,2,2,0,0,0,12,9,0,1,0,1,1,0,0,0,0,0,0,0,3,0,0,0,0,0,10,4,2,2,0,0,1,1,0,0,6,5,2,0,0,0,11,7
54 - Ρεθύμνης,181 E.T. Δήμου Ρεθύμνης,333,238,3,1,4,234,69,34,8,7,17,44,14,3,2,22,33,2,3,14,10,10,6,0,3,0,8,2,1,1,7,1,3,0,0,0,0,0,0,0,0,0,0,5,3,2,4,1,0,8,7,0,1,1,1,1,0,0,1,0,0,1,0,1,0,1,0,2,1,26,16,6,3,1,0,1,1,2,2,0,0,1,0,1,1,8,5
54 - Ρεθύμνης,182 E.T. Δήμου Ρεθύμνης,516,368,15,4,19,349,106,62,11,12,10,97,38,2,8,41,57,6,10,27,12,15,5,2,1,2,6,3,0,1,13,6,5,0,0,2,0,1,0,0,2,1,0,3,1,1,5,1,2,8,0,0,1,1,2,2,0,0,0,0,0,0,0,0,0,0,0,2,2,9,3,1,4,0,0,4,2,1,1,4,2,1,1,2,2,9,5
54 - Ρεθύμνης,183 E.T. Δήμου Ρεθύμνης,520,362,21,1,22,340,130,72,9,17,18,82,29,3,2,45,61,8,9,30,10,10,5,0,1,3,4,0,1,1,8,1,3,1,0,0,0,0,0,0,1,0,1,4,2,0,5,1,2,14,13,1,0,0,0,0,0,0,0,0,0,0,0,1,1,0,0,0,0,5,3,1,1,0,0,2,2,0,0,4,1,0,0,3,3,5,3
54 - Ρεθύμνης,184 E.T. Δήμου Ρεθύμνης,527,348,7,2,9,339,144,77,11,19,23,74,31,4,6,28,40,5,1,6,16,18,5,0,0,12,7,3,1,2,12,4,5,0,0,0,0,0,0,0,3,0,3,3,1,1,1,0,0,7,4,2,0,0,0,0,0,0,2,1,0,1,0,0,0,0,0,1,1,7,3,0,4,0,0,3,2,3,1,4,3,1,1,0,0,9,4
54 - Ρεθύμνης,185 E.T. Δήμου Ρεθύμνης,524,348,7,3,10,338,141,76,13,15,22,75,25,1,5,41,33,1,8,19,4,20,5,3,1,5,5,1,1,2,10,3,7,3,3,0,0,0,0,0,1,0,0,3,1,1,5,3,2,10,8,2,0,0,1,1,0,0,1,0,0,1,0,0,0,0,0,1,1,7,2,1,3,1,1,0,0,0,0,4,4,0,0,1,1,16,14
54 - Ρεθύμνης,186 E.T. Δήμου Ρεθύμνης,516,368,2,2,4,364,148,88,10,19,18,69,14,1,16,34,56,2,10,24,16,19,9,0,0,9,8,0,5,1,9,5,3,1,1,2,0,1,0,0,0,0,0,2,0,2,8,4,1,11,11,0,0,0,0,0,0,0,0,0,0,0,0,2,1,0,0,2,2,10,2,2,6,0,0,2,2,1,1,3,1,0,0,1,1,10,6
54 - Ρεθύμνης,187 E.T. Δήμου Ρεθύμνης,531,372,6,2,8,364,146,79,12,21,21,81,20,7,8,38,42,2,8,16,8,21,6,0,0,8,8,0,2,1,10,1,8,0,0,1,0,0,0,0,4,1,2,3,1,0,0,0,0,12,10,2,2,2,0,0,0,0,0,0,0,0,0,0,0,0,0,3,2,11,3,4,3,0,0,2,2,1,0,7,2,0,0,0,0,10,8
54 - Ρεθύμνης,188 E.T. Δήμου Ρεθύμνης,511,366,5,5,10,356,139,62,11,17,30,74,20,2,3,39,42,3,4,19,10,12,6,0,0,3,9,4,3,2,10,0,3,0,0,1,0,0,0,0,0,0,0,6,1,5,0,0,0,20,16,2,0,0,2,2,0,0,2,0,0,2,0,1,0,1,0,1,1,6,0,2,4,0,0,0,0,0,0,7,3,1,1,1,1,22,14
54 - Ρεθύμνης,189 E.T. Δήμου Ρεθύμνης,517,367,12,2,14,353,127,78,4,11,17,71,25,1,8,31,46,5,9,17,9,24,7,1,2,8,4,1,0,2,13,2,2,2,1,0,0,0,0,0,2,0,0,2,2,0,5,1,1,9,6,2,0,0,1,0,0,0,2,0,1,0,0,3,0,1,1,2,2,13,3,3,6,1,0,1,0,2,2,5,2,0,0,3,3,15,8
54 - Ρεθύμνης,190 E.T. Δήμου Ρεθύμνης,511,318,9,1,10,308,123,73,9,13,16,81,30,5,2,39,36,0,3,19,13,11,4,2,0,2,7,2,2,1,10,3,4,0,0,1,1,0,0,0,0,0,0,2,2,0,3,1,2,8,6,1,1,1,0,0,0,0,0,0,0,0,0,1,1,0,0,5,5,6,2,0,4,0,0,3,3,1,1,1,1,0,0,2,2,6,4
54 - Ρεθύμνης,191 E.T. Δήμου Ρεθύμνης,527,361,6,3,9,352,124,77,4,16,15,73,24,0,5,40,46,10,11,13,10,18,7,0,1,5,7,1,3,2,9,3,2,0,0,1,0,1,0,0,1,0,0,3,1,2,4,1,2,28,25,1,0,0,0,0,0,0,0,0,0,0,0,3,0,0,0,5,2,9,2,2,3,0,0,1,1,1,0,1,0,3,3,3,3,12,9
54 - Ρεθύμνης,192 E.T. Δήμου Ρεθύμνης,523,393,11,1,12,381,149,88,11,14,22,74,23,2,6,37,56,6,10,21,11,17,9,1,0,2,5,1,2,0,15,5,4,0,0,0,0,0,0,0,0,0,0,5,0,4,2,1,1,13,11,2,0,0,0,0,1,0,0,0,0,0,0,1,0,0,1,3,0,14,2,7,2,0,0,2,1,0,0,6,3,2,1,1,1,15,10
54 - Ρεθύμνης,193 E.T. Δήμου Ρεθύμνης,512,335,14,0,14,321,95,51,8,8,17,96,22,3,11,49,56,2,11,24,16,22,5,2,2,10,5,1,1,0,8,2,4,0,0,1,0,1,0,0,0,0,0,2,1,0,4,2,1,15,11,1,0,0,1,1,0,0,0,0,0,0,0,0,0,0,0,0,0,4,2,0,2,0,0,0,0,0,0,3,0,2,1,1,1,6,5
54 - Ρεθύμνης,194 E.T. Δήμου Ρεθύμνης,521,369,3,4,7,362,164,93,12,24,12,68,31,5,6,22,46,2,4,20,14,24,8,1,1,12,7,2,1,1,7,0,3,1,1,1,0,0,0,0,1,1,0,3,1,2,2,0,1,11,9,1,0,0,0,0,0,0,1,0,0,0,1,2,0,1,1,1,1,5,2,1,2,0,0,2,1,0,0,2,2,1,1,4,4,9,7
54 - Ρεθύμνης,195 E.T. Δήμου Ρεθύμνης,512,342,8,1,9,333,109,51,11,12,23,74,21,2,5,38,50,3,9,26,10,22,4,1,1,13,8,1,2,2,13,2,6,0,0,0,0,0,0,0,1,1,0,3,2,0,0,0,0,14,11,1,2,2,1,1,1,1,2,0,1,1,0,4,1,2,0,4,2,8,2,1,4,1,0,0,0,0,0,4,1,1,0,4,4,7,5
54 - Ρεθύμνης,196 E.T. Δήμου Ρεθύμνης,496,337,6,4,10,327,108,68,14,7,12,83,29,1,10,38,49,1,4,29,12,24,8,2,1,6,6,0,1,4,8,2,5,0,0,2,0,2,0,0,2,0,1,4,1,3,1,0,1,15,12,3,1,0,1,0,0,0,1,0,0,1,0,1,1,0,0,1,1,6,0,2,4,0,0,1,1,1,0,2,1,1,1,0,0,9,3
54 - Ρεθύμνης,197 E.T. Δήμου Ρεθύμνης,422,286,3,0,3,283,115,66,9,7,20,64,28,0,1,32,47,1,9,14,21,4,3,0,1,0,6,1,0,3,4,1,1,3,2,1,1,0,0,0,1,0,0,3,0,2,1,1,0,10,7,2,0,0,1,0,0,0,0,0,0,0,0,0,0,0,0,1,0,6,2,2,2,0,0,1,1,2,2,0,0,1,1,2,1,10,8
54 - Ρεθύμνης,198 E.T. Δήμου Ρεθύμνης,430,284,8,1,9,275,95,58,9,6,13,67,37,0,5,23,51,0,12,15,21,9,3,1,0,4,9,0,3,4,2,1,1,1,1,1,1,0,0,0,1,1,0,4,2,2,2,0,1,4,2,2,0,0,0,0,0,0,1,0,0,1,0,0,0,0,0,1,0,8,3,1,4,0,0,3,0,0,0,3,3,3,3,2,1,8,8
54 - Ρεθύμνης,199 E.T. Δήμου Ρεθύμνης,435,313,6,1,7,306,98,58,8,6,15,76,39,2,7,24,50,3,4,21,18,16,1,0,2,10,8,0,2,3,11,3,5,2,1,0,0,0,0,0,0,0,0,1,1,0,0,0,0,18,15,3,1,0,3,3,0,0,0,0,0,0,0,1,0,0,0,0,0,8,1,2,4,1,0,1,0,0,0,1,0,0,0,4,4,6,5
54 - Ρεθύμνης,200 E.T. Δήμου Ρεθύμνης,391,283,3,0,3,280,87,49,3,9,21,52,20,1,7,20,57,3,12,24,13,20,6,0,4,4,3,1,2,0,2,0,1,0,0,0,0,0,0,0,0,0,0,3,1,2,1,1,0,2,1,1,0,0,0,0,0,0,0,0,0,0,0,1,0,1,0,1,1,44,1,42,1,0,0,0,0,1,1,0,0,1,1,0,0,5,4
54 - Ρεθύμνης,201 E.T. Δήμου Ρεθύμνης,401,281,1,3,4,277,84,49,3,3,19,37,13,1,2,15,56,2,9,26,18,9,2,1,0,4,13,4,3,3,2,1,0,0,0,0,0,0,0,0,0,0,0,5,2,3,2,2,0,6,5,1,0,0,2,1,0,0,1,0,0,0,0,1,1,0,0,4,4,41,0,40,0,0,0,1,1,0,0,0,0,4,1,0,0,9,6
54 - Ρεθύμνης,202 E.T. Δήμου Ρεθύμνης,190,123,1,0,1,122,39,18,2,0,18,14,5,0,0,7,37,1,5,3,27,6,2,0,4,0,7,3,2,1,1,1,0,2,1,0,0,0,0,0,0,0,0,2,2,0,0,0,0,1,1,0,0,0,1,1,0,0,0,0,0,0,0,0,0,0,0,0,0,3,1,0,1,0,0,0,0,1,1,0,0,1,1,0,0,7,6
54 - Ρεθύμνης,203 E.T. Δήμου Ρεθύμνης,274,191,1,2,3,188,105,15,1,8,76,28,10,2,0,13,26,2,7,9,6,5,1,1,1,1,2,1,0,0,6,0,4,1,1,0,0,0,0,0,1,1,0,2,2,0,0,0,0,2,1,0,0,0,0,0,0,0,0,0,0,0,0,2,1,1,0,0,0,4,0,0,4,0,0,0,0,1,1,0,0,0,0,0,0,3,1
54 - Ρεθύμνης,204 E.T. Δήμου Ρεθύμνης,132,99,2,0,2,97,49,37,2,1,9,11,2,1,2,6,14,1,1,0,11,1,0,0,0,0,7,1,2,2,1,1,0,0,0,2,2,0,0,0,1,1,0,3,1,2,0,0,0,3,2,1,0,0,0,0,0,0,0,0,0,0,0,0,0,0,0,0,0,1,0,0,1,0,0,1,0,2,1,0,0,0,0,0,0,1,0
54 - Ρεθύμνης,205 E.T. Δήμου Ρεθύμνης,208,153,2,0,2,151,58,42,4,0,10,17,6,1,1,7,49,1,6,12,29,4,1,0,1,1,1,0,1,0,3,0,2,1,0,1,1,0,0,0,0,0,0,0,0,0,0,0,0,2,1,0,0,0,0,0,0,0,1,0,0,1,0,3,0,1,0,0,0,7,0,7,0,0,0,0,0,2,0,1,1,0,0,0,0,1,1
54 - Ρεθύμνης,206 E.T. Δήμου Ρεθύμνης,347,243,3,3,6,237,79,55,4,4,13,44,23,3,3,8,41,1,5,8,20,11,2,0,1,7,5,1,0,2,5,2,1,2,2,0,0,0,1,1,0,0,0,5,4,1,0,0,0,14,12,1,0,0,2,2,0,0,0,0,0,0,0,0,0,0,0,1,1,18,4,10,2,0,0,0,0,1,1,1,0,1,1,1,1,5,2
54 - Ρεθύμνης,207 E.T. Δήμου Ρεθύμνης,96,69,1,1,2,67,16,6,0,0,8,15,6,0,1,6,30,0,9,6,13,3,2,0,0,1,0,0,0,0,0,0,0,3,3,0,0,0,0,0,0,0,0,0,0,0,0,0,0,0,0,0,0,0,0,0,0,0,0,0,0,0,0,0,0,0,0,0,0,0,0,0,0,0,0,0,0,0,0,0,0,0,0,0,0,0,0
54 - Ρεθύμνης,208 E.T. Δήμου Ρεθύμνης,181,134,1,0,1,133,42,33,4,1,4,25,7,0,0,18,49,2,13,8,24,0,0,0,0,0,8,1,0,6,4,2,0,0,0,0,0,0,0,0,0,0,0,0,0,0,1,1,0,1,1,0,0,0,0,0,0,0,0,0,0,0,0,0,0,0,0,0,0,0,0,0,0,0,0,2,0,0,0,0,0,0,0,1,1,0,0
54 - Ρεθύμνης,209 E.T. Δήμου Ρεθύμνης,400,291,1,1,2,289,93,53,9,9,15,60,14,2,2,36,41,2,6,15,16,27,11,2,1,9,6,0,3,3,3,1,1,2,1,1,0,0,0,0,0,0,0,2,0,0,0,0,0,14,11,2,0,0,0,0,0,0,0,0,0,0,0,0,0,0,0,0,0,15,2,4,9,1,1,1,0,0,0,0,0,2,1,2,2,19,15
54 - Ρεθύμνης,210 E.T. Δήμου Ρεθύμνης,300,218,2,1,3,215,51,39,2,2,5,54,25,1,1,24,56,0,2,12,37,15,7,0,0,5,4,0,2,0,1,0,1,0,0,2,1,1,0,0,0,0,0,1,0,1,0,0,0,0,0,0,0,0,0,0,0,0,0,0,0,0,0,0,0,0,0,3,3,22,2,1,19,0,0,0,0,0,0,0,0,0,0,0,0,6,4
54 - Ρεθύμνης,211 E.T. Δήμου Ρεθύμνης,389,224,2,2,4,220,95,58,5,5,20,60,17,1,3,36,28,1,7,5,11,4,2,1,1,0,7,1,3,0,3,1,2,0,0,1,0,0,0,0,0,0,0,1,0,1,3,3,0,9,6,2,0,0,0,0,0,0,0,0,0,0,0,1,0,0,0,1,0,1,1,0,0,0,0,0,0,0,0,1,0,0,0,0,0,5,5
54 - Ρεθύμνης,Ετερ. Ρεθύμνης (από 34ο Ε.Τ. Νομ. Θεσσαλονικης),61,45,0,2,2,43,23,17,2,2,0,7,2,0,0,4,5,1,0,3,1,2,1,0,0,0,0,0,0,0,2,0,0,0,0,1,0,0,0,0,0,0,0,0,0,0,0,0,0,2,1,1,0,0,0,0,0,0,0,0,0,0,0,0,0,0,0,0,0,1,1,0,0,0,0,0,0,0,0,0,0,0,0,0,0,0,0
54 - Ρεθύμνης,Ετερ. Ρεθύμνης (από Εφετείο Θεσσαλονίκης),41,35,0,0,0,35,16,11,1,1,0,7,0,1,0,6,4,1,0,2,1,0,0,0,0,0,2,1,0,0,0,0,0,0,0,0,0,0,0,0,1,0,1,0,0,0,1,0,1,2,0,2,0,0,0,0,0,0,0,0,0,0,0,1,0,1,0,0,0,0,0,0,0,0,0,0,0,0,0,0,0,0,0,0,0,1,1
54 - Ρεθύμνης,Ετερ. Ρεθύμνης (από 145ο Ε.Τ. Νομ. Αττικης-Αθηνών),459,338,1,0,1,337,137,81,18,15,2,68,4,1,3,51,39,4,1,17,9,37,10,2,0,9,6,0,1,0,13,3,4,0,0,1,0,1,0,0,1,0,1,0,0,0,1,0,0,10,3,1,0,0,0,0,0,0,2,1,0,0,0,0,0,0,0,0,0,4,1,1,2,2,2,0,0,0,0,0,0,0,0,2,1,14,11
54 - Ρεθύμνης,Ετερ. Ρεθύμνης (από 146ο Ε.Τ. Νομ. Αττικης-Αθηνών),445,325,3,0,3,322,123,78,16,20,7,80,10,4,8,50,59,10,6,25,12,21,10,0,3,5,7,1,2,2,7,1,5,1,1,0,0,0,0,0,4,0,4,0,0,0,1,0,1,4,3,0,0,0,0,0,0,0,0,0,0,0,0,2,0,1,1,1,1,1,0,0,1,0,0,3,3,0,0,0,0,0,0,0,0,8,6
54 - Ρεθύμνης,Ετερ. Ρεθύμνης (από 147ο Ε.Τ. Νομ. Αττικης-Αθηνών),465,342,4,2,6,336,126,75,8,17,9,97,12,4,5,62,58,4,4,35,8,21,2,0,0,8,1,0,0,0,7,0,4,0,0,1,0,1,0,0,3,1,1,1,1,0,3,1,1,6,5,1,0,0,0,0,3,0,0,0,0,0,0,1,1,0,0,1,1,2,1,0,0,0,0,0,0,0,0,0,0,0,0,0,0,5,4
54 - Ρεθύμνης,Ετερ. Ρεθύμνης (από 25ο Ε.Τ. Νομ. Αττικης-Πειραιώς),112,75,3,0,3,72,27,17,3,5,1,10,1,0,1,5,16,2,4,7,3,9,1,2,0,3,1,0,0,1,3,0,2,0,0,0,0,0,0,0,1,1,0,0,0,0,0,0,0,0,0,0,0,0,0,0,0,0,0,0,0,0,0,0,0,0,0,0,0,1,0,0,1,0,0,0,0,0,0,0,0,0,0,0,0,4,2
54 - Ρεθύμνης,Ετερ. Ρεθύμνης (από Εφετείο Ανατολικής Κρήτης),45,32,0,1,1,31,15,12,0,1,0,8,2,0,0,5,4,0,1,1,2,1,0,0,0,0,0,0,0,0,0,0,0,0,0,0,0,0,0,0,0,0,0,0,0,0,1,0,1,0,0,0,0,0,0,0,0,0,0,0,0,0,0,0,0,0,0,0,0,0,0,0,0,0,0,0,0,0,0,0,0,0,0,0,0,2,2
Σύνολο,,73489,49822,787,267,1054,48768,18092,11364,1382,1965,1755,10255,3487,398,575,4953,10471,859,1002,2568,5393,2163,776,177,155,588,1025,229,232,265,985,233,408,141,106,77,23,30,9,7,136,37,56,442,153,237,223,85,55,1201,908,170,45,33,75,52,33,12,98,13,12,55,3,138,38,34,9,139,91,1001,273,299,323,43,22,150,92,93,53,312,183,109,64,136,108,1176,782
