ΠΕΡΙΦΕΡΕΙΑ,ΕΚΛΟΓΙΚΟ ΤΜΗΜΑ,ΕΓΓΕΓΡΑΜΜΕΝΟΙ,ΨΗΦΙΣΑΝΤΕΣ,ΑΚΥΡΑ,ΛΕΥΚΑ,ΑΚΥΡΑ & ΛΕΥΚΑ,ΕΓΚΥΡΑ,Νέα Δημοκρατία,ΚΑΤΡΑΝΤΖΗ ΜΟΥΣΤΑΦΑ του Χασάν,ΚΩΦΙΔΗΣ ΘΕΟΦΑΝΗΣ του Δημητρίου,ΠΕΧΛΙΒΑΝ ΣΕΒΗΛ του Σαλή,ΣΤΥΛΙΑΝΙΔΗΣ ΕΥΡΙΠΙΔΗΣ του Στυλιανού,ΧΑΤΖΗ ΕΛΕΝΗ του Ιωάννη,ΣΥΡΙΖΑ,ΓΑΒΡΙΔΟΥ ΧΡΙΣΤΙΝΑ του Σταύρου,ΓΙΑΝΝΟΥΣΑ ΕΙΡΗΝΗ του Χρήστου,ΜΕΜΕΤ ΧΟΥΣΑΜΕΤΙΝ του Σεραφετίν,ΦΕΡΧΑΤ ΟΖΓΚΙΟΥΡ του Ναζήφ,ΧΑΡΙΤΟΥ ΔΗΜΗΤΡΙΟΣ (ΤΑΚΗΣ) του Αθανασίου,ΠΑΣΟΚ-Κίνημα Αλλαγής,ΑΧΜΕΤ ΙΛΧΑΝ του Σαμπρή,ΜΑΝΑΝΑΣ ΓΕΩΡΓΙΟΣ του Χαραλάμπους,ΜΟΥΣΤΑΦΑ ΟΓΛΟΥ ΣΙΜΠΕΛ του Σαμή,ΜΟΥΤΟΥΣΙΔΟΥ ΕΥΑΓΓΕΛΙΑ του Νικολάου,ΠΕΤΑΛΩΤΗΣ ΓΕΩΡΓΙΟΣ του Στυλιανού,Κ.Κ.Ε.,ΕΥΑΓΓΕΛΟΠΟΥΛΟΣ ΕΥΑΓΓΕΛΟΣ του Αθανασίου,ΚΑΣΑΠΑΝΤΩΝΙΟΥ ΑΜΑΛΙΑ του Γεωργίου,ΚΕΡΑΤΖΗ ΙΜΠΡΑΜ ΙΜΠΡΑΗΜ του Φερεντίν,ΤΑΞΟΠΟΥΛΟΥ ΑΙΚΑΤΕΡΙΝΗ του Παναγιώτη,ΧΑΤΣΗ ΑΛΗ ΑΛΗ του Καμπέρ,Ελληνική Λύση - Κ. Βελόπουλος,ΕΛΕΥΘΕΡΑΚΗΣ ΑΘΑΝΑΣΙΟΣ του Βάιου,ΜΑΡΙΝΗ ΘΩΜΑΗ του Αθανασίου,ΠΑΠΑΔΟΠΟΥΛΟΥ ΟΛΓΑ του Δημητρίου,ΤΖΑΒΑΡΑΣ ΘΕΟΔΩΡΟΣ του Ευάγγελου,ΧΑΤΖΗΑΠΟΣΤΟΛΟΥ ΧΡΙΣΤΟΔΟΥΛΟΣ του Νικολάου,ΜέΡΑ25-ΣΥΜΜΑΧΙΑ ΓΙΑ ΤΗ ΡΗΞΗ,ΚΑΛΑΜΠΟΥΚΑΣ ΧΡΗΣΤΟΣ του Γρηγορίου,ΚΟΛΤΣΙΔΗΣ ΣΤΥΛΙΑΝΟΣ του Ιωάννη,ΜΑΝΩΛΟΠΟΥΛΟΥ ΕΛΕΝΗ του Γεωργίου,ΜΠΟΥΛΜΠΟΥΛ ΑΛΗ του Μεχμέτ,ΧΑΣΑΝ ΟΓΛΟΥ ΝΕΡΣΙΝ του Σαδίκ,ΕΝΩΝΩ ΣΥΜΜΑΧΙΑ ΕΛΕΥΘΕΡΙΑΣ,ΑΘΑΝΑΣΙΟΥ ΣΟΦΙΑ του Ιωάννη,Κ.Κ.Ε. (μ-λ),ΛΑΜΠΡΟΥ ΜΑΡΙΑ του Αντωνίου,ΜΟΥΣΤΑΦΑ ΕΡΧΑΝ του Αλή,Ο.Κ.Δ.Ε.,ΔΡΑΓΟΥΤΑ ΜΑΡΙΑ του Παύλου,ΑΝΤ.ΑΡ.ΣΥ.Α.,ΚΑΛΑΪΤΖΗΣ ΚΩΝΣΤΑΝΤΙΝΟΣ του Δημητρίου,ΜΑΡΓΕΛΗ ΜΥΡΤΩ του Ζώη,ΤΖΙΑΡΑΣ ΘΡΑΣΥΒΟΥΛΟΣ του Χρήσιμου,Κίνημα 21,ΣΟΥΚΙΑΣΙΑΝ ΓΕΩΡΓΙΟΣ του Αλμπέρτου,ΚΙΝΗΜΑ ΦΤΩΧΩΝ ΕΛΛΑΔΟΣ,ΔΡΑΓΑΤΗΣ ΧΡΗΣΤΟΣ του Νικολάου,ΕΘΝΙΚΗ ΔΗΜΙΟΥΡΓΙΑ,ΖΕΡΒΑΣ ΞΕΝΟΦΩΝ του Δημοσθένη,ΜΑΝΩΛΑΤΟΣ ΣΠΥΡΙΔΩΝ του Διονυσίου,ΠΑΠΑΔΟΠΟΥΛΟΥ ΕΥΤΕΡΠΗ του Γεωργίου,ΝΙΚΗ,ΜΑΡΙΝΟΣ ΑΝΔΡΕΑΣ του Κωνσταντίνου,ΠΑΠΑΔΑΜΟΥ ΒΑΣΙΛΙΚΗ του Βασιλείου,ΣΑΛΟΓΙΑΝΝΗΣ ΙΩΑΝΝΗΣ του Χρήστου,κοινωνία αξιών,ΠΑΧΝΟΥ ΜΑΡΙΑ του Γεωργίου,ΒΟΡΕΙΑ ΛΕΓΚΑ - ΚΡΑΜΑ,ΣΑΧΙΝΙΔΗΣ ΠΑΝΑΓΙΩΤΗΣ του Ανέστη,Ο.Α.Κ.Κ.Ε.,ΣΟΦΤΖΟΓΛΟΥ ΠΑΝΤΕΛΕΗΜΩΝ του Γεωργίου,Μ-Λ Κ.Κ.Ε.,ΜΠΑΤΑΓΙΑ ΑΡΓΥΡΩ του Γεωργίου,Ελλήνων Συνέλευσις,ΜΠΕΝΗ ΕΥΘΥΜΙΑ του Σάββα,ΜΥΛΩΘΡΙΔΗΣ ΗΛΙΑΣ του Αναστάσιου,ΠΑΡΑΣΚΕΥΑΣ ΣΤΕΦΑΝΟΣ του Κοσμά,Ένωση Κεντρώων,ΑΛΤΙΔΗΣ ΑΓΓΕΛΟΣ του Στεφάνου,ΒΑΡΟΥΤΑ ΝΙΚΗ του Γεωργίου,ΣΚΑΜΑΓΚΑΣ ΙΩΑΝΝΗΣ του Νικολάου,ΤΩΡΑ ΟΛΟΙ ΜΑΖΙ (Τ.ΟΛ.ΜΑ),ΑΒΙΖΙΩΤΗ ΠΑΝΑΓΙΩΤΑ του Σταύρου,ΣΥΜΜΑΧΙΑ ΑΝΑΤΡΟΠΗΣ,ΚΑΛΟΓΙΑΝΝΗΣ ΠΑΝΑΓΙΩΤΗΣ του Ιωάννη,ΕΛΕΥΘΕΡΟΙ ΞΑΝΑ,ΜΑΥΡΟΓΙΑΝΝΗΣ ΙΩΑΝΝΗΣ του Εμμανουήλ,Κ.Ο.Τ.Ε.Σ.,ΛΟΥΒΡΟΣ ΝΙΚΟΛΑΟΣ του Βασιλείου,ΠΝΟΗ ΔΗΜΟΚΡΑΤΙΑΣ,ΣΥΡΟΠΟΥΛΟΣ ΕΥΑΓΓΕΛΟΣ του Βασιλείου,ΠΡΑΣΙΝΟ ΚΙΝΗΜΑ,ΒΟΥΚΙΑ ΖΩΗ του Παναγιώτη,ΝΙΚΟΛΑΪΔΗΣ ΚΩΝΣΤΑΝΤΙΝΟΣ του Γρηγορίου,ΠΟΥΛΙΑΝΙΤΗΣ ΘΩΜΑΣ του Νικολάου,Οικολόγοι Πράσινοι,ΚΥΡΙΑΚΟΥ ΓΕΩΡΓΙΟΣ του Δημητρίου,Πλεύση Ελευθερίας - Ζωή Κωνστ.,ΚΕΡΑΝΗΣ ΝΙΚΟΛΑΟΣ του Ηλία
2 - Ροδόπης,1 E.T. Δήμου Αρριανών,551,352,6,10,16,336,22,3,6,2,6,0,165,0,0,6,151,3,128,99,0,22,0,4,4,0,0,4,0,0,1,0,0,1,0,0,10,0,0,0,4,6,0,0,1,0,1,0,0,0,0,0,0,0,0,0,0,0,0,0,0,0,0,0,0,0,0,0,0,0,0,0,0,1,0,0,0,0,0,0,0,0,0,2,0,0,0,0,0,0,0,0,0,0,0,1,1,1,1
2 - Ροδόπης,2 E.T. Δήμου Αρριανών,563,326,3,1,4,322,28,4,11,7,4,0,151,2,0,2,143,2,130,115,0,11,0,0,1,0,0,0,0,0,0,0,0,0,0,0,7,0,0,0,4,2,0,0,2,0,2,0,0,0,0,0,0,0,0,0,0,0,0,0,0,0,0,0,0,1,0,0,0,0,0,1,0,0,0,0,0,0,0,0,0,0,0,0,0,0,0,0,0,0,0,0,0,0,0,1,0,0,0
2 - Ροδόπης,3 E.T. Δήμου Αρριανών,219,158,2,0,2,156,18,1,5,0,12,0,35,0,1,5,27,0,97,96,0,1,0,0,5,0,0,3,0,0,0,0,0,0,0,0,1,0,0,0,1,0,0,0,0,0,0,0,0,0,0,0,0,0,0,0,0,0,0,0,0,0,0,0,0,0,0,0,0,0,0,0,0,0,0,0,0,0,0,0,0,0,0,0,0,0,0,0,0,0,0,0,0,0,0,0,0,0,0
2 - Ροδόπης,4 E.T. Δήμου Αρριανών,297,198,0,0,0,198,3,0,3,0,0,0,120,0,0,11,107,1,63,39,0,24,0,0,1,0,0,0,0,1,0,0,0,0,0,0,9,0,0,0,5,4,0,0,2,0,1,0,0,0,0,0,0,0,0,0,0,0,0,0,0,0,0,0,0,0,0,0,0,0,0,0,0,0,0,0,0,0,0,0,0,0,0,0,0,0,0,0,0,0,0,0,0,0,0,0,0,0,0
2 - Ροδόπης,5 E.T. Δήμου Αρριανών,361,211,3,2,5,206,17,10,1,0,5,0,109,0,0,1,106,0,68,52,0,16,0,0,5,0,0,2,0,3,0,0,0,0,0,0,1,0,0,0,1,0,0,0,0,0,0,1,1,0,0,0,0,0,0,0,0,4,1,0,0,0,0,0,0,0,0,0,0,0,0,0,0,0,0,0,0,0,0,0,0,0,0,0,0,0,0,1,1,0,0,0,0,0,0,0,0,0,0
2 - Ροδόπης,6 E.T. Δήμου Αρριανών,283,196,4,1,5,191,11,4,3,2,1,0,77,0,0,1,73,2,90,76,0,14,0,0,2,0,0,1,0,0,0,0,0,0,0,0,10,0,0,0,10,0,0,0,0,0,0,1,1,0,0,0,0,0,0,0,0,0,0,0,0,0,0,0,0,0,0,0,0,0,0,0,0,0,0,0,0,0,0,0,0,0,0,0,0,0,0,0,0,0,0,0,0,0,0,0,0,0,0
2 - Ροδόπης,7 E.T. Δήμου Αρριανών,168,113,0,1,1,112,12,3,0,0,4,4,77,0,0,1,75,0,21,18,0,2,0,0,0,0,0,0,0,0,0,0,0,0,0,0,1,0,0,0,1,0,0,0,0,0,0,0,0,1,0,0,0,0,0,0,0,0,0,0,0,0,0,0,0,0,0,0,0,0,0,0,0,0,0,0,0,0,0,0,0,0,0,0,0,0,0,0,0,0,0,0,0,0,0,0,0,0,0
2 - Ροδόπης,8 E.T. Δήμου Αρριανών,495,302,3,1,4,298,11,1,0,0,8,0,162,0,1,0,154,1,104,91,2,3,0,7,6,0,0,5,0,1,1,0,1,0,0,0,6,0,0,0,4,1,0,0,1,0,0,0,0,0,0,0,0,2,0,0,0,1,0,0,0,0,0,0,0,0,0,0,0,0,0,1,1,0,0,0,0,0,0,0,0,1,0,0,0,0,0,0,0,0,0,0,0,0,0,0,0,2,2
2 - Ροδόπης,9 E.T. Δήμου Αρριανών,510,324,5,2,7,317,19,5,1,2,9,0,169,1,0,6,156,1,104,95,2,4,0,3,8,0,0,7,0,0,2,0,1,0,0,1,11,0,0,0,7,4,0,0,0,0,0,0,0,0,0,0,0,0,0,2,0,1,0,0,0,0,0,0,0,0,0,0,0,0,0,0,0,0,0,0,0,0,0,0,0,0,0,0,0,0,0,0,0,0,0,0,0,0,0,1,1,0,0
2 - Ροδόπης,10 E.T. Δήμου Αρριανών,574,278,1,1,2,276,16,10,0,3,1,0,136,0,1,13,114,4,101,79,0,16,0,5,12,0,0,12,0,0,0,0,0,0,0,0,9,0,0,0,5,3,0,0,0,0,0,0,0,0,0,0,0,0,0,0,0,0,0,0,0,0,0,0,0,0,0,1,0,0,0,0,0,0,0,0,0,1,0,0,0,0,0,0,0,0,0,0,0,0,0,0,0,0,0,0,0,0,0
2 - Ροδόπης,11 E.T. Δήμου Αρριανών,453,272,3,4,7,265,15,5,3,3,2,0,144,0,0,2,135,1,93,82,0,2,0,7,3,0,0,2,0,1,0,0,0,0,0,0,9,0,0,0,2,6,0,0,0,0,0,0,0,0,0,0,0,0,0,0,0,0,0,0,0,0,0,0,0,0,0,0,0,0,0,0,0,0,0,0,0,0,0,0,0,0,0,0,0,0,0,0,0,0,0,0,0,0,0,0,0,1,0
2 - Ροδόπης,12 E.T. Δήμου Αρριανών,220,160,1,1,2,158,14,9,2,0,3,0,34,0,0,0,34,0,106,98,0,7,0,0,4,0,0,4,0,0,0,0,0,0,0,0,0,0,0,0,0,0,0,0,0,0,0,0,0,0,0,0,0,0,0,0,0,0,0,0,0,0,0,0,0,0,0,0,0,0,0,0,0,0,0,0,0,0,0,0,0,0,0,0,0,0,0,0,0,0,0,0,0,0,0,0,0,0,0
2 - Ροδόπης,13 E.T. Δήμου Αρριανών,114,67,0,0,0,67,2,0,0,2,0,0,37,0,0,2,35,0,23,17,0,6,0,0,5,0,0,5,0,0,0,0,0,0,0,0,0,0,0,0,0,0,0,0,0,0,0,0,0,0,0,0,0,0,0,0,0,0,0,0,0,0,0,0,0,0,0,0,0,0,0,0,0,0,0,0,0,0,0,0,0,0,0,0,0,0,0,0,0,0,0,0,0,0,0,0,0,0,0
2 - Ροδόπης,14 E.T. Δήμου Αρριανών,299,201,1,1,2,199,4,2,0,0,1,0,46,0,0,46,0,0,145,109,0,36,0,0,1,0,0,1,0,0,0,0,0,0,0,0,3,0,0,0,0,3,0,0,0,0,0,0,0,0,0,0,0,0,0,0,0,0,0,0,0,0,0,0,0,0,0,0,0,0,0,0,0,0,0,0,0,0,0,0,0,0,0,0,0,0,0,0,0,0,0,0,0,0,0,0,0,0,0
2 - Ροδόπης,15 E.T. Δήμου Αρριανών,384,202,1,0,1,201,13,6,4,0,2,0,105,1,0,5,95,2,58,46,0,8,0,4,4,1,0,3,0,0,0,0,0,0,0,0,21,0,0,0,1,20,0,0,0,0,0,0,0,0,0,0,0,0,0,0,0,0,0,0,0,0,0,0,0,0,0,0,0,0,0,0,0,0,0,0,0,0,0,0,0,0,0,0,0,0,0,0,0,0,0,0,0,0,0,0,0,0,0
2 - Ροδόπης,16 E.T. Δήμου Αρριανών,364,244,3,0,3,241,37,3,11,0,22,0,68,1,0,0,67,0,128,125,0,3,0,0,1,0,0,1,0,0,0,0,0,0,0,0,1,0,0,0,1,0,0,0,0,0,0,0,0,2,0,0,0,0,0,0,0,0,0,0,0,0,0,0,0,1,0,0,0,0,0,1,0,0,0,0,0,2,0,0,0,0,0,0,0,0,0,0,0,0,0,0,0,0,0,0,0,0,0
2 - Ροδόπης,17 E.T. Δήμου Αρριανών,286,123,3,0,3,120,9,7,0,0,2,0,41,0,0,1,39,0,68,48,0,16,0,2,0,0,0,0,0,0,0,0,0,0,0,0,0,0,0,0,0,0,0,0,0,0,0,0,0,0,0,0,0,0,0,0,0,0,0,0,0,0,0,0,0,0,0,0,0,0,0,0,0,1,0,1,0,0,0,0,0,0,0,0,0,0,0,0,0,0,0,1,0,0,0,0,0,0,0
2 - Ροδόπης,18 E.T. Δήμου Αρριανών,557,285,4,1,5,280,41,21,0,1,13,0,92,0,0,3,82,2,140,108,0,22,0,10,0,0,0,0,0,0,0,0,0,0,0,0,1,0,0,0,0,1,0,0,1,0,1,0,0,0,0,0,0,0,0,1,0,0,0,0,0,1,0,0,0,0,0,0,0,0,0,1,0,0,0,0,0,0,0,0,0,1,0,0,0,0,0,0,0,0,0,0,0,0,0,1,0,0,0
2 - Ροδόπης,19 E.T. Δήμου Αρριανών,306,153,0,1,1,152,10,1,0,2,4,2,93,0,0,4,83,4,47,38,0,7,0,1,1,0,0,0,0,1,0,0,0,0,0,0,0,0,0,0,0,0,0,0,0,0,0,0,0,0,0,0,0,0,0,0,0,0,0,0,0,0,0,0,0,0,0,0,0,0,0,0,0,0,0,0,0,1,0,0,0,0,0,0,0,0,0,0,0,0,0,0,0,0,0,0,0,0,0
2 - Ροδόπης,20 E.T. Δήμου Αρριανών,309,154,1,1,2,152,11,5,1,1,3,0,87,0,0,3,73,0,51,36,0,10,0,4,1,0,0,1,0,0,0,0,0,0,0,0,0,0,0,0,0,0,0,0,0,0,0,0,0,1,0,1,0,0,0,0,0,0,0,0,0,0,0,0,0,0,0,0,0,0,0,0,0,0,0,0,0,0,0,0,0,0,0,0,0,0,0,0,0,0,0,0,0,0,0,0,0,1,1
2 - Ροδόπης,21 E.T. Δήμου Αρριανών,483,249,6,9,15,234,23,8,0,0,13,1,79,0,0,5,64,0,120,117,0,1,0,0,3,0,0,2,0,1,0,0,0,0,0,0,8,0,0,0,8,0,0,0,0,0,0,0,0,0,0,0,0,0,0,0,0,0,0,0,0,0,0,0,0,0,0,0,0,0,0,0,0,1,0,0,0,0,0,0,0,0,0,0,0,0,0,0,0,0,0,0,0,0,0,0,0,0,0
2 - Ροδόπης,22 E.T. Δήμου Αρριανών,389,206,4,3,7,199,25,5,3,1,15,1,80,0,0,3,68,9,82,70,0,10,0,0,11,0,0,10,0,0,0,0,0,0,0,0,1,0,0,0,1,0,0,0,0,0,0,0,0,0,0,0,0,0,0,0,0,0,0,0,0,0,0,0,0,0,0,0,0,0,0,0,0,0,0,0,0,0,0,0,0,0,0,0,0,0,0,0,0,0,0,0,0,0,0,0,0,0,0
2 - Ροδόπης,23 E.T. Δήμου Αρριανών,376,218,3,0,3,215,25,14,0,0,9,1,99,0,0,5,90,0,79,67,0,12,0,0,10,0,0,9,0,0,0,0,0,0,0,0,2,0,0,0,2,0,0,0,0,0,0,0,0,0,0,0,0,0,0,0,0,0,0,0,0,0,0,0,0,0,0,0,0,0,0,0,0,0,0,0,0,0,0,0,0,0,0,0,0,0,0,0,0,0,0,0,0,0,0,0,0,0,0
2 - Ροδόπης,24 E.T. Δήμου Αρριανών,335,192,2,1,3,189,13,1,0,0,9,2,99,0,1,10,83,2,43,39,0,2,0,1,2,0,0,1,0,0,0,0,0,0,0,0,32,0,0,0,32,0,0,0,0,0,0,0,0,0,0,0,0,0,0,0,0,0,0,0,0,0,0,0,0,0,0,0,0,0,0,0,0,0,0,0,0,0,0,0,0,0,0,0,0,0,0,0,0,0,0,0,0,0,0,0,0,0,0
2 - Ροδόπης,25 E.T. Δήμου Αρριανών,335,187,3,3,6,181,10,1,0,0,9,0,77,0,0,7,70,0,62,58,0,0,0,4,3,0,0,0,0,2,0,0,0,0,0,0,26,0,0,0,26,0,0,0,0,0,0,0,0,0,0,0,0,0,0,0,0,0,0,0,0,0,0,0,0,0,0,0,0,0,0,0,0,1,0,0,0,0,0,0,0,0,0,1,0,0,0,0,0,0,0,0,0,0,0,1,0,0,0
2 - Ροδόπης,26 E.T. Δήμου Αρριανών,446,219,7,2,9,210,8,3,2,1,0,1,98,0,0,36,51,0,83,54,0,16,0,10,6,0,0,0,0,5,0,0,0,0,0,0,3,0,0,1,1,1,0,0,2,0,2,1,0,0,0,0,0,0,0,0,0,1,0,0,0,0,0,0,0,2,0,0,0,0,0,1,1,1,0,0,0,0,0,0,0,0,0,1,0,0,0,1,0,0,0,1,1,0,0,0,0,1,0
2 - Ροδόπης,27 E.T. Δήμου Αρριανών,334,156,0,1,1,155,1,0,0,1,0,0,92,0,0,4,87,0,58,43,3,9,0,3,2,0,0,0,0,2,0,0,0,0,0,0,1,0,0,0,1,0,0,0,0,0,0,0,0,0,0,0,0,0,0,0,0,0,0,0,0,0,0,0,0,1,1,0,0,0,0,0,0,0,0,0,0,0,0,0,0,0,0,0,0,0,0,0,0,0,0,0,0,0,0,0,0,0,0
2 - Ροδόπης,28 E.T. Δήμου Αρριανών,310,146,0,0,0,146,34,3,0,0,25,6,66,0,0,2,61,0,42,36,0,6,0,0,1,0,0,0,0,0,0,0,0,0,0,0,0,0,0,0,0,0,0,0,0,0,0,0,0,0,0,0,0,0,0,0,0,1,0,0,0,0,0,0,0,0,0,0,0,1,0,0,0,0,0,0,0,0,0,0,0,0,0,1,0,0,0,0,0,0,0,0,0,0,0,0,0,0,0
2 - Ροδόπης,29 E.T. Δήμου Αρριανών,377,227,2,2,4,223,93,31,44,1,14,0,80,1,1,1,74,0,39,31,0,6,0,1,0,0,0,0,0,0,0,0,0,0,0,0,8,0,0,0,8,0,0,0,0,0,0,0,0,0,0,0,0,0,0,0,0,1,0,0,1,0,0,0,0,0,0,0,0,0,0,0,0,0,0,0,0,0,0,0,0,0,0,1,0,0,0,0,0,1,0,0,0,0,0,0,0,0,0
2 - Ροδόπης,30 E.T. Δήμου Αρριανών,178,87,1,2,3,84,7,4,1,0,1,0,9,0,0,2,7,0,58,40,0,3,0,10,0,0,0,0,0,0,1,0,0,0,0,0,0,0,0,0,0,0,0,0,9,0,9,0,0,0,0,0,0,0,0,0,0,0,0,0,0,0,0,0,0,0,0,0,0,0,0,0,0,0,0,0,0,0,0,0,0,0,0,0,0,0,0,0,0,0,0,0,0,0,0,0,0,0,0
2 - Ροδόπης,31 E.T. Δήμου Αρριανών,469,249,6,0,6,243,18,8,0,1,8,0,138,1,0,18,114,2,70,53,0,10,0,1,5,0,0,2,1,0,1,0,0,0,0,0,6,0,0,0,5,1,0,0,0,0,0,0,0,0,0,0,0,0,0,0,0,1,1,0,0,0,0,0,0,0,0,0,0,0,0,0,0,1,0,0,0,0,0,0,0,0,0,0,0,0,0,0,0,0,0,2,1,0,0,1,0,0,0
2 - Ροδόπης,32 E.T. Δήμου Αρριανών,488,282,4,8,12,270,22,15,2,0,5,0,129,0,2,14,108,0,108,71,0,26,0,7,5,3,0,2,0,0,1,0,0,0,0,1,4,0,0,0,2,1,0,0,0,0,0,0,0,0,0,0,0,0,0,0,0,1,0,0,0,0,0,0,0,0,0,0,0,0,0,0,0,0,0,0,0,0,0,0,0,0,0,0,0,0,0,0,0,0,0,0,0,0,0,0,0,0,0
2 - Ροδόπης,33 E.T. Δήμου Αρριανών,274,118,0,0,0,118,4,0,0,0,4,0,68,0,1,4,63,0,39,27,0,12,0,0,4,0,0,0,0,4,0,0,0,0,0,0,3,0,0,0,3,0,0,0,0,0,0,0,0,0,0,0,0,0,0,0,0,0,0,0,0,0,0,0,0,0,0,0,0,0,0,0,0,0,0,0,0,0,0,0,0,0,0,0,0,0,0,0,0,0,0,0,0,0,0,0,0,0,0
2 - Ροδόπης,34 E.T. Δήμου Αρριανών,173,84,2,0,2,82,1,1,0,0,0,0,43,0,0,0,39,0,31,25,0,6,0,0,5,0,0,0,0,5,0,0,0,0,0,0,1,0,0,0,1,0,0,0,1,0,1,0,0,0,0,0,0,0,0,0,0,0,0,0,0,0,0,0,0,0,0,0,0,0,0,0,0,0,0,0,0,0,0,0,0,0,0,0,0,0,0,0,0,0,0,0,0,0,0,0,0,0,0
2 - Ροδόπης,35 E.T. Δήμου Αρριανών,405,148,3,0,3,145,34,10,16,0,5,1,82,1,0,8,68,0,23,15,0,6,0,1,1,0,0,0,0,0,0,0,0,0,0,0,1,0,0,0,0,1,0,0,0,0,0,0,0,0,0,0,0,0,0,0,0,0,0,0,0,0,0,0,0,1,1,1,1,1,1,0,0,0,0,0,0,0,0,0,0,0,0,0,0,0,0,0,0,0,0,0,0,0,0,1,1,0,0
2 - Ροδόπης,36 E.T. Δήμου Αρριανών,444,134,4,1,5,129,9,0,5,1,3,0,76,2,2,10,53,4,41,20,0,12,2,6,0,0,0,0,0,0,1,0,0,0,0,0,0,0,0,0,0,0,0,0,0,0,0,0,0,0,0,0,0,0,0,0,0,0,0,0,0,0,0,0,0,1,0,0,0,0,0,1,0,0,0,0,0,0,0,0,0,0,0,0,0,0,0,0,0,0,0,0,0,0,0,0,0,0,0
2 - Ροδόπης,37 E.T. Δήμου Αρριανών,424,139,5,4,9,130,10,3,3,1,1,0,76,1,1,25,44,2,41,25,1,8,0,7,1,0,0,1,0,0,1,0,1,0,0,0,0,0,0,0,0,0,0,0,0,0,0,0,0,0,0,0,0,0,0,0,0,0,0,0,0,0,0,0,0,0,0,0,0,1,0,0,0,0,0,0,0,0,0,0,0,0,0,0,0,0,0,0,0,0,0,0,0,0,0,0,0,0,0
2 - Ροδόπης,38 E.T. Δήμου Αρριανών,490,167,3,2,5,162,12,4,4,0,4,0,100,1,1,23,64,2,42,28,0,7,0,6,2,0,1,0,0,1,1,1,0,0,0,0,2,0,0,0,1,1,0,0,0,0,0,1,0,0,0,0,0,0,0,0,0,0,0,0,0,0,0,0,0,2,0,0,0,0,0,0,0,0,0,0,0,0,0,0,0,0,0,0,0,0,0,0,0,0,0,0,0,0,0,0,0,0,0
2 - Ροδόπης,39 E.T. Δήμου Αρριανών,115,63,2,0,2,61,10,10,0,0,0,0,27,1,0,4,19,3,20,7,0,5,0,8,0,0,0,0,0,0,0,0,0,0,0,0,4,0,0,0,4,0,0,0,0,0,0,0,0,0,0,0,0,0,0,0,0,0,0,0,0,0,0,0,0,0,0,0,0,0,0,0,0,0,0,0,0,0,0,0,0,0,0,0,0,0,0,0,0,0,0,0,0,0,0,0,0,0,0
2 - Ροδόπης,40 E.T. Δήμου Αρριανών,479,224,0,0,0,224,22,12,1,0,3,0,106,0,0,9,96,0,80,67,0,12,0,1,10,0,0,5,0,5,0,0,0,0,0,0,5,0,0,0,5,0,0,0,1,0,0,0,0,0,0,0,0,0,0,0,0,0,0,0,0,0,0,0,0,0,0,0,0,0,0,0,0,0,0,0,0,0,0,0,0,0,0,0,0,0,0,0,0,0,0,0,0,0,0,0,0,0,0
2 - Ροδόπης,41 E.T. Δήμου Αρριανών,313,152,4,0,4,148,25,13,0,1,11,0,69,1,0,7,58,0,49,22,0,17,0,10,1,0,0,0,0,1,1,1,0,0,0,0,1,0,0,0,0,1,0,0,0,0,0,1,0,0,0,0,0,0,0,0,0,0,0,0,0,0,0,0,0,1,1,0,0,0,0,0,0,0,0,0,0,0,0,0,0,0,0,0,0,0,0,0,0,0,0,0,0,0,0,0,0,0,0
2 - Ροδόπης,42 E.T. Δήμου Αρριανών,293,138,1,8,9,129,10,6,0,1,3,0,65,0,0,10,50,0,48,17,0,19,0,11,0,0,0,0,0,0,2,2,0,0,0,0,1,0,0,0,1,0,1,0,0,0,0,0,0,0,0,0,0,0,0,0,0,0,0,0,0,0,0,0,0,0,0,0,0,0,0,0,0,0,0,0,0,0,0,0,0,1,0,0,0,1,0,0,0,0,0,0,0,0,0,0,0,0,0
2 - Ροδόπης,43 E.T. Δήμου Αρριανών,511,297,5,4,9,288,20,16,1,0,2,1,184,2,0,3,171,0,74,57,0,15,0,0,1,0,0,1,0,0,0,0,0,0,0,0,7,0,0,0,6,1,0,0,0,0,0,0,0,0,0,0,0,0,0,0,0,0,0,0,0,0,0,0,0,0,0,0,0,0,0,1,0,0,0,0,0,0,0,0,0,0,0,0,0,1,1,0,0,0,0,0,0,0,0,0,0,0,0
2 - Ροδόπης,44 E.T. Δήμου Αρριανών,516,290,3,1,4,286,34,23,5,1,5,0,171,0,0,1,161,1,63,43,0,18,0,1,2,0,0,0,0,1,0,0,0,0,0,0,9,0,0,0,4,5,1,1,6,0,6,0,0,0,0,0,0,0,0,0,0,0,0,0,0,0,0,0,0,0,0,0,0,0,0,0,0,0,0,0,0,0,0,0,0,0,0,0,0,0,0,0,0,0,0,0,0,0,0,0,0,0,0
2 - Ροδόπης,45 E.T. Δήμου Αρριανών,281,159,0,2,2,157,4,2,0,1,1,0,36,0,0,1,33,0,109,90,1,10,0,7,4,0,0,0,0,4,0,0,0,0,0,0,3,0,0,0,3,0,0,0,0,0,0,0,0,0,0,0,0,0,0,0,0,0,0,0,0,0,0,0,0,0,0,0,0,0,0,0,0,0,0,0,0,1,0,0,0,0,0,0,0,0,0,0,0,0,0,0,0,0,0,0,0,0,0
2 - Ροδόπης,46 E.T. Δήμου Αρριανών,340,207,0,2,2,205,8,8,0,0,0,0,125,0,0,5,105,2,65,58,0,5,0,0,2,0,0,0,0,2,0,0,0,0,0,0,2,0,0,0,2,0,0,0,0,0,0,0,0,0,0,0,0,0,0,0,0,0,0,0,0,0,0,0,0,0,0,0,0,0,0,0,0,0,0,0,0,0,0,0,0,0,0,1,0,0,0,0,0,0,0,1,0,0,0,1,0,0,0
2 - Ροδόπης,47 E.T. Δήμου Αρριανών,437,283,4,3,7,276,17,3,1,1,7,1,144,0,1,8,126,3,103,82,0,5,0,12,3,0,0,0,0,1,1,1,0,0,0,0,6,0,0,0,3,3,0,0,0,0,0,0,0,1,1,0,0,0,0,0,0,0,0,0,0,0,0,0,0,0,0,0,0,0,0,0,0,0,0,0,0,0,0,0,0,0,0,0,0,0,0,0,0,0,0,0,0,0,0,0,0,1,0
2 - Ροδόπης,48 E.T. Δήμου Αρριανών,289,166,0,2,2,164,23,7,7,3,6,0,61,0,0,4,54,0,78,66,0,11,0,0,2,0,0,0,0,2,0,0,0,0,0,0,0,0,0,0,0,0,0,0,0,0,0,0,0,0,0,0,0,0,0,0,0,0,0,0,0,0,0,0,0,0,0,0,0,0,0,0,0,0,0,0,0,0,0,0,0,0,0,0,0,0,0,0,0,0,0,0,0,0,0,0,0,0,0
2 - Ροδόπης,49 E.T. Δήμου Αρριανών,114,45,0,0,0,45,0,0,0,0,0,0,21,0,0,0,20,1,21,15,0,5,0,1,1,0,0,0,0,1,0,0,0,0,0,0,0,0,0,0,0,0,0,0,0,0,0,0,0,0,0,0,0,0,0,0,0,1,1,0,0,0,0,0,0,0,0,0,0,0,0,0,0,0,0,0,0,0,0,0,0,1,0,0,0,0,0,0,0,0,0,0,0,0,0,0,0,0,0
2 - Ροδόπης,50 E.T. Δήμου Αρριανών,582,309,2,3,5,304,18,9,0,9,0,0,160,0,0,20,139,1,97,74,0,21,0,2,20,0,1,4,0,15,0,0,0,0,0,0,5,0,0,0,4,1,1,0,0,0,0,0,0,0,0,0,0,0,0,0,0,0,0,0,0,0,0,0,0,0,0,0,0,0,0,0,0,1,0,0,0,1,0,0,0,0,0,0,0,0,0,0,0,0,0,1,0,0,0,0,0,0,0
2 - Ροδόπης,51 E.T. Δήμου Αρριανών,251,116,5,1,6,110,13,4,2,0,5,0,67,3,0,23,30,1,29,3,0,0,0,25,0,0,0,0,0,0,0,0,0,0,0,0,0,0,0,0,0,0,0,0,1,0,0,0,0,0,0,0,0,0,0,0,0,0,0,0,0,0,0,0,0,0,0,0,0,0,0,0,0,0,0,0,0,0,0,0,0,0,0,0,0,0,0,0,0,0,0,0,0,0,0,0,0,0,0
2 - Ροδόπης,52 E.T. Δήμου Αρριανών,381,213,3,1,4,209,7,4,0,2,1,0,103,0,0,13,89,0,78,67,0,11,0,0,12,0,0,4,0,7,0,0,0,0,0,0,4,0,0,0,3,1,1,1,0,0,0,0,0,0,0,0,0,0,0,0,0,0,0,0,0,0,0,0,0,0,0,1,0,0,0,0,0,0,0,0,0,0,0,0,0,0,0,1,1,0,0,0,0,0,0,0,0,0,0,1,0,1,0
2 - Ροδόπης,53 E.T. Δήμου Αρριανών,148,91,2,0,2,89,0,0,0,0,0,0,49,0,0,2,46,0,39,12,0,12,0,15,0,0,0,0,0,0,0,0,0,0,0,0,0,0,0,0,0,0,0,0,0,0,0,0,0,0,0,0,0,0,0,0,0,0,0,0,0,0,0,0,0,0,0,0,0,0,0,0,0,0,0,0,0,0,0,0,0,0,0,1,0,0,0,0,0,0,0,0,0,0,0,0,0,0,0
2 - Ροδόπης,54 E.T. Δήμου Αρριανών,365,240,10,2,12,228,29,8,17,3,1,0,108,1,0,2,104,1,73,50,0,22,0,1,9,0,0,5,0,3,2,0,0,0,0,0,5,0,0,0,4,0,0,0,1,0,1,0,0,0,0,0,0,0,0,0,0,0,0,0,0,0,0,0,0,0,0,0,0,0,0,1,1,0,0,0,0,0,0,0,0,0,0,0,0,0,0,0,0,0,0,0,0,0,0,0,0,0,0
2 - Ροδόπης,55 E.T. Δήμου Αρριανών,359,210,1,2,3,207,28,14,8,2,2,0,96,0,0,2,91,1,63,43,0,12,0,7,12,0,0,4,0,7,0,0,0,0,0,0,7,0,0,0,5,1,0,0,1,0,1,0,0,0,0,0,0,0,0,0,0,0,0,0,0,0,0,0,0,0,0,0,0,0,0,0,0,0,0,0,0,0,0,0,0,0,0,0,0,0,0,0,0,0,0,0,0,0,0,0,0,0,0
2 - Ροδόπης,56 E.T. Δήμου Αρριανών,367,220,2,1,3,217,14,10,0,1,3,0,113,0,0,19,92,1,75,56,4,13,0,0,2,0,0,2,0,0,3,0,0,0,0,3,8,0,0,0,8,0,0,0,0,0,0,0,0,0,0,0,0,0,0,1,0,0,0,0,0,1,0,0,0,0,0,0,0,0,0,0,0,0,0,0,0,0,0,0,0,0,0,0,0,0,0,0,0,0,0,0,0,0,0,0,0,0,0
2 - Ροδόπης,57 E.T. Δήμου Αρριανών,122,78,4,1,5,73,19,3,0,8,6,1,20,0,0,2,17,0,30,27,0,3,0,0,1,0,0,0,0,1,0,0,0,0,0,0,3,0,0,0,3,0,0,0,0,0,0,0,0,0,0,0,0,0,0,0,0,0,0,0,0,0,0,0,0,0,0,0,0,0,0,0,0,0,0,0,0,0,0,0,0,0,0,0,0,0,0,0,0,0,0,0,0,0,0,0,0,0,0
2 - Ροδόπης,58 E.T. Δήμου Ιάσμου,513,278,6,1,7,271,46,1,4,7,27,5,150,0,0,1,145,0,56,37,0,5,3,7,4,0,1,1,0,1,2,1,0,0,0,0,2,0,0,1,0,1,0,0,0,0,0,0,0,0,0,0,0,2,2,0,0,0,0,0,0,0,0,0,0,0,0,0,0,0,0,0,0,0,0,0,0,2,0,0,0,1,0,1,0,0,0,1,0,1,0,0,0,0,0,1,0,2,0
2 - Ροδόπης,59 E.T. Δήμου Ιάσμου,519,288,6,2,8,280,42,14,5,7,11,1,165,1,0,5,153,2,48,31,1,0,1,12,1,0,0,0,0,0,4,1,1,0,0,0,1,0,0,0,0,0,1,1,1,0,0,0,0,0,0,0,0,0,0,0,0,4,3,1,0,6,2,1,1,0,0,0,0,0,0,0,0,1,0,0,0,1,0,0,0,0,0,1,0,1,1,0,0,0,0,1,0,0,0,0,0,2,2
2 - Ροδόπης,60 E.T. Δήμου Ιάσμου,515,277,2,1,3,274,20,6,0,5,5,2,186,1,0,6,170,3,49,27,0,2,1,17,5,2,1,2,0,0,5,1,0,0,1,1,1,0,0,0,0,0,0,0,0,0,0,0,0,0,0,0,0,0,0,0,0,1,0,0,0,2,1,1,0,0,0,0,0,0,0,0,0,0,0,0,0,0,0,0,0,0,0,0,0,1,1,0,0,0,0,2,1,0,0,1,1,1,1
2 - Ροδόπης,61 E.T. Δήμου Ιάσμου,529,275,11,3,14,261,17,5,4,4,1,0,174,0,0,6,166,0,58,46,0,1,0,11,1,0,0,1,0,0,3,1,0,0,0,0,2,1,0,0,1,0,0,0,1,0,0,0,0,0,0,0,0,0,0,0,0,1,1,0,0,1,1,0,0,0,0,0,0,0,0,0,0,0,0,0,0,0,0,0,0,0,0,0,0,0,0,0,0,0,0,0,0,0,0,0,0,3,2
2 - Ροδόπης,62 E.T. Δήμου Ιάσμου,430,167,3,0,3,164,70,0,19,2,38,7,22,0,0,7,5,8,18,1,2,4,0,10,3,1,0,0,2,0,19,5,1,2,0,8,2,1,0,0,0,1,1,1,0,0,0,0,0,0,0,0,0,0,0,0,0,0,0,0,0,15,6,4,1,0,0,0,0,0,0,0,0,0,0,0,0,1,0,1,0,0,0,0,0,1,0,0,0,0,0,0,0,0,0,0,0,12,6
2 - Ροδόπης,63 E.T. Δήμου Ιάσμου,407,144,2,1,3,141,77,2,8,3,51,3,33,0,2,3,15,10,10,0,0,1,0,8,3,3,0,0,0,0,8,4,0,1,1,0,0,0,0,0,0,0,0,0,0,0,0,0,0,0,0,0,0,0,0,0,0,0,0,0,0,5,1,3,0,0,0,1,1,0,0,0,0,0,0,0,0,0,0,0,0,0,0,0,0,0,0,1,0,1,1,0,0,0,0,0,0,2,1
2 - Ροδόπης,64 E.T. Δήμου Ιάσμου,420,125,4,0,4,121,42,2,11,0,24,1,49,1,0,6,29,12,5,0,0,1,0,2,0,0,0,0,0,0,14,3,1,0,3,3,0,0,0,0,0,0,1,1,0,0,0,0,0,0,0,0,0,1,0,0,0,0,0,0,0,2,1,0,0,0,0,0,0,0,0,1,0,0,0,0,0,1,0,0,0,0,0,0,0,0,0,0,0,1,0,0,0,0,0,0,0,4,4
2 - Ροδόπης,65 E.T. Δήμου Ιάσμου,475,282,5,4,9,273,157,0,30,0,106,8,58,0,0,8,40,9,28,2,9,6,1,7,4,1,1,1,0,0,11,1,3,0,1,3,1,0,1,0,0,0,1,0,0,0,0,0,0,0,0,0,0,4,4,1,1,1,0,0,0,3,3,0,0,0,0,0,0,0,0,0,0,0,0,0,0,0,0,0,0,0,0,0,0,0,0,0,0,0,0,1,1,0,0,1,0,2,2
2 - Ροδόπης,66 E.T. Δήμου Ιάσμου,483,247,2,3,5,242,35,0,14,1,11,3,169,2,0,1,153,10,15,6,1,2,0,5,3,1,0,0,0,0,3,0,0,0,1,0,1,0,0,1,0,0,1,1,0,0,0,0,0,1,0,0,0,2,2,1,0,0,0,0,0,5,2,3,0,0,0,1,0,0,0,0,0,0,0,0,0,1,0,0,0,0,0,0,0,1,1,1,0,0,0,0,0,0,0,1,0,1,0
2 - Ροδόπης,67 E.T. Δήμου Ιάσμου,451,235,0,0,0,235,53,3,5,0,37,6,127,2,0,1,106,17,25,3,2,2,1,9,6,2,2,0,0,2,6,4,1,0,0,1,1,1,0,0,0,0,0,0,0,0,0,0,0,0,0,0,0,1,1,2,1,5,0,0,0,3,1,1,1,0,0,0,0,0,0,0,0,0,0,0,0,1,0,0,0,0,0,0,0,0,0,0,0,0,0,1,0,0,0,0,0,4,3
2 - Ροδόπης,68 E.T. Δήμου Ιάσμου,444,218,3,3,6,212,38,2,4,0,26,3,135,1,1,2,108,22,15,5,4,2,1,1,4,1,0,0,0,2,8,2,1,2,0,1,2,0,0,2,0,0,0,0,0,0,0,0,0,0,0,0,0,0,0,0,0,1,0,0,0,3,1,2,0,0,0,0,0,0,0,0,0,0,0,0,0,1,0,0,0,0,0,0,0,0,0,0,0,0,0,0,0,0,0,2,1,3,3
2 - Ροδόπης,69 E.T. Δήμου Ιάσμου,446,242,4,1,5,237,51,3,9,1,30,2,143,1,0,0,126,14,20,6,6,2,0,5,7,3,1,0,1,0,1,0,0,0,0,0,3,0,1,1,1,0,0,0,0,0,0,0,0,1,0,0,0,1,1,0,0,0,0,0,0,4,1,2,0,1,1,0,0,0,0,0,0,0,0,0,0,0,0,0,0,0,0,1,0,0,0,1,0,0,0,0,0,0,0,1,0,2,2
2 - Ροδόπης,70 E.T. Δήμου Ιάσμου,440,195,1,1,2,193,19,0,1,4,10,2,153,0,0,0,144,6,11,9,1,0,0,1,2,1,0,0,1,0,3,1,0,0,0,0,2,1,0,0,0,0,0,0,1,0,0,0,0,0,0,0,0,0,0,0,0,0,0,0,0,0,0,0,0,0,0,0,0,0,0,0,0,1,0,0,0,0,0,0,0,0,0,0,0,0,0,0,0,0,0,1,0,0,0,0,0,0,0
2 - Ροδόπης,71 E.T. Δήμου Ιάσμου,445,229,2,2,4,225,64,0,4,1,51,6,100,0,0,2,83,11,27,2,5,0,1,17,5,1,2,0,2,0,6,2,1,1,0,0,0,0,0,0,0,0,0,0,0,0,0,0,0,1,0,1,0,1,1,0,0,2,0,1,0,10,3,2,3,0,0,0,0,0,0,0,0,0,0,0,0,0,0,0,0,0,0,1,0,0,0,0,0,1,0,0,0,0,0,3,1,4,2
2 - Ροδόπης,72 E.T. Δήμου Ιάσμου,445,165,8,0,8,157,47,1,5,0,34,4,70,1,1,0,59,8,13,7,2,1,1,0,11,6,0,1,0,2,5,2,0,1,1,0,1,0,0,0,1,0,0,0,0,0,0,0,0,0,0,0,0,1,0,0,0,0,0,0,0,5,2,1,0,0,0,0,0,0,0,0,0,0,0,0,0,0,0,0,0,1,0,0,0,0,0,0,0,0,0,0,0,0,0,1,0,2,0
2 - Ροδόπης,73 E.T. Δήμου Ιάσμου,418,231,3,4,7,224,39,0,7,0,26,2,126,1,0,1,110,14,24,7,8,1,0,4,8,5,1,0,0,0,10,4,3,0,1,1,5,0,0,2,2,0,0,0,0,0,0,0,0,0,0,0,0,0,0,0,0,0,0,0,0,8,4,2,1,0,0,1,1,0,0,0,0,0,0,0,0,0,0,0,0,0,0,0,0,1,1,1,0,0,0,0,0,0,0,1,0,0,0
2 - Ροδόπης,74 E.T. Δήμου Ιάσμου,415,181,10,2,12,169,13,1,2,3,5,0,130,0,1,0,119,8,18,8,2,3,0,2,2,2,0,0,0,0,1,0,0,0,0,1,2,2,0,0,0,0,1,0,1,1,0,0,0,0,0,0,0,0,0,0,0,0,0,0,0,1,1,0,0,0,0,0,0,0,0,0,0,0,0,0,0,0,0,0,0,0,0,0,0,0,0,0,0,0,0,0,0,0,0,0,0,0,0
2 - Ροδόπης,75 E.T. Δήμου Ιάσμου,588,174,1,0,1,173,14,1,1,3,7,0,134,0,0,3,120,1,19,9,0,9,0,0,4,1,0,1,0,2,0,0,0,0,0,0,0,0,0,0,0,0,0,0,1,0,1,0,0,0,0,0,0,0,0,0,0,0,0,0,0,0,0,0,0,0,0,0,0,0,0,0,0,0,0,0,0,0,0,0,0,0,0,0,0,0,0,0,0,0,0,0,0,0,0,0,0,1,0
2 - Ροδόπης,76 E.T. Δήμου Ιάσμου,360,223,0,1,1,222,157,0,33,0,102,9,24,0,0,3,12,7,14,4,1,0,1,7,1,0,0,1,0,0,2,1,0,0,0,0,0,0,0,0,0,0,1,0,2,0,0,1,1,0,0,0,0,2,1,0,0,3,1,0,1,8,2,1,2,0,0,0,0,1,0,0,0,1,1,0,0,1,1,0,0,0,0,1,0,0,0,0,0,1,0,0,0,0,0,0,0,2,1
2 - Ροδόπης,77 E.T. Δήμου Ιάσμου,358,215,3,2,5,210,110,1,18,2,73,7,38,3,1,6,18,9,17,1,3,0,1,6,3,1,1,0,0,0,13,9,1,1,0,0,3,0,0,1,0,0,0,0,0,0,0,0,0,0,0,0,0,2,2,0,0,2,0,0,0,11,2,2,0,0,0,1,0,0,0,0,0,0,0,0,0,0,0,0,0,0,0,0,0,0,0,0,0,1,0,1,0,0,0,1,0,7,1
2 - Ροδόπης,78 E.T. Δήμου Ιάσμου,439,289,9,1,10,279,22,5,0,13,1,2,210,1,0,5,200,0,27,16,0,7,0,4,12,0,0,1,0,10,0,0,0,0,0,0,0,0,0,0,0,0,1,1,0,0,0,1,0,0,0,0,0,0,0,0,0,1,1,0,0,0,0,0,0,0,0,0,0,0,0,0,0,0,0,0,0,1,0,0,0,1,0,0,0,0,0,0,0,0,0,1,0,0,0,2,1,0,0
2 - Ροδόπης,79 E.T. Δήμου Ιάσμου,452,263,8,3,11,252,30,5,8,14,0,0,171,0,0,6,161,0,39,26,0,4,0,3,3,0,0,1,0,2,0,0,0,0,0,0,2,0,0,0,2,0,1,1,0,0,0,1,0,1,0,1,0,1,0,0,0,0,0,0,0,0,0,0,0,0,0,0,0,0,0,0,0,0,0,0,0,0,0,0,0,0,0,1,0,0,0,0,0,0,0,0,0,0,0,0,0,2,0
2 - Ροδόπης,80 E.T. Δήμου Ιάσμου,455,144,3,0,3,141,49,1,2,1,38,3,70,1,2,15,49,1,3,1,2,0,0,0,2,0,0,1,0,0,6,3,0,0,0,0,1,0,1,0,0,0,1,0,1,1,0,2,1,1,0,0,1,0,0,0,0,1,0,0,0,0,0,0,0,0,0,1,0,0,0,0,0,0,0,0,0,1,1,0,0,0,0,0,0,0,0,0,0,0,0,1,0,0,0,1,0,0,0
2 - Ροδόπης,81 E.T. Δήμου Ιάσμου,527,200,13,2,15,185,88,0,11,1,56,9,41,3,1,0,27,8,13,0,2,0,0,11,2,1,1,0,0,0,14,6,1,2,1,3,5,1,3,0,0,0,0,0,1,0,1,0,0,3,0,0,2,1,1,1,0,2,1,0,1,4,2,0,0,0,0,0,0,0,0,0,0,0,0,0,0,0,0,0,0,1,1,3,2,0,0,4,2,0,0,0,0,0,0,1,1,1,1
2 - Ροδόπης,82 E.T. Δήμου Ιάσμου,540,197,5,1,6,191,86,0,7,1,60,7,64,4,1,0,43,9,12,0,6,1,0,4,1,1,0,0,0,0,11,7,0,1,0,1,3,2,1,0,0,0,2,2,0,0,0,0,0,0,0,0,0,0,0,1,1,0,0,0,0,1,0,0,0,0,0,0,0,0,0,2,1,0,0,0,0,0,0,0,0,0,0,5,3,0,0,2,2,0,0,0,0,0,0,0,0,1,0
2 - Ροδόπης,83 E.T. Δήμου Ιάσμου,93,70,1,0,1,69,43,0,3,0,33,3,5,2,0,0,0,3,0,0,0,0,0,0,2,1,0,0,0,0,6,2,1,0,2,0,3,0,0,2,0,0,0,0,0,0,0,0,0,0,0,0,0,0,0,1,0,0,0,0,0,2,0,0,0,0,0,0,0,0,0,0,0,2,0,0,2,0,0,0,0,0,0,1,0,0,0,1,1,1,0,0,0,0,0,0,0,2,1
2 - Ροδόπης,84 E.T. Δήμου Ιάσμου,481,144,2,0,2,142,23,1,3,1,14,3,69,0,0,1,56,10,26,13,1,0,1,9,1,0,0,0,0,1,11,6,0,0,0,5,0,0,0,0,0,0,0,0,0,0,0,0,0,0,0,0,0,0,0,1,1,1,0,0,0,7,4,1,2,0,0,1,0,0,0,0,0,0,0,0,0,0,0,0,0,0,0,1,1,0,0,0,0,0,0,0,0,0,0,0,0,1,1
2 - Ροδόπης,85 E.T. Δήμου Ιάσμου,509,184,10,2,12,172,47,2,3,2,31,6,66,2,0,6,50,5,25,7,0,10,1,6,4,1,0,0,1,1,21,8,0,2,1,7,0,0,0,0,0,0,0,0,0,0,0,0,0,0,0,0,0,1,0,0,0,0,0,0,0,3,1,0,0,0,0,2,2,0,0,0,0,0,0,0,0,0,0,0,0,0,0,0,0,0,0,0,0,0,0,0,0,0,0,3,2,0,0
2 - Ροδόπης,86 E.T. Δήμου Ιάσμου,524,171,3,2,5,166,37,1,2,2,22,6,85,1,1,1,68,11,15,4,1,2,0,7,2,0,0,1,0,1,12,5,0,0,0,4,1,0,0,0,0,1,0,0,0,0,0,0,0,0,0,0,0,0,0,0,0,0,0,0,0,8,3,2,1,0,0,0,0,0,0,0,0,0,0,0,0,0,0,0,0,0,0,0,0,1,1,2,2,2,2,0,0,0,0,0,0,1,0
2 - Ροδόπης,87 E.T. Δήμου Ιάσμου,479,256,4,2,6,250,21,9,0,3,5,1,185,0,0,4,178,0,40,25,5,8,0,0,1,0,0,0,0,1,0,0,0,0,0,0,0,0,0,0,0,0,0,0,1,0,1,0,0,0,0,0,0,0,0,1,0,0,0,0,0,0,0,0,0,0,0,0,0,0,0,0,0,0,0,0,0,0,0,0,0,0,0,0,0,1,0,0,0,0,0,0,0,0,0,0,0,0,0
2 - Ροδόπης,88 E.T. Δήμου Ιάσμου,380,170,4,0,4,166,4,0,1,2,1,0,125,0,0,6,115,0,30,24,0,5,0,0,4,0,0,0,0,4,0,0,0,0,0,0,0,0,0,0,0,0,1,0,1,0,1,0,0,0,0,0,0,0,0,0,0,0,0,0,0,0,0,0,0,0,0,0,0,0,0,0,0,0,0,0,0,0,0,0,0,0,0,0,0,1,1,0,0,0,0,0,0,0,0,0,0,0,0
2 - Ροδόπης,89 E.T. Δήμου Ιάσμου,375,176,0,0,0,176,6,4,0,1,1,0,128,1,2,14,108,3,34,25,1,3,0,3,5,0,0,0,0,5,0,0,0,0,0,0,0,0,0,0,0,0,0,0,1,0,1,0,0,0,0,0,0,0,0,0,0,2,1,0,0,0,0,0,0,0,0,0,0,0,0,0,0,0,0,0,0,0,0,0,0,0,0,0,0,0,0,0,0,0,0,0,0,0,0,0,0,0,0
2 - Ροδόπης,90 E.T. Δήμου Ιάσμου,386,190,4,1,5,185,4,1,0,3,0,0,147,1,0,6,140,0,29,22,0,6,0,1,3,0,0,0,0,2,0,0,0,0,0,0,1,0,0,0,0,0,0,0,1,0,1,0,0,0,0,0,0,0,0,0,0,0,0,0,0,0,0,0,0,0,0,0,0,0,0,0,0,0,0,0,0,0,0,0,0,0,0,0,0,0,0,0,0,0,0,0,0,0,0,0,0,0,0
2 - Ροδόπης,91 E.T. Δήμου Ιάσμου,482,258,3,4,7,251,16,0,0,10,5,1,203,1,0,12,177,9,22,15,0,7,0,0,4,0,0,0,0,3,0,0,0,0,0,0,2,0,0,0,1,1,0,0,2,0,2,0,0,0,0,0,0,0,0,0,0,1,0,1,0,0,0,0,0,0,0,0,0,0,0,0,0,0,0,0,0,0,0,0,0,0,0,1,1,0,0,0,0,0,0,0,0,0,0,0,0,0,0
2 - Ροδόπης,92 E.T. Δήμου Ιάσμου,445,201,7,0,7,194,14,6,0,3,4,0,145,0,0,11,131,1,27,14,0,9,1,0,6,0,0,0,0,6,0,0,0,0,0,0,0,0,0,0,0,0,0,0,0,0,0,0,0,1,0,0,0,0,0,0,0,0,0,0,0,0,0,0,0,0,0,0,0,0,0,0,0,0,0,0,0,0,0,0,0,0,0,1,1,0,0,0,0,0,0,0,0,0,0,0,0,0,0
2 - Ροδόπης,93 E.T. Δήμου Ιάσμου,476,254,12,2,14,240,61,6,6,3,40,2,105,1,0,39,54,10,40,22,1,10,1,4,6,0,0,0,1,5,5,0,0,0,0,2,3,0,0,0,3,0,1,1,0,0,0,0,0,2,0,1,0,0,0,0,0,2,0,1,0,1,0,0,0,0,0,0,0,0,0,0,0,0,0,0,0,0,0,0,0,0,0,1,1,2,0,0,0,0,0,2,1,1,0,4,1,5,3
2 - Ροδόπης,94 E.T. Δήμου Ιάσμου,473,258,11,2,13,245,40,6,5,7,14,3,134,2,0,51,76,3,38,17,0,15,0,3,17,1,0,0,2,14,4,1,0,0,0,2,5,1,1,0,3,0,0,0,0,0,0,1,0,1,0,1,0,1,1,1,1,0,0,0,0,1,1,0,0,0,0,1,1,0,0,0,0,0,0,0,0,1,1,0,0,0,0,0,0,0,0,0,0,0,0,0,0,0,0,0,0,0,0
2 - Ροδόπης,95 E.T. Δήμου Ιάσμου,313,188,4,1,5,183,13,10,0,1,2,0,122,0,1,20,100,0,25,14,0,8,0,2,12,0,0,0,0,12,0,0,0,0,0,0,5,0,0,0,4,1,1,0,0,0,0,1,0,1,0,0,0,0,0,1,0,0,0,0,0,0,0,0,0,0,0,0,0,0,0,0,0,0,0,0,0,0,0,0,0,0,0,0,0,0,0,0,0,0,0,1,0,0,0,0,0,1,1
2 - Ροδόπης,96 E.T. Δήμου Ιάσμου,497,272,3,1,4,268,13,5,0,4,3,0,157,2,0,17,127,2,77,60,0,16,0,0,13,1,0,0,0,12,0,0,0,0,0,0,3,1,0,0,1,1,0,0,4,0,1,0,0,1,0,0,0,0,0,0,0,0,0,0,0,0,0,0,0,0,0,0,0,0,0,0,0,0,0,0,0,0,0,0,0,0,0,0,0,0,0,0,0,0,0,0,0,0,0,0,0,0,0
2 - Ροδόπης,97 E.T. Δήμου Ιάσμου,576,309,0,0,0,309,12,10,0,1,1,0,131,0,1,33,94,3,60,14,0,45,0,0,104,0,0,0,0,103,0,0,0,0,0,0,0,0,0,0,0,0,1,1,0,0,0,0,0,0,0,0,0,0,0,0,0,0,0,0,0,0,0,0,0,0,0,0,0,0,0,0,0,0,0,0,0,0,0,0,0,0,0,0,0,0,0,0,0,0,0,0,0,0,0,1,1,0,0
2 - Ροδόπης,98 E.T. Δήμου Ιάσμου,321,198,4,3,7,191,15,6,0,6,3,0,115,4,0,12,96,0,52,28,0,24,0,0,8,0,0,0,0,8,0,0,0,0,0,0,1,0,0,0,1,0,0,0,0,0,0,0,0,0,0,0,0,0,0,0,0,0,0,0,0,0,0,0,0,0,0,0,0,0,0,0,0,0,0,0,0,0,0,0,0,0,0,0,0,0,0,0,0,0,0,0,0,0,0,0,0,0,0
2 - Ροδόπης,99 E.T. Δήμου Ιάσμου,248,240,8,1,9,231,37,12,2,0,15,1,114,1,0,18,93,0,59,46,0,10,0,2,1,0,0,0,0,1,3,2,0,0,1,0,1,0,0,0,0,0,3,1,0,0,0,0,0,0,0,0,0,0,0,0,0,6,2,1,0,1,1,0,0,0,0,0,0,0,0,0,0,0,0,0,0,0,0,0,0,0,0,0,0,0,0,0,0,3,1,1,0,0,0,2,1,0,0
2 - Ροδόπης,100 E.T. Δήμου Ιάσμου,439,121,0,0,0,121,36,5,4,8,17,0,56,0,0,6,49,1,16,7,1,2,0,6,5,0,0,0,1,4,5,1,0,0,0,2,2,2,0,0,0,0,0,0,0,0,0,0,0,0,0,0,0,1,1,0,0,0,0,0,0,0,0,0,0,0,0,0,0,0,0,0,0,0,0,0,0,0,0,0,0,0,0,0,0,0,0,0,0,0,0,0,0,0,0,0,0,0,0
2 - Ροδόπης,101 E.T. Δήμου Ιάσμου,402,158,2,0,2,156,35,4,3,16,10,2,86,2,1,3,76,4,23,10,3,6,0,2,7,0,1,0,0,3,1,1,0,0,0,0,0,0,0,0,0,0,0,0,0,0,0,0,0,1,0,0,0,0,0,0,0,0,0,0,0,2,1,0,0,0,0,0,0,0,0,0,0,0,0,0,0,0,0,0,0,0,0,1,1,0,0,0,0,0,0,0,0,0,0,0,0,0,0
2 - Ροδόπης,102 E.T. Δήμου Ιάσμου,439,156,7,2,9,147,45,1,10,8,23,2,82,1,0,3,75,1,11,4,0,5,0,1,3,2,0,0,0,1,2,0,1,1,0,0,1,0,0,0,1,0,0,0,0,0,0,0,0,0,0,0,0,0,0,1,0,0,0,0,0,0,0,0,0,0,0,0,0,0,0,0,0,0,0,0,0,0,0,0,0,1,0,0,0,0,0,1,0,0,0,0,0,0,0,0,0,0,0
2 - Ροδόπης,103 E.T. Δήμου Ιάσμου,465,129,4,3,7,122,21,0,1,8,10,1,77,0,0,3,74,0,18,7,0,10,0,1,2,0,0,0,1,0,1,0,0,0,1,0,1,0,0,0,1,0,0,0,0,0,0,0,0,0,0,0,0,0,0,0,0,0,0,0,0,1,0,1,0,0,0,0,0,0,0,0,0,0,0,0,0,0,0,0,0,0,0,1,0,0,0,0,0,0,0,0,0,0,0,0,0,0,0
2 - Ροδόπης,104 E.T. Δήμου Κομοτηνής,465,274,6,0,6,268,121,0,6,0,110,4,38,3,2,1,2,24,41,1,9,1,1,28,12,3,3,0,2,0,17,8,1,1,0,2,7,0,3,1,0,0,2,2,0,0,0,0,0,0,0,0,0,7,4,0,0,1,0,0,0,10,2,4,3,0,0,0,0,0,0,0,0,0,0,0,0,0,0,0,0,0,0,0,0,3,3,1,1,2,2,1,0,1,0,2,0,3,1
2 - Ροδόπης,105 E.T. Δήμου Κομοτηνής,457,253,8,1,9,244,113,0,5,0,94,4,20,1,3,0,1,13,35,0,6,0,1,25,8,5,0,0,2,0,21,7,0,3,0,5,5,0,4,0,0,0,4,4,1,0,0,0,0,0,0,0,0,3,2,2,2,0,0,0,0,11,3,5,2,0,0,1,1,0,0,0,0,0,0,0,0,1,1,0,0,1,1,6,5,2,1,2,2,1,1,2,0,1,1,1,1,4,3
2 - Ροδόπης,106 E.T. Δήμου Κομοτηνής,461,283,4,5,9,274,111,0,10,0,90,4,28,2,0,0,0,24,58,0,6,0,2,43,4,1,2,0,0,0,32,16,4,2,0,7,2,0,2,0,0,0,0,0,0,0,0,0,0,1,1,0,0,2,1,2,2,4,1,0,0,10,2,6,0,0,0,1,0,0,0,0,0,0,0,0,0,0,0,0,0,2,2,4,3,3,1,3,2,1,0,1,0,0,1,3,2,2,2
2 - Ροδόπης,107 E.T. Δήμου Κομοτηνής,361,272,2,2,4,268,130,0,11,1,110,3,35,6,0,0,0,25,25,0,4,0,0,21,4,2,1,0,0,0,30,6,3,3,2,7,8,0,2,2,1,0,1,1,0,0,0,0,0,0,0,0,0,7,3,0,0,4,1,0,2,9,5,2,1,1,0,0,0,0,0,0,0,0,0,0,0,2,1,0,0,0,0,2,1,1,1,1,0,0,0,2,2,0,0,1,1,5,3
2 - Ροδόπης,108 E.T. Δήμου Κομοτηνής,120,16,0,0,0,16,7,0,0,0,5,1,8,0,0,1,6,1,1,0,0,0,0,1,0,0,0,0,0,0,0,0,0,0,0,0,0,0,0,0,0,0,0,0,0,0,0,0,0,0,0,0,0,0,0,0,0,0,0,0,0,0,0,0,0,0,0,0,0,0,0,0,0,0,0,0,0,0,0,0,0,0,0,0,0,0,0,0,0,0,0,0,0,0,0,0,0,0,0
2 - Ροδόπης,109 E.T. Δήμου Κομοτηνής,274,154,4,3,7,147,62,3,1,0,54,1,40,0,0,8,29,2,26,7,2,7,0,8,4,1,0,1,0,2,8,7,0,0,0,1,2,0,1,1,0,0,0,0,0,0,0,0,0,0,0,0,0,0,0,0,0,0,0,0,0,2,2,0,0,0,0,0,0,0,0,0,0,0,0,0,0,0,0,0,0,0,0,0,0,0,0,0,0,0,0,2,0,0,0,0,0,1,1
2 - Ροδόπης,110 E.T. Δήμου Κομοτηνής,161,77,2,1,3,74,17,7,0,0,10,0,33,0,0,8,23,2,20,6,0,14,0,0,1,0,0,0,1,0,1,0,0,0,0,1,1,0,0,0,0,1,0,0,0,0,0,0,0,0,0,0,0,0,0,0,0,0,0,0,0,0,0,0,0,0,0,0,0,0,0,0,0,0,0,0,0,0,0,0,0,1,0,0,0,0,0,0,0,0,0,0,0,0,0,0,0,0,0
2 - Ροδόπης,111 E.T. Δήμου Κομοτηνής,449,107,4,1,5,102,11,8,0,2,0,0,41,2,0,7,31,1,44,7,3,12,0,22,5,0,0,0,0,4,0,0,0,0,0,0,1,0,0,0,1,0,0,0,0,0,0,0,0,0,0,0,0,0,0,0,0,0,0,0,0,0,0,0,0,0,0,0,0,0,0,0,0,0,0,0,0,0,0,0,0,0,0,0,0,0,0,0,0,0,0,0,0,0,0,0,0,0,0
2 - Ροδόπης,112 E.T. Δήμου Κομοτηνής,447,105,0,0,0,105,8,6,1,0,1,0,56,0,0,5,49,0,38,14,6,2,0,15,3,0,0,0,2,1,0,0,0,0,0,0,0,0,0,0,0,0,0,0,0,0,0,0,0,0,0,0,0,0,0,0,0,0,0,0,0,0,0,0,0,0,0,0,0,0,0,0,0,0,0,0,0,0,0,0,0,0,0,0,0,0,0,0,0,0,0,0,0,0,0,0,0,0,0
2 - Ροδόπης,113 E.T. Δήμου Κομοτηνής,501,252,5,1,6,246,115,1,9,0,93,5,53,2,3,0,8,31,43,3,9,3,0,26,2,0,1,0,0,0,14,9,0,0,0,1,2,0,0,0,0,0,1,1,0,0,0,0,0,0,0,0,0,3,2,2,1,2,1,0,1,2,0,0,0,0,0,0,0,0,0,0,0,0,0,0,0,0,0,0,0,0,0,0,0,0,0,1,1,3,0,0,0,0,0,1,1,2,2
2 - Ροδόπης,114 E.T. Δήμου Κομοτηνής,528,293,4,2,6,287,119,0,19,0,68,15,32,1,2,0,0,28,47,0,11,1,3,30,17,9,3,0,2,0,20,14,1,1,0,0,3,0,1,0,0,0,3,3,1,0,1,0,0,3,1,1,0,2,0,1,1,5,1,0,0,12,2,4,0,2,1,1,1,0,0,0,0,0,0,0,0,0,0,0,0,0,0,0,0,0,0,1,1,1,1,1,0,0,0,2,1,14,7
2 - Ροδόπης,115 E.T. Δήμου Κομοτηνής,369,197,5,2,7,190,56,0,10,1,44,1,35,2,1,1,24,7,28,6,5,2,2,10,3,1,0,0,2,0,46,46,0,0,0,0,8,0,6,1,0,0,0,0,0,0,0,0,0,0,0,0,0,1,1,2,1,1,1,0,0,7,5,1,0,0,0,0,0,0,0,0,0,0,0,0,0,0,0,0,0,0,0,0,0,0,0,0,0,0,0,0,0,0,0,0,0,3,1
2 - Ροδόπης,116 E.T. Δήμου Κομοτηνής,367,178,3,4,7,171,38,6,8,0,22,2,40,0,0,4,21,14,34,13,6,0,0,12,7,6,0,0,1,0,41,41,0,0,0,0,5,0,1,0,0,1,0,0,0,0,0,0,0,1,0,0,1,0,0,0,0,0,0,0,0,2,0,1,0,0,0,0,0,0,0,0,0,0,0,0,0,1,0,1,0,0,0,1,1,0,0,1,0,0,0,0,0,0,0,0,0,0,0
2 - Ροδόπης,117 E.T. Δήμου Κομοτηνής,571,388,11,1,12,376,145,1,16,0,107,14,67,4,1,0,1,55,73,0,12,0,4,53,15,7,4,0,0,0,30,15,1,0,2,8,4,1,2,0,0,0,3,3,1,1,0,1,0,1,0,1,0,1,1,1,0,5,3,0,0,7,1,3,1,0,0,0,0,0,0,0,0,3,1,1,1,1,1,0,0,1,1,2,2,0,0,0,0,1,0,1,0,1,0,2,2,11,8
2 - Ροδόπης,118 E.T. Δήμου Κομοτηνής,544,315,3,2,5,310,122,0,9,0,98,7,68,6,0,2,2,53,44,3,11,1,2,25,4,1,0,0,0,0,18,4,0,2,1,7,11,1,5,4,0,0,3,2,0,0,0,0,0,1,0,0,0,6,5,0,0,0,0,0,0,9,3,3,0,0,0,0,0,0,0,0,0,0,0,0,0,0,0,0,0,0,0,3,3,2,1,0,0,4,3,2,1,1,0,4,2,9,4
2 - Ροδόπης,119 E.T. Δήμου Κομοτηνής,550,360,3,2,5,355,156,1,19,0,122,9,65,17,2,0,3,35,52,0,9,0,5,35,8,3,1,0,0,1,22,7,1,1,6,5,9,2,1,0,0,0,2,1,0,0,0,0,0,0,0,0,0,2,2,0,0,4,2,0,2,12,3,5,1,2,2,1,0,0,0,1,0,0,0,0,0,1,0,1,0,0,0,3,2,1,1,1,0,1,0,0,0,0,0,2,1,10,3
2 - Ροδόπης,120 E.T. Δήμου Κομοτηνής,543,362,8,2,10,352,159,1,20,0,121,7,58,4,3,3,0,43,55,5,10,2,1,36,15,6,0,0,4,0,25,7,2,3,3,8,8,2,3,1,0,0,1,1,2,2,0,0,0,1,0,0,0,2,2,1,1,1,0,0,0,9,2,1,2,0,0,0,0,0,0,1,1,1,0,0,1,0,0,0,0,2,1,2,2,0,0,1,0,1,1,0,0,0,0,3,3,4,4
2 - Ροδόπης,121 E.T. Δήμου Κομοτηνής,545,322,3,2,5,317,125,0,5,0,99,11,51,4,6,0,1,33,43,4,6,6,4,23,9,5,1,0,2,1,35,19,2,5,2,7,13,3,6,3,0,0,2,1,0,0,0,0,0,1,0,0,0,1,0,1,1,1,1,0,0,8,5,0,3,0,0,0,0,0,0,0,0,2,0,1,1,2,0,2,0,0,0,4,4,0,0,1,0,3,3,1,1,0,0,5,5,9,9
2 - Ροδόπης,122 E.T. Δήμου Κομοτηνής,550,358,7,3,10,348,148,0,10,0,119,7,53,6,1,1,3,34,50,3,9,0,7,28,14,5,2,0,3,0,24,8,1,2,0,6,10,4,2,1,0,0,3,3,1,1,0,1,0,1,0,0,0,3,3,0,0,5,1,1,1,8,4,1,1,1,0,0,0,0,0,0,0,1,0,0,0,0,0,0,0,0,0,8,6,1,1,0,0,4,3,1,0,1,0,0,0,11,8
2 - Ροδόπης,123 E.T. Δήμου Κομοτηνής,556,361,3,0,3,358,153,0,20,0,118,6,65,4,7,1,3,46,63,2,10,1,4,42,16,3,2,0,4,0,16,7,0,2,3,2,7,1,0,2,0,0,5,1,0,0,0,0,0,1,0,0,0,3,3,1,1,3,2,0,0,8,4,2,1,0,0,0,0,0,0,0,0,1,0,0,0,2,1,0,0,2,1,7,6,1,1,0,0,1,1,0,0,0,0,1,1,2,1
2 - Ροδόπης,124 E.T. Δήμου Κομοτηνής,558,348,15,4,19,329,109,0,15,1,79,7,54,6,0,1,3,38,63,4,14,3,2,36,25,8,8,0,6,0,22,8,0,7,2,2,4,1,0,1,0,0,0,0,0,0,0,1,1,2,0,1,0,4,3,2,2,2,1,1,0,10,5,1,2,0,0,2,2,0,0,0,0,0,0,0,0,0,0,0,0,2,2,7,4,2,1,2,2,2,1,1,1,0,0,2,1,11,4
2 - Ροδόπης,125 E.T. Δήμου Κομοτηνής,552,330,4,1,5,325,140,0,9,0,117,8,52,5,3,1,1,35,40,1,15,2,6,14,15,7,2,0,3,0,29,14,1,0,1,11,7,1,0,3,1,0,0,0,1,0,1,0,0,0,0,0,0,3,2,2,1,4,2,0,1,5,3,1,0,0,0,0,0,0,0,0,0,0,0,0,0,3,2,1,0,0,0,3,3,2,2,2,0,1,1,1,0,0,0,3,3,12,8
2 - Ροδόπης,126 E.T. Δήμου Κομοτηνής,559,348,7,5,12,336,143,0,9,0,119,13,63,6,1,1,2,52,49,1,16,1,3,25,14,7,2,0,2,0,17,8,0,2,4,3,8,2,3,1,0,1,0,0,1,1,0,0,0,4,1,1,1,1,1,0,0,6,1,3,1,12,4,5,3,0,0,0,0,0,0,1,0,0,0,0,0,1,1,0,0,1,0,6,6,0,0,1,0,1,1,0,0,0,0,3,3,4,4
2 - Ροδόπης,127 E.T. Δήμου Κομοτηνής,556,348,8,5,13,335,128,1,16,0,96,7,70,7,4,0,3,54,47,1,13,1,6,23,11,4,2,0,5,0,14,5,1,2,1,0,8,1,4,1,0,0,1,1,1,1,0,2,0,2,0,0,0,3,3,1,0,5,0,3,1,12,2,6,1,0,0,0,0,0,0,0,0,0,0,0,0,2,1,0,0,2,0,3,2,1,0,1,1,1,1,1,1,0,0,5,2,14,7
2 - Ροδόπης,128 E.T. Δήμου Κομοτηνής,546,351,12,1,13,338,154,0,14,0,119,16,44,2,2,0,0,35,52,1,13,0,8,27,15,8,1,0,1,0,17,9,0,1,3,2,7,1,4,1,0,0,2,2,0,0,0,0,0,1,0,0,1,6,3,0,0,6,1,0,2,11,2,3,1,0,0,0,0,0,0,0,0,0,0,0,0,2,0,2,0,1,1,2,2,2,1,0,0,2,1,1,0,1,0,2,1,11,9
2 - Ροδόπης,129 E.T. Δήμου Κομοτηνής,552,354,13,1,14,340,138,1,11,0,110,6,66,3,1,1,1,57,39,2,7,1,3,26,15,8,5,0,0,0,23,8,1,2,3,6,4,1,1,0,0,0,2,2,3,1,1,0,0,3,0,1,1,3,1,0,0,4,1,2,1,14,3,6,4,0,0,0,0,1,1,1,1,1,0,0,0,2,0,1,0,1,0,2,2,3,2,1,1,4,2,0,0,0,0,1,1,9,8
2 - Ροδόπης,130 E.T. Δήμου Κομοτηνής,416,247,7,2,9,238,105,0,16,1,74,7,28,3,0,0,0,22,35,0,9,0,4,22,6,1,2,1,1,0,28,14,2,1,1,6,0,0,0,0,0,0,1,1,0,0,0,0,0,1,0,1,0,6,4,1,1,6,2,3,1,2,0,1,0,0,0,0,0,0,0,0,0,1,1,0,0,1,1,0,0,0,0,2,2,3,2,2,0,2,0,2,1,0,0,3,1,3,3
2 - Ροδόπης,131 E.T. Δήμου Κομοτηνής,152,193,4,0,4,189,109,0,20,0,55,25,20,3,1,0,0,15,23,0,3,0,3,14,1,0,1,0,0,0,4,3,0,1,0,0,0,0,0,0,0,0,0,0,0,0,0,0,0,0,0,0,0,3,1,1,1,5,2,2,1,12,6,2,1,0,0,0,0,0,0,0,0,0,0,0,0,0,0,0,0,0,0,2,2,0,0,1,1,3,3,1,0,1,0,3,2,1,1
2 - Ροδόπης,132 E.T. Δήμου Κομοτηνής,573,367,10,1,11,356,186,3,17,1,150,12,44,2,4,1,0,36,52,1,20,0,3,26,6,1,1,0,2,0,26,10,4,4,0,3,5,2,1,2,0,0,2,1,0,0,0,0,0,1,1,0,0,1,1,2,2,2,1,0,0,16,8,5,2,1,1,0,0,0,0,0,0,0,0,0,0,0,0,0,0,1,0,0,0,3,1,1,1,1,0,0,0,0,0,2,2,4,4
2 - Ροδόπης,133 E.T. Δήμου Κομοτηνής,468,142,9,4,13,129,6,0,0,0,3,2,97,1,2,19,14,58,22,18,0,2,0,2,0,0,0,0,0,0,0,0,0,0,0,0,1,0,0,0,0,1,0,0,0,0,0,0,0,0,0,0,0,0,0,0,0,0,0,0,0,2,0,0,0,0,0,0,0,0,0,0,0,0,0,0,0,1,0,0,0,0,0,0,0,0,0,0,0,0,0,0,0,0,0,0,0,0,0
2 - Ροδόπης,134 E.T. Δήμου Κομοτηνής,442,123,2,1,3,120,3,0,0,0,3,0,104,6,1,14,18,59,8,5,0,2,0,0,1,0,1,0,0,0,0,0,0,0,0,0,0,0,0,0,0,0,0,0,0,0,0,0,0,0,0,0,0,0,0,0,0,0,0,0,0,1,0,0,0,0,0,0,0,1,0,1,1,0,0,0,0,1,1,0,0,0,0,0,0,0,0,0,0,0,0,0,0,0,0,0,0,0,0
2 - Ροδόπης,135 E.T. Δήμου Κομοτηνής,466,153,6,0,6,147,4,0,0,0,3,1,118,1,0,23,21,73,22,17,0,3,0,2,2,0,0,0,0,2,0,0,0,0,0,0,0,0,0,0,0,0,0,0,0,0,0,0,0,0,0,0,0,0,0,0,0,0,0,0,0,1,0,1,0,0,0,0,0,0,0,0,0,0,0,0,0,0,0,0,0,0,0,0,0,0,0,0,0,0,0,0,0,0,0,0,0,0,0
2 - Ροδόπης,136 E.T. Δήμου Κομοτηνής,506,164,5,3,8,156,5,0,1,0,3,1,127,1,0,13,18,95,16,12,0,2,0,2,2,2,0,0,0,0,3,3,0,0,0,0,0,0,0,0,0,0,0,0,0,0,0,1,1,0,0,0,0,0,0,0,0,0,0,0,0,1,1,0,0,0,0,0,0,0,0,1,1,0,0,0,0,0,0,0,0,0,0,0,0,0,0,0,0,0,0,0,0,0,0,0,0,0,0
2 - Ροδόπης,137 E.T. Δήμου Κομοτηνής,366,230,3,1,4,226,72,0,7,0,51,7,43,7,3,0,1,28,39,0,8,0,2,25,13,10,0,0,1,0,30,13,2,2,4,4,3,2,0,1,0,0,0,0,0,0,0,0,0,0,0,0,0,1,1,1,0,0,0,0,0,1,1,0,0,0,0,0,0,0,0,0,0,0,0,0,0,1,1,0,0,1,0,5,1,0,0,3,2,1,1,3,1,1,0,3,3,6,4
2 - Ροδόπης,138 E.T. Δήμου Κομοτηνής,478,328,16,6,22,306,63,3,2,1,48,6,99,2,3,24,35,29,85,19,6,33,2,25,7,3,1,0,0,2,24,9,2,6,2,5,0,0,0,0,0,0,1,1,0,0,0,0,0,1,0,0,1,4,3,2,2,4,3,0,0,3,2,1,0,0,0,0,0,0,0,0,0,1,0,1,0,0,0,0,0,1,1,1,1,2,0,0,0,1,1,1,0,1,0,2,2,4,4
2 - Ροδόπης,139 E.T. Δήμου Κομοτηνής,499,279,7,6,13,266,75,2,7,0,52,6,63,3,2,5,29,20,55,19,1,13,2,18,9,3,1,0,1,1,18,11,0,4,0,1,9,0,3,4,0,0,3,3,2,1,0,0,0,1,0,1,0,1,1,0,0,3,1,0,2,18,8,3,3,0,0,0,0,0,0,0,0,0,0,0,0,0,0,0,0,1,0,1,1,1,1,0,0,0,0,3,2,1,0,1,1,2,1
2 - Ροδόπης,140 E.T. Δήμου Κομοτηνής,490,281,12,6,18,263,67,3,5,0,44,3,64,3,4,7,30,19,71,17,8,26,5,12,10,3,0,3,1,1,16,9,0,3,1,1,6,0,3,0,3,0,2,1,0,0,0,0,0,2,0,0,2,1,1,0,0,3,0,0,1,8,1,2,0,2,1,0,0,0,0,0,0,0,0,0,0,1,0,1,0,0,0,1,1,0,0,3,1,0,0,0,0,0,0,1,0,5,4
2 - Ροδόπης,141 E.T. Δήμου Κομοτηνής,502,241,15,0,15,226,61,2,7,0,42,4,73,1,4,12,25,26,49,5,5,10,1,28,4,1,2,0,0,0,12,6,1,1,1,1,8,0,2,5,0,0,1,1,0,0,0,0,0,1,0,0,0,1,1,0,0,1,0,0,0,5,1,3,1,0,0,0,0,0,0,0,0,0,0,0,0,1,0,1,0,0,0,5,2,0,0,0,0,2,1,0,0,0,0,0,0,2,2
2 - Ροδόπης,142 E.T. Δήμου Κομοτηνής,494,291,11,4,15,276,114,1,14,0,87,6,47,3,1,3,15,20,50,6,8,19,3,13,8,0,1,0,1,5,16,8,1,1,2,3,12,0,2,1,5,0,1,0,2,0,1,0,0,0,0,0,0,0,0,0,0,1,0,0,0,12,5,1,4,0,0,1,0,0,0,1,0,1,0,0,1,0,0,0,0,0,0,2,1,2,0,0,0,0,0,0,0,0,0,1,1,5,3
2 - Ροδόπης,143 E.T. Δήμου Κομοτηνής,497,299,10,4,14,285,104,0,12,0,84,4,63,3,1,0,5,50,42,5,10,6,2,19,16,10,3,0,0,1,16,6,1,2,1,3,6,0,3,1,2,0,1,1,0,0,0,0,0,0,0,0,0,4,4,2,1,2,1,0,0,14,3,3,2,0,0,0,0,0,0,0,0,0,0,0,0,2,1,0,0,0,0,3,3,0,0,0,0,1,1,0,0,0,0,1,0,8,5
2 - Ροδόπης,144 E.T. Δήμου Κομοτηνής,500,286,12,5,17,269,90,4,6,0,69,7,57,7,3,3,11,32,49,8,8,6,3,24,10,5,0,0,2,3,18,11,0,2,2,1,10,2,3,4,1,0,1,0,3,2,1,0,0,1,1,0,0,2,2,0,0,1,0,0,0,12,4,1,5,0,0,0,0,0,0,0,0,2,0,0,2,1,0,0,0,0,0,0,0,3,2,1,1,0,0,1,0,1,0,0,0,7,7
2 - Ροδόπης,145 E.T. Δήμου Κομοτηνής,492,209,7,3,10,199,53,5,3,0,40,4,51,1,1,8,27,11,54,14,3,24,0,8,12,5,1,0,0,5,11,5,1,0,1,3,2,0,0,0,2,0,1,1,0,0,0,0,0,2,0,0,2,1,1,0,0,6,2,2,0,2,2,0,0,0,0,0,0,0,0,0,0,0,0,0,0,0,0,0,0,0,0,0,0,0,0,0,0,0,0,0,0,0,0,0,0,4,1
2 - Ροδόπης,146 E.T. Δήμου Κομοτηνής,501,243,5,3,8,235,72,0,8,0,49,12,49,4,1,5,14,22,39,4,7,14,5,8,6,4,2,0,0,0,29,11,1,2,5,4,7,1,1,4,1,0,1,1,1,0,0,0,0,2,1,1,0,0,0,1,0,2,0,1,1,13,2,4,1,1,1,2,1,0,0,0,0,1,0,0,1,0,0,0,0,0,0,4,2,1,1,0,0,0,0,0,0,0,0,1,1,3,3
2 - Ροδόπης,147 E.T. Δήμου Κομοτηνής,496,289,8,4,12,277,82,1,7,0,59,7,67,8,2,1,18,33,62,12,8,10,6,23,8,3,2,0,2,1,20,10,1,1,1,5,8,2,2,1,0,0,1,1,0,0,0,0,0,0,0,0,0,1,1,1,1,2,1,0,1,6,1,2,0,0,0,0,0,0,0,0,0,0,0,0,0,1,1,0,0,1,1,4,2,2,1,0,0,2,2,3,0,0,1,2,2,4,3
2 - Ροδόπης,148 E.T. Δήμου Κομοτηνής,499,302,2,5,7,295,96,5,6,0,69,8,62,7,1,2,23,24,69,18,8,15,4,22,14,5,2,0,2,3,14,4,2,1,2,3,8,3,0,1,0,2,1,1,3,2,0,0,0,0,0,0,0,5,3,1,0,2,1,1,0,8,3,2,1,0,0,0,0,0,0,0,0,0,0,0,0,1,0,0,0,0,0,1,1,1,1,0,0,2,2,0,0,0,0,3,0,4,3
2 - Ροδόπης,149 E.T. Δήμου Κομοτηνής,501,313,10,2,12,301,134,3,10,0,99,9,51,3,2,1,13,27,50,12,7,12,0,18,11,3,2,0,3,1,21,5,0,3,2,3,6,0,1,1,3,0,0,0,0,0,0,0,0,0,0,0,0,3,3,0,0,2,2,0,0,9,3,0,1,0,0,0,0,0,0,0,0,1,0,0,1,1,0,1,0,2,1,1,0,1,1,2,2,0,0,0,0,0,0,3,3,3,2
2 - Ροδόπης,150 E.T. Δήμου Κομοτηνής,494,343,8,4,12,331,140,1,11,2,101,13,54,5,0,1,4,33,59,4,13,4,4,31,8,3,1,0,2,0,29,11,1,2,3,6,6,1,4,0,1,0,0,0,3,2,1,0,0,0,0,0,0,4,0,0,0,1,0,0,0,7,0,4,0,1,1,0,0,0,0,0,0,1,0,1,0,0,0,0,0,1,0,3,1,1,0,2,0,1,0,0,0,0,0,0,0,10,5
2 - Ροδόπης,151 E.T. Δήμου Κομοτηνής,470,360,13,3,16,344,80,4,5,1,55,7,82,8,4,9,35,20,92,26,5,31,6,18,14,3,1,0,3,7,37,10,4,2,3,9,8,1,1,1,4,0,2,0,0,0,0,0,0,2,0,1,0,4,3,0,0,1,0,0,0,7,0,3,0,0,0,1,0,0,0,0,0,1,0,0,1,3,0,1,0,0,0,1,1,3,2,1,0,0,0,1,0,0,0,2,2,2,2
2 - Ροδόπης,152 E.T. Δήμου Κομοτηνής,502,222,6,2,8,214,28,4,2,1,18,0,72,2,0,14,42,13,77,23,5,39,2,6,9,2,0,0,1,6,9,3,2,1,0,1,3,1,0,1,1,0,0,0,0,0,0,0,0,0,0,0,0,1,1,0,0,4,1,0,0,6,1,0,2,0,0,0,0,0,0,1,1,0,0,0,0,0,0,0,0,0,0,2,2,1,1,0,0,0,0,0,0,0,0,0,0,1,0
2 - Ροδόπης,153 E.T. Δήμου Κομοτηνής,469,249,7,10,17,232,39,5,3,1,25,2,71,1,0,10,54,4,90,31,2,51,0,4,11,3,0,1,0,7,5,2,0,0,0,2,6,0,0,1,4,1,1,1,1,1,0,0,0,0,0,0,0,1,1,1,1,0,0,0,0,1,0,0,1,0,0,0,0,0,0,0,0,0,0,0,0,0,0,0,0,1,0,0,0,1,0,1,1,0,0,0,0,0,0,1,0,1,1
2 - Ροδόπης,154 E.T. Δήμου Κομοτηνής,498,213,8,3,11,202,56,5,4,1,37,3,49,2,1,2,32,5,42,9,4,13,1,12,3,0,1,0,1,0,18,7,1,0,2,6,13,1,1,3,7,0,1,1,0,0,0,0,0,1,1,0,0,3,3,0,0,1,0,0,0,4,1,0,1,0,0,1,1,0,0,2,1,0,0,0,0,1,0,1,0,1,0,1,1,0,0,0,0,1,1,0,0,0,0,1,1,3,3
2 - Ροδόπης,155 E.T. Δήμου Κομοτηνής,502,316,9,3,12,304,102,0,18,1,64,13,52,3,2,5,22,15,71,10,10,17,2,28,16,3,5,1,1,2,18,8,1,1,0,4,8,2,0,1,4,0,1,1,0,0,0,0,0,2,0,1,1,1,0,3,2,8,2,1,0,8,2,5,1,0,0,0,0,0,0,0,0,0,0,0,0,1,0,0,0,0,0,2,2,0,0,2,1,2,2,0,0,0,0,2,1,5,4
2 - Ροδόπης,156 E.T. Δήμου Κομοτηνής,503,249,14,2,16,233,50,1,2,0,40,4,52,3,1,6,19,22,53,16,10,9,3,13,8,4,0,0,2,2,16,10,0,2,1,1,10,1,2,2,2,1,2,2,2,1,0,0,0,1,0,0,0,2,1,0,0,3,1,0,1,19,2,6,6,2,2,0,0,0,0,0,0,0,0,0,0,2,0,1,0,0,0,2,2,4,4,0,0,0,0,0,0,0,0,1,1,4,4
2 - Ροδόπης,157 E.T. Δήμου Κομοτηνής,494,355,2,6,8,347,133,0,16,0,99,8,56,2,4,6,1,39,42,2,13,2,2,20,8,3,1,0,0,0,49,18,5,10,4,3,9,2,2,2,1,0,0,0,0,0,0,0,0,1,1,0,0,7,7,0,0,1,0,0,1,9,1,3,1,1,1,0,0,0,0,0,0,1,0,0,0,1,0,0,0,1,1,7,4,4,3,3,1,3,2,0,0,0,0,2,2,9,7
2 - Ροδόπης,158 E.T. Δήμου Κομοτηνής,493,307,12,4,16,291,84,3,4,0,64,1,66,6,1,9,17,32,68,3,4,22,1,33,11,6,1,0,3,0,14,3,2,3,2,2,12,3,3,3,2,0,1,1,3,0,3,0,0,1,0,0,1,1,1,1,1,3,1,0,2,8,1,4,2,0,0,0,0,0,0,0,0,1,1,0,0,2,0,0,0,1,1,2,2,7,7,0,0,1,1,0,0,0,0,1,1,3,2
2 - Ροδόπης,159 E.T. Δήμου Κομοτηνής,485,229,7,3,10,219,52,3,7,0,38,2,74,2,2,16,35,17,52,16,3,15,4,10,3,3,0,0,0,0,12,4,3,1,1,3,1,0,0,0,0,0,0,0,0,0,0,0,0,0,0,0,0,3,3,2,1,4,1,1,0,7,3,1,3,0,0,0,0,1,0,0,0,0,0,0,0,1,0,0,0,0,0,0,0,0,0,2,1,0,0,1,0,1,0,0,0,4,4
2 - Ροδόπης,160 E.T. Δήμου Κομοτηνής,481,221,6,2,8,213,61,5,9,0,37,6,60,7,1,8,30,8,45,19,5,10,1,8,9,4,1,0,0,2,11,5,0,3,0,3,2,0,0,1,0,1,0,0,1,1,0,0,0,0,0,0,0,0,0,0,0,3,1,0,1,4,0,2,0,0,0,0,0,0,0,0,0,0,0,0,0,0,0,0,0,0,0,0,0,1,1,2,2,3,3,1,0,1,0,3,3,7,3
2 - Ροδόπης,161 E.T. Δήμου Κομοτηνής,502,322,8,2,10,312,101,1,4,2,79,10,68,5,4,3,14,37,73,12,10,11,7,29,14,2,3,0,2,5,15,6,0,2,1,1,7,1,0,2,1,2,2,2,1,0,1,0,0,1,0,1,0,0,0,0,0,4,1,1,2,12,3,3,2,1,1,0,0,0,0,1,0,0,0,0,0,1,0,1,0,0,0,4,1,2,1,0,0,1,1,0,0,0,0,0,0,4,3
2 - Ροδόπης,162 E.T. Δήμου Κομοτηνής,489,342,4,7,11,331,114,1,16,1,86,5,55,3,1,1,17,30,53,4,16,12,3,18,9,7,0,0,2,0,32,12,2,8,2,5,11,2,3,2,1,0,2,2,2,2,0,0,0,0,0,0,0,2,1,2,2,5,3,0,1,13,6,2,2,0,0,1,1,0,0,0,0,1,0,0,1,2,1,0,0,3,3,6,5,2,1,1,1,1,1,0,0,0,0,2,2,12,10
2 - Ροδόπης,163 E.T. Δήμου Κομοτηνής,484,269,6,1,7,262,86,2,15,0,56,8,53,1,3,1,10,31,44,6,5,5,5,17,20,6,2,2,3,0,18,8,0,0,2,3,5,0,1,1,0,1,0,0,1,1,0,0,0,5,0,1,4,0,0,1,1,1,1,0,0,13,5,3,3,1,1,1,1,0,0,0,0,1,0,0,1,2,1,0,1,0,0,2,2,1,1,0,0,4,4,0,0,0,0,1,1,2,2
2 - Ροδόπης,164 E.T. Δήμου Κομοτηνής,489,240,8,3,11,229,39,4,4,1,23,2,77,1,1,8,44,20,72,23,0,33,0,13,6,0,1,0,0,4,11,5,0,3,0,2,4,0,1,1,2,0,1,1,0,0,0,0,0,1,0,0,0,1,1,1,0,5,5,0,0,4,3,0,1,0,0,0,0,0,0,0,0,0,0,0,0,0,0,0,0,1,1,0,0,0,0,0,0,0,0,0,0,0,0,1,1,5,4
2 - Ροδόπης,165 E.T. Δήμου Κομοτηνής,493,232,3,3,6,226,41,10,4,2,20,2,73,1,0,17,39,14,85,40,3,38,1,3,4,0,1,0,0,3,2,0,0,0,0,2,7,0,0,0,3,3,0,0,0,0,0,0,0,0,0,0,0,1,1,0,0,1,1,0,0,3,3,0,0,0,0,0,0,0,0,1,0,0,0,0,0,0,0,0,0,0,0,1,0,4,4,0,0,0,0,0,0,0,0,2,2,1,1
2 - Ροδόπης,166 E.T. Δήμου Κομοτηνής,464,191,6,1,7,184,22,1,1,1,14,2,58,1,1,9,41,6,69,23,6,26,3,9,13,4,1,1,0,5,6,3,0,1,0,0,6,0,0,0,4,2,1,1,2,0,0,0,0,0,0,0,0,0,0,0,0,0,0,0,0,5,2,2,1,0,0,0,0,0,0,0,0,0,0,0,0,0,0,0,0,0,0,0,0,1,0,0,0,0,0,0,0,0,0,1,0,0,0
2 - Ροδόπης,167 E.T. Δήμου Κομοτηνής,445,193,5,3,8,185,34,7,3,1,22,1,61,2,7,8,27,10,54,21,2,19,1,11,13,2,3,0,3,4,5,1,1,2,0,0,2,1,0,0,1,0,2,2,1,0,1,0,0,1,0,0,1,0,0,0,0,3,0,0,0,4,1,3,0,0,0,0,0,0,0,0,0,1,0,1,0,0,0,0,0,1,1,0,0,0,0,0,0,1,1,1,1,0,0,0,0,1,1
2 - Ροδόπης,168 E.T. Δήμου Κομοτηνής,487,233,16,5,21,212,54,2,6,1,37,4,92,0,0,8,36,39,42,7,5,17,2,9,2,0,1,0,0,1,6,3,0,0,0,0,2,0,0,0,1,0,2,2,3,2,1,0,0,1,0,0,1,0,0,0,0,0,0,0,0,4,3,0,0,0,0,0,0,0,0,0,0,1,0,0,1,1,1,0,0,0,0,0,0,0,0,0,0,0,0,0,0,0,0,1,1,1,1
2 - Ροδόπης,169 E.T. Δήμου Κομοτηνής,478,258,3,1,4,254,76,0,8,0,61,3,61,6,3,2,23,24,57,12,12,10,2,18,10,3,1,0,0,1,15,6,1,0,2,3,10,0,1,5,3,0,0,0,1,0,1,0,0,0,0,0,0,4,1,0,0,2,0,0,0,5,2,2,0,0,0,0,0,0,0,0,0,1,0,0,0,2,2,0,0,0,0,2,2,0,0,0,0,2,0,1,0,1,0,2,1,3,1
2 - Ροδόπης,170 E.T. Δήμου Κομοτηνής,492,225,12,3,15,210,80,0,7,0,66,2,38,2,0,2,12,19,37,6,4,7,2,17,11,3,1,1,4,1,12,6,3,0,0,1,3,0,0,2,1,0,2,2,2,1,1,0,0,0,0,0,0,2,2,3,2,2,1,1,0,6,1,2,2,0,0,0,0,0,0,0,0,0,0,0,0,0,0,0,0,2,1,3,3,2,2,0,0,1,1,0,0,0,0,0,0,4,3
2 - Ροδόπης,171 E.T. Δήμου Κομοτηνής,476,260,8,2,10,250,96,1,4,0,71,10,57,1,2,1,13,33,43,8,5,6,1,22,9,3,3,0,0,1,14,4,1,0,3,2,7,0,2,3,0,0,0,0,1,1,0,0,0,1,0,0,0,1,1,0,0,2,0,0,1,6,3,1,1,0,0,0,0,0,0,0,0,1,0,0,1,1,1,0,0,0,0,3,2,1,1,0,0,3,2,0,0,0,0,1,1,3,0
2 - Ροδόπης,172 E.T. Δήμου Κομοτηνής,480,300,10,3,13,287,114,0,15,0,89,7,61,3,1,2,15,38,45,13,8,1,2,19,4,0,0,0,0,1,25,8,3,0,3,9,11,2,1,1,7,0,1,1,0,0,0,0,0,0,0,0,0,0,0,0,0,1,1,0,0,5,2,0,0,0,0,0,0,0,0,0,0,0,0,0,0,1,0,1,0,1,1,4,4,0,0,1,1,3,2,1,0,0,0,1,1,8,6
2 - Ροδόπης,173 E.T. Δήμου Κομοτηνής,477,255,6,3,9,246,98,0,2,1,84,6,57,3,0,2,14,29,42,8,5,3,2,23,5,2,1,0,1,0,10,5,1,1,0,1,6,2,1,0,0,1,2,1,0,0,0,0,0,1,1,0,0,1,1,1,1,4,2,1,0,6,3,2,0,0,0,1,1,0,0,0,0,0,0,0,0,0,0,0,0,0,0,3,2,0,0,0,0,0,0,0,0,0,0,0,0,9,6
2 - Ροδόπης,174 E.T. Δήμου Κομοτηνής,522,250,3,3,6,244,74,2,12,0,56,3,84,3,1,7,27,42,46,9,7,12,3,12,12,8,0,0,1,1,9,4,2,1,1,0,2,0,2,0,0,0,0,0,1,1,0,0,0,0,0,0,0,1,1,0,0,3,0,0,1,4,3,1,0,0,0,0,0,0,0,1,1,0,0,0,0,0,0,0,0,0,0,2,1,0,0,0,0,2,1,0,0,0,0,1,1,2,0
2 - Ροδόπης,175 E.T. Δήμου Κομοτηνής,492,301,4,1,5,296,85,2,6,0,64,5,85,5,1,7,40,26,49,21,7,6,1,13,11,6,3,0,0,1,13,6,1,0,0,5,13,0,2,4,5,0,2,1,1,1,0,0,0,1,0,1,0,2,1,1,1,2,1,0,0,17,4,2,2,0,0,0,0,0,0,0,0,1,0,1,0,0,0,0,0,2,2,5,3,2,2,0,0,0,0,1,0,1,0,1,0,2,2
2 - Ροδόπης,176 E.T. Δήμου Κομοτηνής,486,312,7,1,8,304,122,1,13,0,94,9,56,5,2,0,12,34,44,3,6,9,1,23,14,6,2,0,3,1,24,10,1,3,1,6,5,1,1,1,0,0,0,0,1,1,0,0,0,1,0,1,0,0,0,1,1,5,2,1,0,7,5,2,0,0,0,0,0,0,0,0,0,2,0,0,1,1,0,0,0,1,1,2,1,1,1,1,0,1,1,0,0,0,0,3,1,12,11
2 - Ροδόπης,177 E.T. Δήμου Κομοτηνής,484,255,5,2,7,248,76,1,6,0,52,10,73,3,4,2,27,30,40,12,6,5,2,15,8,2,0,0,3,0,18,4,2,3,4,1,5,1,0,0,2,0,2,1,0,0,0,0,0,1,1,0,0,1,0,0,0,0,0,0,0,12,2,3,2,1,0,0,0,0,0,0,0,0,0,0,0,1,0,1,0,0,0,5,1,0,0,1,0,1,1,0,0,0,0,0,0,3,1
2 - Ροδόπης,178 E.T. Δήμου Κομοτηνής,483,304,7,2,9,295,136,1,10,0,94,9,45,4,0,3,6,28,39,1,8,1,4,21,6,0,1,0,4,0,23,4,2,1,6,5,6,3,0,0,0,0,1,0,0,0,0,0,0,0,0,0,0,5,4,1,1,8,1,1,0,16,9,3,1,0,0,0,0,0,0,0,0,0,0,0,0,0,0,0,0,0,0,3,2,1,0,2,0,0,0,1,0,0,0,0,0,2,1
2 - Ροδόπης,179 E.T. Δήμου Κομοτηνής,481,302,7,0,7,295,123,0,18,0,82,10,52,1,2,0,3,42,50,2,10,0,5,28,19,5,3,0,5,0,6,4,1,0,1,0,9,2,2,2,0,0,1,0,1,1,0,0,0,2,0,0,0,1,1,1,1,5,2,0,2,14,2,4,0,0,0,0,0,0,0,0,0,1,0,0,1,0,0,0,0,0,0,0,0,1,1,2,1,1,1,0,0,0,0,1,1,5,4
2 - Ροδόπης,180 E.T. Δήμου Κομοτηνής,510,233,14,1,15,218,66,9,5,1,39,10,68,2,1,5,37,17,61,14,4,29,1,9,9,0,0,3,0,5,2,1,0,1,0,0,3,1,0,0,2,0,0,0,1,0,1,0,0,0,0,0,0,1,1,1,1,1,1,0,0,2,0,0,0,0,0,0,0,0,0,0,0,0,0,0,0,0,0,0,0,0,0,1,1,0,0,0,0,1,0,1,1,0,0,0,0,0,0
2 - Ροδόπης,181 E.T. Δήμου Κομοτηνής,484,230,7,6,13,217,49,6,1,1,33,4,70,3,0,7,48,12,60,18,5,23,2,11,6,1,0,1,1,1,5,2,0,0,1,1,6,0,0,0,4,1,0,0,6,0,6,0,0,0,0,0,0,0,0,0,0,2,0,0,0,8,5,1,0,0,0,0,0,0,0,0,0,0,0,0,0,0,0,0,0,0,0,0,0,2,1,1,0,0,0,0,0,0,0,2,2,0,0
2 - Ροδόπης,182 E.T. Δήμου Κομοτηνής,478,266,4,4,8,258,91,1,12,0,71,4,64,5,1,4,17,32,46,8,10,8,1,18,9,2,1,0,0,3,11,1,1,0,1,6,8,2,0,0,5,0,2,2,1,0,1,0,0,0,0,0,0,3,3,0,0,3,0,1,1,7,3,0,2,0,0,0,0,0,0,0,0,1,0,0,1,1,0,0,0,0,0,0,0,2,1,0,0,2,2,1,0,0,0,2,2,4,3
2 - Ροδόπης,183 E.T. Δήμου Κομοτηνής,497,226,8,2,10,216,67,1,5,0,52,2,50,8,1,5,17,19,41,6,5,19,1,9,6,1,3,0,1,0,22,7,1,2,4,4,4,0,2,0,0,2,0,0,1,0,1,0,0,0,0,0,0,2,0,0,0,2,2,0,0,4,0,0,0,1,0,1,1,0,0,0,0,0,0,0,0,1,0,0,0,1,0,6,3,1,0,0,0,0,0,0,0,0,0,0,0,6,2
2 - Ροδόπης,184 E.T. Δήμου Κομοτηνής,493,308,9,2,11,297,134,3,13,2,101,10,62,3,1,0,4,50,33,2,12,0,5,12,16,5,5,0,3,2,10,3,0,1,0,3,10,3,2,2,1,0,0,0,0,0,0,0,0,0,0,0,0,4,4,0,0,5,2,0,1,6,0,2,1,0,0,0,0,0,0,0,0,0,0,0,0,1,1,0,0,0,0,1,1,2,2,1,1,3,2,0,0,0,0,0,0,9,7
2 - Ροδόπης,185 E.T. Δήμου Κομοτηνής,474,293,10,2,12,281,109,1,7,0,85,8,62,2,3,3,13,28,45,2,6,6,3,27,15,4,2,0,4,1,15,8,1,2,1,0,4,1,0,2,0,0,1,0,1,0,1,0,0,2,2,0,0,0,0,2,0,6,2,2,0,4,0,1,0,0,0,0,0,0,0,0,0,0,0,0,0,0,0,0,0,2,2,4,3,0,0,1,0,0,0,0,0,0,0,1,1,7,5
2 - Ροδόπης,186 E.T. Δήμου Κομοτηνής,478,214,8,3,11,203,54,3,2,0,42,5,67,1,1,4,31,29,54,11,2,14,0,27,6,3,0,0,0,3,7,2,1,0,0,2,3,0,0,0,2,0,0,0,1,0,1,0,0,0,0,0,0,0,0,0,0,1,0,0,0,5,1,1,1,0,0,0,0,0,0,0,0,0,0,0,0,0,0,0,0,0,0,0,0,0,0,0,0,0,0,0,0,0,0,4,2,1,1
2 - Ροδόπης,187 E.T. Δήμου Κομοτηνής,492,196,12,3,15,181,47,5,1,1,34,4,89,2,1,8,30,42,24,5,6,2,1,8,4,1,0,0,0,1,0,0,0,0,0,0,5,0,0,0,4,0,0,0,0,0,0,0,0,0,0,0,0,1,0,0,0,1,0,0,0,4,1,1,1,0,0,0,0,0,0,0,0,1,1,0,0,0,0,0,0,0,0,0,0,0,0,0,0,1,1,0,0,0,0,0,0,4,2
2 - Ροδόπης,188 E.T. Δήμου Κομοτηνής,479,266,1,1,2,264,93,3,2,0,73,9,67,4,4,5,7,42,43,9,6,7,2,17,10,5,0,0,0,0,12,8,0,2,0,1,5,0,2,0,1,0,2,2,1,0,0,0,0,1,0,0,0,3,2,1,0,4,1,0,1,6,3,1,1,0,0,0,0,0,0,0,0,1,0,0,0,2,0,1,0,0,0,1,0,1,0,0,0,3,2,2,1,0,0,2,1,4,3
2 - Ροδόπης,189 E.T. Δήμου Κομοτηνής,480,256,6,4,10,246,81,0,0,0,0,0,64,0,0,0,0,0,38,0,0,0,0,0,9,0,0,0,0,0,14,0,0,0,0,0,15,0,0,0,0,0,1,0,0,0,0,0,0,2,0,0,0,1,0,1,0,1,0,0,0,5,0,0,0,1,0,0,0,0,0,0,0,0,0,0,0,1,0,0,0,0,0,0,0,0,0,3,0,0,0,0,0,0,0,3,0,6,0
2 - Ροδόπης,190 E.T. Δήμου Κομοτηνής,473,273,6,6,12,261,119,2,15,1,76,16,49,3,0,2,18,23,34,5,9,2,2,15,5,3,0,0,1,0,15,9,0,1,2,0,7,0,2,0,2,0,3,2,2,1,0,0,0,0,0,0,0,0,0,0,0,1,0,1,0,12,7,2,2,0,0,0,0,0,0,0,0,0,0,0,0,0,0,0,0,0,0,6,3,0,0,0,0,1,1,0,0,0,0,3,2,4,3
2 - Ροδόπης,191 E.T. Δήμου Κομοτηνής,498,218,10,0,10,208,46,7,2,1,28,3,81,1,0,8,44,24,51,11,5,29,0,3,7,0,0,0,1,4,3,1,0,1,0,0,5,0,0,0,3,2,0,0,0,0,0,1,0,0,0,0,0,1,0,0,0,2,2,0,0,5,5,0,0,0,0,0,0,0,0,0,0,0,0,0,0,0,0,0,0,0,0,1,1,1,1,0,0,0,0,0,0,0,0,0,0,4,3
2 - Ροδόπης,192 E.T. Δήμου Κομοτηνής,427,229,7,0,7,222,61,0,6,0,45,9,53,1,0,2,30,15,70,25,5,23,2,12,3,0,1,0,1,0,10,4,0,0,0,3,10,0,1,0,3,3,0,0,0,0,0,0,0,0,0,0,0,0,0,0,0,2,1,1,0,3,1,1,1,0,0,0,0,0,0,0,0,0,0,0,0,1,1,0,0,0,0,0,0,0,0,1,1,2,2,0,0,0,0,2,2,4,2
2 - Ροδόπης,193 E.T. Δήμου Κομοτηνής,400,175,3,3,6,169,31,3,4,0,19,4,89,1,2,7,36,40,29,8,2,14,0,5,3,0,1,1,0,0,0,0,0,0,0,0,11,2,1,1,5,2,0,0,0,0,0,1,0,0,0,0,0,0,0,0,0,1,0,0,0,0,0,0,0,0,0,0,0,0,0,0,0,0,0,0,0,1,1,0,0,0,0,0,0,0,0,0,0,0,0,0,0,0,0,1,0,2,1
2 - Ροδόπης,194 E.T. Δήμου Κομοτηνής,471,309,7,1,8,301,116,3,11,0,88,3,49,2,3,1,9,31,49,4,12,3,2,25,15,6,3,0,1,0,25,14,2,2,3,1,7,0,3,0,0,1,3,3,0,0,0,0,0,3,2,0,1,0,0,0,0,2,0,0,1,11,2,4,1,0,0,2,2,0,0,1,1,0,0,0,0,1,1,0,0,1,1,2,2,0,0,0,0,0,0,0,0,0,0,1,1,13,8
2 - Ροδόπης,195 E.T. Δήμου Κομοτηνής,468,298,8,6,14,284,101,5,14,0,70,4,56,2,3,4,19,25,40,9,12,4,0,11,21,10,1,0,2,1,18,5,0,1,1,8,2,0,2,0,0,0,1,0,0,0,0,0,0,4,2,0,0,4,3,2,0,1,0,0,1,14,5,2,4,0,0,0,0,0,0,2,0,3,0,0,1,1,0,0,0,0,0,2,2,0,0,0,0,2,0,0,0,0,0,2,2,8,5
2 - Ροδόπης,196 E.T. Δήμου Κομοτηνής,464,286,2,3,5,281,125,0,16,0,93,9,45,4,1,2,11,22,46,5,13,5,2,21,9,6,0,0,2,0,25,8,0,3,1,6,6,0,2,0,0,1,2,2,1,1,0,0,0,0,0,0,0,2,0,0,0,1,1,0,0,9,2,1,1,0,0,0,0,0,0,0,0,0,0,0,0,1,1,0,0,0,0,0,0,2,1,0,0,2,1,0,0,0,0,2,0,3,3
2 - Ροδόπης,197 E.T. Δήμου Κομοτηνής,452,288,6,2,8,280,112,2,12,5,74,8,54,7,2,0,22,19,49,5,14,19,1,10,8,4,1,0,3,0,27,11,0,1,4,8,5,0,2,0,0,2,1,1,0,0,0,0,0,1,0,1,0,1,0,0,0,2,2,0,0,10,3,3,3,0,0,0,0,0,0,0,0,0,0,0,0,0,0,0,0,1,1,3,3,3,2,0,0,0,0,0,0,0,0,0,0,3,1
2 - Ροδόπης,198 E.T. Δήμου Κομοτηνής,506,316,3,1,4,312,18,10,0,1,4,0,113,2,1,7,96,3,157,77,0,60,0,17,11,0,0,1,0,10,0,0,0,0,0,0,8,0,1,0,5,2,0,0,1,0,1,0,0,1,0,0,0,0,0,0,0,0,0,0,0,0,0,0,0,1,0,0,0,0,0,1,0,0,0,0,0,0,0,0,0,0,0,1,1,0,0,0,0,0,0,0,0,0,0,0,0,0,0
2 - Ροδόπης,199 E.T. Δήμου Κομοτηνής,501,300,3,3,6,294,14,8,4,2,0,0,102,1,0,3,93,0,146,92,4,40,0,7,14,0,0,0,0,13,1,0,1,0,0,0,6,0,0,0,5,1,0,0,3,0,2,1,0,0,0,0,0,0,0,1,0,0,0,0,0,1,0,0,0,0,0,0,0,1,0,0,0,1,0,0,0,0,0,0,0,0,0,0,0,2,1,0,0,0,0,1,1,0,0,0,0,0,0
2 - Ροδόπης,200 E.T. Δήμου Κομοτηνής,500,303,9,7,16,287,23,9,1,0,10,3,105,0,0,5,87,7,135,83,1,41,1,5,10,0,0,2,0,8,1,0,0,0,0,1,10,0,0,0,8,2,0,0,1,0,1,0,0,0,0,0,0,0,0,0,0,0,0,0,0,0,0,0,0,0,0,0,0,0,0,0,0,0,0,0,0,0,0,0,0,0,0,0,0,1,0,0,0,0,0,0,0,0,0,0,0,1,1
2 - Ροδόπης,201 E.T. Δήμου Κομοτηνής,502,344,13,3,16,328,32,13,0,2,13,1,113,0,0,9,100,2,156,90,0,49,0,13,10,0,0,0,0,10,0,0,0,0,0,0,10,0,0,0,6,1,1,1,2,0,1,0,0,1,0,0,0,0,0,0,0,0,0,0,0,1,0,0,0,0,0,0,0,0,0,0,0,0,0,0,0,0,0,0,0,1,0,0,0,0,0,0,0,0,0,1,0,0,0,0,0,0,0
2 - Ροδόπης,202 E.T. Δήμου Κομοτηνής,374,235,3,1,4,231,72,1,3,0,60,3,28,5,0,0,1,18,64,0,14,0,1,44,27,13,8,0,3,0,12,7,1,0,0,1,5,3,1,0,0,0,1,1,0,0,0,0,0,1,0,1,0,5,3,0,0,0,0,0,0,7,3,2,0,0,0,0,0,0,0,1,1,1,0,0,0,0,0,0,0,0,0,2,1,0,0,0,0,2,2,0,0,0,0,0,0,3,1
2 - Ροδόπης,203 E.T. Δήμου Κομοτηνής,501,275,8,3,11,264,35,2,2,3,22,1,103,1,1,12,82,6,94,26,1,54,2,9,3,0,0,0,0,3,5,1,0,0,2,2,6,4,0,0,1,1,0,0,0,0,0,0,0,1,0,0,0,0,0,0,0,3,0,0,1,4,1,0,0,0,0,0,0,0,0,0,0,0,0,0,0,0,0,0,0,0,0,3,2,0,0,1,0,0,0,0,0,0,0,3,1,3,0
2 - Ροδόπης,204 E.T. Δήμου Κομοτηνής,517,305,6,5,11,294,43,8,3,5,22,2,124,2,2,15,95,2,99,33,4,53,1,6,7,3,0,0,0,4,2,1,0,0,0,0,6,0,2,0,2,1,1,0,1,1,0,0,0,1,1,0,0,0,0,0,0,0,0,0,0,3,2,1,0,0,0,0,0,0,0,0,0,0,0,0,0,0,0,0,0,0,0,0,0,1,0,1,0,0,0,2,0,1,0,0,0,3,0
2 - Ροδόπης,205 E.T. Δήμου Κομοτηνής,182,95,0,0,0,95,50,0,8,0,34,1,9,1,0,0,0,8,27,1,8,0,0,16,1,1,0,0,0,0,2,1,0,0,0,0,1,0,0,0,0,0,0,0,0,0,0,0,0,0,0,0,0,0,0,0,0,1,0,0,0,1,0,1,0,0,0,0,0,0,0,0,0,0,0,0,0,1,1,0,0,0,0,0,0,0,0,0,0,0,0,0,0,0,0,1,1,1,1
2 - Ροδόπης,206 E.T. Δήμου Κομοτηνής,543,394,7,6,13,381,209,2,27,1,155,13,39,4,1,0,0,31,55,1,15,0,4,33,2,2,0,0,0,0,27,7,4,2,2,6,6,1,2,2,0,0,3,3,0,0,0,1,1,0,0,0,0,3,3,0,0,3,1,0,2,8,3,3,0,0,0,0,0,0,0,0,0,0,0,0,0,1,0,1,0,1,1,10,10,5,5,1,0,1,1,0,0,0,0,3,3,3,3
2 - Ροδόπης,207 E.T. Δήμου Κομοτηνής,139,61,1,0,1,60,6,3,0,2,1,0,33,0,0,1,32,0,21,2,0,19,0,0,0,0,0,0,0,0,0,0,0,0,0,0,0,0,0,0,0,0,0,0,0,0,0,0,0,0,0,0,0,0,0,0,0,0,0,0,0,0,0,0,0,0,0,0,0,0,0,0,0,0,0,0,0,0,0,0,0,0,0,0,0,0,0,0,0,0,0,0,0,0,0,0,0,0,0
2 - Ροδόπης,208 E.T. Δήμου Κομοτηνής,457,318,5,6,11,307,20,13,0,4,3,0,110,1,0,6,100,0,146,94,1,42,0,9,15,1,0,4,0,9,0,0,0,0,0,0,12,0,0,0,10,1,0,0,0,0,0,1,0,1,0,0,0,0,0,0,0,0,0,0,0,0,0,0,0,0,0,0,0,0,0,0,0,2,1,0,0,0,0,0,0,0,0,0,0,0,0,0,0,0,0,0,0,0,0,0,0,0,0
2 - Ροδόπης,209 E.T. Δήμου Κομοτηνής,499,356,4,2,6,350,147,0,16,2,102,11,55,4,4,0,0,47,50,1,10,0,3,29,11,0,4,0,1,1,38,5,1,0,3,27,9,2,3,1,0,0,6,4,1,1,0,0,0,1,0,0,0,0,0,1,1,1,0,0,0,14,4,8,0,1,0,1,1,0,0,0,0,2,0,0,0,0,0,0,0,0,0,1,1,1,0,1,0,0,0,0,0,0,0,3,3,6,5
2 - Ροδόπης,210 E.T. Δήμου Κομοτηνής,506,355,5,4,9,346,162,3,4,1,130,12,42,4,1,1,0,33,54,0,12,0,8,31,9,2,4,1,0,0,31,8,2,0,0,20,4,0,1,3,0,0,3,2,0,0,0,0,0,0,0,0,0,0,0,1,1,4,1,0,0,13,6,2,1,1,0,0,0,0,0,0,0,1,0,1,0,0,0,0,0,1,0,0,0,1,0,1,0,3,1,4,2,0,0,3,3,8,5
2 - Ροδόπης,211 E.T. Δήμου Κομοτηνής,188,131,10,3,13,118,16,1,0,3,12,0,34,0,0,20,9,0,67,37,6,21,0,2,0,0,0,0,0,0,0,0,0,0,0,0,0,0,0,0,0,0,0,0,0,0,0,0,0,0,0,0,0,0,0,0,0,0,0,0,0,0,0,0,0,0,0,0,0,0,0,0,0,0,0,0,0,0,0,0,0,0,0,1,0,0,0,0,0,0,0,0,0,0,0,0,0,0,0
2 - Ροδόπης,212 E.T. Δήμου Κομοτηνής,291,187,2,3,5,182,7,2,0,4,0,0,63,0,0,5,55,0,94,69,0,21,0,1,12,0,0,1,0,11,0,0,0,0,0,0,2,0,0,0,1,1,1,1,0,0,0,1,0,0,0,0,0,0,0,0,0,0,0,0,0,0,0,0,0,0,0,0,0,0,0,0,0,0,0,0,0,0,0,0,0,0,0,0,0,0,0,0,0,0,0,0,0,0,0,0,0,2,1
2 - Ροδόπης,213 E.T. Δήμου Κομοτηνής,372,197,7,3,10,187,100,1,13,0,69,10,24,2,2,1,0,18,14,0,5,1,2,6,0,0,0,0,0,0,21,8,1,0,3,5,2,1,0,0,0,0,0,0,0,0,0,0,0,0,0,0,0,6,4,1,1,2,1,1,0,5,3,0,1,1,0,0,0,0,0,0,0,1,1,0,0,1,1,0,0,2,0,0,0,1,0,0,0,1,1,1,0,0,0,0,0,4,3
2 - Ροδόπης,214 E.T. Δήμου Κομοτηνής,378,228,7,3,10,218,120,3,9,0,91,4,37,4,1,0,1,28,27,1,1,0,3,17,3,0,1,1,0,0,11,4,1,0,1,4,2,1,0,0,0,1,1,1,0,0,0,0,0,1,0,0,0,3,3,1,1,3,1,0,0,3,0,2,0,0,0,1,0,0,0,1,1,0,0,0,0,1,0,1,0,0,0,0,0,0,0,0,0,1,1,1,1,0,0,0,0,1,1
2 - Ροδόπης,215 E.T. Δήμου Κομοτηνής,357,194,7,1,8,186,96,1,7,0,72,9,18,4,1,0,0,11,25,0,6,0,4,12,4,0,1,0,1,0,13,5,1,0,5,1,6,0,2,1,0,1,1,1,0,0,0,1,1,0,0,0,0,0,0,3,3,2,0,0,1,6,2,4,0,1,1,0,0,0,0,0,0,0,0,0,0,1,0,0,0,1,1,0,0,0,0,1,1,0,0,1,0,1,0,1,0,5,3
2 - Ροδόπης,216 E.T. Δήμου Κομοτηνής,430,211,9,6,15,196,24,13,0,1,9,0,88,0,0,27,48,5,59,29,0,29,0,1,14,0,0,0,0,14,0,0,0,0,0,0,6,0,0,0,3,3,0,0,2,0,2,0,0,0,0,0,0,0,0,0,0,0,0,0,0,0,0,0,0,0,0,1,1,1,1,0,0,0,0,0,0,0,0,0,0,0,0,0,0,0,0,0,0,0,0,1,1,0,0,0,0,0,0
2 - Ροδόπης,217 E.T. Δήμου Κομοτηνής,238,82,4,0,4,78,4,3,0,0,0,0,43,1,0,22,17,2,27,11,0,14,0,1,2,0,0,0,0,2,0,0,0,0,0,0,1,0,0,0,1,0,0,0,0,0,0,0,0,0,0,0,0,0,0,0,0,0,0,0,0,0,0,0,0,0,0,0,0,0,0,0,0,0,0,0,0,0,0,0,0,0,0,0,0,0,0,0,0,1,0,0,0,0,0,0,0,0,0
2 - Ροδόπης,218 E.T. Δήμου Κομοτηνής,288,100,1,1,2,98,9,4,0,0,5,0,36,0,0,4,32,0,45,11,0,30,0,4,5,0,0,0,0,4,1,1,0,0,0,0,0,0,0,0,0,0,1,1,1,0,1,0,0,0,0,0,0,0,0,0,0,0,0,0,0,0,0,0,0,0,0,0,0,0,0,0,0,0,0,0,0,0,0,0,0,0,0,0,0,0,0,0,0,0,0,0,0,0,0,0,0,0,0
2 - Ροδόπης,219 E.T. Δήμου Κομοτηνής,284,182,3,1,4,178,77,0,3,0,67,2,36,2,0,0,0,31,26,0,13,0,1,10,19,12,1,0,4,0,6,3,0,0,1,1,5,0,0,2,0,0,0,0,0,0,0,0,0,0,0,0,0,0,0,0,0,0,0,0,0,4,0,3,1,0,0,0,0,0,0,0,0,0,0,0,0,0,0,0,0,0,0,2,2,0,0,0,0,0,0,0,0,0,0,1,0,2,2
2 - Ροδόπης,220 E.T. Δήμου Κομοτηνής,310,208,3,0,3,205,98,2,6,0,84,5,22,1,0,0,0,20,20,0,6,0,1,13,6,2,1,0,1,0,28,11,0,0,13,2,2,0,0,1,0,0,1,1,1,0,0,0,0,1,1,0,0,1,1,0,0,0,0,0,0,10,2,2,2,1,1,0,0,0,0,0,0,1,0,0,0,0,0,0,0,1,1,0,0,0,0,2,1,0,0,1,1,0,0,2,1,7,5
2 - Ροδόπης,221 E.T. Δήμου Κομοτηνής,297,184,2,4,6,178,87,2,10,0,62,5,20,1,2,0,0,16,23,0,7,0,0,16,4,2,0,0,0,0,23,4,0,0,17,1,1,0,0,0,0,0,0,0,0,0,0,0,0,0,0,0,0,0,0,0,0,3,2,0,0,6,1,2,3,0,0,0,0,0,0,0,0,0,0,0,0,1,0,1,0,0,0,3,3,0,0,1,1,1,1,0,0,0,0,2,1,3,2
2 - Ροδόπης,222 E.T. Δήμου Κομοτηνής,289,139,0,3,3,136,26,23,1,1,1,0,46,0,0,8,37,1,48,14,0,32,0,2,10,0,0,0,0,10,0,0,0,0,0,0,2,0,0,0,1,0,1,1,1,0,1,0,0,0,0,0,0,0,0,0,0,0,0,0,0,0,0,0,0,0,0,0,0,0,0,0,0,0,0,0,0,0,0,0,0,0,0,0,0,0,0,0,0,0,0,1,1,0,0,0,0,1,0
2 - Ροδόπης,223 E.T. Δήμου Κομοτηνής,307,168,4,1,5,163,28,25,0,0,1,0,33,0,0,5,27,1,85,25,0,57,1,1,14,0,0,2,0,12,0,0,0,0,0,0,0,0,0,0,0,0,1,1,0,0,0,0,0,1,0,0,0,0,0,0,0,0,0,0,0,0,0,0,0,0,0,0,0,0,0,0,0,0,0,0,0,0,0,0,0,0,0,0,0,0,0,0,0,0,0,0,0,0,0,1,0,0,0
2 - Ροδόπης,224 E.T. Δήμου Κομοτηνής,492,184,7,1,8,176,51,1,3,0,36,7,48,5,0,12,7,22,40,12,7,2,0,16,8,0,0,0,2,0,14,6,0,5,1,1,1,0,0,0,0,0,0,0,0,0,0,0,0,0,0,0,0,2,1,0,0,1,1,0,0,4,2,0,0,0,0,0,0,0,0,0,0,0,0,0,0,0,0,0,0,0,0,2,2,0,0,0,0,1,1,0,0,0,0,0,0,4,3
2 - Ροδόπης,225 E.T. Δήμου Κομοτηνής,477,215,7,1,8,207,70,2,7,0,55,3,56,3,1,18,12,21,37,5,5,3,2,21,4,1,1,0,0,0,23,16,0,2,1,2,1,0,0,0,0,1,0,0,0,0,0,0,0,0,0,0,0,4,3,0,0,0,0,0,0,5,2,1,0,1,1,0,0,0,0,0,0,0,0,0,0,0,0,0,0,0,0,0,0,1,0,0,0,3,3,1,0,0,1,1,1,0,0
2 - Ροδόπης,226 E.T. Δήμου Μαρωνείας - Σαπών,462,287,5,4,9,278,133,0,7,0,117,4,32,2,2,0,1,26,50,0,11,0,3,35,4,2,2,0,0,0,11,5,0,1,0,3,7,3,0,4,0,0,1,1,3,2,0,0,0,0,0,0,0,3,2,3,2,6,0,2,0,11,5,3,2,0,0,0,0,0,0,0,0,2,0,0,2,1,1,0,0,0,0,1,1,1,1,2,2,1,1,2,1,0,0,0,0,4,3
2 - Ροδόπης,227 E.T. Δήμου Μαρωνείας - Σαπών,465,285,2,1,3,282,151,1,9,0,135,3,28,2,1,0,0,24,46,0,11,0,3,31,6,2,3,0,1,0,12,4,1,0,1,4,7,2,3,2,0,0,3,2,0,0,0,0,0,0,0,0,0,1,1,0,0,1,0,1,0,10,0,8,0,0,0,1,1,0,0,0,0,0,0,0,0,0,0,0,0,0,0,4,3,3,3,0,0,2,2,0,0,0,0,0,0,7,5
2 - Ροδόπης,228 E.T. Δήμου Μαρωνείας - Σαπών,456,271,6,1,7,264,141,0,8,0,115,5,37,3,2,0,0,30,43,0,12,1,1,27,6,2,1,1,0,0,14,5,1,3,2,2,2,0,0,1,1,0,0,0,0,0,0,0,0,0,0,0,0,2,0,0,0,3,2,0,0,4,2,0,2,0,0,0,0,0,0,0,0,2,0,0,2,1,1,0,0,2,2,2,2,0,0,0,0,2,1,0,0,0,0,3,2,0,0
2 - Ροδόπης,229 E.T. Δήμου Μαρωνείας - Σαπών,473,276,5,3,8,268,146,1,12,0,130,2,28,2,1,1,3,20,41,0,8,0,5,28,5,1,2,0,2,0,16,8,1,2,1,2,3,0,0,1,0,1,0,0,0,0,0,0,0,0,0,0,0,1,1,0,0,6,4,1,1,6,1,4,1,0,0,1,1,0,0,0,0,1,1,0,0,0,0,0,0,0,0,1,1,2,2,1,1,3,2,1,0,0,0,1,1,5,3
2 - Ροδόπης,230 E.T. Δήμου Μαρωνείας - Σαπών,480,203,5,2,7,196,38,20,0,7,8,0,71,3,1,25,35,4,57,16,10,22,0,9,18,0,0,0,1,17,1,0,0,0,0,0,10,0,0,0,1,6,0,0,1,0,1,0,0,0,0,0,0,0,0,0,0,0,0,0,0,0,0,0,0,0,0,0,0,0,0,0,0,0,0,0,0,0,0,0,0,0,0,0,0,0,0,0,0,0,0,0,0,0,0,0,0,0,0
2 - Ροδόπης,231 E.T. Δήμου Μαρωνείας - Σαπών,351,198,5,1,6,192,89,80,0,1,4,1,39,0,1,2,29,2,55,25,0,17,1,10,2,0,0,0,0,2,0,0,0,0,0,0,2,0,0,0,1,1,0,0,2,0,1,0,0,1,0,0,1,0,0,0,0,0,0,0,0,0,0,0,0,0,0,0,0,0,0,0,0,0,0,0,0,1,0,0,0,0,0,0,0,1,0,0,0,0,0,0,0,0,0,0,0,0,0
2 - Ροδόπης,232 E.T. Δήμου Μαρωνείας - Σαπών,339,196,9,6,15,181,84,73,0,3,7,0,45,1,0,6,30,1,35,24,0,8,0,1,8,0,0,2,0,5,0,0,0,0,0,0,3,0,0,0,0,2,0,0,0,0,0,0,0,3,0,0,1,0,0,0,0,1,0,0,0,0,0,0,0,0,0,0,0,0,0,0,0,0,0,0,0,1,0,0,0,0,0,0,0,0,0,1,0,0,0,0,0,0,0,0,0,0,0
2 - Ροδόπης,233 E.T. Δήμου Μαρωνείας - Σαπών,430,289,7,2,9,280,40,30,0,1,8,0,96,1,0,20,67,3,132,105,0,25,0,0,7,0,0,6,0,1,0,0,0,0,0,0,3,0,0,0,1,2,0,0,0,0,0,0,0,0,0,0,0,0,0,0,0,0,0,0,0,0,0,0,0,0,0,0,0,0,0,0,0,1,0,0,0,1,1,0,0,0,0,0,0,0,0,0,0,0,0,0,0,0,0,0,0,0,0
2 - Ροδόπης,234 E.T. Δήμου Μαρωνείας - Σαπών,328,139,5,1,6,133,27,23,0,1,3,0,55,1,0,10,40,1,40,15,0,21,0,3,6,1,0,3,0,2,0,0,0,0,0,0,1,0,0,0,1,0,0,0,2,0,2,0,0,0,0,0,0,0,0,0,0,0,0,0,0,0,0,0,0,0,0,0,0,0,0,0,0,0,0,0,0,0,0,0,0,0,0,0,0,1,0,0,0,0,0,0,0,0,0,1,0,0,0
2 - Ροδόπης,235 E.T. Δήμου Μαρωνείας - Σαπών,341,162,8,0,8,154,42,36,0,0,4,0,67,3,0,20,39,1,21,9,0,7,0,5,8,0,0,1,0,5,0,0,0,0,0,0,11,0,0,0,10,0,0,0,0,0,0,0,0,0,0,0,0,0,0,0,0,1,0,0,0,1,1,0,0,0,0,0,0,0,0,1,0,0,0,0,0,0,0,0,0,0,0,0,0,0,0,0,0,1,1,1,0,0,0,0,0,0,0
2 - Ροδόπης,236 E.T. Δήμου Μαρωνείας - Σαπών,267,219,7,4,11,208,106,0,8,0,74,8,30,2,2,1,0,20,18,0,5,0,1,10,1,0,0,0,0,0,24,9,2,2,3,7,3,1,0,1,0,0,0,0,1,0,0,0,0,1,0,0,1,2,0,2,1,2,0,0,0,2,1,0,0,0,0,2,2,1,0,0,0,1,0,1,0,3,1,1,0,0,0,0,0,1,0,0,0,2,2,1,0,0,0,0,0,5,3
2 - Ροδόπης,237 E.T. Δήμου Μαρωνείας - Σαπών,484,239,10,2,12,227,85,10,5,1,52,9,52,6,0,23,10,8,34,8,6,11,0,8,14,1,1,0,1,10,8,2,1,0,2,0,6,2,0,1,1,2,1,1,1,0,1,1,0,0,0,0,0,1,1,0,0,0,0,0,0,10,2,2,2,0,0,1,0,0,0,0,0,0,0,0,0,8,8,0,0,0,0,0,0,0,0,0,0,0,0,0,0,0,0,2,1,3,3
2 - Ροδόπης,238 E.T. Δήμου Μαρωνείας - Σαπών,412,318,7,2,9,309,143,1,8,0,121,5,37,10,2,0,0,24,61,2,31,0,1,21,3,1,0,0,0,0,25,10,3,3,0,7,4,0,2,1,0,0,1,0,0,0,0,0,0,1,0,1,0,6,3,0,0,3,0,1,0,10,1,5,1,0,0,0,0,0,0,0,0,1,0,0,1,0,0,0,0,0,0,2,2,2,1,2,1,1,1,1,0,0,0,2,2,4,3
2 - Ροδόπης,239 E.T. Δήμου Μαρωνείας - Σαπών,343,224,11,1,12,212,98,0,5,0,80,3,39,1,1,0,0,32,18,0,0,0,0,16,6,0,3,0,0,0,12,6,3,0,0,3,4,1,1,2,0,0,6,5,0,0,0,1,1,0,0,0,0,3,1,0,0,0,0,0,0,11,1,2,2,0,0,1,1,0,0,0,0,2,0,0,2,1,0,1,0,1,1,1,1,0,0,1,1,1,0,1,0,1,0,1,1,4,1
2 - Ροδόπης,240 E.T. Δήμου Μαρωνείας - Σαπών,331,179,4,0,4,175,78,1,4,0,67,2,22,1,2,0,0,18,29,0,5,0,4,19,12,6,4,0,1,0,10,4,0,1,2,1,2,0,2,0,0,0,0,0,1,0,0,0,0,0,0,0,0,1,1,0,0,1,0,0,0,9,3,5,0,0,0,0,0,0,0,0,0,3,0,0,3,0,0,0,0,0,0,0,0,0,0,0,0,0,0,0,0,0,0,1,1,6,4
2 - Ροδόπης,241 E.T. Δήμου Μαρωνείας - Σαπών,183,98,1,1,2,96,53,2,12,0,34,1,19,0,7,1,5,5,12,4,3,0,0,5,2,0,0,0,0,2,1,1,0,0,0,0,1,0,0,0,0,0,0,0,0,0,0,0,0,0,0,0,0,1,0,0,0,0,0,0,0,2,2,0,0,0,0,0,0,0,0,0,0,1,0,0,1,0,0,0,0,0,0,2,2,1,1,0,0,0,0,0,0,0,0,1,0,0,0
2 - Ροδόπης,242 E.T. Δήμου Μαρωνείας - Σαπών,333,174,1,1,2,172,19,16,0,0,1,0,99,1,0,25,71,1,32,9,0,22,0,0,18,1,0,0,0,16,0,0,0,0,0,0,3,0,0,0,3,0,0,0,0,0,0,0,0,0,0,0,0,0,0,0,0,0,0,0,0,0,0,0,0,0,0,0,0,0,0,0,0,0,0,0,0,0,0,0,0,0,0,0,0,0,0,0,0,0,0,0,0,0,0,0,0,1,0
2 - Ροδόπης,243 E.T. Δήμου Μαρωνείας - Σαπών,514,292,6,1,7,285,38,31,1,0,5,0,127,3,0,28,93,1,85,71,0,13,0,0,14,0,0,0,0,13,1,0,0,0,1,0,14,0,0,0,11,3,1,1,1,0,1,1,0,0,0,0,0,0,0,0,0,0,0,0,0,0,0,0,0,0,0,0,0,0,0,1,0,0,0,0,0,0,0,0,0,0,0,0,0,0,0,0,0,0,0,1,1,0,0,0,0,1,1
2 - Ροδόπης,244 E.T. Δήμου Μαρωνείας - Σαπών,465,230,2,4,6,224,29,18,0,0,10,0,82,0,0,16,63,3,79,61,0,16,0,0,20,0,0,6,0,14,0,0,0,0,0,0,13,0,0,0,6,6,1,1,0,0,0,0,0,0,0,0,0,0,0,0,0,0,0,0,0,0,0,0,0,0,0,0,0,0,0,0,0,0,0,0,0,0,0,0,0,0,0,0,0,0,0,0,0,0,0,0,0,0,0,0,0,0,0
2 - Ροδόπης,245 E.T. Δήμου Μαρωνείας - Σαπών,294,137,5,1,6,131,62,0,8,0,44,4,23,2,6,0,0,15,15,1,3,1,0,9,4,1,0,0,0,1,13,1,2,0,0,7,1,0,0,0,0,0,4,4,0,0,0,0,0,0,0,0,0,1,0,0,0,1,1,0,0,2,2,0,0,0,0,0,0,0,0,0,0,0,0,0,0,0,0,0,0,0,0,0,0,0,0,0,0,0,0,0,0,0,0,0,0,5,2
2 - Ροδόπης,246 E.T. Δήμου Μαρωνείας - Σαπών,475,280,0,0,0,280,122,2,5,0,108,3,32,2,0,0,1,28,48,0,17,2,1,27,6,2,1,0,2,0,32,12,5,4,5,2,3,0,2,1,0,0,0,0,0,0,0,0,0,1,0,1,0,5,5,0,0,2,0,1,0,9,0,3,4,0,0,0,0,0,0,0,0,1,0,1,0,0,0,0,0,2,2,5,3,1,1,0,0,2,2,0,0,0,0,0,0,9,7
2 - Ροδόπης,247 E.T. Δήμου Μαρωνείας - Σαπών,475,265,13,3,16,249,104,5,5,0,87,4,35,0,4,0,4,24,23,0,12,0,0,9,4,3,1,0,0,0,29,9,8,4,3,4,10,5,1,1,0,1,2,2,0,0,0,0,0,0,0,0,0,5,4,0,0,1,0,0,0,13,3,7,0,0,0,1,1,0,0,1,0,1,1,0,0,0,0,0,0,0,0,4,3,0,0,0,0,6,5,1,0,0,0,4,3,5,5
2 - Ροδόπης,248 E.T. Δήμου Μαρωνείας - Σαπών,440,213,4,3,7,206,48,4,4,0,35,0,72,1,3,0,61,6,54,39,1,4,0,7,7,3,1,1,1,0,6,5,0,0,0,1,3,0,0,0,1,2,1,1,1,1,0,0,0,0,0,0,0,0,0,0,0,0,0,0,0,0,0,0,0,1,0,1,1,0,0,2,1,0,0,0,0,6,6,0,0,0,0,1,1,0,0,1,0,0,0,0,0,0,0,1,1,1,1
2 - Ροδόπης,249 E.T. Δήμου Μαρωνείας - Σαπών,442,208,3,2,5,203,35,5,8,1,20,0,122,2,0,8,97,9,34,9,0,16,1,7,0,0,0,0,0,0,2,0,0,0,1,0,2,0,1,0,1,0,0,0,0,0,0,0,0,1,0,0,0,0,0,0,0,0,0,0,0,2,1,1,0,0,0,0,0,0,0,0,0,0,0,0,0,0,0,0,0,2,1,0,0,1,1,0,0,0,0,1,1,0,0,1,1,0,0
2 - Ροδόπης,250 E.T. Δήμου Μαρωνείας - Σαπών,454,209,3,1,4,205,27,4,1,2,19,1,115,5,2,13,83,9,53,35,1,7,0,10,2,0,0,2,0,0,3,1,0,0,0,1,3,1,1,0,0,1,0,0,1,0,1,0,0,0,0,0,0,0,0,0,0,0,0,0,0,1,0,0,0,0,0,0,0,0,0,0,0,0,0,0,0,0,0,0,0,0,0,0,0,0,0,0,0,0,0,0,0,0,0,0,0,0,0
2 - Ροδόπης,251 E.T. Δήμου Μαρωνείας - Σαπών,435,217,9,1,10,207,43,5,8,0,25,4,103,4,0,8,77,2,44,19,1,16,0,6,7,2,0,5,0,0,3,0,0,0,1,1,5,1,0,1,2,0,0,0,0,0,0,0,0,0,0,0,0,1,1,0,0,0,0,0,0,0,0,0,0,0,0,0,0,0,0,0,0,0,0,0,0,0,0,0,0,1,1,0,0,0,0,0,0,0,0,0,0,0,0,0,0,0,0
2 - Ροδόπης,252 E.T. Δήμου Μαρωνείας - Σαπών,583,323,6,0,6,317,35,2,6,1,24,0,113,0,1,11,92,5,138,111,1,16,0,6,16,2,1,12,0,0,2,1,0,0,0,1,7,0,1,0,4,2,0,0,0,0,0,0,0,0,0,0,0,1,1,1,1,0,0,0,0,0,0,0,0,0,0,0,0,0,0,0,0,0,0,0,0,1,0,0,0,0,0,0,0,0,0,0,0,2,0,0,0,0,0,0,0,1,0
2 - Ροδόπης,253 E.T. Δήμου Μαρωνείας - Σαπών,201,71,0,1,1,70,37,0,7,0,29,0,12,0,0,0,0,12,11,0,2,0,1,7,1,1,0,0,0,0,4,1,0,1,0,1,1,0,0,1,0,0,0,0,0,0,0,0,0,0,0,0,0,1,1,0,0,0,0,0,0,1,0,0,1,0,0,0,0,0,0,0,0,0,0,0,0,2,0,0,0,0,0,0,0,0,0,0,0,0,0,0,0,0,0,0,0,0,0
2 - Ροδόπης,254 E.T. Δήμου Μαρωνείας - Σαπών,151,55,2,1,3,52,23,1,0,0,20,1,14,1,0,0,0,13,10,0,0,0,2,7,3,2,0,1,0,0,0,0,0,0,0,0,0,0,0,0,0,0,1,1,0,0,0,0,0,0,0,0,0,0,0,0,0,0,0,0,0,1,1,0,0,0,0,0,0,0,0,0,0,0,0,0,0,0,0,0,0,0,0,0,0,0,0,0,0,0,0,0,0,0,0,0,0,0,0
2 - Ροδόπης,255 E.T. Δήμου Μαρωνείας - Σαπών,350,173,3,1,4,169,65,6,5,0,44,6,35,1,4,3,11,11,30,18,0,0,0,10,21,5,4,5,0,5,7,4,0,0,3,0,0,0,0,0,0,0,0,0,1,0,0,2,0,1,1,0,0,0,0,0,0,2,0,0,0,3,1,1,0,0,0,0,0,0,0,1,0,0,0,0,0,0,0,0,0,0,0,0,0,0,0,0,0,0,0,1,0,0,0,0,0,0,0
2 - Ροδόπης,256 E.T. Δήμου Μαρωνείας - Σαπών,346,198,7,3,10,188,52,13,2,2,27,6,28,1,1,0,20,6,83,70,2,5,0,6,10,2,5,3,0,0,6,0,0,1,4,1,0,0,0,0,0,0,1,1,1,1,0,1,0,1,0,1,0,0,0,0,0,0,0,0,0,0,0,0,0,0,0,1,1,0,0,0,0,0,0,0,0,0,0,0,0,0,0,0,0,0,0,1,0,0,0,1,1,0,0,1,0,1,1
2 - Ροδόπης,257 E.T. Δήμου Μαρωνείας - Σαπών,438,173,4,0,4,169,49,3,4,1,37,2,42,2,1,8,16,12,32,12,3,3,1,11,23,2,2,14,1,0,5,2,2,0,1,0,3,1,0,0,0,0,1,1,2,2,0,0,0,0,0,0,0,0,0,1,1,3,1,1,0,2,0,0,0,0,0,0,0,0,0,0,0,1,0,0,1,1,0,0,1,0,0,1,0,1,1,1,1,0,0,0,0,0,0,0,0,1,1
2 - Ροδόπης,258 E.T. Δήμου Μαρωνείας - Σαπών,438,168,4,2,6,162,77,1,24,3,44,3,30,3,0,3,14,7,26,12,3,1,3,7,19,0,1,12,1,4,5,0,2,1,0,2,1,1,0,0,0,0,0,0,0,0,0,0,0,0,0,0,0,1,0,1,1,0,0,0,0,0,0,0,0,0,0,0,0,0,0,0,0,1,0,0,0,0,0,0,0,0,0,0,0,0,0,0,0,0,0,0,0,0,0,0,0,1,0
2 - Ροδόπης,259 E.T. Δήμου Μαρωνείας - Σαπών,281,139,2,0,2,137,88,0,33,0,45,3,10,2,1,0,0,7,8,0,2,0,1,4,4,0,0,0,0,0,6,0,2,0,2,0,2,0,0,1,0,0,0,0,0,0,0,0,0,1,1,0,0,2,0,1,0,1,0,0,0,3,1,1,0,0,0,2,1,0,0,1,0,0,0,0,0,0,0,0,0,1,1,0,0,2,0,1,1,2,1,0,0,0,0,1,0,1,0
2 - Ροδόπης,260 E.T. Δήμου Μαρωνείας - Σαπών,555,234,19,4,23,211,67,4,21,0,31,5,50,8,1,4,16,20,41,12,6,3,2,16,9,0,1,6,0,0,17,4,0,4,1,6,0,0,0,0,0,0,0,0,1,1,0,0,0,1,0,0,0,1,1,1,1,2,0,0,1,12,7,3,1,1,0,0,0,0,0,1,0,1,0,1,0,1,0,1,0,1,1,0,0,0,0,1,1,1,1,0,0,0,0,0,0,2,2
2 - Ροδόπης,261 E.T. Δήμου Μαρωνείας - Σαπών,553,223,6,2,8,215,65,1,17,1,40,2,65,8,3,2,20,25,27,8,5,0,3,9,8,0,1,6,0,0,18,8,0,3,0,1,4,0,3,1,0,0,1,1,0,0,0,0,0,1,0,0,0,0,0,0,0,7,0,0,3,5,2,0,0,0,0,0,0,0,0,0,0,1,0,0,1,0,0,0,0,1,1,2,2,0,0,1,0,0,0,2,1,0,0,2,1,5,3
2 - Ροδόπης,262 E.T. Δήμου Μαρωνείας - Σαπών,540,200,11,2,13,187,58,5,14,1,28,3,67,7,2,1,27,24,18,3,1,4,0,7,6,3,1,0,0,0,23,8,3,4,0,3,4,2,0,0,0,1,1,1,0,0,0,0,0,0,0,0,0,0,0,0,0,1,1,0,0,2,1,0,1,0,0,1,1,0,0,1,0,1,0,0,0,0,0,0,0,1,1,0,0,0,0,0,0,0,0,0,0,0,0,0,0,3,2
2 - Ροδόπης,263 E.T. Δήμου Μαρωνείας - Σαπών,537,248,11,5,16,232,83,1,41,1,32,5,47,9,1,2,11,22,30,5,5,3,4,12,12,4,2,2,1,0,21,8,3,2,3,3,2,0,2,0,0,0,1,1,2,1,0,0,0,0,0,0,0,3,2,0,0,3,3,0,0,13,7,3,1,0,0,0,0,1,0,0,0,0,0,0,0,1,0,0,0,0,0,3,2,1,1,0,0,2,0,2,0,1,0,2,2,3,3
2 - Ροδόπης,264 E.T. Δήμου Μαρωνείας - Σαπών,554,196,12,2,14,182,65,3,20,0,37,2,48,1,0,3,38,6,37,17,0,7,1,11,20,5,2,9,1,1,4,2,0,2,0,0,1,0,0,0,0,0,0,0,0,0,0,0,0,0,0,0,0,2,2,0,0,0,0,0,0,3,3,0,0,0,0,0,0,0,0,0,0,0,0,0,0,1,0,0,1,0,0,0,0,0,0,0,0,0,0,0,0,0,0,0,0,1,1
2 - Ροδόπης,265 E.T. Δήμου Μαρωνείας - Σαπών,546,172,7,2,9,163,42,0,19,0,21,1,53,5,1,1,24,17,15,2,4,2,3,3,4,2,0,1,0,1,20,7,0,7,2,1,3,1,0,0,0,1,1,1,0,0,0,0,0,1,0,1,0,2,2,1,1,2,0,0,0,9,6,2,0,0,0,0,0,0,0,0,0,0,0,0,0,1,0,0,0,0,0,0,0,0,0,1,0,4,2,1,0,1,0,2,2,1,1
2 - Ροδόπης,266 E.T. Δήμου Μαρωνείας - Σαπών,549,222,5,3,8,214,64,1,34,0,24,3,71,7,1,2,24,33,33,6,4,2,6,14,12,1,2,4,2,1,16,7,0,5,1,1,1,0,0,1,0,0,4,2,1,1,0,0,0,1,0,1,0,0,0,0,0,1,0,0,1,6,5,1,0,0,0,0,0,0,0,0,0,0,0,0,0,1,0,1,0,0,0,1,1,1,1,0,0,0,0,0,0,0,0,0,0,1,1
2 - Ροδόπης,267 E.T. Δήμου Μαρωνείας - Σαπών,540,225,7,3,10,215,61,3,29,0,28,1,61,7,4,3,14,32,47,13,7,3,2,18,4,0,0,2,0,1,15,7,1,4,0,3,10,3,2,3,0,0,2,0,0,0,0,1,1,1,0,0,1,1,1,0,0,0,0,0,0,7,2,1,1,0,0,0,0,0,0,0,0,0,0,0,0,0,0,0,0,1,0,1,1,0,0,0,0,0,0,0,0,0,0,0,0,3,1
2 - Ροδόπης,268 E.T. Δήμου Μαρωνείας - Σαπών,526,242,11,3,14,228,72,2,19,2,40,4,53,3,1,2,28,17,40,12,1,2,2,20,20,1,0,17,0,0,8,0,0,2,1,3,6,1,1,1,2,0,0,0,0,0,0,0,0,0,0,0,0,3,3,2,2,1,0,0,1,7,1,3,0,1,1,1,1,0,0,0,0,0,0,0,0,0,0,0,0,0,0,1,0,3,3,3,1,1,1,4,2,2,0,0,0,2,1
2 - Ροδόπης,269 E.T. Δήμου Μαρωνείας - Σαπών,105,51,1,1,2,49,15,0,3,0,11,0,12,2,0,0,0,7,7,0,1,0,1,3,2,0,0,0,0,0,4,0,1,0,0,1,3,1,0,1,0,0,2,2,0,0,0,0,0,0,0,0,0,0,0,0,0,0,0,0,0,0,0,0,0,0,0,0,0,0,0,0,0,0,0,0,0,2,0,0,0,0,0,0,0,0,0,0,0,0,0,0,0,0,0,0,0,2,1
2 - Ροδόπης,270 E.T. Δήμου Μαρωνείας - Σαπών,429,256,1,0,1,255,87,5,17,0,49,5,44,3,2,2,15,16,37,18,3,7,2,7,55,2,1,47,1,2,14,5,0,3,1,4,0,0,0,0,0,0,2,2,0,0,0,0,0,1,0,1,0,0,0,1,0,4,1,1,1,3,0,2,0,0,0,0,0,0,0,0,0,0,0,0,0,0,0,0,0,0,0,0,0,0,0,0,0,0,0,1,0,0,1,1,1,5,1
2 - Ροδόπης,271 E.T. Δήμου Μαρωνείας - Σαπών,410,247,5,1,6,241,62,2,20,1,33,1,38,1,1,2,22,8,62,29,1,15,2,14,59,1,0,56,0,0,11,1,0,0,1,4,3,1,1,0,0,1,0,0,0,0,0,0,0,0,0,0,0,1,1,0,0,1,1,0,0,0,0,0,0,0,0,0,0,0,0,0,0,0,0,0,0,0,0,0,0,1,0,0,0,0,0,1,0,1,0,1,0,1,0,0,0,0,0
2 - Ροδόπης,272 E.T. Δήμου Μαρωνείας - Σαπών,299,74,2,2,4,70,4,1,0,0,1,0,25,1,0,2,20,0,27,4,1,17,0,3,7,0,0,4,0,1,0,0,0,0,0,0,1,0,0,0,0,0,0,0,0,0,0,0,0,0,0,0,0,0,0,0,0,0,0,0,0,0,0,0,0,0,0,3,0,0,0,0,0,0,0,0,0,0,0,0,0,0,0,0,0,0,0,0,0,2,0,0,0,0,0,0,0,1,0
2 - Ροδόπης,273 E.T. Δήμου Μαρωνείας - Σαπών,318,65,4,0,4,61,1,0,0,0,1,0,22,0,0,2,18,0,23,2,1,11,0,8,10,0,0,10,0,0,1,0,0,0,0,0,0,0,0,0,0,0,0,0,1,1,0,0,0,0,0,0,0,0,0,0,0,0,0,0,0,0,0,0,0,0,0,0,0,0,0,0,0,1,0,0,0,0,0,0,0,0,0,1,0,0,0,0,0,0,0,0,0,0,0,0,0,1,0
2 - Ροδόπης,274 E.T. Δήμου Μαρωνείας - Σαπών,317,211,0,0,0,211,54,0,5,0,34,7,61,0,0,7,36,14,52,24,8,0,3,14,0,0,0,0,0,0,16,9,2,0,0,0,3,0,1,0,1,0,0,0,0,0,0,0,0,0,0,0,0,0,0,1,0,4,2,1,0,12,10,2,0,0,0,0,0,1,0,0,0,0,0,0,0,0,0,0,0,1,1,0,0,1,1,1,0,0,0,0,0,0,0,0,0,4,3
2 - Ροδόπης,275 E.T. Δήμου Μαρωνείας - Σαπών,297,143,0,1,1,142,51,0,7,0,43,0,47,0,0,2,37,8,29,11,3,4,2,8,1,0,1,0,0,0,3,0,0,0,0,2,6,0,0,1,4,0,0,0,0,0,0,0,0,0,0,0,0,0,0,1,1,0,0,0,0,2,0,1,0,0,0,0,0,0,0,0,0,0,0,0,0,1,1,0,0,0,0,0,0,0,0,0,0,0,0,0,0,0,0,0,0,1,1
2 - Ροδόπης,276 E.T. Δήμου Μαρωνείας - Σαπών,324,186,3,0,3,183,93,0,29,0,56,3,25,1,1,1,9,12,27,3,7,0,1,13,9,2,1,4,1,0,12,6,0,2,0,2,1,0,0,0,0,0,1,1,0,0,0,0,0,0,0,0,0,1,0,0,0,2,0,0,1,1,0,0,0,0,0,1,1,0,0,0,0,0,0,0,0,2,1,0,1,0,0,2,2,0,0,1,1,1,0,1,0,0,0,2,2,1,1
2 - Ροδόπης,277 E.T. Δήμου Μαρωνείας - Σαπών,287,144,0,0,0,144,66,0,7,0,56,3,15,1,0,0,0,14,20,0,4,0,1,15,3,1,2,0,0,0,13,11,0,0,0,0,0,0,0,0,0,0,2,2,0,0,0,0,0,2,2,0,0,0,0,1,1,1,1,0,0,15,8,3,2,0,0,0,0,0,0,0,0,0,0,0,0,0,0,0,0,0,0,1,1,0,0,0,0,2,2,1,0,1,0,1,1,1,1
2 - Ροδόπης,278 E.T. Δήμου Μαρωνείας - Σαπών,395,193,9,1,10,183,79,1,9,0,62,6,20,2,5,0,0,11,32,0,3,0,3,22,12,2,6,3,0,0,18,7,2,1,1,4,5,1,1,1,0,0,1,1,0,0,0,0,0,1,0,0,1,1,0,0,0,1,0,1,0,3,0,2,0,0,0,0,0,0,0,0,0,2,0,1,1,0,0,0,0,0,0,1,1,3,2,0,0,0,0,1,0,0,0,1,1,2,2
2 - Ροδόπης,Ε.Τ. ΚΑΤΑΣΤΗΜΑΤΟΣ ΚΡΑΤΗΣΗΣ ΚΟΜΟΤΗΝΗΣ,155,147,10,1,11,136,42,1,1,1,29,2,50,14,4,2,1,7,22,0,3,0,2,14,2,0,1,0,0,0,6,1,1,0,1,1,0,0,0,0,0,0,0,0,0,0,0,0,0,0,0,0,0,2,1,0,0,6,1,1,1,3,0,0,1,0,0,0,0,0,0,1,0,0,0,0,0,0,0,0,0,0,0,1,1,0,0,0,0,1,1,0,0,0,0,0,0,0,0
2 - Ροδόπης,Ετερ. Ροδόπης (από 35ο Ε.Τ. Νομ. Θεσσαλονικης),265,174,2,3,5,169,99,0,3,1,83,9,20,6,0,0,0,9,13,1,1,0,6,2,12,2,1,2,1,0,4,2,1,0,0,1,5,1,1,2,0,0,0,0,0,0,0,0,0,0,0,0,0,0,0,0,0,2,0,0,0,5,1,1,1,0,0,0,0,0,0,0,0,0,0,0,0,0,0,0,0,0,0,2,1,0,0,0,0,4,1,0,0,0,0,0,0,3,2
2 - Ροδόπης,Ετερ. Ροδόπης (από Εφετείο Θεσσαλονίκης),40,28,1,0,1,27,11,0,0,0,10,0,6,0,2,0,0,0,2,0,0,0,0,2,1,0,0,0,0,0,3,1,0,2,0,0,1,0,0,1,0,0,0,0,0,0,0,0,0,0,0,0,0,0,0,0,0,0,0,0,0,3,1,0,0,0,0,0,0,0,0,0,0,0,0,0,0,0,0,0,0,0,0,0,0,0,0,0,0,0,0,0,0,0,0,0,0,0,0
2 - Ροδόπης,Ετερ. Ροδόπης (από 148ο Ε.Τ. Νομ. Αττικης-Αθηνών),412,301,5,3,8,293,137,2,12,0,105,14,69,14,3,1,3,35,28,0,3,0,3,21,20,11,2,0,3,0,8,3,0,3,0,1,6,1,2,1,0,0,1,1,0,0,0,0,0,1,0,1,0,0,0,1,0,2,0,0,0,7,2,2,1,0,0,0,0,0,0,0,0,0,0,0,0,5,1,2,1,0,0,1,1,0,0,0,0,0,0,0,0,0,0,0,0,7,3
2 - Ροδόπης,Ετερ. Ροδόπης (από Εφετείο Πειραιώς),42,33,1,0,1,32,14,0,0,0,11,3,7,1,0,0,0,3,1,0,1,0,0,0,1,0,0,0,0,0,4,3,1,0,0,0,0,0,0,0,0,0,0,0,0,0,0,0,0,1,0,1,0,0,0,0,0,0,0,0,0,0,0,0,0,0,0,0,0,0,0,0,0,0,0,0,0,0,0,0,0,0,0,0,0,0,0,0,0,0,0,0,0,0,0,0,0,4,2
Σύνολο,,118196,62863,1451,578,2029,60834,16462,1275,1845,328,10895,964,20185,585,274,1654,12650,4028,13769,6146,1090,2633,337,3052,2158,464,209,390,168,610,2552,1042,162,231,226,481,1206,124,169,144,417,154,185,142,151,44,75,32,10,124,23,29,26,272,187,98,61,370,116,48,53,1138,386,302,143,40,20,49,32,12,3,40,15,81,9,12,33,132,50,28,5,75,44,285,201,148,98,107,51,169,110,104,32,25,5,213,138,677,440
