ΠΕΡΙΦΕΡΕΙΑ,ΕΚΛΟΓΙΚΟ ΤΜΗΜΑ,ΕΓΓΕΓΡΑΜΜΕΝΟΙ,ΨΗΦΙΣΑΝΤΕΣ,ΑΚΥΡΑ,ΛΕΥΚΑ,ΑΚΥΡΑ & ΛΕΥΚΑ,ΕΓΚΥΡΑ,Νέα Δημοκρατία,ΓΙΟΓΙΑΚΑΣ ΒΑΣΙΛΕΙΟΣ του Νικολάου,ΝΤΟΥΜΑ ΕΡΙΚΑ του Βασιλείου,ΠΑΠΑΓΙΑΝΝΗΣ ΙΩΑΝΝΗΣ του Λαμπρινού,ΣΥΡΙΖΑ,ΓΟΓΟΛΟΣ ΙΩΑΝΝΗΣ του Κωνσταντίνου,ΚΑΤΣΗΣ ΜΑΡΙΟΣ του Σπυρίδωνα,ΣΤΕΡΓΙΟΥ ΑΝΝΑ του Ιωάννη,ΠΑΣΟΚ-Κίνημα Αλλαγής,ΚΑΤΣΙΟΣ ΧΡΗΣΤΟΣ του Μιχαήλ,ΜΕΜΜΟΥ ΑΓΓΕΛΙΚΗ του Θεολόγου,ΤΑΤΣΗ ΜΑΓΔΑΛΗΝΗ (ΜΑΓΔΑ) του Αναστασίου,Κ.Κ.Ε.,ΓΕΩΡΓΙΟΥ ΧΡΥΣΗΙΔΑ του Κωνσταντίνου,ΔΗΜΑ ΑΙΚΑΤΕΡΙΝΗ του Θεοδώρου,ΠΑΠΑΓΙΑΝΝΗΣ ΘΕΟΔΩΡΟΣ του Ιωάννη,Ελληνική Λύση - Κ. Βελόπουλος,ΑΡΒΑΝΙΤΗ ΔΗΜΗΤΡΑ του Αδάμ - Χρήστου,ΜΠΙΛΛΑΣ ΔΗΜΗΤΡΙΟΣ του Θεοδώρου,ΠΑΝΑΓΙΩΤΟΥ ΔΗΜΗΤΡΙΟΣ του Κωνσταντίνου,ΜέΡΑ25-ΣΥΜΜΑΧΙΑ ΓΙΑ ΤΗ ΡΗΞΗ,ΠΑΠΑΖΟΓΛΟΥ ΓΕΩΡΓΙΑ του Κωνσταντίνου,ΠΑΠΠΑΣ ΝΙΚΟΛΑΟΣ του Λαζάρου,ΤΣΑΚΙΡΗΣ ΔΗΜΗΤΡΙΟΣ του Νικολάου,ΕΝΩΝΩ ΣΥΜΜΑΧΙΑ ΕΛΕΥΘΕΡΙΑΣ,ΠΕΤΡΙΤΗ ΚΥΡΙΑΚΗ του Παναγιώτη,Κ.Κ.Ε. (μ-λ),ΑΝΑΣΤΑΣΙΟΥ ΧΡΙΣΤΙΝΑ του Θωμά,ΜΟΥΣΕΛΙΜΗΣ ΛΑΜΠΡΟΣ του Παναγιώτη,ΝΕΙΛΑΣ ΓΕΩΡΓΙΟΣ του Νικολάου,Ο.Κ.Δ.Ε.,ΑΝΔΡΙΩΤΗΣ ΚΥΡΙΑΚΟΣ του Νικολάου,ΑΝΤ.ΑΡ.ΣΥ.Α.,ΚΟΥΡΤΗ ΙΟΥΛΙΑ του Επαμεινώνδα,ΛΙΑΜΠΟΤΗΣ ΣΩΤΗΡΙΟΣ του Ευαγγέλου,ΣΟΥΡΛΑΣ ΚΩΝΣΤΑΝΤΙΝΟΣ του Ιωάννη,Κίνημα 21,ΡΕΣΒΑΝΗΣ ΗΛΙΑΣ του Νικολάου,ΕΘΝΙΚΗ ΔΗΜΙΟΥΡΓΙΑ,ΜΠΙΚΑΣ ΒΑΣΙΛΕΙΟΣ του Γεωργίου,ΝΙΚΗ,ΠΑΠΑΒΑΣΙΛΕΙΟΥ ΑΡΕΤΗ του Βασιλείου,κοινωνία αξιών,ΡΕΓΚΟΣ ΚΥΡΙΑΚΟΣ του Αντωνίου,ΒΟΡΕΙΑ ΛΕΓΚΑ - ΚΡΑΜΑ,ΣΙΔΗΡΟΠΟΥΛΟΣ ΙΑΚΩΒΟΣ του Ιωάννη,Ο.Α.Κ.Κ.Ε.,ΠΑΠΑΓΕΩΡΓΙΟΥ ΦΩΤΙΟΣ του Θεολόγου,Μ-Λ Κ.Κ.Ε.,ΧΟΒΟΛΟΣ ΘΕΟΔΩΡΟΣ του Ιωάννη,Ελλήνων Συνέλευσις,ΔΗΜΗΤΡΙΟΥ ΑΙΚΑΤΕΡΙΝΗ του Νικολάου,ΤΣΙΡΩΝΗΣ ΣΥΜΕΩΝ του Ιωάννη,Ένωση Κεντρώων,ΜΠΕΡΑΤΗΣ ΠΕΤΡΟΣ - ΕΥΣΤΑΘΙΟΣ του Ανδρέα,ΤΩΡΑ ΟΛΟΙ ΜΑΖΙ (Τ.ΟΛ.ΜΑ),ΚΟΥΡΚΟΥΛΗ ΚΕΛΛΥ του Γεωργίου,ΣΥΜΜΑΧΙΑ ΑΝΑΤΡΟΠΗΣ,ΔΗΜΗΤΡΙΟΥ ΒΑΣΙΛΕΙΟΣ του Νικολάου,ΠΟΛΙΤΙΚΗ ΠΡΩΤΟΒΟΥΛΙΑ ,ΠΑΥΛΙΔΟΥ-ΘΩΜΑ ΑΛΕΞΑΝΔΡΑ (ΒΑΒΩ) του Βασιλείου,ΠΝΟΗ ΔΗΜΟΚΡΑΤΙΑΣ,ΣΓΟΥΡΙΔΗΣ ΧΡΗΣΤΟΣ του Σεραφείμ,ΠΡΑΣΙΝΟ ΚΙΝΗΜΑ,ΒΑΣΙΛΕΙΟΥ ΘΩΜΑΣ του Χρήστου,Πλεύση Ελευθερίας - Ζωή Κωνστ.,ΓΙΑΝΝΑΚΟΠΟΥΛΟΣ ΜΙΧΑΗΛ ΙΩΑΝΝΗΣ ΘΕΟΧΑΡΗΣ του Νικολάου
20 - Θεσπρωτίας,1 E.T. Δήμου Ηγουμενίτσας,272,169,0,1,1,168,59,49,1,1,52,28,18,3,18,5,3,10,6,0,4,0,2,2,0,0,2,2,0,0,2,0,1,1,0,0,0,0,0,0,0,0,4,1,2,1,3,1,0,0,0,0,1,1,0,0,1,1,0,0,0,0,0,10,5,0,0,1,0,1,1,3,1
20 - Θεσπρωτίας,2 E.T. Δήμου Ηγουμενίτσας,341,241,3,1,4,237,91,74,4,7,66,33,21,2,37,17,1,18,7,1,2,1,2,1,1,0,3,1,1,0,1,1,0,0,0,0,0,0,1,0,0,1,0,0,2,2,13,10,0,0,0,0,1,1,1,1,1,0,0,2,1,0,0,0,0,0,0,2,2,0,0,7,3
20 - Θεσπρωτίας,3 E.T. Δήμου Ηγουμενίτσας,563,254,11,0,11,243,68,54,1,7,88,1,85,1,34,13,1,15,16,0,6,4,5,1,0,1,2,0,2,0,1,1,2,0,0,1,0,0,4,0,3,1,5,4,1,1,7,7,0,0,1,1,0,0,1,0,0,0,0,0,0,0,0,2,1,1,1,1,1,1,1,3,3
20 - Θεσπρωτίας,4 E.T. Δήμου Ηγουμενίτσας,395,242,10,3,13,229,96,72,9,3,66,10,44,2,32,7,3,22,10,1,5,2,4,1,0,0,4,2,0,1,1,0,0,0,0,0,0,0,2,0,0,0,1,0,2,1,4,3,1,0,0,0,0,0,0,0,0,0,0,1,0,0,0,1,0,0,0,0,0,1,0,3,2
20 - Θεσπρωτίας,5 E.T. Δήμου Ηγουμενίτσας,387,238,4,3,7,231,98,85,5,5,59,7,34,10,33,2,1,27,4,0,1,1,6,4,0,1,14,4,1,3,0,0,1,1,0,0,0,0,0,0,0,0,0,0,3,0,3,2,0,0,0,0,4,1,1,1,0,0,0,0,0,0,0,0,0,0,0,0,0,2,1,3,2
20 - Θεσπρωτίας,6 E.T. Δήμου Ηγουμενίτσας,393,235,2,1,3,232,90,75,8,3,66,11,42,3,43,4,3,32,6,1,1,3,3,1,0,1,4,3,0,0,0,0,2,1,0,1,0,0,1,0,0,0,0,0,2,2,7,7,0,0,0,0,0,0,1,0,2,1,1,0,0,0,0,1,1,0,0,0,0,0,0,4,3
20 - Θεσπρωτίας,7 E.T. Δήμου Ηγουμενίτσας,534,378,7,3,10,368,144,102,9,19,88,12,56,3,56,11,9,32,12,2,3,3,9,1,0,2,6,4,0,1,1,1,2,0,0,2,0,0,1,0,1,0,4,3,10,6,12,10,1,0,1,0,0,0,3,2,1,1,0,2,0,0,0,7,5,0,0,1,1,0,0,7,7
20 - Θεσπρωτίας,8 E.T. Δήμου Ηγουμενίτσας,532,287,23,2,25,262,113,98,8,2,67,8,39,8,24,3,0,19,14,1,7,4,7,1,1,2,9,5,1,0,3,0,1,0,0,1,1,0,1,0,0,0,0,0,0,0,10,8,0,0,0,0,0,0,1,1,1,0,1,0,0,0,0,3,2,0,0,0,0,1,1,6,2
20 - Θεσπρωτίας,9 E.T. Δήμου Ηγουμενίτσας,532,321,13,1,14,307,152,129,9,5,71,7,50,4,29,6,3,18,11,0,2,2,3,0,0,1,4,2,0,1,1,1,2,0,1,1,0,0,6,1,2,2,3,1,6,4,9,5,0,0,0,0,0,0,2,0,1,1,0,2,2,0,0,2,1,0,0,0,0,0,0,3,2
20 - Θεσπρωτίας,10 E.T. Δήμου Ηγουμενίτσας,538,296,2,0,2,294,111,89,3,7,72,5,48,5,41,14,0,23,15,1,6,3,5,1,0,1,11,7,1,0,0,0,0,0,0,0,0,0,2,0,1,1,5,3,5,3,6,3,0,0,0,0,1,1,0,0,1,1,0,2,1,0,0,4,0,1,0,0,0,1,0,11,3
20 - Θεσπρωτίας,11 E.T. Δήμου Ηγουμενίτσας,535,274,10,5,15,259,110,81,10,10,64,4,43,8,42,7,5,28,7,0,4,2,4,1,0,3,8,2,0,1,1,0,0,0,0,0,2,1,3,1,0,1,1,1,1,0,1,1,0,0,1,1,0,0,1,1,0,0,0,1,0,1,0,5,4,0,0,2,2,1,0,3,0
20 - Θεσπρωτίας,12 E.T. Δήμου Ηγουμενίτσας,542,301,2,1,3,298,137,113,8,7,70,12,46,5,32,7,4,15,17,3,6,1,8,3,1,3,9,4,0,0,0,0,0,0,0,0,0,0,1,0,0,0,2,0,1,0,3,2,0,0,0,0,3,2,0,0,1,1,0,0,0,0,0,5,5,0,0,1,1,4,3,4,2
20 - Θεσπρωτίας,13 E.T. Δήμου Ηγουμενίτσας,539,295,7,1,8,287,135,93,7,15,53,9,31,4,34,2,2,29,23,3,9,4,5,3,0,1,6,2,0,1,0,0,1,0,0,1,2,2,4,1,1,0,1,1,2,0,4,4,0,0,0,0,1,1,1,1,1,0,0,1,1,1,1,4,2,1,0,0,0,0,0,7,2
20 - Θεσπρωτίας,14 E.T. Δήμου Ηγουμενίτσας,539,325,5,0,5,320,118,87,7,9,71,13,49,2,63,12,1,41,12,1,4,3,12,4,2,1,8,3,0,0,0,0,2,0,0,1,0,0,1,0,0,0,2,1,3,2,9,4,0,0,1,0,0,0,2,1,0,0,0,1,0,0,0,6,5,0,0,0,0,1,1,8,4
20 - Θεσπρωτίας,15 E.T. Δήμου Ηγουμενίτσας,546,264,3,0,3,261,99,77,6,6,58,7,39,3,36,6,6,23,20,2,5,10,8,2,1,0,7,0,1,2,2,1,1,0,0,0,1,1,5,0,4,0,2,2,2,2,5,5,0,0,0,0,0,0,0,0,0,0,0,0,0,0,0,0,0,0,0,7,4,0,0,8,4
20 - Θεσπρωτίας,16 E.T. Δήμου Ηγουμενίτσας,537,333,15,1,16,317,153,126,14,7,84,21,46,7,26,5,4,15,12,1,5,4,9,3,2,1,7,7,0,0,0,0,0,0,0,0,0,0,2,1,0,0,2,1,1,0,5,4,0,0,0,0,0,0,0,0,0,0,0,2,1,0,0,6,5,0,0,1,1,0,0,7,6
20 - Θεσπρωτίας,17 E.T. Δήμου Ηγουμενίτσας,532,287,3,1,4,283,122,106,7,2,62,13,39,2,40,8,5,27,7,2,3,1,5,0,1,1,11,6,0,2,2,1,2,0,0,2,0,0,0,0,0,0,1,0,5,1,10,5,0,0,0,0,0,0,0,0,0,0,0,0,0,0,0,6,5,0,0,1,1,1,1,8,2
20 - Θεσπρωτίας,18 E.T. Δήμου Ηγουμενίτσας,541,297,8,0,8,289,111,83,11,5,75,2,61,4,39,7,3,22,10,1,3,5,6,1,1,2,6,3,2,0,2,1,1,0,1,0,0,0,3,3,0,0,0,0,2,1,9,6,0,0,1,1,2,2,0,0,0,0,0,2,1,1,0,5,5,0,0,3,3,1,1,10,4
20 - Θεσπρωτίας,19 E.T. Δήμου Ηγουμενίτσας,534,311,5,0,5,306,143,113,10,11,58,4,36,4,41,8,1,25,25,5,10,2,5,0,0,3,6,4,0,0,0,0,1,0,0,1,0,0,4,1,2,0,4,2,1,0,5,5,0,0,0,0,0,0,1,0,0,0,0,3,0,0,0,2,1,0,0,1,1,2,0,4,2
20 - Θεσπρωτίας,20 E.T. Δήμου Ηγουμενίτσας,535,290,23,0,23,267,105,89,4,3,59,5,39,3,37,10,3,20,7,0,6,0,4,0,1,0,6,4,1,1,2,2,3,0,1,1,0,0,5,0,0,3,5,1,8,2,4,1,0,0,0,0,0,0,1,1,0,0,0,2,1,1,0,5,4,0,0,2,0,1,0,10,1
20 - Θεσπρωτίας,21 E.T. Δήμου Ηγουμενίτσας,534,291,5,2,7,284,103,82,5,9,81,9,56,4,40,7,6,23,17,1,6,5,2,0,0,1,10,6,1,1,0,0,1,0,0,0,0,0,5,2,2,1,3,1,6,0,6,4,0,0,0,0,0,0,2,0,0,0,0,0,0,0,0,2,2,0,0,0,0,1,0,5,2
20 - Θεσπρωτίας,22 E.T. Δήμου Ηγουμενίτσας,535,280,11,1,12,268,106,68,6,24,66,7,39,4,45,7,5,29,13,1,6,0,4,1,1,1,5,2,0,0,2,2,2,0,1,1,0,0,2,0,2,0,0,0,3,1,7,4,0,0,0,0,0,0,0,0,0,0,0,1,1,1,1,5,4,1,1,2,1,0,0,3,0
20 - Θεσπρωτίας,23 E.T. Δήμου Ηγουμενίτσας,561,332,6,1,7,325,132,110,8,6,83,8,62,6,44,11,3,26,20,1,12,4,1,1,0,0,13,3,1,0,2,1,2,0,1,1,1,0,4,1,2,0,2,0,9,2,1,0,1,1,0,0,0,0,1,0,0,0,0,0,0,0,0,4,3,0,0,2,1,1,1,2,1
20 - Θεσπρωτίας,24 E.T. Δήμου Ηγουμενίτσας,517,273,1,4,5,268,87,71,10,1,79,7,68,1,35,14,8,11,38,0,29,5,9,3,2,1,4,2,0,1,1,1,1,0,0,0,0,0,2,1,1,0,3,1,1,0,2,2,0,0,0,0,0,0,0,0,0,0,0,1,1,0,0,2,2,1,1,0,0,0,0,2,0
20 - Θεσπρωτίας,25 E.T. Δήμου Ηγουμενίτσας,500,278,5,0,5,273,129,100,21,4,58,3,41,2,27,5,8,12,14,0,12,0,7,4,0,1,6,1,1,2,3,2,2,0,0,2,0,0,3,0,1,1,5,2,1,0,2,1,0,0,0,0,0,0,0,0,0,0,0,1,0,0,0,1,1,1,0,0,0,3,3,10,5
20 - Θεσπρωτίας,26 E.T. Δήμου Ηγουμενίτσας,262,151,1,1,2,149,41,29,9,0,34,8,20,3,49,11,3,32,4,1,3,0,1,0,0,0,6,4,1,0,3,1,0,0,0,0,0,0,0,0,0,0,0,0,2,0,0,0,0,0,0,0,0,0,0,0,0,0,0,1,0,0,0,3,2,0,0,3,1,0,0,2,0
20 - Θεσπρωτίας,27 E.T. Δήμου Ηγουμενίτσας,534,431,7,2,9,422,198,146,10,26,114,24,72,4,34,14,2,14,27,4,5,7,7,0,3,0,9,5,1,0,1,0,0,0,0,0,0,0,1,0,1,0,0,0,2,1,11,8,1,0,0,0,0,0,0,0,1,0,0,0,0,2,1,7,7,0,0,0,0,0,0,7,5
20 - Θεσπρωτίας,28 E.T. Δήμου Ηγουμενίτσας,682,397,13,3,16,381,162,138,9,8,111,16,79,9,40,8,9,22,14,2,4,2,6,2,2,0,6,4,0,0,1,1,4,1,0,3,0,0,6,0,5,1,4,4,1,0,4,4,0,0,0,0,0,0,0,0,1,1,0,0,0,0,0,11,8,0,0,0,0,3,2,7,4
20 - Θεσπρωτίας,29 E.T. Δήμου Ηγουμενίτσας,449,229,5,1,6,223,83,75,4,1,61,12,36,3,27,5,3,16,7,1,1,0,8,5,0,0,1,0,0,1,0,0,4,0,0,4,4,4,6,1,1,2,0,0,2,1,5,3,0,0,0,0,0,0,0,0,0,0,0,0,0,1,1,2,2,0,0,2,0,0,0,10,6
20 - Θεσπρωτίας,30 E.T. Δήμου Ηγουμενίτσας,452,203,10,1,11,192,60,53,1,5,45,11,30,2,34,16,6,10,13,3,5,2,7,1,4,1,7,4,0,0,0,0,2,0,0,2,0,0,5,5,0,0,1,1,1,1,4,4,0,0,0,0,0,0,1,0,0,0,0,0,0,1,0,3,2,0,0,0,0,1,0,7,3
20 - Θεσπρωτίας,31 E.T. Δήμου Ηγουμενίτσας,455,190,11,1,12,178,71,56,2,6,26,5,12,3,33,9,3,16,7,1,4,0,7,0,0,2,8,7,0,0,0,0,2,0,0,2,3,3,2,0,2,0,0,0,4,3,4,4,0,0,1,0,1,0,0,0,0,0,0,0,0,1,1,1,0,0,0,2,1,0,0,5,2
20 - Θεσπρωτίας,32 E.T. Δήμου Ηγουμενίτσας,449,229,6,1,7,222,78,70,5,0,56,10,31,1,31,5,1,21,6,0,4,2,4,0,0,4,12,10,0,0,1,0,0,0,0,0,0,0,13,6,2,2,0,0,2,1,3,3,0,0,0,0,0,0,0,0,3,2,1,1,1,1,0,4,4,0,0,1,1,0,0,6,0
20 - Θεσπρωτίας,33 E.T. Δήμου Ηγουμενίτσας,433,228,6,1,7,221,61,52,2,2,54,13,32,2,30,7,4,16,17,0,5,9,9,3,1,3,6,5,1,0,0,0,0,0,0,0,2,2,14,6,4,0,2,1,1,1,7,7,0,0,0,0,0,0,4,3,0,0,0,1,0,1,1,4,3,0,0,0,0,2,2,6,4
20 - Θεσπρωτίας,34 E.T. Δήμου Ηγουμενίτσας,587,223,18,0,18,205,69,55,2,6,44,11,18,3,52,1,2,44,12,2,7,1,7,1,0,3,6,1,1,1,0,0,0,0,0,0,0,0,1,0,0,0,0,0,1,1,4,1,0,0,0,0,0,0,0,0,0,0,0,0,0,0,0,8,6,0,0,0,0,0,0,1,1
20 - Θεσπρωτίας,35 E.T. Δήμου Ηγουμενίτσας,398,174,2,0,2,172,67,41,4,16,42,5,25,2,45,2,2,37,3,0,1,1,3,1,0,1,3,2,0,0,1,1,0,0,0,0,0,0,2,0,0,2,0,0,0,0,2,2,0,0,0,0,0,0,0,0,0,0,0,0,0,0,0,0,0,0,0,0,0,0,0,4,2
20 - Θεσπρωτίας,36 E.T. Δήμου Ηγουμενίτσας,412,199,7,0,7,192,64,52,2,3,33,8,19,3,62,4,1,56,11,0,9,0,2,2,0,0,2,1,0,0,5,3,1,0,0,0,0,0,0,0,0,0,2,1,1,0,0,0,0,0,0,0,0,0,0,0,0,0,0,1,1,5,2,0,0,0,0,0,0,1,1,2,1
20 - Θεσπρωτίας,37 E.T. Δήμου Ηγουμενίτσας,439,234,5,2,7,227,105,83,7,2,46,9,30,1,47,34,1,10,4,1,1,1,3,0,3,0,2,0,0,1,1,0,1,0,1,0,0,0,1,0,1,0,4,0,1,0,6,3,1,0,0,0,0,0,0,0,0,0,0,1,0,0,0,2,0,0,0,0,0,0,0,2,1
20 - Θεσπρωτίας,38 E.T. Δήμου Ηγουμενίτσας,433,200,4,3,7,193,70,44,10,4,46,2,30,2,43,20,0,20,10,1,2,1,9,4,0,2,2,1,1,0,0,0,0,0,0,0,0,0,1,0,1,0,1,0,0,0,2,0,0,0,0,0,0,0,0,0,1,1,0,0,0,1,1,4,1,0,0,2,1,0,0,1,0
20 - Θεσπρωτίας,39 E.T. Δήμου Ηγουμενίτσας,407,160,2,2,4,156,66,52,1,8,17,1,13,1,51,10,3,37,7,1,2,2,5,2,0,1,3,2,0,0,0,0,0,0,0,0,0,0,1,0,0,0,1,0,0,0,2,2,0,0,0,0,0,0,0,0,0,0,0,0,0,0,0,1,1,0,0,1,1,0,0,1,1
20 - Θεσπρωτίας,40 E.T. Δήμου Ηγουμενίτσας,423,196,5,0,5,191,107,85,8,13,21,2,17,1,42,1,7,34,1,0,1,0,6,4,1,0,1,1,0,0,0,0,1,0,1,0,0,0,1,0,0,1,5,5,0,0,2,2,0,0,0,0,0,0,0,0,0,0,0,0,0,0,0,0,0,0,0,0,0,0,0,4,3
20 - Θεσπρωτίας,41 E.T. Δήμου Ηγουμενίτσας,383,159,2,0,2,157,77,59,1,12,20,0,17,1,41,2,7,32,5,1,2,1,2,2,0,0,1,1,0,0,0,0,1,1,0,0,0,0,2,0,1,0,0,0,0,0,2,0,0,0,0,0,0,0,0,0,1,1,0,0,0,1,0,1,0,0,0,0,0,0,0,3,3
20 - Θεσπρωτίας,42 E.T. Δήμου Ηγουμενίτσας,379,163,1,1,2,161,74,39,4,19,32,5,20,1,33,6,5,17,9,1,5,0,2,0,0,0,2,1,0,0,0,0,2,0,2,0,0,0,1,0,0,0,0,0,0,0,0,0,0,0,0,0,0,0,0,0,0,0,0,1,0,0,0,1,1,0,0,0,0,0,0,4,1
20 - Θεσπρωτίας,43 E.T. Δήμου Ηγουμενίτσας,177,67,0,0,0,67,25,23,2,0,24,3,5,14,13,2,1,10,2,0,0,0,1,1,0,0,0,0,0,0,0,0,0,0,0,0,0,0,0,0,0,0,0,0,1,1,0,0,1,0,0,0,0,0,0,0,0,0,0,0,0,0,0,0,0,0,0,0,0,0,0,0,0
20 - Θεσπρωτίας,44 E.T. Δήμου Ηγουμενίτσας,333,163,1,2,3,160,53,41,6,4,52,2,20,24,33,1,0,29,9,1,3,5,2,0,1,0,3,2,0,0,0,0,1,0,0,1,0,0,0,0,0,0,4,4,0,0,0,0,0,0,0,0,0,0,0,0,0,0,0,0,0,1,1,0,0,0,0,0,0,0,0,2,1
20 - Θεσπρωτίας,45 E.T. Δήμου Ηγουμενίτσας,118,53,0,0,0,53,21,14,2,2,12,4,7,0,11,3,0,8,1,0,1,0,1,1,0,0,1,0,1,0,0,0,0,0,0,0,0,0,0,0,0,0,0,0,0,0,0,0,0,0,0,0,3,3,0,0,1,1,0,0,0,0,0,0,0,0,0,0,0,0,0,2,2
20 - Θεσπρωτίας,46 E.T. Δήμου Ηγουμενίτσας,38,18,0,0,0,18,3,2,0,0,5,0,3,2,4,1,1,2,4,0,3,1,1,1,0,0,1,1,0,0,0,0,0,0,0,0,0,0,0,0,0,0,0,0,0,0,0,0,0,0,0,0,0,0,0,0,0,0,0,0,0,0,0,0,0,0,0,0,0,0,0,0,0
20 - Θεσπρωτίας,47 E.T. Δήμου Ηγουμενίτσας,494,178,7,1,8,170,74,49,14,4,39,3,29,3,22,7,8,3,16,1,9,4,3,1,0,1,1,1,0,0,2,0,0,0,0,0,0,0,2,0,1,0,0,0,0,0,3,3,0,0,0,0,0,0,0,0,0,0,0,0,0,2,0,4,3,0,0,0,0,0,0,2,1
20 - Θεσπρωτίας,48 E.T. Δήμου Ηγουμενίτσας,405,182,3,2,5,177,79,54,12,10,40,7,22,6,24,4,5,11,6,0,3,2,4,1,0,0,2,2,0,0,2,2,1,0,0,0,1,0,0,0,0,0,0,0,2,2,5,2,1,1,0,0,0,0,0,0,1,1,0,0,0,1,1,2,1,2,0,1,0,0,0,3,2
20 - Θεσπρωτίας,49 E.T. Δήμου Ηγουμενίτσας,399,211,3,1,4,207,71,48,11,4,59,6,38,2,35,11,6,15,7,0,4,1,5,3,0,0,2,1,0,0,0,0,0,0,0,0,0,0,3,2,1,0,0,0,4,3,1,1,4,2,0,0,1,1,0,0,4,4,0,1,1,0,0,2,2,0,0,0,0,0,0,8,3
20 - Θεσπρωτίας,50 E.T. Δήμου Ηγουμενίτσας,407,232,4,1,5,227,86,57,12,13,45,5,32,2,60,11,4,36,9,1,5,1,6,1,0,1,2,1,0,0,3,1,0,0,0,0,0,0,2,0,0,1,1,1,1,0,2,2,3,0,0,0,0,0,0,0,1,1,0,1,1,0,0,3,3,0,0,0,0,0,0,2,0
20 - Θεσπρωτίας,51 E.T. Δήμου Ηγουμενίτσας,340,182,2,1,3,179,84,67,7,3,27,5,18,1,18,7,0,8,6,1,1,0,5,2,0,1,4,0,0,1,0,0,0,0,0,0,0,0,1,1,0,0,0,0,2,1,3,2,0,0,0,0,0,0,0,0,0,0,0,2,1,0,0,5,4,1,0,10,7,2,2,9,4
20 - Θεσπρωτίας,52 E.T. Δήμου Ηγουμενίτσας,516,211,4,1,5,206,89,54,7,16,50,18,19,6,28,5,5,16,7,1,1,1,3,2,1,0,5,2,0,0,1,1,3,3,0,0,0,0,6,2,1,3,1,1,0,0,3,3,0,0,0,0,0,0,0,0,1,0,0,0,0,0,0,5,5,0,0,1,0,0,0,3,2
20 - Θεσπρωτίας,53 E.T. Δήμου Ηγουμενίτσας,516,248,6,1,7,241,65,45,5,12,67,17,36,7,49,12,2,34,23,5,8,4,12,6,3,0,4,3,0,0,1,1,1,1,0,0,1,1,2,1,1,0,0,0,1,1,2,2,2,2,0,0,1,1,1,0,0,0,0,0,0,1,1,3,2,0,0,3,3,0,0,2,0
20 - Θεσπρωτίας,54 E.T. Δήμου Ηγουμενίτσας,515,223,0,0,0,223,119,87,13,15,34,4,15,3,41,9,6,24,7,1,3,0,4,1,0,2,3,1,1,0,1,0,0,0,0,0,0,0,0,0,0,0,0,0,0,0,5,4,1,1,0,0,0,0,0,0,1,0,0,0,0,0,0,3,0,1,1,0,0,0,0,3,1
20 - Θεσπρωτίας,55 E.T. Δήμου Ηγουμενίτσας,511,241,1,2,3,238,93,76,4,6,45,18,17,6,51,8,15,24,15,3,1,3,3,2,0,1,5,0,4,0,5,3,2,2,0,0,0,0,0,0,0,0,1,0,2,0,3,3,0,0,0,0,0,0,0,0,0,0,0,0,0,0,0,1,1,0,0,1,1,2,0,9,7
20 - Θεσπρωτίας,56 E.T. Δήμου Ηγουμενίτσας,483,211,3,3,6,205,118,86,5,15,33,7,17,3,21,9,1,5,3,0,1,1,5,1,0,2,3,1,0,0,1,0,4,4,0,0,0,0,0,0,0,0,2,0,1,1,3,3,0,0,0,0,0,0,0,0,1,0,0,0,0,0,0,4,3,0,0,1,1,1,1,4,1
20 - Θεσπρωτίας,57 E.T. Δήμου Ηγουμενίτσας,394,178,1,1,2,176,94,58,10,20,17,6,8,1,22,16,0,0,3,1,2,0,16,12,1,0,4,4,0,0,1,0,0,0,0,0,0,0,1,0,1,0,2,2,2,0,2,1,0,0,0,0,0,0,0,0,1,1,0,0,0,2,0,1,1,0,0,1,1,1,0,6,4
20 - Θεσπρωτίας,58 E.T. Δήμου Ηγουμενίτσας,357,193,4,1,5,188,81,61,5,10,48,16,26,1,25,9,4,9,5,0,1,0,12,6,0,5,5,0,0,3,0,0,0,0,0,0,0,0,1,0,0,1,1,0,2,1,0,0,0,0,0,0,0,0,0,0,0,0,0,0,0,0,0,1,1,0,0,1,1,1,1,5,1
20 - Θεσπρωτίας,59 E.T. Δήμου Ηγουμενίτσας,392,215,5,2,7,208,87,66,7,8,47,13,20,2,29,6,4,17,12,2,3,2,6,2,0,1,8,3,1,1,2,0,1,0,0,1,1,0,1,1,0,0,3,2,0,0,3,2,0,0,0,0,0,0,0,0,1,1,0,1,1,0,0,0,0,0,0,1,1,1,0,4,1
20 - Θεσπρωτίας,60 E.T. Δήμου Ηγουμενίτσας,390,187,7,1,8,179,69,61,0,3,36,3,23,4,49,8,6,27,6,2,0,0,1,0,0,1,2,0,0,1,1,1,2,1,1,0,0,0,0,0,0,0,2,0,2,1,3,1,0,0,0,0,0,0,0,0,1,0,1,0,0,0,0,1,1,0,0,0,0,1,0,3,3
20 - Θεσπρωτίας,61 E.T. Δήμου Ηγουμενίτσας,415,202,15,0,15,187,91,75,2,8,40,2,33,0,22,6,3,10,7,2,1,2,4,3,0,0,5,1,1,0,1,1,0,0,0,0,1,1,0,0,0,0,0,0,2,0,5,5,0,0,0,0,0,0,0,0,1,1,0,0,0,0,0,1,1,0,0,3,3,2,2,2,1
20 - Θεσπρωτίας,62 E.T. Δήμου Ηγουμενίτσας,385,238,5,2,7,231,89,63,14,6,43,4,30,3,53,13,1,34,11,2,6,1,8,3,2,1,8,4,0,0,0,0,1,0,1,0,0,0,3,1,1,0,0,0,2,2,6,5,0,0,0,0,0,0,0,0,0,0,0,1,0,1,1,1,1,0,0,0,0,1,0,3,3
20 - Θεσπρωτίας,63 E.T. Δήμου Ηγουμενίτσας,394,250,9,2,11,239,109,77,17,10,61,9,40,9,31,9,1,20,5,1,1,2,8,2,3,2,3,3,0,0,2,2,0,0,0,0,0,0,1,0,0,0,0,0,0,0,8,7,0,0,1,1,0,0,0,0,0,0,0,1,1,1,1,0,0,0,0,0,0,1,1,7,6
20 - Θεσπρωτίας,64 E.T. Δήμου Ηγουμενίτσας,395,236,0,0,0,236,111,64,30,12,53,8,34,4,44,7,0,32,7,2,3,1,3,1,1,1,3,2,1,0,1,1,2,0,2,0,0,0,1,1,0,0,1,1,1,0,0,0,0,0,0,0,1,1,0,0,0,0,0,1,1,0,0,1,1,0,0,3,2,0,0,3,1
20 - Θεσπρωτίας,65 E.T. Δήμου Ηγουμενίτσας,555,285,6,2,8,277,132,99,14,9,43,11,16,9,45,18,4,22,17,1,7,3,2,1,0,0,7,4,0,2,1,0,2,2,0,0,0,0,2,2,0,0,0,0,7,1,7,5,0,0,0,0,1,0,0,0,1,1,0,0,0,0,0,2,2,0,0,0,0,2,1,6,3
20 - Θεσπρωτίας,66 E.T. Δήμου Ηγουμενίτσας,389,211,0,1,1,210,92,62,11,7,47,10,29,0,36,16,2,17,7,0,4,0,5,0,0,1,7,1,0,4,1,0,0,0,0,0,0,0,2,1,0,1,2,1,0,0,1,1,0,0,0,0,0,0,0,0,1,1,0,0,0,1,0,6,1,1,0,0,0,0,0,1,0
20 - Θεσπρωτίας,67 E.T. Δήμου Σουλίου,490,271,5,3,8,263,91,65,16,5,84,7,66,6,40,16,10,9,13,4,1,1,4,1,2,1,4,1,0,0,1,1,4,0,4,0,0,0,1,0,0,1,0,0,0,0,2,0,0,0,0,0,0,0,0,0,15,0,15,3,1,0,0,0,0,0,0,0,0,0,0,1,0
20 - Θεσπρωτίας,68 E.T. Δήμου Σουλίου,475,216,4,2,6,210,75,47,13,7,67,47,13,7,20,6,6,2,13,5,1,1,3,0,1,2,2,0,0,0,1,1,1,1,0,0,0,0,1,0,0,1,0,0,1,1,6,0,0,0,0,0,0,0,0,0,17,1,14,0,0,0,0,1,1,0,0,0,0,1,0,1,1
20 - Θεσπρωτίας,69 E.T. Δήμου Σουλίου,456,221,2,1,3,218,97,67,17,7,45,4,27,4,32,18,3,7,25,12,1,5,1,0,0,0,0,0,0,0,0,0,3,0,2,0,0,0,0,0,0,0,2,0,0,0,5,3,0,0,0,0,0,0,1,1,0,0,0,0,0,0,0,1,1,0,0,0,0,1,1,5,2
20 - Θεσπρωτίας,70 E.T. Δήμου Σουλίου,471,275,5,0,5,270,123,89,24,6,47,5,28,5,40,24,9,3,9,6,1,0,12,1,6,1,4,2,0,1,0,0,5,0,5,0,0,0,1,0,0,0,2,2,0,0,11,2,0,0,0,0,0,0,8,8,2,0,2,0,0,0,0,0,0,0,0,0,0,0,0,6,0
20 - Θεσπρωτίας,71 E.T. Δήμου Σουλίου,502,267,9,1,10,257,134,106,10,7,63,11,39,3,28,7,9,6,3,0,0,2,4,0,1,1,3,2,0,1,1,1,4,1,2,0,0,0,0,0,0,0,0,0,3,1,2,1,0,0,1,0,0,0,2,2,3,0,3,1,0,1,1,1,0,0,0,2,0,0,0,1,1
20 - Θεσπρωτίας,72 E.T. Δήμου Σουλίου,473,211,1,1,2,209,135,103,11,17,33,4,23,4,25,3,9,5,4,2,0,0,5,0,4,1,1,0,0,0,1,1,1,0,1,0,0,0,0,0,0,0,1,0,1,0,0,0,0,0,0,0,0,0,0,0,2,1,1,0,0,0,0,0,0,0,0,0,0,0,0,0,0
20 - Θεσπρωτίας,73 E.T. Δήμου Σουλίου,395,184,0,1,1,183,75,52,11,6,39,4,18,6,32,13,4,8,0,0,0,0,13,0,10,1,1,0,0,0,0,0,2,0,2,0,0,0,3,0,0,1,1,0,0,0,6,2,0,0,0,0,0,0,0,0,3,0,3,0,0,1,1,0,0,0,0,1,1,1,1,5,4
20 - Θεσπρωτίας,74 E.T. Δήμου Σουλίου,515,325,5,1,6,319,135,116,14,3,72,4,42,6,42,22,9,10,28,19,1,0,12,2,0,7,4,0,0,0,0,0,4,0,3,0,0,0,2,1,0,1,1,0,2,1,8,4,0,0,0,0,0,0,0,0,0,0,0,0,0,1,1,1,0,0,0,1,1,0,0,6,4
20 - Θεσπρωτίας,75 E.T. Δήμου Σουλίου,497,308,4,0,4,304,119,74,17,12,59,6,37,2,58,29,5,14,25,21,0,0,11,3,0,5,1,1,0,0,1,1,4,0,4,0,0,0,3,1,0,0,6,4,3,1,4,3,0,0,0,0,0,0,3,2,1,0,1,1,1,0,0,1,1,1,1,0,0,1,0,2,2
20 - Θεσπρωτίας,76 E.T. Δήμου Σουλίου,501,311,5,0,5,306,94,63,18,4,72,5,38,11,48,23,3,14,38,29,0,1,5,1,1,1,9,5,0,1,1,0,7,1,6,0,0,0,3,0,1,1,2,0,6,5,3,0,0,0,0,0,0,0,3,2,3,0,3,3,0,0,0,3,2,0,0,0,0,2,1,4,3
20 - Θεσπρωτίας,77 E.T. Δήμου Σουλίου,532,308,10,1,11,297,140,104,23,8,51,4,30,6,31,17,4,7,34,29,2,0,9,2,1,4,6,0,0,1,0,0,4,0,3,0,0,0,0,0,0,0,3,1,5,1,2,1,0,0,0,0,0,0,1,1,3,1,2,0,0,0,0,3,2,0,0,0,0,1,0,4,0
20 - Θεσπρωτίας,78 E.T. Δήμου Σουλίου,497,282,4,1,5,277,122,81,23,8,80,9,53,6,31,18,2,8,15,10,2,1,5,0,3,1,3,1,1,0,0,0,0,0,0,0,0,0,0,0,0,0,1,1,2,2,6,0,0,0,0,0,0,0,1,0,0,0,0,2,0,1,0,2,1,0,0,1,0,1,0,4,1
20 - Θεσπρωτίας,79 E.T. Δήμου Σουλίου,431,244,4,2,6,238,101,64,12,16,45,4,33,5,26,11,3,10,29,22,0,0,5,1,0,4,1,0,1,0,1,1,7,1,5,0,0,0,1,0,1,0,3,3,4,2,1,0,0,0,0,0,0,0,6,3,0,0,0,0,0,0,0,1,0,0,0,1,1,2,1,4,2
20 - Θεσπρωτίας,80 E.T. Δήμου Σουλίου,214,80,1,0,1,79,40,21,1,7,12,1,5,3,11,10,0,1,7,2,0,0,4,2,1,0,0,0,0,0,1,1,0,0,0,0,0,0,0,0,0,0,0,0,0,0,4,1,0,0,0,0,0,0,0,0,0,0,0,0,0,0,0,0,0,0,0,0,0,0,0,0,0
20 - Θεσπρωτίας,81 E.T. Δήμου Σουλίου,503,213,2,1,3,210,126,90,27,7,24,3,19,0,32,14,5,13,13,8,0,0,2,1,0,1,2,0,0,2,2,2,0,0,0,0,0,0,1,0,0,1,1,0,0,0,1,0,0,0,0,0,0,0,0,0,0,0,0,0,0,0,0,4,4,0,0,1,0,0,0,1,1
20 - Θεσπρωτίας,82 E.T. Δήμου Σουλίου,506,237,6,1,7,230,96,63,9,17,39,3,27,2,36,9,16,8,15,12,0,2,6,0,1,3,9,0,4,2,4,4,3,0,1,1,0,0,1,0,0,0,3,1,2,0,4,2,0,0,0,0,0,0,0,0,2,1,1,1,0,0,0,2,2,0,0,2,2,1,0,4,2
20 - Θεσπρωτίας,83 E.T. Δήμου Σουλίου,53,38,0,0,0,38,13,4,6,1,6,1,4,0,10,4,0,5,1,0,1,0,1,0,0,0,0,0,0,0,1,0,1,0,1,0,0,0,0,0,0,0,0,0,0,0,2,1,0,0,0,0,0,0,1,0,1,1,0,0,0,0,0,0,0,0,0,0,0,0,0,1,0
20 - Θεσπρωτίας,84 E.T. Δήμου Σουλίου,431,180,3,0,3,177,77,61,10,1,31,3,19,5,27,10,5,9,9,8,1,0,11,1,2,8,1,0,0,0,2,2,3,0,1,1,0,0,2,1,0,0,1,1,0,0,1,1,0,0,0,0,0,0,3,1,3,0,3,0,0,0,0,1,1,0,0,0,0,2,1,3,2
20 - Θεσπρωτίας,85 E.T. Δήμου Σουλίου,425,202,8,0,8,194,81,66,4,2,39,2,27,3,31,17,4,7,16,11,0,1,5,0,0,4,1,1,0,0,0,0,1,0,1,0,0,0,1,0,0,0,1,1,4,2,4,3,0,0,0,0,0,0,1,1,6,0,6,1,0,1,0,0,0,1,0,0,0,0,0,0,0
20 - Θεσπρωτίας,86 E.T. Δήμου Σουλίου,341,146,0,2,2,144,49,30,4,11,38,7,19,5,31,8,10,12,5,0,0,1,4,1,0,2,3,1,1,0,0,0,3,0,2,1,0,0,0,0,0,0,0,0,0,0,4,4,1,0,0,0,0,0,1,0,0,0,0,0,0,0,0,3,3,0,0,0,0,0,0,2,1
20 - Θεσπρωτίας,87 E.T. Δήμου Σουλίου,449,237,7,0,7,230,127,115,8,1,43,6,26,5,25,10,5,7,15,9,2,2,1,0,0,0,6,0,3,2,0,0,0,0,0,0,0,0,0,0,0,0,2,2,0,0,3,2,0,0,0,0,0,0,3,3,0,0,0,1,1,0,0,1,1,0,0,0,0,2,0,1,1
20 - Θεσπρωτίας,88 E.T. Δήμου Σουλίου,427,204,10,0,10,194,94,69,16,1,47,0,38,3,25,12,5,7,7,2,2,1,7,1,0,3,2,2,0,0,2,0,1,0,1,0,1,0,0,0,0,0,3,3,1,1,0,0,1,0,0,0,0,0,0,0,0,0,0,0,0,0,0,0,0,1,0,1,0,0,0,1,0
20 - Θεσπρωτίας,89 E.T. Δήμου Σουλίου,440,240,5,7,12,228,117,94,15,4,40,9,23,3,31,20,0,7,11,6,1,1,5,1,0,3,0,0,0,0,1,1,5,0,5,0,0,0,1,0,0,0,1,1,3,2,2,2,1,1,0,0,0,0,1,1,2,0,2,0,0,0,0,2,2,0,0,3,2,0,0,2,1
20 - Θεσπρωτίας,90 E.T. Δήμου Σουλίου,631,299,4,1,5,294,120,62,47,7,72,7,47,7,43,6,2,14,21,6,1,12,10,3,0,5,3,1,0,0,2,2,4,1,3,0,0,0,0,0,0,0,1,1,3,2,4,1,0,0,0,0,0,0,2,1,0,0,0,1,0,2,0,1,1,0,0,1,1,1,1,3,3
20 - Θεσπρωτίας,91 E.T. Δήμου Σουλίου,463,218,5,1,6,212,91,53,29,3,51,13,32,1,15,14,0,0,14,7,1,5,8,2,1,3,3,1,0,1,0,0,3,1,1,0,0,0,3,2,0,0,5,3,1,0,2,2,0,0,1,1,0,0,2,0,3,1,0,0,0,0,0,2,2,2,1,0,0,0,0,6,2
20 - Θεσπρωτίας,92 E.T. Δήμου Σουλίου,275,140,5,0,5,135,65,46,4,10,37,4,22,5,8,0,7,1,11,0,2,2,2,0,0,0,0,0,0,0,0,0,0,0,0,0,0,0,2,2,0,0,0,0,0,0,7,6,0,0,0,0,0,0,1,1,0,0,0,0,0,0,0,0,0,0,0,0,0,1,0,1,0
20 - Θεσπρωτίας,93 E.T. Δήμου Σουλίου,684,282,12,1,13,269,97,71,11,5,59,8,35,5,39,10,7,10,25,15,1,4,8,0,1,2,8,1,0,1,1,1,18,0,17,0,0,0,2,1,1,0,0,0,2,1,3,1,0,0,0,0,0,0,1,1,1,0,1,0,0,1,0,0,0,0,0,0,0,2,1,2,0
20 - Θεσπρωτίας,94 E.T. Δήμου Σουλίου,388,200,3,2,5,195,89,65,7,9,38,2,31,1,27,12,1,11,11,9,0,0,9,2,3,0,3,0,0,1,0,0,1,0,1,0,0,0,1,0,0,0,1,1,1,0,10,9,0,0,0,0,0,0,0,0,1,0,1,0,0,0,0,1,0,0,0,0,0,2,0,0,0
20 - Θεσπρωτίας,95 E.T. Δήμου Σουλίου,214,74,2,0,2,72,40,27,4,7,13,1,7,1,5,1,0,4,3,0,0,1,0,0,0,0,3,0,0,0,0,0,0,0,0,0,0,0,1,0,0,0,0,0,0,0,0,0,0,0,0,0,0,0,0,0,0,0,0,1,0,0,0,2,2,0,0,2,1,0,0,2,0
20 - Θεσπρωτίας,96 E.T. Δήμου Σουλίου,143,57,1,0,1,56,32,12,17,2,9,1,5,1,3,0,0,3,1,0,0,0,5,3,1,0,0,0,0,0,1,1,0,0,0,0,0,0,0,0,0,0,0,0,0,0,3,2,0,0,0,0,0,0,0,0,0,0,0,0,0,0,0,0,0,0,0,0,0,0,0,2,2
20 - Θεσπρωτίας,97 E.T. Δήμου Σουλίου,157,94,2,1,3,91,55,16,5,31,18,0,12,3,5,1,3,1,6,0,1,2,1,0,0,1,2,1,1,0,0,0,1,0,1,0,0,0,0,0,0,0,0,0,0,0,2,1,0,0,0,0,0,0,0,0,0,0,0,0,0,0,0,0,0,0,0,1,1,0,0,0,0
20 - Θεσπρωτίας,98 E.T. Δήμου Σουλίου,340,115,6,0,6,109,40,22,2,15,21,3,14,1,21,9,4,5,8,1,1,1,1,0,0,1,5,0,0,1,2,1,1,0,0,0,0,0,0,0,0,0,1,1,2,2,2,2,1,0,0,0,0,0,0,0,0,0,0,1,0,0,0,0,0,0,0,0,0,0,0,3,2
20 - Θεσπρωτίας,99 E.T. Δήμου Σουλίου,223,64,1,3,4,60,38,22,8,4,8,0,4,2,3,1,0,2,4,0,1,0,0,0,0,0,2,0,1,0,0,0,0,0,0,0,0,0,0,0,0,0,0,0,1,1,0,0,1,0,0,0,0,0,0,0,0,0,0,0,0,0,0,0,0,2,2,0,0,1,0,0,0
20 - Θεσπρωτίας,100 E.T. Δήμου Σουλίου,376,151,3,1,4,147,69,47,13,2,17,2,11,3,16,6,2,8,10,3,0,3,20,0,0,20,0,0,0,0,1,0,4,0,4,0,0,0,0,0,0,0,2,2,2,1,2,1,0,0,0,0,0,0,1,1,0,0,0,0,0,0,0,1,0,0,0,0,0,0,0,2,1
20 - Θεσπρωτίας,101 E.T. Δήμου Σουλίου,402,161,1,0,1,160,59,51,2,3,32,7,13,4,31,9,1,15,7,5,2,0,13,1,0,12,0,0,0,0,0,0,2,0,1,1,0,0,0,0,0,0,4,3,0,0,2,2,0,0,0,0,0,0,0,0,0,0,0,0,0,0,0,1,1,0,0,0,0,0,0,9,3
20 - Θεσπρωτίας,102 E.T. Δήμου Σουλίου,96,49,2,0,2,47,24,17,5,0,4,0,2,1,8,3,0,5,0,0,0,0,1,1,0,0,0,0,0,0,0,0,0,0,0,0,0,0,0,0,0,0,1,0,1,1,0,0,0,0,0,0,0,0,7,3,0,0,0,0,0,0,0,0,0,0,0,0,0,0,0,1,0
20 - Θεσπρωτίας,103 E.T. Δήμου Σουλίου,284,147,2,0,2,145,41,33,4,0,32,1,27,1,35,12,6,14,11,11,0,0,3,0,0,3,2,0,0,1,0,0,12,0,9,0,0,0,0,0,0,0,0,0,6,4,2,2,0,0,0,0,0,0,0,0,0,0,0,0,0,0,0,0,0,0,0,0,0,1,1,0,0
20 - Θεσπρωτίας,104 E.T. Δήμου Σουλίου,237,120,1,1,2,118,44,35,5,1,27,1,13,2,13,5,3,3,8,4,0,0,4,0,0,3,3,1,0,0,0,0,6,0,4,0,0,0,1,1,0,0,0,0,2,1,4,2,0,0,0,0,0,0,2,1,0,0,0,0,0,0,0,1,0,0,0,0,0,0,0,3,1
20 - Θεσπρωτίας,105 E.T. Δήμου Σουλίου,423,172,14,2,16,156,79,58,4,13,31,2,26,2,17,5,1,11,3,2,1,0,3,0,0,0,1,1,0,0,1,1,2,0,1,0,0,0,0,0,0,0,4,4,2,0,1,1,0,0,0,0,0,0,0,0,2,2,0,0,0,1,1,0,0,0,0,0,0,1,0,8,4
20 - Θεσπρωτίας,106 E.T. Δήμου Σουλίου,298,151,3,2,5,146,73,35,18,15,35,2,19,6,19,14,1,2,6,4,1,1,6,0,1,3,0,0,0,0,1,1,0,0,0,0,0,0,0,0,0,0,0,0,1,1,1,1,0,0,0,0,0,0,0,0,0,0,0,0,0,0,0,1,1,0,0,2,1,0,0,1,0
20 - Θεσπρωτίας,107 E.T. Δήμου Σουλίου,186,89,1,0,1,88,45,12,26,2,14,1,4,3,11,6,4,1,1,1,0,0,9,1,2,0,4,0,0,0,1,1,0,0,0,0,0,0,0,0,0,0,0,0,1,0,1,1,0,0,0,0,0,0,0,0,0,0,0,0,0,0,0,1,1,0,0,0,0,0,0,0,0
20 - Θεσπρωτίας,108 E.T. Δήμου Σουλίου,78,41,1,1,2,39,22,20,1,1,3,0,2,0,10,0,2,1,2,1,1,0,1,0,0,0,0,0,0,0,0,0,0,0,0,0,0,0,0,0,0,0,0,0,0,0,0,0,0,0,0,0,0,0,0,0,0,0,0,1,0,0,0,0,0,0,0,0,0,0,0,0,0
20 - Θεσπρωτίας,109 E.T. Δήμου Σουλίου,226,141,1,1,2,139,48,21,7,10,23,1,16,3,28,11,0,15,18,14,0,3,5,2,1,1,1,0,0,0,0,0,2,0,2,0,0,0,0,0,0,0,0,0,2,2,8,4,0,0,0,0,0,0,1,1,0,0,0,0,0,0,0,1,0,0,0,0,0,1,1,1,0
20 - Θεσπρωτίας,110 E.T. Δήμου Σουλίου,246,101,7,0,7,94,46,17,13,12,22,3,11,1,12,2,1,4,5,1,1,1,2,0,0,0,1,0,1,0,0,0,0,0,0,0,0,0,1,0,0,0,0,0,0,0,2,0,0,0,0,0,0,0,0,0,0,0,0,0,0,0,0,0,0,0,0,0,0,0,0,3,3
20 - Θεσπρωτίας,111 E.T. Δήμου Φιλιατών,363,193,1,0,1,192,89,70,16,1,20,5,8,4,41,9,11,18,18,2,1,12,6,3,1,1,4,0,0,1,1,1,1,1,0,0,0,0,1,0,1,0,0,0,2,1,3,3,0,0,0,0,0,0,0,0,4,4,0,0,0,0,0,0,0,0,0,1,0,0,0,1,1
20 - Θεσπρωτίας,112 E.T. Δήμου Φιλιατών,343,195,11,1,12,183,89,80,4,5,39,8,21,3,26,2,13,10,13,3,2,6,7,5,0,1,1,1,0,0,0,0,2,0,1,0,0,0,1,0,0,0,2,0,0,0,0,0,0,0,0,0,0,0,1,1,1,1,0,0,0,0,0,0,0,0,0,0,0,0,0,1,1
20 - Θεσπρωτίας,113 E.T. Δήμου Φιλιατών,358,241,3,1,4,237,104,73,9,15,50,12,28,6,38,6,10,18,13,0,8,1,6,3,0,3,0,0,0,0,0,0,0,0,0,0,0,0,2,1,0,0,1,1,4,2,9,4,0,0,0,0,0,0,0,0,0,0,0,0,0,1,0,5,4,0,0,1,0,1,0,2,1
20 - Θεσπρωτίας,114 E.T. Δήμου Φιλιατών,199,108,2,1,3,105,55,41,10,1,28,0,20,2,11,3,0,8,1,0,1,0,0,0,0,0,3,1,1,0,0,0,0,0,0,0,0,0,1,0,0,1,2,1,0,0,1,1,0,0,0,0,0,0,0,0,1,1,0,0,0,0,0,1,0,1,0,0,0,0,0,0,0
20 - Θεσπρωτίας,115 E.T. Δήμου Φιλιατών,435,237,10,0,10,227,70,51,17,1,60,14,28,6,26,1,9,8,35,0,6,15,6,5,1,0,2,2,0,0,2,2,1,0,0,1,0,0,6,2,1,0,0,0,1,0,2,0,0,0,0,0,0,0,0,0,4,4,0,0,0,0,0,5,3,1,0,0,0,0,0,6,2
20 - Θεσπρωτίας,116 E.T. Δήμου Φιλιατών,433,255,3,3,6,249,87,66,9,3,62,4,40,6,29,4,10,6,22,0,6,10,6,1,1,0,4,3,0,0,2,0,3,0,0,0,0,0,4,1,1,1,1,1,3,0,5,2,0,0,0,0,1,0,0,0,0,0,0,0,0,0,0,8,6,1,0,2,2,2,2,7,5
20 - Θεσπρωτίας,117 E.T. Δήμου Φιλιατών,420,164,1,0,1,163,70,61,1,4,25,2,17,4,26,6,8,10,18,4,2,7,6,3,1,0,3,2,0,0,0,0,0,0,0,0,0,0,0,0,0,0,1,1,3,2,2,1,0,0,0,0,0,0,0,0,0,0,0,0,0,0,0,6,2,0,0,1,0,0,0,2,1
20 - Θεσπρωτίας,118 E.T. Δήμου Φιλιατών,481,103,2,0,2,101,76,64,5,3,7,1,6,0,7,0,4,2,0,0,0,0,1,0,1,0,0,0,0,0,4,0,0,0,0,0,0,0,1,0,1,0,0,0,0,0,2,0,0,0,1,0,0,0,0,0,0,0,0,0,0,0,0,0,0,0,0,0,0,0,0,2,1
20 - Θεσπρωτίας,119 E.T. Δήμου Φιλιατών,340,97,3,0,3,94,56,47,4,2,16,1,14,1,7,2,2,1,5,0,0,3,4,0,0,0,1,1,0,0,3,1,0,0,0,0,0,0,0,0,0,0,0,0,0,0,1,1,0,0,0,0,0,0,0,0,0,0,0,0,0,0,0,0,0,0,0,0,0,0,0,1,1
20 - Θεσπρωτίας,120 E.T. Δήμου Φιλιατών,288,121,1,0,1,120,60,38,5,7,31,4,18,5,8,3,1,4,6,2,4,0,2,2,0,0,0,0,0,0,2,2,1,0,0,1,0,0,0,0,0,0,0,0,0,0,5,5,0,0,0,0,2,2,0,0,0,0,0,0,0,0,0,2,2,1,1,0,0,0,0,0,0
20 - Θεσπρωτίας,121 E.T. Δήμου Φιλιατών,225,57,0,0,0,57,21,13,7,0,9,1,7,0,21,3,7,11,0,0,0,0,0,0,0,0,0,0,0,0,3,0,0,0,0,0,0,0,2,0,1,0,0,0,0,0,1,1,0,0,0,0,0,0,0,0,0,0,0,0,0,0,0,0,0,0,0,0,0,0,0,0,0
20 - Θεσπρωτίας,122 E.T. Δήμου Φιλιατών,33,5,0,0,0,5,2,2,0,0,1,0,0,1,0,0,0,0,0,0,0,0,0,0,0,0,0,0,0,0,0,0,0,0,0,0,0,0,0,0,0,0,0,0,0,0,0,0,0,0,0,0,0,0,0,0,0,0,0,0,0,0,0,0,0,0,0,0,0,0,0,2,1
20 - Θεσπρωτίας,123 E.T. Δήμου Φιλιατών,247,107,1,0,1,106,50,43,2,5,16,3,5,7,20,7,0,12,4,0,2,1,8,0,1,7,0,0,0,0,0,0,0,0,0,0,0,0,1,0,0,0,0,0,0,0,0,0,0,0,0,0,0,0,1,1,0,0,0,2,2,0,0,2,1,0,0,0,0,0,0,2,0
20 - Θεσπρωτίας,124 E.T. Δήμου Φιλιατών,129,23,1,0,1,22,10,10,0,0,5,1,0,3,3,0,2,1,1,0,0,1,1,0,0,0,0,0,0,0,0,0,0,0,0,0,0,0,0,0,0,0,1,0,0,0,0,0,0,0,0,0,0,0,0,0,0,0,0,0,0,0,0,0,0,0,0,0,0,0,0,1,0
20 - Θεσπρωτίας,125 E.T. Δήμου Φιλιατών,488,233,4,0,4,229,110,82,3,22,54,4,29,15,31,4,8,6,2,0,0,1,10,3,3,1,2,1,0,0,4,2,2,1,0,1,0,0,1,1,0,0,0,0,1,1,4,3,0,0,0,0,0,0,1,0,1,1,0,0,0,1,0,1,1,2,1,0,0,0,0,2,1
20 - Θεσπρωτίας,126 E.T. Δήμου Φιλιατών,74,28,0,0,0,28,10,5,2,3,7,0,6,0,6,0,5,0,1,1,0,0,1,1,0,0,1,1,0,0,0,0,0,0,0,0,0,0,0,0,0,0,0,0,0,0,0,0,0,0,0,0,0,0,0,0,0,0,0,0,0,0,0,0,0,0,0,1,1,0,0,1,1
20 - Θεσπρωτίας,127 E.T. Δήμου Φιλιατών,107,53,2,1,3,50,17,15,2,0,8,1,4,2,14,0,10,3,5,1,1,0,3,3,0,0,1,0,0,0,0,0,1,1,0,0,0,0,0,0,0,0,0,0,0,0,0,0,0,0,0,0,0,0,0,0,0,0,0,0,0,0,0,0,0,0,0,0,0,0,0,1,0
20 - Θεσπρωτίας,128 E.T. Δήμου Φιλιατών,238,63,0,0,0,63,22,11,4,6,19,1,8,3,5,0,1,4,4,1,1,1,0,0,0,0,3,0,0,0,0,0,0,0,0,0,0,0,0,0,0,0,1,1,2,1,5,3,0,0,0,0,0,0,0,0,0,0,0,0,0,0,0,0,0,0,0,0,0,1,0,1,1
20 - Θεσπρωτίας,129 E.T. Δήμου Φιλιατών,105,31,1,0,1,30,16,8,8,0,2,0,0,1,4,1,2,0,3,2,1,0,1,0,1,0,0,0,0,0,0,0,0,0,0,0,0,0,0,0,0,0,1,0,0,0,0,0,0,0,0,0,0,0,0,0,0,0,0,0,0,0,0,1,1,0,0,0,0,0,0,2,1
20 - Θεσπρωτίας,130 E.T. Δήμου Φιλιατών,348,119,6,0,6,113,45,41,0,1,33,1,26,5,17,2,9,4,2,1,1,0,2,0,0,0,0,0,0,0,1,0,0,0,0,0,0,0,0,0,0,0,7,7,0,0,5,3,0,0,0,0,0,0,0,0,0,0,0,0,0,1,0,0,0,0,0,0,0,0,0,0,0
20 - Θεσπρωτίας,131 E.T. Δήμου Φιλιατών,331,134,3,1,4,130,71,56,8,4,34,0,14,15,13,0,6,6,5,0,4,0,1,0,0,0,2,0,1,0,0,0,0,0,0,0,0,0,0,0,0,0,1,0,0,0,0,0,0,0,0,0,0,0,0,0,0,0,0,0,0,0,0,0,0,0,0,0,0,0,0,3,2
20 - Θεσπρωτίας,132 E.T. Δήμου Φιλιατών,138,46,0,0,0,46,14,12,0,2,12,0,11,1,10,1,5,4,5,0,0,0,0,0,0,0,1,0,0,1,2,2,0,0,0,0,0,0,0,0,0,0,0,0,0,0,2,2,0,0,0,0,0,0,0,0,0,0,0,0,0,0,0,0,0,0,0,0,0,0,0,0,0
20 - Θεσπρωτίας,133 E.T. Δήμου Φιλιατών,104,34,0,0,0,34,24,17,3,2,3,0,0,2,4,1,1,2,0,0,0,0,0,0,0,0,2,1,1,0,1,1,0,0,0,0,0,0,0,0,0,0,0,0,0,0,0,0,0,0,0,0,0,0,0,0,0,0,0,0,0,0,0,0,0,0,0,0,0,0,0,0,0
20 - Θεσπρωτίας,134 E.T. Δήμου Φιλιατών,100,28,1,0,1,27,6,2,0,1,10,0,6,3,6,1,5,0,4,3,0,0,0,0,0,0,1,0,0,0,0,0,0,0,0,0,0,0,0,0,0,0,0,0,0,0,0,0,0,0,0,0,0,0,0,0,0,0,0,0,0,0,0,0,0,0,0,0,0,0,0,0,0
20 - Θεσπρωτίας,135 E.T. Δήμου Φιλιατών,337,116,4,0,4,112,47,38,5,1,16,2,9,2,29,0,9,14,6,0,3,0,1,0,0,1,2,1,0,0,6,5,1,0,0,0,0,0,0,0,0,0,1,1,0,0,0,0,0,0,0,0,1,1,0,0,0,0,0,1,0,0,0,0,0,0,0,0,0,0,0,1,0
20 - Θεσπρωτίας,136 E.T. Δήμου Φιλιατών,149,60,1,0,1,59,20,16,1,2,26,0,7,18,2,0,2,0,1,0,1,0,0,0,0,0,1,0,0,1,3,2,0,0,0,0,1,1,1,1,0,0,4,4,0,0,0,0,0,0,0,0,0,0,0,0,0,0,0,0,0,0,0,0,0,0,0,0,0,0,0,0,0
20 - Θεσπρωτίας,137 E.T. Δήμου Φιλιατών,80,44,0,0,0,44,19,17,0,2,19,0,0,18,2,2,0,0,0,0,0,0,3,1,1,0,0,0,0,0,0,0,0,0,0,0,0,0,0,0,0,0,1,1,0,0,0,0,0,0,0,0,0,0,0,0,0,0,0,0,0,0,0,0,0,0,0,0,0,0,0,0,0
20 - Θεσπρωτίας,138 E.T. Δήμου Φιλιατών,24,5,0,1,1,4,2,2,0,0,1,0,1,0,0,0,0,0,0,0,0,0,0,0,0,0,0,0,0,0,0,0,0,0,0,0,0,0,0,0,0,0,0,0,0,0,1,0,0,0,0,0,0,0,0,0,0,0,0,0,0,0,0,0,0,0,0,0,0,0,0,0,0
20 - Θεσπρωτίας,139 E.T. Δήμου Φιλιατών,188,24,0,0,0,24,12,11,1,0,7,1,2,4,3,0,2,1,1,1,0,0,1,1,0,0,0,0,0,0,0,0,0,0,0,0,0,0,0,0,0,0,0,0,0,0,0,0,0,0,0,0,0,0,0,0,0,0,0,0,0,0,0,0,0,0,0,0,0,0,0,0,0
20 - Θεσπρωτίας,140 E.T. Δήμου Φιλιατών,416,146,2,0,2,144,62,36,9,11,33,0,21,7,18,7,6,3,11,4,0,3,4,1,0,1,1,1,0,0,0,0,3,0,0,1,0,0,2,0,1,0,1,0,0,0,6,5,0,0,0,0,0,0,1,1,0,0,0,0,0,0,0,0,0,1,0,0,0,0,0,1,1
20 - Θεσπρωτίας,141 E.T. Δήμου Φιλιατών,254,118,1,1,2,116,65,43,10,10,30,4,9,14,6,2,2,2,8,0,0,6,0,0,0,0,0,0,0,0,1,0,0,0,0,0,0,0,0,0,0,0,0,0,0,0,0,0,0,0,0,0,1,1,1,1,0,0,0,0,0,0,0,0,0,0,0,0,0,0,0,4,4
20 - Θεσπρωτίας,142 E.T. Δήμου Φιλιατών,181,42,1,0,1,41,19,15,1,1,5,0,5,0,7,0,4,3,8,0,2,1,0,0,0,0,0,0,0,0,0,0,0,0,0,0,0,0,0,0,0,0,0,0,0,0,2,2,0,0,0,0,0,0,0,0,0,0,0,0,0,0,0,0,0,0,0,0,0,0,0,0,0
20 - Θεσπρωτίας,143 E.T. Δήμου Φιλιατών,60,28,0,0,0,28,20,18,1,0,3,1,1,1,3,3,0,0,0,0,0,0,0,0,0,0,0,0,0,0,1,1,0,0,0,0,0,0,0,0,0,0,0,0,0,0,0,0,0,0,0,0,0,0,0,0,0,0,0,0,0,0,0,0,0,0,0,0,0,0,0,1,1
20 - Θεσπρωτίας,144 E.T. Δήμου Φιλιατών,259,65,0,2,2,63,29,27,1,1,13,2,8,2,12,4,5,2,4,1,2,0,1,1,0,0,1,0,0,0,0,0,0,0,0,0,0,0,1,0,0,0,0,0,0,0,0,0,0,0,0,0,0,0,0,0,0,0,0,0,0,0,0,1,1,0,0,0,0,0,0,1,1
20 - Θεσπρωτίας,145 E.T. Δήμου Φιλιατών,75,20,2,0,2,18,5,3,2,0,8,0,6,1,3,0,3,0,1,0,0,1,0,0,0,0,0,0,0,0,0,0,0,0,0,0,0,0,0,0,0,0,0,0,0,0,0,0,0,0,0,0,0,0,0,0,0,0,0,0,0,0,0,0,0,0,0,0,0,0,0,1,1
20 - Θεσπρωτίας,146 E.T. Δήμου Φιλιατών,251,120,6,1,7,113,56,46,5,2,31,3,18,8,12,1,4,2,1,0,0,0,4,3,1,0,0,0,0,0,1,1,0,0,0,0,0,0,0,0,0,0,2,1,0,0,3,0,0,0,0,0,0,0,0,0,1,1,0,0,0,0,0,0,0,1,0,0,0,0,0,1,0
20 - Θεσπρωτίας,147 E.T. Δήμου Φιλιατών,215,76,3,1,4,72,28,14,6,6,16,1,10,5,16,2,8,6,0,0,0,0,1,1,0,0,1,1,0,0,2,2,0,0,0,0,0,0,0,0,0,0,4,0,1,1,0,0,0,0,0,0,0,0,1,1,0,0,0,0,0,0,0,0,0,0,0,0,0,0,0,2,2
20 - Θεσπρωτίας,148 E.T. Δήμου Φιλιατών,464,171,2,2,4,167,81,57,2,7,36,4,19,9,27,8,7,7,4,3,0,1,3,0,0,1,2,2,0,0,0,0,2,1,0,0,0,0,0,0,0,0,0,0,0,0,4,3,0,0,0,0,3,2,1,1,0,0,0,0,0,0,0,0,0,0,0,1,0,0,0,3,1
20 - Θεσπρωτίας,149 E.T. Δήμου Φιλιατών,90,31,0,0,0,31,19,14,1,3,4,1,2,0,2,1,1,0,1,0,1,0,0,0,0,0,0,0,0,0,2,1,2,0,0,2,0,0,0,0,0,0,0,0,0,0,0,0,0,0,0,0,0,0,0,0,0,0,0,0,0,0,0,1,0,0,0,0,0,0,0,0,0
20 - Θεσπρωτίας,150 E.T. Δήμου Φιλιατών,333,119,5,0,5,114,51,44,3,0,23,0,21,1,10,1,5,4,2,1,1,0,4,2,0,1,0,0,0,0,1,0,1,0,0,1,0,0,0,0,0,0,4,1,1,1,6,4,0,0,0,0,0,0,1,1,0,0,0,0,0,1,1,1,1,0,0,0,0,0,0,8,4
20 - Θεσπρωτίας,151 E.T. Δήμου Φιλιατών,353,148,3,0,3,145,42,36,2,2,35,0,24,1,38,3,15,12,11,2,3,5,3,0,2,1,3,1,0,0,1,1,0,0,0,0,0,0,0,0,0,0,1,0,3,1,2,1,0,0,0,0,0,0,1,1,0,0,0,1,0,0,0,3,0,0,0,1,0,0,0,0,0
20 - Θεσπρωτίας,152 E.T. Δήμου Φιλιατών,75,15,0,1,1,14,6,6,0,0,3,1,2,0,3,1,0,2,0,0,0,0,0,0,0,0,0,0,0,0,0,0,0,0,0,0,0,0,0,0,0,0,0,0,0,0,0,0,0,0,0,0,0,0,0,0,0,0,0,0,0,0,0,1,0,0,0,0,0,0,0,1,1
20 - Θεσπρωτίας,153 E.T. Δήμου Φιλιατών,198,76,0,0,0,76,39,27,7,4,22,1,3,15,5,1,3,0,4,1,2,0,0,0,0,0,2,0,1,0,2,1,0,0,0,0,0,0,0,0,0,0,1,0,0,0,0,0,0,0,0,0,0,0,0,0,0,0,0,0,0,0,0,0,0,0,0,1,1,0,0,0,0
20 - Θεσπρωτίας,154 E.T. Δήμου Φιλιατών,266,72,0,0,0,72,40,23,13,4,10,2,4,3,9,0,2,5,1,0,0,0,1,0,0,1,0,0,0,0,0,0,0,0,0,0,0,0,0,0,0,0,4,4,0,0,1,1,0,0,0,0,0,0,0,0,0,0,0,0,0,3,1,0,0,0,0,1,1,1,1,1,0
20 - Θεσπρωτίας,155 E.T. Δήμου Φιλιατών,142,50,1,0,1,49,14,7,0,0,9,0,3,5,13,0,6,6,4,1,1,2,1,0,0,1,3,3,0,0,2,1,0,0,0,0,0,0,1,0,1,0,0,0,1,0,0,0,0,0,0,0,0,0,0,0,0,0,0,0,0,0,0,0,0,0,0,0,0,1,0,0,0
20 - Θεσπρωτίας,156 E.T. Δήμου Φιλιατών,352,176,2,0,2,174,93,75,16,1,39,6,29,3,22,7,8,6,2,1,0,0,4,1,0,2,2,2,0,0,2,2,0,0,0,0,0,0,0,0,0,0,0,0,0,0,0,0,0,0,0,0,0,0,0,0,0,0,0,2,1,2,2,1,1,1,1,1,1,0,0,3,3
20 - Θεσπρωτίας,157 E.T. Δήμου Φιλιατών,255,73,1,0,1,72,28,18,7,1,14,2,6,5,13,1,4,4,9,1,3,2,2,2,0,0,0,0,0,0,1,1,0,0,0,0,0,0,1,0,0,0,1,1,0,0,1,1,0,0,0,0,0,0,0,0,0,0,0,0,0,0,0,0,0,0,0,0,0,0,0,2,1
20 - Θεσπρωτίας,158 E.T. Δήμου Φιλιατών,37,20,0,0,0,20,10,10,0,0,3,1,0,0,6,1,4,1,0,0,0,0,0,0,0,0,0,0,0,0,0,0,0,0,0,0,0,0,0,0,0,0,0,0,0,0,0,0,0,0,0,0,0,0,0,0,0,0,0,0,0,0,0,0,0,0,0,0,0,0,0,1,1
20 - Θεσπρωτίας,159 E.T. Δήμου Φιλιατών,486,205,7,1,8,197,89,72,5,3,57,6,36,9,12,0,4,4,7,1,0,3,7,3,0,3,5,1,1,2,1,0,1,0,0,0,0,0,3,1,0,0,4,3,0,0,4,0,0,0,0,0,2,2,0,0,0,0,0,1,1,0,0,2,1,0,0,0,0,1,1,1,0
20 - Θεσπρωτίας,160 E.T. Δήμου Φιλιατών,496,274,14,1,15,259,119,86,16,5,60,3,38,6,36,6,17,4,15,1,4,3,3,1,0,0,6,2,0,2,3,2,0,0,0,0,0,0,3,0,1,0,1,0,1,0,4,4,0,0,0,0,0,0,1,0,0,0,0,2,1,0,0,0,0,0,0,1,0,0,0,4,1
20 - Θεσπρωτίας,161 E.T. Δήμου Φιλιατών,485,254,5,0,5,249,101,82,10,5,64,3,39,13,38,1,26,7,17,3,5,0,5,1,1,1,2,0,1,1,3,3,1,0,1,0,0,0,0,0,0,0,2,2,0,0,4,4,0,0,0,0,0,0,3,3,2,0,1,1,1,0,0,0,0,1,1,0,0,0,0,5,3
20 - Θεσπρωτίας,162 E.T. Δήμου Φιλιατών,491,231,4,0,4,227,89,60,16,7,44,8,30,4,42,4,30,3,15,3,0,10,11,2,1,2,2,0,0,0,1,1,0,0,0,0,0,0,2,1,0,0,1,1,2,2,7,6,0,0,0,0,0,0,0,0,0,0,0,3,1,0,0,2,1,1,1,0,0,0,0,5,4
20 - Θεσπρωτίας,163 E.T. Δήμου Φιλιατών,481,259,5,4,9,250,104,78,9,6,76,11,44,8,37,6,21,5,3,1,1,1,8,1,3,0,3,0,0,1,2,2,0,0,0,0,0,0,3,1,2,0,4,2,1,0,3,3,1,1,0,0,0,0,1,1,0,0,0,0,0,1,0,0,0,0,0,1,1,1,0,1,1
20 - Θεσπρωτίας,164 E.T. Δήμου Φιλιατών,188,69,2,0,2,67,36,31,1,1,15,3,9,3,5,0,5,0,1,0,1,0,2,2,0,0,0,0,0,0,2,2,0,0,0,0,0,0,0,0,0,0,2,2,0,0,0,0,0,0,0,0,0,0,0,0,0,0,0,0,0,0,0,4,4,0,0,0,0,0,0,0,0
20 - Θεσπρωτίας,165 E.T. Δήμου Φιλιατών,115,48,0,0,0,48,18,17,1,0,15,1,14,0,6,0,6,0,2,0,1,0,1,0,0,1,1,0,0,0,0,0,0,0,0,0,0,0,0,0,0,0,0,0,0,0,0,0,0,0,0,0,0,0,0,0,0,0,0,0,0,0,0,3,3,0,0,0,0,0,0,2,2
20 - Θεσπρωτίας,166 E.T. Δήμου Φιλιατών,69,19,0,0,0,19,11,10,1,0,5,0,3,2,0,0,0,0,1,1,0,0,0,0,0,0,0,0,0,0,0,0,0,0,0,0,0,0,0,0,0,0,0,0,0,0,2,2,0,0,0,0,0,0,0,0,0,0,0,0,0,0,0,0,0,0,0,0,0,0,0,0,0
20 - Θεσπρωτίας,Ετερ. Θεσπρωτίας (από 17ο Ε.Τ. Νομ. Θεσσαλονικης),61,42,0,0,0,42,16,9,2,3,7,0,2,3,8,4,0,4,1,0,0,0,1,0,0,0,1,0,0,0,0,0,0,0,0,0,0,0,0,0,0,0,0,0,3,1,3,2,0,0,0,0,0,0,0,0,0,0,0,1,1,0,0,0,0,0,0,0,0,0,0,1,1
20 - Θεσπρωτίας,Ετερ. Θεσπρωτίας (από Εφετείο Θεσσαλονίκης),40,27,0,0,0,27,5,3,1,1,9,1,4,2,0,0,0,0,2,0,1,0,1,0,0,0,3,0,2,0,0,0,0,0,0,0,0,0,1,0,0,0,0,0,1,0,1,1,0,0,0,0,0,0,2,0,0,0,0,0,0,0,0,0,0,0,0,0,0,0,0,2,1
20 - Θεσπρωτίας,Ετερ. Θεσπρωτίας (από 67ο Ε.Τ. Νομ. Αττικης-Αθηνών),474,340,3,3,6,334,133,80,20,15,92,7,48,14,40,11,9,15,34,7,8,5,7,1,1,1,6,2,0,2,1,0,0,0,0,0,0,0,3,0,0,3,3,1,2,0,7,5,0,0,0,0,0,0,0,0,0,0,0,0,0,0,0,2,2,0,0,2,2,0,0,2,2
20 - Θεσπρωτίας,Ετερ. Θεσπρωτίας (από 68ο Ε.Τ. Νομ. Αττικης-Αθηνών),487,306,4,1,5,301,127,83,13,13,65,3,41,10,38,7,4,12,38,12,7,5,7,3,1,2,4,2,1,0,0,0,2,0,2,0,0,0,1,1,0,0,1,0,2,1,6,1,0,0,0,0,0,0,0,0,0,0,0,1,0,0,0,3,2,0,0,1,1,0,0,5,4
20 - Θεσπρωτίας,Ετερ. Θεσπρωτίας (από 69ο Ε.Τ. Νομ. Αττικης-Αθηνών),481,343,4,2,6,337,138,88,11,15,103,8,46,26,25,9,5,5,27,4,6,10,7,2,1,2,15,4,1,0,1,1,2,0,1,0,0,0,2,1,1,0,3,0,2,0,2,1,0,0,0,0,1,1,0,0,0,0,0,0,0,0,0,2,2,1,1,1,0,0,0,5,4
20 - Θεσπρωτίας,Ετερ. Θεσπρωτίας (από 70ο Ε.Τ. Νομ. Αττικης-Αθηνών),478,335,10,0,10,325,128,87,12,11,93,14,41,29,30,7,6,10,27,10,2,3,16,8,1,4,3,2,0,1,2,1,2,1,1,0,0,0,2,1,0,0,2,1,3,1,2,2,0,0,0,0,0,0,1,0,1,1,0,0,0,0,0,3,2,0,0,0,0,0,0,10,7
20 - Θεσπρωτίας,Ετερ. Θεσπρωτίας (από 10ο Ε.Τ. Νομ. Αττικης-Πειραιώς),110,83,1,1,2,81,30,22,5,2,15,1,10,2,13,6,4,1,8,1,5,1,5,1,2,2,2,1,1,0,0,0,0,0,0,0,0,0,1,0,0,0,2,1,0,0,2,1,0,0,0,0,0,0,1,1,0,0,0,0,0,0,0,1,1,0,0,0,0,0,0,1,0
Σύνολο,,62126,30864,701,150,851,30013,12803,9449,1358,1049,6804,941,4108,755,4433,1161,763,2006,1649,455,419,306,774,219,108,212,542,225,51,59,162,99,215,29,112,40,22,16,226,63,60,36,215,122,232,104,527,347,23,9,10,5,32,24,95,59,118,44,63,70,29,48,22,286,203,30,14,100,65,78,40,519,267
