ΠΕΡΙΦΕΡΕΙΑ,ΕΚΛΟΓΙΚΟ ΤΜΗΜΑ,ΕΓΓΕΓΡΑΜΜΕΝΟΙ,ΨΗΦΙΣΑΝΤΕΣ,ΑΚΥΡΑ,ΛΕΥΚΑ,ΑΚΥΡΑ & ΛΕΥΚΑ,ΕΓΚΥΡΑ,Νέα Δημοκρατία,ΓΙΩΡΓΟΣ ΙΩΑΝΝΗΣ του Αγγελή,ΚΑΡΑΝΑΣΙΟΣ ΕΥΘΥΜΙΟΣ του Βασιλείου,ΛΑΘΟΥΡΗ-ΠΑΡΓΑ ΜΑΡΙΑ του Σπυρίδωνος,ΜΥΛΩΝΑ ΖΑΦΕΙΡΟΥΛΑ του Δημητρίου,ΤΑΣΙΟΣ ΓΡΗΓΟΡΙΟΣ του Γεωργίου,ΣΥΡΙΖΑ,ΖΑΧΟΥ ΕΛΕΝΗ του Βασιλείου,ΙΓΓΛΕΖΗ ΑΙΚΑΤΕΡΙΝΗ του Θεοδώρου,ΜΑΛΑΜΑ ΚΥΡΙΑΚΗ του Ιωάννη,ΜΟΥΛΑΓΙΑΝΝΙΟΣ ΛΕΩΝΙΔΑΣ του Κωνσταντίνου,ΦΩΤΑΚΙΔΗΣ ΔΗΜΗΤΡΙΟΣ του Ιωάννη,ΠΑΣΟΚ-Κίνημα Αλλαγής,ΚΑΝΕΛΗΣ ΑΝΑΣΤΑΣΙΟΣ (ΤΑΣΟΣ) του Αριστείδη,ΚΑΤΣΑΡΟΥ ΑΝΝΑ του Χρήστου,ΜΑΝΤΣΙΟΣ ΑΘΑΝΑΣΙΟΣ του Χρήστου,ΠΑΝΑΣ ΑΠΟΣΤΟΛΟΣ του Νικολάου,ΤΑΡΚΑΣΗ ΒΑΡΒΑΡΑ του Αθανασίου,Κ.Κ.Ε.,ΑΔΑΜΙΔΟΥ ΜΑΡΙΑ του Ευαγγέλου,ΛΥΡΤΖΗΣ ΔΗΜΗΤΡΙΟΣ του Νικολάου,ΜΑΝΩΛΗΣ ΕΜΜΑΝΟΥΗΛ του Ελευθερίου,ΠΑΝΤΕΛΗΣ ΛΑΖΑΡΟΣ του Αστέριου,ΧΡΙΣΤΙΑΝΟΥ ΑΓΓΕΛΙΚΗ του Νικολάου,Ελληνική Λύση - Κ. Βελόπουλος,ΚΩΝΣΤΑΝΤΙΝΟΥΔΗΣ ΝΙΚΟΛΑΟΣ του Κλεάνθη,ΛΑΜΠΑΔΑΚΗ ΕΥΑΓΓΕΛΙΑ του Γεωργίου,ΤΣΑΛΑΣ ΒΑΣΙΛΕΙΟΣ του Ιωάννη,ΦΑΦΟΥΤΗΣ ΛΑΜΠΡΟΣ του Ηλία,ΧΑΤΖΗΓΙΑΝΝΙΔΟΥ ΠΑΝΑΓΙΩΤΑ του Χρήστου,ΜέΡΑ25-ΣΥΜΜΑΧΙΑ ΓΙΑ ΤΗ ΡΗΞΗ,ΓΕΡΑΚΗΣ ΓΕΩΡΓΙΟΣ του Χριστόδουλου,ΓΡΑΣΣΟΥ ΚΑΛΛΙΡΡΟΗ (ΗΡΩ) του Γεωργίου,ΣΟΦΤΣΗ ΜΑΡΙΑ του Βασιλείου,ΤΡΙΑΝΤΑΦΥΛΛΟΥ ΜΙΛΤΙΑΔΗΣ (ΜΙΛΤΟΣ) του Μιχαήλ,ΧΟΥΧΟΥΤΑΣ ΝΙΚΗΤΑΣ του Αθανασίου,ΕΝΩΝΩ ΣΥΜΜΑΧΙΑ ΕΛΕΥΘΕΡΙΑΣ,ΚΡΑΣΤΑΝΑΣ ΑΘΑΝΑΣΙΟΣ του Γεωργίου,ΠΑΠΑΪΩΑΝΝΟΥ ΠΑΡΑΣΚΕΥΗ του Χρήστου,Κ.Κ.Ε. (μ-λ),ΓΕΩΡΓΟΥΔΗΣ ΓΕΩΡΓΙΟΣ του Νικολάου,Ο.Κ.Δ.Ε.,ΑΝΤΩΝΙΟΥ ΣΤΕΡΓΙΑΝΗ του Μιχαήλ,ΑΝΤ.ΑΡ.ΣΥ.Α.,ΒΛΑΧΟΣ ΓΕΩΡΓΙΟΣ του Νικολάου,ΣΟΥΝΔΟΥΛΟΥΝΑΚΗ ΙΩΑΝΝΑ του Νικολάου,ΤΑΤΑΛΑΣ ΠΕΤΡΟΣ του Κωνσταντίνου,Κίνημα 21,ΜΟΥΣΤΑΚΑ ΣΟΦΙΑ του Ιερόθεου,ΕΘΝΙΚΗ ΔΗΜΙΟΥΡΓΙΑ,ΒΑΓΓΛΗΣ ΑΣΤΕΡΙΟΣ (ΣΤΕΡΓΙΟΣ) του Αγγέλου,ΜΙΓΚΟΥ ΠΑΝΑΓΙΩΤΑ ΛΗΤΩ του Θωμά,ΠΑΠΑΠΑΝΑΓΙΩΤΟΥ ΝΙΚΟΛΑΟΣ του Σαραφιανού,ΝΙΚΗ,ΓΙΑΝΝΑΚΟΠΟΥΛΟΥ ΝΙΚΟΛΙΤΣΑ του Σπυρίδωνα,ΖΑΡΤΑΛΟΥΔΗΣ ΖΩΗΣ του Δημητρίου,ΣΤΑΜΑΤΟΠΟΥΛΟΥ ΕΥΓΕΝΙΑ του Μιχαήλ,ΕΛΛΗΝΙΚΟ ΟΡΑΜΑ,ΚΟΥΚΑ ΑΝΝΑ του Βασιλείου,κοινωνία αξιών,ΓΟΥΣΙΟΣ ΓΡΗΓΟΡΙΟΣ του Μιλτιάδου,ΒΟΡΕΙΑ ΛΕΓΚΑ - ΚΡΑΜΑ,ΑΓΚΟΡΤΖΟΣ ΝΙΚΟΛΑΟΣ του Γεώργιου,ΚΑΡΑΝΤΩΝΗ ΑΝΑΣΤΑΣΙΑ του Κωνσταντίνου,ΡΕΒΕΝΙΚΙΩΤΗΣ ΙΩΑΝΝΗΣ του Δημητρίου,Ο.Α.Κ.Κ.Ε.,ΖΑΦΕΙΡΟΠΟΥΛΟΣ ΗΛΙΑΣ του Γεωργίου,Μ-Λ Κ.Κ.Ε.,ΡΑΠΤΗΣ ΓΕΩΡΓΙΟΣ του Χρήστου,Ελλήνων Συνέλευσις,ΑΛΕΥΡΑΣ ΧΡΗΣΤΟΣ του Γεωργίου,ΜΟΥΣΤΑΚΑ ΜΑΡΙΑ του Παναγιώτη,ΣΑΡΗΓΙΑΝΝΙΔΗΣ ΑΛΚΗΣ του Χρήστου,Ένωση Κεντρώων,ΗΛΙΑΔΗΣ ΙΩΑΝΝΗΣ του Δημητρίου,ΠΑΠΑΔΟΠΟΥΛΟΥ ΔΗΜΗΤΡΑ του Νικολάου,ΤΣΙΦΤΣΗΣ ΧΡΗΣΤΟΣ του Μιχαήλ,ΤΩΡΑ ΟΛΟΙ ΜΑΖΙ (Τ.ΟΛ.ΜΑ),ΛΙΜΕΝΟΠΟΥΛΟΣ ΣΤΑΥΡΟΣ ΙΟΡΔΑΝΗΣ του Βασιλείου,ΣΥΜΜΑΧΙΑ ΑΝΑΤΡΟΠΗΣ,ΑΡΧΟΝΤΟΠΟΥΛΟΥ ΑΙΚΑΤΕΡΙΝΗ του Αντωνίου,ΚΑΡΑΜΙΧΑΛΗΣ ΙΩΑΝΝΗΣ - ΔΗΜΗΤΡΙΟΣ του Παναγιώτη,ΛΟΓΓΙΝΙΔΗΣ ΙΩΑΝΝΗΣ του Λογγίνου,ΠΟΛΙΤΙΚΗ ΠΡΩΤΟΒΟΥΛΙΑ ,ΚΑΡΑΝΤΩΝΑΣ ΑΣΤΕΡΙΟΣ του Δημητρίου,ΕΛΕΥΘΕΡΟΙ ΞΑΝΑ,ΓΚΕΤΣΟΣ ΔΗΜΗΤΡΙΟΣ του Γεωργίου,ΠΝΟΗ ΔΗΜΟΚΡΑΤΙΑΣ,ΜΠΑΚΡΑΤΣΑΣ ΜΕΝΕΛΑΟΣ του Στάμου,ΠΡΑΣΙΝΟ ΚΙΝΗΜΑ,ΧΑΤΖΗΙΩΑΝΝΟΥ ΕΥΦΡΟΣΥΝΗ του Γεωργίου,Οικολόγοι Πράσινοι,ΦΑΦΟΥΤΑΚΗ ΟΛΓΑ ΔΙΑΜΑΝΤΩ του Παύλου,ΕΝΟΤΗΤΑ - ΑΛΗΘΕΙΑ ΕΝ.Α,ΠΑΠΑΔΟΠΟΥΛΟΣ ΑΘΑΝΑΣΙΟΣ του Παύλου,Πλεύση Ελευθερίας - Ζωή Κωνστ.,ΤΡΕΝΤΟΣ ΓΕΩΡΓΙΟΣ του Πέτρου
9 - Χαλκιδικής,1 E.T. Δήμου Αριστοτέλη,482,329,7,3,10,319,139,35,20,4,32,34,22,6,3,4,0,2,46,1,10,4,19,3,22,0,4,3,1,2,21,4,3,3,1,2,6,1,0,3,0,0,2,0,2,0,0,0,0,4,2,0,0,1,0,7,2,0,1,20,5,7,2,0,0,0,0,1,0,1,0,0,0,0,0,2,1,0,0,2,0,0,0,1,0,0,0,0,0,0,0,3,1,2,2,0,0,1,0,0,0,17,11
9 - Χαλκιδικής,2 E.T. Δήμου Αριστοτέλη,486,335,4,1,5,330,182,39,32,7,30,53,30,0,8,9,1,1,29,1,9,0,10,5,20,3,6,4,0,2,17,3,1,4,0,1,2,0,1,0,0,0,5,0,5,1,0,0,0,0,0,0,0,2,0,3,0,1,1,24,6,9,1,0,0,0,0,0,0,0,0,0,0,0,0,1,1,0,0,2,0,0,1,0,0,0,0,0,0,0,0,2,0,0,0,0,0,1,0,4,2,5,3
9 - Χαλκιδικής,3 E.T. Δήμου Αριστοτέλη,485,294,14,1,15,279,132,32,23,6,28,27,26,3,6,9,0,3,40,3,7,1,15,6,17,1,3,4,0,1,14,4,1,2,1,1,8,1,1,0,1,2,3,2,0,0,0,0,0,0,0,0,0,5,2,2,1,0,1,17,5,4,3,0,0,0,0,0,0,0,0,0,0,0,0,0,0,0,0,2,0,1,0,0,0,1,1,0,0,0,0,1,0,3,3,0,0,1,1,2,1,5,1
9 - Χαλκιδικής,4 E.T. Δήμου Αριστοτέλη,498,337,6,1,7,330,168,43,20,3,33,51,47,6,1,17,1,7,32,1,11,2,9,0,16,1,1,3,1,2,13,5,1,2,0,1,8,3,0,0,0,1,1,0,1,1,0,1,0,0,0,0,0,2,1,0,0,0,0,16,3,5,5,0,0,1,0,0,0,0,0,0,0,0,0,0,0,0,0,4,0,0,1,0,0,1,0,0,1,1,1,1,1,3,2,0,0,1,0,2,1,11,3
9 - Χαλκιδικής,5 E.T. Δήμου Αριστοτέλη,476,303,3,2,5,298,134,29,21,3,21,43,31,4,3,13,2,3,27,2,3,1,9,3,16,2,2,3,0,4,21,7,4,3,1,0,5,1,0,0,0,0,9,0,7,0,0,0,0,2,1,1,0,1,1,2,0,0,1,28,2,8,8,0,0,0,0,0,0,0,0,0,0,0,0,2,0,1,0,4,0,1,0,0,0,1,0,0,0,0,0,2,1,4,4,2,0,3,1,0,0,4,0
9 - Χαλκιδικής,6 E.T. Δήμου Αριστοτέλη,401,256,2,2,4,252,95,29,6,1,32,19,24,2,2,11,1,2,81,1,62,0,14,1,12,3,0,0,1,2,8,2,0,2,0,1,4,0,0,0,0,0,7,0,6,0,0,1,0,0,0,0,0,0,0,2,1,0,0,12,2,8,1,0,0,0,0,0,0,0,0,0,0,0,0,0,0,0,0,1,0,0,0,0,0,2,1,1,0,0,0,1,1,0,0,0,0,0,0,0,0,2,1
9 - Χαλκιδικής,7 E.T. Δήμου Αριστοτέλη,382,284,2,5,7,277,140,25,22,7,33,39,19,2,2,9,1,1,59,0,53,0,1,0,9,3,1,1,0,1,10,5,0,4,0,1,3,1,1,1,0,0,6,1,5,0,0,1,0,2,0,1,0,0,0,0,0,0,0,14,6,3,3,0,0,0,0,0,0,0,0,0,0,0,0,0,0,0,0,0,0,0,0,0,0,1,1,0,0,2,0,0,0,0,0,3,1,4,1,1,0,3,1
9 - Χαλκιδικής,8 E.T. Δήμου Αριστοτέλη,493,313,13,2,15,298,151,42,37,7,15,42,40,3,2,23,0,5,31,3,9,0,17,0,21,3,2,7,0,1,8,0,0,1,1,1,7,1,2,0,1,0,2,1,0,0,0,0,0,1,0,0,0,4,2,3,3,0,0,7,2,2,1,0,0,0,0,1,0,0,0,0,0,0,0,1,0,0,1,1,0,1,0,0,0,5,2,2,1,0,0,6,5,4,1,0,0,0,0,0,0,5,2
9 - Χαλκιδικής,9 E.T. Δήμου Αριστοτέλη,498,315,9,3,12,303,131,31,26,7,13,38,45,3,9,27,0,0,52,2,14,1,31,0,10,2,0,5,0,2,14,4,3,1,0,0,5,0,2,2,0,0,3,1,0,2,0,0,0,1,0,1,0,4,1,2,0,1,0,6,2,2,0,0,0,1,1,0,0,0,0,0,0,1,0,3,0,0,3,3,0,0,1,1,1,5,2,0,2,0,0,0,0,1,1,2,1,0,0,3,1,8,4
9 - Χαλκιδικής,10 E.T. Δήμου Αριστοτέλη,412,254,4,4,8,246,107,27,38,8,11,15,28,5,6,11,0,1,28,2,5,0,16,1,16,4,2,4,2,1,16,4,1,4,0,2,6,0,0,0,0,0,2,0,1,0,0,0,0,6,6,0,0,2,2,2,0,1,1,17,2,5,1,0,0,0,0,1,1,0,0,0,0,0,0,1,0,0,0,2,0,1,0,1,1,0,0,0,0,0,0,1,1,1,1,0,0,2,2,1,0,6,2
9 - Χαλκιδικής,11 E.T. Δήμου Αριστοτέλη,416,263,7,1,8,255,107,30,29,6,9,20,23,1,5,11,1,2,35,2,8,2,18,0,19,4,0,6,0,1,16,2,1,6,1,3,8,4,2,0,0,0,2,0,1,1,1,0,0,7,7,0,0,3,3,1,0,1,0,14,2,3,1,0,0,0,0,1,0,0,0,0,0,0,0,0,0,0,0,0,0,0,0,1,1,3,2,0,0,0,0,2,1,1,0,2,1,1,1,4,4,4,2
9 - Χαλκιδικής,12 E.T. Δήμου Αριστοτέλη,429,285,3,4,7,278,122,39,26,2,22,21,28,2,4,13,1,2,38,1,11,0,15,0,17,2,1,6,1,1,22,8,1,5,0,2,9,1,0,2,2,0,1,0,1,0,0,1,1,5,4,0,0,3,3,5,0,2,1,9,4,0,0,0,0,0,0,0,0,0,0,0,0,0,0,0,0,0,0,3,0,0,1,0,0,1,0,0,1,0,0,2,1,1,1,0,0,2,1,2,1,7,4
9 - Χαλκιδικής,13 E.T. Δήμου Αριστοτέλη,412,281,5,2,7,274,120,44,24,1,17,19,22,1,3,11,0,2,27,2,6,1,16,0,15,1,2,5,0,2,19,7,2,3,1,0,4,2,0,1,0,0,3,0,3,0,0,0,0,3,2,0,0,3,3,0,0,0,0,24,7,5,5,0,0,1,1,2,0,0,2,0,0,0,0,1,0,0,0,1,0,0,0,0,0,4,3,0,0,0,0,7,5,2,2,3,2,0,0,2,1,11,6
9 - Χαλκιδικής,14 E.T. Δήμου Αριστοτέλη,475,370,6,1,7,363,157,72,33,4,10,32,25,0,6,14,1,2,23,1,6,0,10,3,18,0,2,12,1,2,25,5,5,3,1,2,7,0,0,3,1,1,13,1,12,0,0,0,0,3,1,0,0,1,1,0,0,0,0,62,14,34,7,0,0,0,0,1,0,0,1,0,0,0,0,0,0,0,0,0,0,0,0,0,0,0,0,0,0,0,0,4,3,8,7,1,1,1,1,1,0,13,6
9 - Χαλκιδικής,15 E.T. Δήμου Αριστοτέλη,487,365,8,4,12,353,129,59,17,1,19,25,33,2,7,19,0,0,43,4,11,0,22,4,18,4,0,1,1,1,22,4,4,3,0,3,6,0,0,2,1,0,6,0,6,0,0,0,0,2,0,1,0,5,5,2,0,0,1,55,13,27,9,0,0,3,0,1,1,0,0,0,0,0,0,0,0,0,0,4,1,0,1,0,0,1,1,0,0,1,1,3,2,5,4,0,0,1,1,1,1,12,4
9 - Χαλκιδικής,16 E.T. Δήμου Αριστοτέλη,346,227,4,0,4,223,60,24,9,2,11,7,54,3,11,31,0,4,38,2,5,1,23,3,16,4,1,5,0,1,7,3,2,0,0,0,9,1,2,1,1,0,6,1,4,1,1,0,0,1,0,1,0,4,4,3,1,2,0,10,1,3,3,0,0,1,1,0,0,0,0,0,0,0,0,0,0,0,0,2,1,0,1,1,0,1,1,0,0,1,1,0,0,0,0,0,0,1,1,1,0,6,4
9 - Χαλκιδικής,17 E.T. Δήμου Αριστοτέλη,349,223,3,1,4,219,81,25,17,3,11,8,48,4,8,27,0,2,29,0,3,6,15,4,5,0,0,2,1,0,10,3,0,2,1,1,5,3,0,0,0,1,6,2,3,1,0,0,0,1,1,0,0,1,1,1,0,0,0,11,2,1,4,0,0,2,2,0,0,0,0,0,0,0,0,1,0,1,0,1,1,0,0,0,0,3,1,0,0,0,0,0,0,0,0,1,0,2,1,0,0,10,4
9 - Χαλκιδικής,18 E.T. Δήμου Αριστοτέλη,531,350,13,0,13,337,147,34,43,6,11,36,55,1,16,22,1,3,53,0,10,0,35,3,7,4,1,1,0,1,24,8,3,4,1,1,9,0,3,0,1,1,7,1,5,0,0,0,0,6,6,0,0,0,0,0,0,0,0,10,0,6,1,0,0,0,0,1,0,1,0,0,0,1,1,0,0,0,0,1,0,0,0,1,1,1,1,0,0,0,0,2,1,0,0,0,0,3,1,2,1,7,3
9 - Χαλκιδικής,19 E.T. Δήμου Αριστοτέλη,529,373,7,3,10,363,125,19,42,6,10,36,73,5,21,25,0,8,62,4,10,3,37,4,25,10,0,6,0,3,21,5,2,2,1,1,11,3,1,0,1,0,4,0,3,0,0,0,0,1,1,0,0,3,2,0,0,0,0,17,3,8,0,0,0,0,0,0,0,0,0,0,0,0,0,0,0,0,0,1,0,0,0,0,0,1,1,0,0,0,0,1,0,2,1,1,0,1,1,2,0,12,5
9 - Χαλκιδικής,20 E.T. Δήμου Αριστοτέλη,533,366,6,2,8,358,110,26,33,5,12,24,68,8,12,27,1,8,64,2,13,5,38,4,22,3,2,7,2,1,20,10,1,1,0,2,12,3,2,2,2,1,10,3,6,1,1,0,0,3,2,0,0,2,2,3,0,1,2,19,4,6,4,0,0,2,2,0,0,0,0,0,0,0,0,0,0,0,0,0,0,0,0,0,0,4,1,0,0,0,0,3,1,1,0,2,2,1,1,0,0,11,7
9 - Χαλκιδικής,21 E.T. Δήμου Αριστοτέλη,549,365,5,3,8,357,143,32,51,4,16,29,69,7,15,26,0,15,51,3,11,0,29,3,11,3,0,4,1,0,18,6,1,5,1,0,8,5,1,0,1,1,16,3,12,0,0,0,0,0,0,0,0,2,1,0,0,0,0,16,0,9,4,0,0,0,0,1,0,1,0,0,0,1,1,1,1,0,0,2,0,0,0,1,0,3,1,0,1,0,0,4,2,1,1,0,0,0,0,2,2,7,4
9 - Χαλκιδικής,22 E.T. Δήμου Αριστοτέλη,539,396,6,3,9,387,145,23,48,5,18,29,66,15,13,24,0,3,77,4,18,2,42,4,14,2,1,6,0,1,15,3,3,1,0,1,7,0,0,3,1,0,10,0,9,0,0,0,0,1,1,0,0,0,0,4,2,2,0,12,2,4,3,0,0,1,0,0,0,0,0,0,0,0,0,2,0,1,1,3,1,1,0,0,0,3,1,0,1,0,0,1,1,2,1,1,0,4,2,3,2,16,9
9 - Χαλκιδικής,23 E.T. Δήμου Αριστοτέλη,507,301,10,2,12,289,130,48,35,2,8,23,38,9,3,15,0,1,40,2,13,0,17,1,11,2,0,3,0,1,17,7,1,0,0,0,5,0,2,0,0,0,2,0,0,0,0,0,0,1,1,0,0,1,0,3,0,2,0,14,5,4,3,0,0,1,0,3,0,0,1,1,1,0,0,2,1,0,1,0,0,0,0,1,1,1,1,0,0,0,0,0,0,3,1,1,0,3,2,1,0,10,5
9 - Χαλκιδικής,24 E.T. Δήμου Αριστοτέλη,363,214,3,0,3,211,88,37,9,3,1,36,35,3,8,11,1,0,27,2,3,1,15,1,10,1,1,3,0,0,12,5,0,1,0,3,8,1,0,4,1,1,0,0,0,0,0,0,0,2,1,1,0,1,1,1,0,0,1,14,3,0,5,0,0,0,0,0,0,0,0,0,0,0,0,0,0,0,0,1,0,1,0,0,0,1,0,1,0,0,0,1,0,1,1,0,0,4,1,0,0,5,5
9 - Χαλκιδικής,25 E.T. Δήμου Αριστοτέλη,330,202,4,0,4,198,114,57,6,2,4,42,20,7,7,2,0,2,23,0,2,0,20,0,6,0,1,2,0,1,7,5,0,0,0,0,5,2,2,1,0,0,1,1,0,1,0,0,0,2,1,1,0,0,0,0,0,0,0,2,1,0,1,0,0,0,0,0,0,0,0,0,0,0,0,1,0,0,0,2,1,1,0,0,0,1,0,1,0,0,0,2,0,1,1,1,1,2,1,0,0,7,5
9 - Χαλκιδικής,26 E.T. Δήμου Αριστοτέλη,496,343,5,6,11,332,129,92,11,2,3,15,96,4,50,27,0,1,32,1,8,0,20,1,14,3,4,5,0,1,12,5,2,1,0,1,7,0,1,0,0,0,2,1,1,0,0,0,0,1,0,1,0,0,0,1,1,0,0,11,3,4,0,0,0,0,0,1,1,0,0,0,0,0,0,2,1,1,0,1,0,0,1,1,0,2,1,1,0,0,0,2,1,0,0,2,2,4,3,3,3,9,7
9 - Χαλκιδικής,27 E.T. Δήμου Αριστοτέλη,473,302,4,0,4,298,93,62,12,1,1,8,107,1,66,31,1,0,25,3,3,0,9,6,11,1,2,6,0,0,17,6,2,0,0,1,5,2,2,0,0,0,3,1,2,0,0,0,0,3,0,2,0,2,0,2,2,0,0,15,1,6,2,0,0,0,0,0,0,0,0,0,0,0,0,1,0,1,0,1,0,0,0,1,1,0,0,0,0,0,0,2,0,0,0,0,0,1,1,1,1,8,5
9 - Χαλκιδικής,28 E.T. Δήμου Αριστοτέλη,500,319,6,2,8,311,98,59,12,0,7,15,90,2,54,23,0,1,39,0,6,3,24,1,14,1,0,11,0,0,12,7,2,1,1,1,7,2,1,0,2,0,5,0,2,0,0,2,0,3,0,0,0,0,0,0,0,0,0,11,2,4,3,0,0,0,0,1,0,1,0,0,0,0,0,1,1,0,0,2,1,0,0,0,0,4,1,1,0,1,1,2,0,0,0,3,1,2,1,0,0,14,9
9 - Χαλκιδικής,29 E.T. Δήμου Αριστοτέλη,493,313,2,2,4,309,113,81,3,1,2,21,91,3,45,31,1,5,31,1,11,3,14,1,18,2,0,11,1,2,6,2,0,1,0,1,9,4,2,1,1,0,1,1,0,0,0,0,0,2,1,0,0,2,2,3,0,1,0,13,7,3,2,0,0,0,0,0,0,0,0,0,0,0,0,0,0,0,0,1,1,0,0,0,0,1,1,0,0,0,0,1,1,1,0,0,0,4,3,0,0,12,4
9 - Χαλκιδικής,30 E.T. Δήμου Αριστοτέλη,504,341,6,3,9,332,110,78,6,2,1,16,95,1,46,31,0,4,32,4,4,1,21,0,18,1,0,10,0,3,19,6,3,2,0,5,10,3,1,3,0,0,3,0,3,1,0,0,0,4,0,4,0,0,0,4,1,0,1,18,4,6,4,0,0,0,0,0,0,0,0,0,0,0,0,1,1,0,0,1,0,0,1,0,0,4,1,2,1,0,0,2,1,0,0,0,0,3,1,0,0,7,5
9 - Χαλκιδικής,31 E.T. Δήμου Αριστοτέλη,487,308,6,0,6,302,108,82,10,1,0,11,79,0,46,21,1,0,20,0,10,0,7,2,6,0,1,3,0,1,20,12,0,2,0,2,7,3,1,0,1,0,10,5,4,0,0,0,0,4,1,3,0,5,3,1,0,0,0,14,2,8,3,0,0,0,0,0,0,0,0,0,0,0,0,0,0,0,0,0,0,0,0,1,1,4,2,1,0,0,0,1,0,3,1,1,1,5,3,3,1,10,8
9 - Χαλκιδικής,32 E.T. Δήμου Αριστοτέλη,450,306,1,1,2,304,107,80,6,2,5,8,89,3,49,25,0,2,21,3,1,0,12,2,11,4,1,2,0,1,11,2,1,1,0,2,11,3,3,0,1,3,11,1,9,0,0,0,0,7,2,5,0,2,1,0,0,0,0,14,0,10,3,0,0,1,1,0,0,0,0,0,0,2,1,2,0,1,0,0,0,0,0,1,0,2,1,1,0,0,0,0,0,0,0,0,0,4,3,1,0,7,6
9 - Χαλκιδικής,33 E.T. Δήμου Αριστοτέλη,492,288,5,3,8,280,98,35,19,4,10,19,44,3,16,17,0,0,33,2,6,0,20,0,19,3,1,10,0,0,25,16,5,0,0,0,9,0,3,2,1,1,2,1,1,0,0,0,0,1,1,0,0,2,0,1,1,0,0,21,8,9,2,0,0,0,0,0,0,0,0,0,0,0,0,8,7,0,1,0,0,0,0,0,0,1,1,0,0,2,1,0,0,3,1,0,0,2,1,0,0,9,7
9 - Χαλκιδικής,34 E.T. Δήμου Αριστοτέλη,499,295,5,3,8,287,103,46,21,6,7,7,51,3,23,18,1,0,21,3,4,0,11,1,25,4,1,8,0,5,19,10,1,0,0,4,23,7,4,1,1,3,2,0,1,0,0,0,0,2,1,1,0,0,0,2,1,0,0,13,2,7,3,0,0,0,0,0,0,0,0,0,0,1,0,4,4,0,0,1,0,0,0,0,0,0,0,0,0,1,1,3,1,1,0,0,0,3,2,0,0,12,11
9 - Χαλκιδικής,35 E.T. Δήμου Αριστοτέλη,479,308,8,3,11,297,79,37,15,5,9,5,81,2,39,27,2,1,29,0,0,0,20,4,24,5,1,6,1,2,26,9,5,2,1,3,6,0,2,1,2,1,6,1,4,0,0,0,0,2,0,1,0,4,1,2,1,1,0,10,3,0,0,0,0,1,0,0,0,0,0,0,0,0,0,1,1,0,0,3,0,0,0,2,0,5,0,2,3,0,0,2,2,0,0,1,1,1,1,1,0,11,8
9 - Χαλκιδικής,36 E.T. Δήμου Αριστοτέλη,381,255,11,0,11,244,88,42,21,4,8,4,26,5,4,11,0,0,53,2,4,0,40,1,17,3,0,10,0,1,8,3,0,0,0,1,2,0,0,0,0,0,3,1,2,0,0,0,0,1,0,0,0,4,3,3,2,0,1,13,4,2,2,0,0,0,0,0,0,0,0,0,0,0,0,1,1,0,0,0,0,0,0,0,0,1,0,0,0,15,15,1,1,0,0,0,0,2,0,3,1,3,2
9 - Χαλκιδικής,37 E.T. Δήμου Αριστοτέλη,378,267,3,3,6,261,119,44,31,9,9,13,37,2,8,17,0,1,32,2,1,0,26,1,26,2,0,10,1,3,6,1,0,2,0,1,5,2,1,0,0,1,3,0,3,1,0,0,0,2,0,0,0,1,1,1,0,0,0,2,0,1,0,0,0,0,0,1,0,0,1,0,0,0,0,0,0,0,0,1,0,0,0,0,0,1,0,0,0,9,7,0,0,0,0,1,0,1,0,2,2,10,4
9 - Χαλκιδικής,38 E.T. Δήμου Αριστοτέλη,428,243,10,2,12,231,99,32,19,4,15,19,41,2,18,10,1,0,31,2,7,2,16,0,8,3,1,0,0,1,10,5,2,0,0,0,9,1,0,1,0,0,0,0,0,1,0,0,0,2,2,0,0,2,2,0,0,0,0,13,2,5,0,0,0,1,1,0,0,0,0,0,0,1,0,0,0,0,0,0,0,0,0,0,0,1,1,0,0,0,0,0,0,1,1,1,1,1,1,0,0,9,4
9 - Χαλκιδικής,39 E.T. Δήμου Αριστοτέλη,425,278,8,1,9,269,107,24,24,5,13,30,44,5,6,19,2,3,23,0,4,1,13,1,12,5,1,2,0,2,13,4,3,1,0,0,4,0,0,1,1,1,3,1,1,0,0,0,0,0,0,0,0,2,1,3,0,0,2,34,9,11,8,0,0,0,0,0,0,0,0,0,0,0,0,0,0,0,0,3,0,1,0,1,1,3,1,0,1,0,0,4,3,3,2,1,0,1,0,3,3,5,3
9 - Χαλκιδικής,40 E.T. Δήμου Αριστοτέλη,500,330,6,3,9,321,143,59,27,6,20,17,43,6,10,12,1,6,28,0,12,0,11,3,29,4,6,12,0,1,14,0,3,1,2,2,10,2,1,0,0,0,8,2,4,1,1,0,0,2,0,2,0,1,0,1,0,0,0,11,4,3,2,0,0,0,0,1,0,1,0,0,0,0,0,1,0,0,1,4,0,3,0,0,0,5,1,0,1,2,2,2,2,0,0,0,0,5,1,2,0,8,4
9 - Χαλκιδικής,41 E.T. Δήμου Αριστοτέλη,508,264,6,1,7,257,99,39,12,5,14,14,18,0,0,8,1,4,57,3,10,1,32,5,22,2,1,14,0,1,17,4,3,2,0,2,4,1,0,1,0,1,1,0,1,0,0,0,0,0,0,0,0,1,0,9,2,1,1,11,5,1,1,0,0,2,2,0,0,0,0,0,0,0,0,0,0,0,0,0,0,0,0,2,0,1,0,0,0,0,0,1,0,0,0,0,0,2,2,1,1,9,7
9 - Χαλκιδικής,42 E.T. Δήμου Αριστοτέλη,491,276,6,3,9,267,113,57,11,1,21,12,34,5,4,5,1,12,40,1,8,0,25,2,31,3,1,18,1,1,9,5,0,0,0,2,4,2,0,0,1,0,3,1,2,3,2,2,2,0,0,0,0,1,1,1,1,0,0,10,4,1,3,0,0,0,0,0,0,0,0,0,0,1,0,0,0,0,0,0,0,0,0,2,1,1,1,0,0,0,0,2,0,1,0,1,1,2,0,0,0,6,3
9 - Χαλκιδικής,43 E.T. Δήμου Αριστοτέλη,528,370,3,1,4,366,139,51,22,8,17,21,33,1,4,15,1,2,64,5,13,6,25,2,56,1,3,42,0,1,19,7,2,4,0,1,18,2,7,2,0,0,3,1,2,0,0,0,0,2,1,0,0,0,0,5,0,0,0,5,1,2,1,0,0,0,0,0,0,0,0,4,2,4,1,2,1,0,0,2,0,1,0,1,1,0,0,0,0,0,0,2,1,2,1,0,0,0,0,0,0,5,3
9 - Χαλκιδικής,44 E.T. Δήμου Αριστοτέλη,527,343,5,1,6,337,140,65,15,2,11,22,30,8,6,11,0,1,57,3,7,1,35,7,49,2,1,41,1,3,17,7,2,0,0,2,9,1,1,4,0,0,0,0,0,0,0,0,0,0,0,0,0,1,1,3,0,1,1,10,5,2,1,0,0,0,0,0,0,0,0,1,1,0,0,4,4,0,0,3,1,1,0,0,0,0,0,0,0,0,0,4,3,0,0,0,0,1,0,1,0,7,4
9 - Χαλκιδικής,45 E.T. Δήμου Κασσάνδρας,387,253,1,1,2,251,90,37,11,2,7,27,40,4,0,11,14,6,27,14,1,1,6,0,31,3,5,1,0,5,14,8,0,3,0,0,0,0,0,0,0,0,3,0,2,1,0,0,0,1,0,0,0,0,0,1,1,0,0,11,3,7,1,0,0,0,0,1,1,0,0,0,0,3,1,0,0,0,0,1,0,0,1,1,1,3,0,0,3,0,0,1,1,5,4,2,1,2,0,0,0,13,9
9 - Χαλκιδικής,46 E.T. Δήμου Κασσάνδρας,389,250,5,0,5,245,94,48,11,2,6,19,39,5,5,11,3,9,33,12,1,0,15,1,17,1,5,0,0,2,12,5,0,3,0,0,2,1,0,0,1,0,3,1,2,2,0,0,0,2,1,0,0,3,2,3,2,0,0,13,0,5,2,0,0,0,0,1,0,0,1,0,0,0,0,1,1,0,0,0,0,0,0,1,1,2,1,1,0,1,1,0,0,2,2,1,0,3,0,2,2,8,4
9 - Χαλκιδικής,47 E.T. Δήμου Κασσάνδρας,402,257,6,3,9,248,99,42,15,2,8,27,36,1,1,11,12,7,15,11,1,0,3,0,21,5,4,0,2,2,21,14,1,2,0,0,6,1,0,1,2,0,1,0,1,0,0,0,0,1,0,0,0,4,4,8,0,2,4,12,1,8,3,0,0,0,0,1,0,0,0,0,0,0,0,2,0,1,0,1,0,0,1,1,1,1,0,0,1,0,0,2,1,6,3,0,0,2,0,0,0,8,6
9 - Χαλκιδικής,48 E.T. Δήμου Κασσάνδρας,398,246,2,0,2,244,140,33,30,3,12,43,24,1,1,7,9,3,20,9,1,1,7,1,5,2,1,0,0,0,9,2,1,3,0,0,6,1,1,1,0,0,1,1,0,0,0,1,0,2,1,0,0,0,0,0,0,0,0,16,3,7,2,0,0,0,0,0,0,0,0,0,0,0,0,1,0,0,1,0,0,0,0,1,1,1,0,1,0,0,0,5,2,2,1,0,0,2,1,1,1,7,5
9 - Χαλκιδικής,49 E.T. Δήμου Κασσάνδρας,403,243,4,1,5,238,113,41,13,5,14,28,40,2,2,9,20,2,36,12,2,0,13,3,4,0,0,0,0,2,18,9,0,4,0,2,6,0,1,1,0,0,2,0,1,0,0,0,0,1,1,0,0,0,0,0,0,0,0,5,0,1,0,0,0,0,0,0,0,0,0,0,0,0,0,1,0,0,1,2,0,1,0,0,0,1,0,0,0,0,0,2,0,2,2,0,0,0,0,0,0,5,4
9 - Χαλκιδικής,50 E.T. Δήμου Κασσάνδρας,526,259,7,0,7,252,79,21,16,1,7,24,38,6,1,6,17,4,23,7,1,2,11,0,10,4,1,0,0,1,15,5,3,2,0,2,4,2,0,1,0,0,0,0,0,0,0,0,0,2,1,0,0,2,0,1,1,0,0,29,6,13,0,0,0,1,1,0,0,0,0,1,0,1,1,1,0,0,1,2,0,0,0,1,1,15,1,0,11,1,1,1,0,3,0,0,0,1,1,1,0,20,12
9 - Χαλκιδικής,51 E.T. Δήμου Κασσάνδρας,530,295,13,2,15,280,91,19,16,3,14,26,56,3,4,18,17,5,36,20,1,4,9,0,12,2,0,1,0,2,19,10,1,2,1,1,10,1,2,2,1,0,0,0,0,2,2,0,0,0,0,0,0,2,0,3,0,0,1,12,4,3,1,0,0,0,0,0,0,0,0,0,0,0,0,5,0,0,4,0,0,0,0,0,0,13,1,0,8,0,0,0,0,2,2,1,0,5,3,0,0,11,7
9 - Χαλκιδικής,52 E.T. Δήμου Κασσάνδρας,483,308,8,2,10,298,113,18,27,10,13,28,42,1,2,5,29,0,51,37,1,2,9,0,12,2,3,0,1,2,20,11,1,5,0,0,12,4,0,1,1,0,8,3,3,1,1,0,0,2,0,1,0,4,4,5,2,2,1,9,2,4,3,0,0,0,0,0,0,0,0,0,0,0,0,3,1,1,1,0,0,0,0,0,0,1,0,0,1,2,1,1,1,2,1,0,0,2,2,2,0,6,3
9 - Χαλκιδικής,53 E.T. Δήμου Κασσάνδρας,474,286,1,2,3,283,126,13,33,3,12,48,27,0,0,7,15,2,30,14,0,2,9,0,9,1,2,1,0,1,31,10,5,8,1,3,6,0,0,0,2,0,5,1,4,1,0,0,0,1,0,1,0,0,0,5,3,0,0,14,3,10,0,0,0,0,0,0,0,0,0,0,0,0,0,4,0,0,3,1,1,0,0,1,1,3,0,0,2,0,0,0,0,2,1,0,0,5,2,1,1,11,8
9 - Χαλκιδικής,54 E.T. Δήμου Κασσάνδρας,486,305,5,2,7,298,125,30,43,1,12,28,46,4,3,8,26,0,49,29,0,1,14,0,4,1,1,0,0,0,18,9,1,6,0,1,2,1,0,0,0,0,6,2,3,1,0,0,0,0,0,0,0,1,1,7,3,2,1,12,2,4,5,0,0,0,0,0,0,0,0,0,0,0,0,4,1,0,3,0,0,0,0,1,0,3,0,0,3,0,0,2,2,0,0,0,0,3,3,2,2,12,9
9 - Χαλκιδικής,55 E.T. Δήμου Κασσάνδρας,483,299,3,3,6,293,117,20,44,3,11,25,62,4,0,7,40,6,40,28,2,0,9,0,10,6,0,0,0,1,15,7,1,7,0,0,10,4,0,1,1,1,5,1,2,1,1,0,0,0,0,0,0,0,0,5,2,0,2,14,2,12,0,0,0,0,0,0,0,0,0,0,0,0,0,0,0,0,0,1,0,1,0,1,0,1,0,0,1,1,1,0,0,2,0,0,0,3,3,0,0,5,3
9 - Χαλκιδικής,56 E.T. Δήμου Κασσάνδρας,482,299,0,3,3,296,132,28,44,1,10,34,37,3,0,7,19,1,56,44,1,0,6,0,7,1,2,1,0,1,16,5,2,3,1,1,6,1,1,0,1,0,1,0,1,1,0,0,0,0,0,0,0,0,0,0,0,0,0,14,2,10,0,0,0,0,0,0,0,0,0,0,0,0,0,0,0,0,0,4,0,3,1,0,0,6,2,0,3,1,1,0,0,1,0,1,1,4,4,1,1,8,7
9 - Χαλκιδικής,57 E.T. Δήμου Κασσάνδρας,443,294,6,1,7,287,121,26,30,6,14,26,42,5,0,5,22,1,45,37,2,1,4,1,4,0,0,1,0,0,22,5,0,10,0,1,5,0,0,0,1,0,3,0,2,0,0,0,0,2,0,0,0,0,0,1,0,0,1,17,2,10,1,0,0,1,1,0,0,0,0,0,0,0,0,6,1,0,4,1,0,0,0,4,4,2,1,0,1,0,0,0,0,1,0,0,0,1,0,1,1,8,5
9 - Χαλκιδικής,58 E.T. Δήμου Κασσάνδρας,407,234,0,0,0,234,105,31,29,3,11,21,36,2,0,14,13,0,28,8,0,0,16,0,6,1,0,0,0,1,15,7,1,3,0,0,4,0,1,1,0,0,3,0,3,0,0,0,0,0,0,0,0,0,0,0,0,0,0,11,0,5,2,0,0,0,0,0,0,0,0,0,0,1,1,0,0,0,0,3,0,0,0,0,0,1,1,0,0,0,0,2,2,0,0,2,1,0,0,2,1,15,9
9 - Χαλκιδικής,59 E.T. Δήμου Κασσάνδρας,530,281,1,3,4,277,116,28,27,1,14,31,20,1,1,7,10,0,9,1,1,0,5,0,4,1,0,2,1,0,95,94,0,1,0,0,7,0,0,2,0,2,1,1,0,0,0,1,1,0,0,0,0,0,0,2,0,0,1,5,2,1,0,0,0,0,0,2,1,1,0,1,0,0,0,1,0,0,0,0,0,0,0,0,0,3,0,0,3,1,0,0,0,1,0,1,1,2,1,1,0,4,2
9 - Χαλκιδικής,60 E.T. Δήμου Κασσάνδρας,426,245,4,1,5,240,67,28,12,1,8,13,42,2,1,15,15,3,22,7,2,0,9,0,20,2,3,0,0,5,19,9,2,0,0,5,16,0,1,3,2,0,6,0,6,0,0,0,0,0,0,0,0,0,0,1,0,0,0,9,3,5,0,0,0,0,0,1,1,0,0,0,0,1,1,2,1,0,1,2,1,0,0,2,2,3,0,0,1,0,0,6,4,0,0,2,1,3,1,1,0,15,12
9 - Χαλκιδικής,61 E.T. Δήμου Κασσάνδρας,430,294,4,0,4,290,107,20,30,5,23,19,52,8,6,13,16,4,24,12,3,0,8,1,24,10,1,3,1,5,14,4,1,3,0,1,6,1,0,1,0,0,6,2,3,1,1,0,0,1,0,0,1,1,0,1,1,0,0,13,1,6,2,0,0,0,0,0,0,0,0,0,0,0,0,1,0,0,1,2,0,0,0,0,0,5,2,1,2,5,5,6,4,2,1,0,0,3,1,0,0,16,9
9 - Χαλκιδικής,62 E.T. Δήμου Κασσάνδρας,425,262,3,2,5,257,85,21,20,2,13,21,62,7,2,17,16,3,23,8,1,1,9,0,12,4,1,2,0,0,22,7,1,5,0,3,12,7,1,1,0,0,6,2,4,0,0,0,0,4,1,0,0,1,0,0,0,0,0,9,0,7,0,0,0,0,0,1,1,0,0,1,1,0,0,1,0,0,1,1,1,0,0,2,1,2,0,1,0,0,0,1,1,2,1,0,0,0,0,0,0,10,7
9 - Χαλκιδικής,63 E.T. Δήμου Κασσάνδρας,414,254,1,3,4,250,63,17,15,1,13,11,59,14,3,10,23,0,23,10,0,0,11,0,42,16,5,3,1,9,15,5,0,7,0,2,6,1,1,0,1,0,2,1,1,0,0,1,0,4,1,0,3,1,1,1,0,0,0,14,1,11,2,0,0,0,0,0,0,0,0,0,0,0,0,1,1,0,0,1,0,1,0,0,0,1,0,0,1,0,0,1,1,1,1,0,0,5,5,1,1,8,3
9 - Χαλκιδικής,64 E.T. Δήμου Κασσάνδρας,552,268,2,0,2,266,124,50,23,4,15,23,32,5,1,5,12,2,44,22,1,1,17,1,5,2,2,0,0,0,29,18,1,4,1,2,5,1,0,1,1,0,1,0,0,0,0,0,0,1,0,1,0,0,0,3,1,1,1,7,0,4,1,0,0,0,0,0,0,0,0,0,0,0,0,0,0,0,0,1,1,0,0,2,2,0,0,0,0,0,0,1,1,1,0,0,0,0,0,0,0,10,5
9 - Χαλκιδικής,65 E.T. Δήμου Κασσάνδρας,551,304,11,0,11,293,145,45,23,1,19,36,34,2,3,4,12,4,32,11,1,0,17,0,6,3,2,1,0,0,31,16,1,11,0,0,2,1,0,1,0,0,4,2,2,1,1,0,0,0,0,0,0,1,1,1,0,0,0,5,1,3,0,0,0,0,0,0,0,0,0,0,0,0,0,1,0,0,1,2,1,0,0,9,9,3,2,1,0,0,0,1,1,1,0,2,2,1,0,1,1,10,5
9 - Χαλκιδικής,66 E.T. Δήμου Κασσάνδρας,542,322,1,0,1,321,115,27,24,3,15,36,68,8,0,23,19,8,56,18,0,2,35,1,14,3,1,2,1,2,3,2,1,0,0,0,15,8,2,0,0,1,0,0,0,0,0,0,0,0,0,0,0,3,2,2,1,1,0,18,3,11,1,0,0,0,0,1,1,0,0,0,0,1,0,4,2,1,0,2,0,2,0,0,0,1,0,1,0,0,0,4,4,3,2,1,1,1,1,0,0,9,8
9 - Χαλκιδικής,67 E.T. Δήμου Κασσάνδρας,477,297,12,2,14,283,133,30,52,6,12,16,30,4,3,8,9,1,47,9,0,2,32,0,4,3,0,0,1,0,19,11,0,3,1,0,2,0,0,1,0,0,0,0,0,1,0,0,0,1,0,1,0,1,1,2,0,0,0,8,2,2,0,0,0,1,0,1,0,0,1,0,0,1,0,3,0,0,3,2,0,1,0,3,1,4,1,0,1,1,1,2,1,0,0,1,1,2,1,3,2,11,8
9 - Χαλκιδικής,68 E.T. Δήμου Κασσάνδρας,414,274,10,2,12,262,110,29,41,1,11,18,39,5,2,9,10,3,42,12,1,3,24,0,15,7,0,3,1,0,20,13,1,5,0,0,4,2,1,0,0,0,1,0,1,0,0,0,0,0,0,0,0,1,0,1,0,0,1,8,1,2,1,0,0,0,0,0,0,0,0,0,0,0,0,0,0,0,0,0,0,0,0,0,0,1,0,1,0,0,0,1,1,1,0,1,1,1,1,2,2,14,8
9 - Χαλκιδικής,69 E.T. Δήμου Κασσάνδρας,436,275,8,1,9,266,146,59,19,2,32,19,31,4,3,8,6,2,22,6,1,1,11,0,0,0,0,0,0,0,12,5,0,4,1,0,6,6,0,0,0,0,12,3,7,1,1,0,0,1,0,0,0,2,2,0,0,0,0,12,1,5,2,0,0,0,0,0,0,0,0,0,0,0,0,0,0,0,0,0,0,0,0,0,0,1,0,0,1,0,0,1,1,2,2,2,1,1,0,2,2,12,7
9 - Χαλκιδικής,70 E.T. Δήμου Κασσάνδρας,437,253,6,4,10,243,111,52,13,1,17,16,25,1,1,13,2,1,27,6,1,0,18,0,12,3,0,2,0,0,15,4,0,6,0,2,11,7,0,0,0,0,8,1,6,1,1,0,0,0,0,0,0,0,0,2,0,0,2,8,1,6,0,0,0,0,0,0,0,0,0,0,0,0,0,0,0,0,0,1,0,0,0,1,1,3,1,0,1,0,0,1,0,6,4,0,0,0,0,0,0,11,3
9 - Χαλκιδικής,71 E.T. Δήμου Κασσάνδρας,544,310,14,2,16,294,115,20,29,2,10,40,46,4,5,8,16,6,29,5,0,2,17,0,14,2,1,2,0,4,24,10,2,2,0,3,11,4,1,1,1,1,4,0,2,1,1,0,0,1,0,0,0,5,3,3,0,0,1,8,3,4,1,0,0,0,0,0,0,0,0,0,0,1,0,3,0,0,2,1,0,1,0,2,0,1,0,0,0,1,1,2,0,5,5,0,0,7,3,1,0,9,7
9 - Χαλκιδικής,72 E.T. Δήμου Κασσάνδρας,529,329,1,4,5,324,122,15,22,5,12,48,55,9,10,13,8,0,32,5,0,1,20,2,11,2,1,3,0,2,40,25,3,3,0,0,14,1,2,2,5,0,3,0,3,0,0,0,0,0,0,0,0,1,1,5,1,1,1,14,3,4,5,0,0,0,0,0,0,0,0,0,0,0,0,0,0,0,0,1,1,0,0,0,0,5,4,0,1,0,0,2,0,3,2,0,0,5,2,1,0,10,8
9 - Χαλκιδικής,73 E.T. Δήμου Κασσάνδρας,517,294,5,2,7,287,124,22,36,3,13,37,38,18,1,8,8,1,22,5,4,1,9,2,8,2,1,1,0,1,34,18,3,6,1,0,9,3,0,1,2,1,8,0,8,1,1,0,0,1,1,0,0,1,0,3,1,0,1,9,1,3,2,0,0,0,0,0,0,0,0,0,0,0,0,2,1,0,1,2,0,0,0,1,1,2,0,0,1,0,0,1,1,4,4,0,0,3,2,1,1,13,5
9 - Χαλκιδικής,74 E.T. Δήμου Κασσάνδρας,518,332,12,1,13,319,143,27,65,1,12,27,31,7,1,7,6,4,70,17,2,0,46,2,1,0,0,0,0,0,36,25,2,1,0,4,3,0,1,0,0,1,2,0,1,0,0,0,0,0,0,0,0,1,0,5,2,1,1,10,1,5,0,0,0,0,0,0,0,0,0,0,0,1,0,0,0,0,0,0,0,0,0,0,0,1,1,0,0,0,0,2,2,1,1,1,0,1,0,2,1,8,6
9 - Χαλκιδικής,75 E.T. Δήμου Κασσάνδρας,507,301,10,1,11,290,113,20,43,2,14,19,44,7,5,10,9,3,48,7,0,1,36,2,3,2,0,0,0,0,32,20,0,1,0,2,5,1,0,1,1,0,2,0,1,0,0,0,0,1,1,0,0,0,0,5,2,2,1,14,1,6,2,0,0,1,0,0,0,0,0,0,0,0,0,1,0,0,0,2,1,0,0,0,0,1,0,1,0,2,0,0,0,1,0,0,0,2,0,3,2,10,3
9 - Χαλκιδικής,76 E.T. Δήμου Κασσάνδρας,457,272,5,2,7,265,110,19,38,0,4,46,14,4,1,4,4,0,30,9,1,0,18,1,3,3,0,0,0,0,63,57,0,1,1,1,7,2,2,0,2,0,1,0,1,4,3,0,0,0,0,0,0,4,4,1,1,0,0,17,5,6,4,0,0,0,0,0,0,0,0,1,1,0,0,0,0,0,0,1,0,0,0,0,0,5,1,2,2,1,1,0,0,1,0,0,0,1,1,0,0,1,1
9 - Χαλκιδικής,77 E.T. Δήμου Κασσάνδρας,453,248,4,2,6,242,92,18,25,3,16,17,18,4,1,4,4,0,25,3,1,1,15,0,3,1,0,0,0,0,69,62,1,3,0,0,4,0,2,0,1,0,6,0,6,1,0,0,0,0,0,0,0,1,1,2,1,1,0,8,1,4,3,0,0,0,0,0,0,0,0,0,0,0,0,1,0,0,0,1,1,0,0,1,0,2,0,1,0,0,0,1,0,0,0,0,0,0,0,1,0,6,4
9 - Χαλκιδικής,78 E.T. Δήμου Νέας Προποντίδας,530,350,8,4,12,338,116,11,11,2,55,31,47,20,3,13,1,4,64,0,0,1,62,0,10,2,2,1,0,0,42,17,7,4,1,3,8,1,0,1,0,0,0,0,0,1,0,0,0,0,0,0,0,4,2,3,0,1,1,19,1,10,4,0,0,0,0,0,0,0,0,0,0,0,0,2,0,0,2,2,2,0,0,2,1,1,0,0,0,0,0,0,0,1,0,1,1,4,2,5,5,6,5
9 - Χαλκιδικής,79 E.T. Δήμου Νέας Προποντίδας,527,367,11,2,13,354,119,8,11,2,76,15,48,25,1,17,0,0,77,3,2,1,69,1,13,6,0,2,1,0,28,12,6,0,2,2,8,1,1,3,0,2,0,0,0,0,0,0,0,2,0,2,0,4,4,1,1,0,0,20,4,11,2,0,0,0,0,0,0,0,0,0,0,0,0,5,2,3,0,2,1,0,1,2,2,4,3,0,1,0,0,1,1,2,1,1,0,3,2,2,2,12,9
9 - Χαλκιδικής,80 E.T. Δήμου Νέας Προποντίδας,540,356,11,1,12,344,111,12,6,4,65,11,62,31,5,15,3,3,85,0,1,1,80,0,5,1,0,1,0,1,15,4,4,1,2,2,7,1,1,0,1,1,1,0,1,1,0,0,0,0,0,0,0,2,1,0,0,0,0,19,6,11,0,0,0,1,1,0,0,0,0,0,0,0,0,3,1,1,0,1,0,0,0,1,0,3,3,0,0,0,0,0,0,4,3,1,1,0,0,0,0,22,13
9 - Χαλκιδικής,81 E.T. Δήμου Νέας Προποντίδας,516,347,7,1,8,339,115,8,6,4,66,14,56,22,5,14,3,1,89,2,2,0,81,0,11,1,1,1,2,1,22,8,2,3,0,2,10,2,0,2,2,1,0,0,0,0,0,0,0,0,0,0,0,4,3,1,1,0,0,7,1,6,0,0,0,0,0,2,0,2,0,0,0,0,0,2,1,0,0,1,0,0,1,0,0,0,0,0,0,1,0,1,1,2,0,1,1,3,2,1,1,10,5
9 - Χαλκιδικής,82 E.T. Δήμου Νέας Προποντίδας,549,365,8,0,8,357,107,16,7,1,62,13,50,21,4,13,1,2,103,0,1,0,96,0,11,4,1,0,1,1,31,11,2,5,0,2,11,2,1,2,3,0,0,0,0,0,0,0,0,0,0,0,0,2,2,1,0,0,1,15,1,9,3,0,0,0,0,0,0,0,0,0,0,1,1,3,1,0,2,2,1,1,0,0,0,4,0,0,2,0,0,4,3,0,0,2,1,0,0,2,1,8,3
9 - Χαλκιδικής,83 E.T. Δήμου Νέας Προποντίδας,538,348,13,0,13,335,140,16,14,4,84,12,39,17,6,5,1,4,66,1,2,1,58,1,16,4,2,3,0,3,25,10,4,2,1,7,10,3,0,2,2,1,2,2,0,1,1,0,0,0,0,0,0,3,1,0,0,0,0,8,2,2,3,0,0,1,0,1,1,0,0,0,0,0,0,0,0,0,0,2,0,2,0,4,2,3,3,0,0,0,0,1,1,4,3,0,0,2,2,0,0,7,3
9 - Χαλκιδικής,84 E.T. Δήμου Νέας Προποντίδας,526,346,9,3,12,334,100,12,17,4,58,9,45,18,7,11,0,3,77,4,3,1,65,1,18,10,0,0,1,1,27,11,8,2,0,2,15,3,0,3,6,0,0,0,0,0,0,0,0,0,0,0,0,10,8,0,0,0,0,15,3,6,2,0,0,0,0,1,0,1,0,0,0,1,1,2,1,1,0,1,0,0,1,0,0,2,1,1,0,0,0,3,2,4,4,1,1,4,2,2,2,6,4
9 - Χαλκιδικής,85 E.T. Δήμου Νέας Προποντίδας,534,362,10,2,12,350,124,28,6,3,57,16,54,28,5,7,0,4,89,2,1,1,84,0,13,5,1,0,0,0,19,5,3,2,2,2,9,1,0,0,3,1,2,0,2,2,0,0,0,1,0,0,0,2,2,1,0,0,1,12,2,6,1,0,0,0,0,0,0,0,0,0,0,0,0,2,0,1,0,1,0,0,0,1,0,0,0,0,0,2,1,6,6,1,1,0,0,2,1,1,1,6,1
9 - Χαλκιδικής,86 E.T. Δήμου Νέας Προποντίδας,500,358,11,0,11,347,86,9,9,2,36,22,54,30,3,13,1,2,101,2,1,1,95,0,12,4,3,0,0,2,24,12,2,3,1,3,8,3,0,3,0,0,3,0,2,0,0,0,0,0,0,0,0,3,2,4,2,1,0,25,10,11,3,0,0,0,0,0,0,0,0,0,0,0,0,0,0,0,0,0,0,0,0,4,3,4,1,0,2,0,0,4,4,1,0,0,0,0,0,1,1,13,8
9 - Χαλκιδικής,87 E.T. Δήμου Νέας Προποντίδας,506,375,18,2,20,355,145,11,9,1,84,25,40,20,2,5,1,2,76,1,0,1,73,0,16,8,0,1,0,2,23,4,6,8,0,1,11,0,1,3,0,1,0,0,0,0,0,0,0,1,1,0,0,2,0,5,0,2,3,20,4,6,6,0,0,1,0,0,0,0,0,0,0,0,0,0,0,0,0,3,0,0,1,0,0,2,1,0,0,0,0,1,1,1,1,0,0,2,1,0,0,6,4
9 - Χαλκιδικής,88 E.T. Δήμου Νέας Προποντίδας,504,352,5,1,6,346,136,17,10,1,70,19,40,17,4,3,1,4,84,5,4,0,70,1,15,5,0,0,0,4,27,8,2,7,2,0,5,0,1,1,0,1,1,1,0,0,0,0,0,1,1,0,0,1,1,4,1,1,0,9,2,3,0,0,0,0,0,1,1,0,0,0,0,1,1,1,1,0,0,0,0,0,0,1,1,1,0,0,0,0,0,1,0,0,0,0,0,4,2,2,1,11,9
9 - Χαλκιδικής,89 E.T. Δήμου Νέας Προποντίδας,459,329,7,1,8,321,108,33,5,4,22,31,43,10,4,18,0,2,66,0,1,1,57,1,11,4,0,0,2,1,30,13,1,6,1,3,10,0,1,2,1,0,1,0,1,1,0,0,0,0,0,0,0,4,3,2,2,0,0,17,1,11,3,0,0,1,1,0,0,0,0,0,0,0,0,1,0,1,0,0,0,0,0,1,1,2,0,0,1,0,0,1,1,2,2,0,0,1,1,4,4,15,10
9 - Χαλκιδικής,90 E.T. Δήμου Νέας Προποντίδας,446,322,15,2,17,305,96,24,8,7,29,18,40,10,4,19,1,3,50,0,1,1,45,2,14,8,0,0,0,2,32,20,3,0,1,2,7,3,3,0,0,0,1,1,0,0,0,0,0,0,0,0,0,1,1,1,1,0,0,50,3,40,4,0,0,0,0,1,0,0,0,0,0,0,0,1,0,0,0,1,0,0,1,0,0,0,0,0,0,0,0,0,0,1,1,0,0,1,0,3,3,5,4
9 - Χαλκιδικής,91 E.T. Δήμου Νέας Προποντίδας,444,289,2,0,2,287,94,19,10,3,20,24,24,3,4,6,1,4,51,1,1,3,45,0,15,2,1,1,3,3,25,9,1,7,0,4,8,1,4,1,0,0,6,0,6,0,0,2,1,0,0,0,0,1,0,2,1,0,0,29,3,19,3,0,0,0,0,3,0,0,1,0,0,0,0,2,0,0,1,2,0,2,0,0,0,0,0,0,0,1,1,3,2,3,1,0,0,1,0,6,6,9,6
9 - Χαλκιδικής,92 E.T. Δήμου Νέας Προποντίδας,628,454,5,3,8,446,193,63,13,4,78,25,38,17,3,7,2,0,104,14,5,0,82,0,7,2,0,1,0,2,39,15,6,1,1,6,5,1,2,0,1,0,2,1,0,0,0,0,0,0,0,0,0,5,0,7,1,1,1,12,2,6,1,0,0,0,0,2,2,0,0,0,0,0,0,6,0,1,4,3,0,1,1,0,0,1,0,0,1,1,0,1,1,3,2,0,0,3,3,1,1,13,12
9 - Χαλκιδικής,93 E.T. Δήμου Νέας Προποντίδας,507,329,2,2,4,325,108,21,23,3,32,18,52,34,5,6,1,0,68,3,3,2,60,0,13,10,0,0,0,2,20,11,0,1,2,3,6,0,0,4,0,2,4,1,3,0,0,0,0,0,0,0,0,2,1,0,0,0,0,21,6,7,6,0,0,1,1,3,1,2,0,0,0,0,0,0,0,0,0,2,0,0,0,1,0,6,5,0,0,0,0,1,1,2,2,0,0,1,0,2,2,12,12
9 - Χαλκιδικής,94 E.T. Δήμου Νέας Προποντίδας,502,339,6,2,8,331,123,17,34,9,26,27,52,25,7,9,2,2,67,0,0,0,62,1,13,6,1,1,0,2,26,6,4,4,2,5,9,4,1,0,1,0,2,1,0,1,0,0,0,0,0,0,0,4,0,3,1,2,0,9,2,6,1,0,0,2,2,0,0,0,0,0,0,0,0,0,0,0,0,1,0,0,0,0,0,1,1,0,0,0,0,6,4,0,0,0,0,4,4,2,2,6,3
9 - Χαλκιδικής,95 E.T. Δήμου Νέας Προποντίδας,500,329,5,0,5,324,130,19,28,6,29,34,58,35,4,10,3,2,54,0,1,0,52,0,18,11,1,0,1,1,11,1,3,2,1,0,6,1,1,3,0,0,0,0,0,0,0,0,0,1,0,0,0,2,1,5,1,0,2,16,2,11,1,0,0,0,0,2,1,1,0,0,0,0,0,1,0,0,0,2,1,1,0,2,0,0,0,0,0,0,0,1,1,2,2,1,0,1,0,0,0,11,5
9 - Χαλκιδικής,96 E.T. Δήμου Νέας Προποντίδας,525,280,6,1,7,273,95,18,19,1,12,41,40,12,4,13,6,0,25,4,1,1,17,0,15,8,0,0,0,1,33,10,0,14,0,5,14,2,2,0,3,2,0,0,0,2,2,2,1,1,0,1,0,1,1,5,3,1,0,19,1,13,1,0,0,0,0,2,1,0,0,0,0,0,0,0,0,0,0,1,0,0,0,1,0,0,0,0,0,0,0,0,0,3,2,2,2,3,0,0,0,9,8
9 - Χαλκιδικής,97 E.T. Δήμου Νέας Προποντίδας,531,321,10,3,13,308,112,20,24,0,11,47,52,17,5,19,1,4,23,4,3,0,12,3,24,13,0,0,0,5,18,5,0,10,0,1,12,6,1,1,1,3,0,0,0,0,0,0,0,1,0,0,0,0,0,4,3,0,1,33,1,30,1,0,0,1,0,1,1,0,0,0,0,0,0,2,0,0,2,1,1,0,0,1,1,0,0,0,0,1,1,0,0,2,2,1,0,4,3,3,2,12,10
9 - Χαλκιδικής,98 E.T. Δήμου Νέας Προποντίδας,534,359,7,4,11,348,103,12,36,1,7,40,53,8,1,22,2,10,44,4,6,1,32,0,15,8,0,1,0,1,24,5,2,10,1,1,13,4,0,1,1,0,2,1,0,0,0,0,0,4,0,2,0,4,2,7,4,1,0,42,0,37,2,0,0,1,1,3,2,0,0,0,0,0,0,3,0,1,1,1,0,1,0,1,1,4,2,0,2,0,0,2,2,4,4,2,2,1,1,1,1,14,14
9 - Χαλκιδικής,99 E.T. Δήμου Νέας Προποντίδας,533,323,14,4,18,305,135,16,39,4,26,42,59,15,5,22,4,3,28,4,0,4,14,3,17,12,1,1,0,1,13,5,0,7,1,0,5,1,2,2,0,0,1,0,0,0,0,0,0,1,1,0,0,2,2,12,7,1,2,15,1,12,2,0,0,2,2,0,0,0,0,0,0,0,0,0,0,0,0,1,1,0,0,0,0,4,1,2,0,1,1,0,0,1,1,0,0,0,0,0,0,8,4
9 - Χαλκιδικής,100 E.T. Δήμου Νέας Προποντίδας,527,296,11,2,13,283,113,20,39,3,11,34,38,6,1,20,2,8,34,0,0,1,24,7,14,9,1,2,0,1,19,6,3,7,0,2,11,2,2,2,1,2,1,1,0,2,1,0,0,0,0,0,0,1,1,3,3,0,0,28,1,25,1,0,0,0,0,0,0,0,0,0,0,0,0,3,0,0,3,0,0,0,0,2,0,4,2,1,1,1,1,1,1,1,1,1,0,1,1,1,0,4,2
9 - Χαλκιδικής,101 E.T. Δήμου Νέας Προποντίδας,541,307,4,3,7,300,99,22,16,2,7,45,56,6,3,25,5,11,25,1,2,1,20,1,18,9,1,2,0,2,22,3,2,13,1,1,12,4,3,0,0,2,1,0,1,0,0,0,0,2,1,1,0,1,1,7,5,0,2,32,0,29,1,0,0,0,0,0,0,0,0,0,0,1,1,1,0,0,1,1,0,0,0,3,3,1,0,0,0,1,1,1,1,2,1,0,0,1,1,0,0,13,10
9 - Χαλκιδικής,102 E.T. Δήμου Νέας Προποντίδας,544,310,18,1,19,291,106,14,23,3,19,33,48,10,8,13,2,4,37,0,1,2,31,0,16,8,0,2,0,1,32,10,2,12,0,2,7,3,0,1,1,0,2,1,1,1,1,0,0,1,0,0,0,1,1,2,2,0,0,9,0,7,0,0,0,0,0,0,0,0,0,0,0,0,0,3,0,2,1,0,0,0,0,0,0,5,1,1,1,0,0,3,3,1,1,0,0,2,0,0,0,15,8
9 - Χαλκιδικής,103 E.T. Δήμου Νέας Προποντίδας,551,324,8,3,11,313,130,38,21,3,9,52,51,14,4,15,3,9,38,1,3,1,32,0,16,11,2,0,0,2,15,3,3,7,1,1,12,2,2,3,2,1,0,0,0,0,0,0,0,0,0,0,0,1,0,4,4,0,0,26,1,22,0,0,0,1,1,0,0,0,0,0,0,0,0,2,0,0,2,1,1,0,0,0,0,1,0,1,0,0,0,0,0,2,2,1,0,5,3,0,0,7,4
9 - Χαλκιδικής,104 E.T. Δήμου Νέας Προποντίδας,561,337,9,1,10,327,105,20,24,4,11,39,36,9,0,12,5,3,57,1,3,3,44,5,19,9,0,1,0,3,23,6,1,7,0,5,12,5,1,2,1,2,1,0,1,0,0,1,1,3,1,0,0,1,1,6,3,0,1,36,4,31,1,0,0,0,0,0,0,0,0,0,0,0,0,0,0,0,0,2,1,0,0,0,0,3,2,1,0,0,0,0,0,2,2,1,1,3,2,2,0,14,11
9 - Χαλκιδικής,105 E.T. Δήμου Νέας Προποντίδας,542,301,15,4,19,282,100,29,15,2,10,33,40,8,5,12,0,7,37,3,2,3,25,2,12,6,2,1,0,2,24,5,2,13,0,3,14,4,4,3,1,1,1,0,0,0,0,0,0,0,0,0,0,3,3,3,2,0,0,24,0,22,0,0,0,0,0,0,0,0,0,0,0,0,0,5,0,0,5,0,0,0,0,0,0,4,2,1,0,0,0,1,0,1,1,1,1,2,1,0,0,10,6
9 - Χαλκιδικής,106 E.T. Δήμου Νέας Προποντίδας,522,274,17,2,19,255,78,15,20,1,9,30,47,8,7,21,2,6,29,5,2,1,17,0,15,9,1,0,1,1,20,3,0,16,0,0,6,1,0,0,2,1,1,0,1,2,1,0,0,1,1,0,0,1,1,4,4,0,0,25,4,20,0,0,0,0,0,1,1,0,0,0,0,0,0,1,0,0,1,2,1,0,1,1,1,5,1,2,2,1,1,0,0,3,3,1,1,2,2,1,1,8,6
9 - Χαλκιδικής,107 E.T. Δήμου Νέας Προποντίδας,525,329,9,0,9,320,126,26,29,4,16,38,39,5,4,13,1,8,31,0,2,2,21,0,16,11,0,1,0,2,33,7,0,12,1,3,12,3,1,2,2,1,2,0,1,1,0,0,0,0,0,0,0,0,0,5,4,1,0,28,0,23,1,0,0,0,0,3,3,0,0,0,0,0,0,2,1,0,1,1,1,0,0,1,0,2,1,1,0,0,0,0,0,0,0,2,0,5,5,4,1,7,4
9 - Χαλκιδικής,108 E.T. Δήμου Νέας Προποντίδας,410,278,3,2,5,273,122,19,26,5,23,31,31,4,0,14,3,1,46,4,2,1,37,0,5,3,0,0,0,0,22,9,3,5,0,3,4,0,0,0,2,0,0,0,0,0,0,0,0,0,0,0,0,1,1,5,3,1,1,18,2,11,3,0,0,0,0,0,0,0,0,0,0,0,0,0,0,0,0,2,0,1,0,0,0,3,2,0,0,0,0,0,0,5,3,0,0,2,2,0,0,7,5
9 - Χαλκιδικής,109 E.T. Δήμου Νέας Προποντίδας,384,255,5,4,9,246,109,20,19,6,21,30,23,0,2,10,0,1,53,0,2,3,43,1,7,2,1,0,0,1,11,3,1,3,0,2,5,2,0,0,1,0,0,0,0,1,1,0,0,1,0,1,0,1,0,5,2,1,2,13,0,9,2,0,0,0,0,1,0,0,0,0,0,0,0,1,0,0,1,2,0,0,0,2,0,0,0,0,0,1,0,2,2,1,1,1,1,2,2,0,0,4,2
9 - Χαλκιδικής,110 E.T. Δήμου Νέας Προποντίδας,398,274,3,1,4,270,133,34,37,2,20,32,27,5,1,15,1,2,42,0,5,3,30,3,7,3,0,0,1,2,21,8,3,4,0,3,5,4,1,0,0,0,2,0,2,1,0,0,0,1,0,1,0,0,0,3,1,0,2,8,0,3,1,0,0,1,1,1,0,0,0,0,0,0,0,0,0,0,0,2,1,1,0,0,0,3,0,1,0,0,0,0,0,0,0,0,0,1,1,2,2,10,6
9 - Χαλκιδικής,111 E.T. Δήμου Νέας Προποντίδας,337,230,6,1,7,223,96,25,34,0,15,18,23,3,5,13,0,1,41,0,0,0,37,4,4,2,1,0,0,1,21,5,2,12,0,1,4,0,0,1,1,1,4,0,4,0,0,0,0,0,0,0,0,2,2,1,1,0,0,12,3,8,0,0,0,0,0,1,1,0,0,0,0,0,0,1,0,1,0,2,1,0,1,0,0,0,0,0,0,0,0,0,0,1,1,0,0,1,1,3,0,6,4
9 - Χαλκιδικής,112 E.T. Δήμου Νέας Προποντίδας,519,319,3,2,5,314,104,20,17,3,23,36,51,2,5,24,8,6,53,2,0,0,47,2,5,3,2,0,0,0,40,13,2,21,0,1,6,1,2,0,0,0,11,0,10,0,0,1,1,2,0,1,0,5,3,2,0,1,0,12,2,8,0,0,0,1,0,1,1,0,0,1,0,0,0,0,0,0,0,2,1,0,0,0,0,1,0,0,1,0,0,3,2,0,0,1,1,4,4,0,0,8,6
9 - Χαλκιδικής,113 E.T. Δήμου Νέας Προποντίδας,508,337,18,0,18,319,114,19,34,2,28,27,33,6,4,13,0,4,72,1,5,0,64,0,5,2,0,1,0,0,20,8,0,7,0,1,6,2,0,1,1,0,7,1,6,2,1,0,0,0,0,0,0,1,0,3,2,0,0,19,1,15,2,0,0,1,0,1,1,0,0,0,0,1,0,1,0,1,0,4,2,0,1,3,3,2,0,0,0,2,1,1,0,4,3,1,1,5,4,0,0,11,6
9 - Χαλκιδικής,114 E.T. Δήμου Νέας Προποντίδας,525,330,11,2,13,317,94,14,22,1,18,31,51,9,7,17,6,3,58,5,5,0,39,2,6,4,0,0,1,0,30,7,2,18,1,0,8,0,0,2,2,0,16,1,14,0,0,0,0,0,0,0,0,2,2,6,3,0,0,19,2,14,1,0,0,1,0,1,0,1,0,0,0,0,0,1,0,0,1,4,1,2,1,0,0,2,2,0,0,1,1,0,0,2,2,1,1,5,3,1,0,8,5
9 - Χαλκιδικής,115 E.T. Δήμου Νέας Προποντίδας,437,247,8,0,8,239,71,12,19,6,15,12,38,8,6,13,1,4,59,1,3,3,51,0,3,1,0,0,0,1,13,3,2,5,1,0,0,0,0,0,0,0,7,3,3,0,0,0,0,3,0,2,0,0,0,0,0,0,0,28,4,24,0,0,0,1,0,0,0,0,0,0,0,0,0,5,0,0,5,0,0,0,0,2,2,1,0,0,1,0,0,0,0,0,0,2,2,3,1,1,1,2,0
9 - Χαλκιδικής,116 E.T. Δήμου Νέας Προποντίδας,475,297,12,0,12,285,100,30,10,4,9,34,52,13,8,14,4,3,43,4,3,1,32,1,13,6,1,0,0,0,18,5,4,2,0,4,11,2,1,5,2,0,6,1,5,0,0,0,0,0,0,0,0,0,0,3,2,0,0,20,3,14,1,0,0,0,0,0,0,0,0,0,0,0,0,0,0,0,0,3,1,0,1,0,0,1,1,0,0,0,0,2,0,2,1,0,0,1,1,1,0,9,5
9 - Χαλκιδικής,117 E.T. Δήμου Νέας Προποντίδας,484,276,10,3,13,263,118,37,25,4,12,32,31,7,4,9,0,4,43,5,4,1,30,1,7,1,3,0,0,0,16,8,1,3,0,2,4,0,2,0,2,0,7,1,6,1,1,0,0,0,0,0,0,2,1,2,0,2,0,13,2,8,1,0,0,0,0,0,0,0,0,0,0,0,0,0,0,0,0,1,0,0,0,1,0,1,1,0,0,0,0,1,0,1,1,0,0,3,1,0,0,11,10
9 - Χαλκιδικής,118 E.T. Δήμου Νέας Προποντίδας,486,307,4,2,6,301,122,44,18,6,17,28,41,7,8,12,5,4,28,3,0,0,24,1,10,5,1,0,0,1,34,16,4,3,1,2,4,2,1,0,0,0,1,0,1,1,1,0,0,1,0,1,0,2,1,4,1,0,2,29,4,20,4,0,0,0,0,4,1,0,0,0,0,1,0,1,1,0,0,2,0,1,1,0,0,3,1,0,0,0,0,0,0,0,0,1,1,0,0,1,0,11,7
9 - Χαλκιδικής,119 E.T. Δήμου Νέας Προποντίδας,479,286,12,4,16,270,108,35,18,1,12,33,51,13,9,18,1,3,26,7,0,1,17,1,20,7,1,2,0,0,25,7,1,5,2,4,3,1,0,0,0,1,0,0,0,0,0,0,0,2,0,0,0,5,5,1,1,0,0,17,3,12,2,0,0,1,1,0,0,0,0,1,1,1,1,0,0,0,0,1,1,0,0,0,0,1,0,1,0,0,0,2,2,1,1,0,0,0,0,0,0,4,2
9 - Χαλκιδικής,120 E.T. Δήμου Νέας Προποντίδας,437,306,7,2,9,297,106,19,30,3,5,42,36,7,4,16,1,2,64,5,0,0,51,6,4,3,0,0,0,0,15,5,1,3,2,3,8,1,0,4,1,0,3,0,3,0,0,0,0,2,0,0,0,0,0,17,16,0,1,22,2,16,1,0,0,0,0,9,7,2,0,0,0,0,0,0,0,0,0,2,1,0,0,0,0,1,0,0,0,1,0,0,0,0,0,0,0,1,1,1,1,5,4
9 - Χαλκιδικής,121 E.T. Δήμου Νέας Προποντίδας,436,289,6,0,6,283,124,18,43,4,12,36,32,1,2,15,2,7,52,3,2,0,43,1,9,6,0,0,0,0,13,4,1,5,0,1,6,3,0,2,0,1,10,3,7,0,0,0,0,0,0,0,0,1,1,8,8,0,0,12,2,10,0,0,0,0,0,3,2,1,0,0,0,0,0,0,0,0,0,0,0,0,0,1,0,1,0,0,1,0,0,1,0,0,0,0,0,4,1,0,0,6,5
9 - Χαλκιδικής,122 E.T. Δήμου Νέας Προποντίδας,436,286,4,1,5,281,147,22,38,8,17,58,23,6,2,8,1,3,43,0,1,0,37,5,3,1,1,0,0,0,18,6,2,6,0,1,5,0,1,1,0,0,7,1,6,1,1,0,0,0,0,0,0,0,0,4,3,0,0,16,3,12,0,0,0,0,0,3,2,0,0,0,0,0,0,0,0,0,0,1,0,0,1,2,1,2,1,0,1,0,0,0,0,0,0,0,0,1,0,0,0,5,2
9 - Χαλκιδικής,123 E.T. Δήμου Νέας Προποντίδας,441,296,8,4,12,284,123,21,41,2,14,37,16,1,4,6,1,3,69,6,5,2,54,0,9,2,0,0,0,1,21,6,2,5,0,1,1,0,0,0,0,0,2,0,2,0,0,0,0,1,1,0,0,0,0,8,6,0,2,13,1,9,0,0,0,1,0,4,0,4,0,0,0,0,0,3,0,0,3,1,0,1,0,1,1,0,0,0,0,0,0,1,1,3,2,0,0,0,0,0,0,7,6
9 - Χαλκιδικής,124 E.T. Δήμου Νέας Προποντίδας,439,297,1,1,2,295,111,13,30,1,28,36,19,3,2,4,2,3,77,2,2,5,65,1,8,3,0,1,0,0,19,3,2,8,1,1,7,3,0,0,1,1,3,0,3,1,1,0,0,4,3,1,0,0,0,5,4,0,1,17,1,9,3,0,0,1,1,4,0,4,0,0,0,1,1,6,0,0,6,2,1,0,1,1,0,3,1,0,0,1,0,0,0,1,0,0,0,0,0,0,0,4,1
9 - Χαλκιδικής,125 E.T. Δήμου Νέας Προποντίδας,436,275,4,0,4,271,111,14,30,3,14,43,24,3,8,4,3,4,41,1,5,1,32,2,5,2,0,2,0,1,24,7,3,9,0,2,8,5,1,0,1,1,2,0,0,0,0,0,0,3,2,0,0,2,1,3,2,0,0,15,2,8,2,0,0,0,0,5,1,4,0,0,0,0,0,3,0,0,3,2,0,2,0,0,0,1,0,0,0,1,1,4,3,3,2,0,0,2,2,0,0,12,10
9 - Χαλκιδικής,126 E.T. Δήμου Νέας Προποντίδας,447,263,7,3,10,253,87,12,28,1,10,32,22,5,7,4,2,2,51,3,0,0,42,1,9,5,0,0,0,1,31,11,4,10,0,2,6,3,0,0,0,1,5,1,4,0,0,0,0,2,1,1,0,7,7,7,7,0,0,8,1,5,1,0,0,0,0,2,0,2,0,0,0,1,1,0,0,0,0,1,0,0,0,0,0,0,0,0,0,0,0,1,1,1,0,2,2,3,1,1,0,6,3
9 - Χαλκιδικής,127 E.T. Δήμου Νέας Προποντίδας,466,299,4,0,4,295,112,19,39,2,13,35,23,2,6,7,1,1,72,3,1,1,65,0,8,2,1,2,0,1,27,8,3,4,0,3,8,1,0,0,1,1,4,0,4,1,1,0,0,0,0,0,0,1,1,2,1,0,0,10,3,6,1,0,0,0,0,2,0,2,0,0,0,0,0,1,0,1,0,2,1,1,0,1,1,3,0,0,1,0,0,2,1,4,1,0,0,1,1,0,0,11,8
9 - Χαλκιδικής,128 E.T. Δήμου Νέας Προποντίδας,501,306,9,1,10,296,109,39,12,10,9,31,35,6,4,17,2,2,67,2,2,6,44,5,4,0,2,0,0,0,14,2,1,6,0,1,12,3,4,1,0,2,0,0,0,0,0,0,0,1,1,0,0,0,0,8,4,0,1,16,2,11,0,0,0,1,0,1,1,0,0,0,0,0,0,1,0,0,1,2,1,1,0,4,1,0,0,0,0,1,0,2,2,2,1,1,1,4,3,0,0,11,10
9 - Χαλκιδικής,129 E.T. Δήμου Νέας Προποντίδας,504,283,8,0,8,275,115,28,19,2,18,39,30,4,4,15,1,2,29,0,2,0,27,0,6,3,1,1,0,0,36,9,2,17,0,2,7,4,0,0,0,1,0,0,0,0,0,0,0,0,0,0,0,1,1,5,2,0,1,12,0,9,1,0,0,0,0,1,1,0,0,0,0,0,0,4,0,0,3,2,1,1,0,0,0,1,1,0,0,1,1,6,6,1,1,1,0,0,0,1,0,16,16
9 - Χαλκιδικής,130 E.T. Δήμου Νέας Προποντίδας,488,313,4,3,7,306,131,29,32,0,15,46,28,7,2,14,0,0,47,5,3,2,29,2,9,4,2,0,0,1,26,8,6,6,0,1,8,0,3,0,0,2,0,0,0,1,1,0,0,3,1,1,0,0,0,4,2,0,2,15,5,8,1,0,0,0,0,1,1,0,0,0,0,0,0,1,0,0,1,2,1,0,0,1,1,2,0,1,0,0,0,1,0,2,2,1,1,3,3,0,0,20,19
9 - Χαλκιδικής,131 E.T. Δήμου Νέας Προποντίδας,489,322,3,3,6,316,114,27,14,4,30,30,48,8,6,24,1,4,44,2,2,3,32,1,21,12,2,2,0,0,32,11,3,10,1,5,5,0,0,1,1,2,1,0,0,0,0,0,0,0,0,0,0,0,0,6,2,1,1,24,4,15,3,0,0,0,0,0,0,0,0,0,0,1,0,0,0,0,0,1,0,0,1,0,0,1,0,0,0,0,0,3,1,5,4,0,0,2,1,0,0,8,4
9 - Χαλκιδικής,132 E.T. Δήμου Νέας Προποντίδας,371,269,6,0,6,263,121,23,36,1,33,16,38,21,3,7,1,2,30,0,1,1,26,0,9,4,0,0,0,2,14,7,2,0,1,0,3,0,1,2,0,0,0,0,0,0,0,0,0,0,0,0,0,3,2,1,0,0,0,10,2,3,1,0,0,1,0,2,0,1,0,0,0,0,0,0,0,0,0,1,1,0,0,1,0,2,1,1,0,3,1,1,1,10,10,0,0,2,1,0,0,11,8
9 - Χαλκιδικής,133 E.T. Δήμου Νέας Προποντίδας,509,373,3,0,3,370,151,28,17,1,49,41,34,9,4,8,1,3,66,1,2,4,53,0,19,6,0,2,1,1,13,3,3,0,1,1,15,4,1,2,1,0,3,1,2,0,0,0,0,3,0,1,1,7,5,11,3,0,2,23,7,11,0,0,0,1,1,0,0,0,0,0,0,0,0,2,0,1,0,1,1,0,0,0,0,2,1,0,0,2,1,0,0,0,0,1,0,1,1,1,1,14,7
9 - Χαλκιδικής,134 E.T. Δήμου Νέας Προποντίδας,435,307,3,2,5,302,161,53,36,4,30,33,22,2,2,12,1,2,48,0,2,0,46,0,5,0,0,0,0,3,21,2,1,10,1,2,8,2,0,3,0,2,5,0,5,0,0,0,0,1,0,1,0,3,2,3,2,0,0,5,0,4,0,0,0,0,0,2,1,0,0,0,0,0,0,1,0,1,0,0,0,0,0,0,0,4,2,0,0,0,0,3,3,7,4,0,0,1,1,1,0,1,0
9 - Χαλκιδικής,135 E.T. Δήμου Νέας Προποντίδας,557,370,6,2,8,362,137,28,30,2,35,23,54,9,4,24,2,5,68,0,2,7,51,2,18,5,2,0,0,3,24,14,1,2,1,1,7,1,1,0,0,1,2,0,2,0,0,0,0,2,0,1,0,0,0,3,2,1,0,21,3,11,2,0,0,1,0,2,0,2,0,0,0,0,0,0,0,0,0,1,0,0,0,1,0,2,1,0,1,0,0,2,1,5,2,1,1,3,1,2,2,6,4
9 - Χαλκιδικής,136 E.T. Δήμου Νέας Προποντίδας,551,344,10,7,17,327,135,45,18,5,22,36,29,5,1,12,1,4,70,3,4,2,59,1,15,8,0,0,0,2,23,5,2,4,4,2,5,2,0,0,2,1,2,0,1,1,1,0,0,2,0,1,0,1,1,1,0,1,0,8,2,5,0,0,0,1,1,2,0,2,0,0,0,1,1,1,0,0,1,3,1,1,0,0,0,3,3,0,0,0,0,1,1,2,2,1,1,3,3,0,0,17,12
9 - Χαλκιδικής,137 E.T. Δήμου Νέας Προποντίδας,549,391,3,3,6,385,142,26,27,3,37,37,48,6,8,18,0,6,60,2,6,3,48,0,15,7,2,2,0,3,30,11,4,6,0,1,14,1,0,3,1,0,3,0,3,0,0,0,0,1,1,0,0,2,2,6,4,1,1,27,3,16,4,0,0,1,1,3,1,1,1,0,0,0,0,1,0,0,0,2,2,0,0,0,0,4,2,0,1,1,1,2,1,2,1,1,1,4,1,0,0,16,10
9 - Χαλκιδικής,138 E.T. Δήμου Νέας Προποντίδας,551,383,10,3,13,370,123,19,35,4,25,29,49,5,1,22,1,13,63,3,2,0,52,0,32,13,5,4,0,2,33,16,4,5,1,1,8,0,0,0,3,0,8,1,6,0,0,0,0,0,0,0,0,2,0,6,1,1,2,16,6,8,1,0,0,0,0,3,2,0,0,0,0,0,0,1,0,0,1,3,0,2,0,0,0,6,3,0,0,2,0,2,1,2,1,0,0,1,0,1,0,9,6
9 - Χαλκιδικής,139 E.T. Δήμου Νέας Προποντίδας,530,328,4,1,5,323,84,9,22,3,15,28,49,8,3,20,4,4,51,0,4,1,43,0,16,10,0,2,0,2,40,22,1,7,1,4,10,1,0,1,1,1,7,2,5,0,0,0,0,1,0,1,0,8,5,4,0,1,0,15,3,7,2,0,0,0,0,4,2,2,0,0,0,0,0,6,0,0,6,2,1,0,0,0,0,3,2,0,0,0,0,4,2,3,2,1,0,3,1,2,1,10,4
9 - Χαλκιδικής,140 E.T. Δήμου Νέας Προποντίδας,421,265,0,3,3,262,101,24,14,1,18,35,33,4,7,10,4,2,44,2,0,1,37,3,8,4,0,1,0,0,21,8,3,3,1,0,5,2,1,1,1,0,0,0,0,1,0,0,0,0,0,0,0,1,0,3,2,0,1,12,3,4,4,0,0,1,0,1,1,0,0,0,0,1,1,7,2,1,4,3,3,0,0,3,3,1,1,0,0,0,0,2,1,0,0,0,0,4,2,4,1,6,5
9 - Χαλκιδικής,141 E.T. Δήμου Νέας Προποντίδας,418,271,9,2,11,260,105,27,20,9,15,31,44,12,1,10,3,15,40,1,1,0,36,1,10,0,1,0,1,1,28,9,9,4,1,2,4,3,0,0,0,0,0,0,0,0,0,0,0,1,1,0,0,0,0,2,1,0,0,6,1,3,2,0,0,0,0,1,0,1,0,1,1,0,0,2,0,0,1,3,1,0,1,0,0,3,3,0,0,0,0,0,0,1,0,0,0,2,0,0,0,7,5
9 - Χαλκιδικής,142 E.T. Δήμου Νέας Προποντίδας,397,250,8,2,10,240,86,27,13,3,10,30,43,7,4,12,0,15,47,2,4,1,34,1,8,0,0,0,0,3,12,6,1,2,0,0,4,1,0,1,0,1,1,1,0,2,2,0,0,0,0,0,0,4,4,2,0,2,0,10,3,5,0,0,0,0,0,0,0,0,0,0,0,0,0,4,1,0,3,0,0,0,0,0,0,2,0,1,0,0,0,1,0,1,1,0,0,0,0,1,0,12,9
9 - Χαλκιδικής,143 E.T. Δήμου Νέας Προποντίδας,510,355,3,2,5,350,85,40,8,4,19,4,65,19,6,21,2,1,61,0,0,0,49,1,14,4,1,0,1,4,26,4,4,4,0,3,6,0,0,0,0,2,7,0,6,2,1,0,0,0,0,0,0,3,0,6,1,1,3,28,3,17,0,0,0,0,0,0,0,0,0,0,0,1,1,11,1,0,10,1,0,1,0,1,1,0,0,0,0,0,0,4,2,3,3,1,1,1,0,4,3,20,9
9 - Χαλκιδικής,144 E.T. Δήμου Πολυγύρου,377,245,4,0,4,241,75,15,22,4,13,8,31,10,7,8,0,2,43,3,4,2,24,2,32,5,2,1,0,16,7,1,1,1,0,3,8,2,0,1,2,0,12,0,12,2,1,0,0,2,0,0,0,3,2,2,0,0,1,10,1,6,1,0,0,0,0,0,0,0,0,0,0,0,0,0,0,0,0,1,0,0,0,0,0,0,0,0,0,0,0,2,1,0,0,1,1,2,2,0,0,8,2
9 - Χαλκιδικής,145 E.T. Δήμου Πολυγύρου,379,258,7,0,7,251,97,15,43,11,9,12,29,6,5,7,3,1,19,1,1,3,9,3,33,10,3,4,3,8,9,5,2,0,0,1,8,1,2,2,0,0,18,1,16,0,0,0,0,2,2,0,0,2,1,1,0,1,0,2,0,1,0,0,0,0,0,4,0,4,0,0,0,0,0,0,0,0,0,5,3,0,1,1,1,0,0,0,0,0,0,2,2,1,0,1,0,3,2,2,2,12,5
9 - Χαλκιδικής,146 E.T. Δήμου Πολυγύρου,322,240,5,1,6,234,93,52,2,1,19,13,38,5,4,4,1,16,17,0,6,0,9,1,17,2,1,2,0,6,9,2,2,0,0,0,4,0,2,1,0,1,1,0,1,0,0,0,0,1,1,0,0,3,2,1,1,0,0,24,6,8,3,0,0,2,2,0,0,0,0,0,0,0,0,0,0,0,0,1,0,1,0,2,2,0,0,0,0,0,0,3,3,2,1,1,1,5,3,4,3,6,0
9 - Χαλκιδικής,147 E.T. Δήμου Πολυγύρου,506,329,11,1,12,317,156,44,43,6,13,36,32,4,4,9,1,8,15,0,1,0,8,4,7,1,1,0,0,2,20,14,1,1,1,0,12,5,2,1,1,0,2,2,0,1,1,0,0,1,0,0,1,9,6,5,4,0,0,22,4,10,3,0,0,3,1,1,0,1,0,0,0,0,0,0,0,0,0,6,3,0,1,1,0,0,0,0,0,1,0,5,3,2,0,1,0,3,1,4,2,8,5
9 - Χαλκιδικής,148 E.T. Δήμου Πολυγύρου,470,284,8,1,9,275,120,38,27,5,11,28,32,4,2,10,2,8,17,2,4,0,9,1,7,2,1,1,0,1,28,17,1,3,0,4,9,2,1,2,1,0,0,0,0,0,0,0,0,1,0,1,0,3,3,6,0,1,2,27,10,8,6,0,0,0,0,0,0,0,0,0,0,0,0,0,0,0,0,3,2,0,0,0,0,0,0,0,0,0,0,3,1,4,3,2,0,2,2,1,1,10,7
9 - Χαλκιδικής,149 E.T. Δήμου Πολυγύρου,475,299,10,1,11,288,130,31,36,5,15,24,37,2,6,12,1,11,10,1,0,1,5,1,7,2,3,0,0,1,29,7,2,8,2,1,6,0,1,0,1,1,0,0,0,0,0,0,0,1,1,0,0,10,3,5,0,0,4,28,5,13,3,0,0,0,0,3,0,0,0,1,0,0,0,2,0,1,1,3,0,1,0,2,1,0,0,0,0,0,0,2,0,3,2,0,0,0,0,1,0,8,7
9 - Χαλκιδικής,150 E.T. Δήμου Πολυγύρου,463,289,3,1,4,285,119,35,27,5,13,25,40,9,6,10,1,6,27,5,3,3,5,7,11,2,0,0,0,4,24,10,1,5,0,4,5,1,3,0,0,0,3,0,3,2,0,1,1,1,1,0,0,5,2,7,1,1,3,22,5,8,3,0,0,2,2,0,0,0,0,0,0,0,0,0,0,0,0,1,0,0,0,0,0,1,0,0,0,1,1,0,0,3,3,1,0,2,1,1,0,6,4
9 - Χαλκιδικής,151 E.T. Δήμου Πολυγύρου,477,314,2,3,5,309,102,32,18,5,10,18,42,5,4,17,2,8,41,3,4,1,15,10,21,2,6,1,0,5,19,9,1,4,0,1,14,2,1,1,1,1,3,1,1,1,1,0,0,1,0,0,0,2,1,3,1,0,2,27,8,11,5,0,0,0,0,0,0,0,0,0,0,0,0,2,0,1,0,2,0,1,0,2,0,5,2,0,0,0,0,1,0,0,0,0,0,2,0,5,3,14,2
9 - Χαλκιδικής,152 E.T. Δήμου Πολυγύρου,464,301,3,1,4,297,128,28,29,9,15,30,26,3,2,9,3,5,27,1,3,1,14,1,13,4,3,2,0,0,22,8,1,4,0,2,11,2,1,1,1,0,8,0,5,2,1,0,0,0,0,0,0,6,3,0,0,0,0,26,6,11,4,0,0,1,1,0,0,0,0,0,0,0,0,1,0,0,0,0,0,0,0,1,1,1,0,0,0,0,0,3,0,4,2,3,2,1,1,1,1,12,10
9 - Χαλκιδικής,153 E.T. Δήμου Πολυγύρου,621,425,9,4,13,412,181,47,28,7,30,37,66,8,5,31,5,8,47,2,8,2,25,5,18,5,1,0,1,4,20,7,6,0,0,1,4,0,0,1,0,0,8,0,8,0,0,0,0,1,0,0,0,1,1,6,1,0,1,34,11,7,6,0,0,0,0,0,0,0,0,0,0,0,0,0,0,0,0,2,0,0,1,2,1,3,1,2,0,0,0,2,0,3,1,0,0,3,0,0,0,11,6
9 - Χαλκιδικής,154 E.T. Δήμου Πολυγύρου,408,325,7,0,7,318,98,35,25,2,12,16,86,13,2,36,4,26,55,3,7,2,30,8,24,0,8,3,0,4,17,4,3,5,0,1,2,0,0,1,0,0,2,0,1,0,0,0,0,2,1,0,0,0,0,2,0,0,2,12,1,7,2,0,0,0,0,1,0,0,0,0,0,0,0,0,0,0,0,5,0,1,0,0,0,2,2,0,0,1,0,3,3,1,1,0,0,1,1,0,0,4,3
9 - Χαλκιδικής,155 E.T. Δήμου Πολυγύρου,405,288,6,1,7,281,103,30,32,0,9,22,70,13,4,41,0,5,48,3,9,0,27,6,20,1,6,1,0,4,8,2,1,2,1,0,6,1,1,1,1,0,0,0,0,0,0,0,0,0,0,0,0,1,1,1,1,0,0,8,1,5,1,0,0,0,0,1,0,1,0,0,0,0,0,0,0,0,0,3,0,1,0,0,0,1,0,0,0,0,0,1,1,2,0,0,0,1,0,1,1,6,6
9 - Χαλκιδικής,156 E.T. Δήμου Πολυγύρου,406,286,8,3,11,275,137,47,19,7,29,24,44,1,16,12,3,9,35,1,4,0,19,7,13,5,2,0,0,4,10,4,2,2,1,0,2,0,1,0,0,1,3,0,3,0,0,0,0,0,0,0,0,5,4,4,0,0,4,12,3,9,0,0,0,0,0,0,0,0,0,0,0,0,0,0,0,0,0,4,1,2,1,0,0,0,0,0,0,0,0,0,0,0,0,0,0,2,2,0,0,4,3
9 - Χαλκιδικής,157 E.T. Δήμου Πολυγύρου,324,251,1,0,1,250,110,36,28,10,16,18,38,5,15,8,1,3,43,0,3,2,31,3,5,1,0,0,0,2,18,4,4,6,1,1,5,0,1,3,0,1,5,2,1,0,0,0,0,1,1,0,0,0,0,2,0,0,2,11,1,7,1,0,0,1,1,0,0,0,0,0,0,1,1,0,0,0,0,0,0,0,0,0,0,0,0,0,0,0,0,0,0,1,1,2,1,0,0,5,5,2,2
9 - Χαλκιδικής,158 E.T. Δήμου Πολυγύρου,564,387,5,1,6,381,164,56,21,5,26,54,92,7,5,60,4,6,48,1,5,0,17,15,8,3,0,0,1,2,21,12,2,2,0,1,7,2,3,1,0,0,2,1,1,0,0,0,0,1,0,1,0,2,2,3,0,0,0,16,6,3,0,0,0,0,0,1,0,1,0,0,0,0,0,0,0,0,0,4,1,0,2,0,0,0,0,0,0,1,1,0,0,0,0,2,1,1,1,2,1,6,4
9 - Χαλκιδικής,159 E.T. Δήμου Πολυγύρου,559,360,14,3,17,343,159,84,18,4,36,8,59,5,16,22,0,8,36,3,0,0,31,2,20,1,6,1,1,3,14,2,1,5,2,1,6,0,1,0,1,0,4,0,3,1,0,0,0,0,0,0,0,9,6,0,0,0,0,9,2,3,3,0,0,1,1,0,0,0,0,0,0,2,1,3,0,0,1,1,0,0,0,0,0,3,1,0,2,0,0,4,3,1,0,2,2,2,1,0,0,7,6
9 - Χαλκιδικής,160 E.T. Δήμου Πολυγύρου,592,315,14,2,16,299,113,35,19,7,6,41,68,11,12,26,2,5,17,1,2,7,4,1,7,1,1,0,0,4,29,12,5,3,0,2,5,0,0,0,1,2,0,0,0,1,0,0,0,0,0,0,0,0,0,3,0,1,1,41,3,24,4,0,0,0,0,1,0,0,1,0,0,0,0,0,0,0,0,2,0,0,1,0,0,0,0,0,0,0,0,3,1,0,0,0,0,0,0,1,1,8,8
9 - Χαλκιδικής,161 E.T. Δήμου Πολυγύρου,537,320,6,1,7,313,99,26,17,6,3,39,53,5,5,19,4,12,38,4,0,6,23,1,23,2,4,0,0,10,18,4,5,2,0,0,18,0,0,1,13,4,1,0,1,12,4,1,0,2,2,0,0,1,1,1,0,0,0,25,2,21,1,0,0,0,0,0,0,0,0,1,0,3,2,0,0,0,0,0,0,0,0,0,0,1,0,0,0,0,0,3,3,2,2,0,0,0,0,0,0,11,3
9 - Χαλκιδικής,162 E.T. Δήμου Πολυγύρου,540,332,12,1,13,319,109,17,25,6,14,42,61,3,7,23,1,15,48,1,4,3,37,3,18,1,5,0,1,9,18,7,3,5,1,1,21,0,0,1,19,0,3,2,1,5,2,0,0,2,0,2,0,0,0,1,0,1,0,18,3,12,2,0,0,0,0,0,0,0,0,0,0,0,0,0,0,0,0,0,0,0,0,0,0,2,2,0,0,1,1,2,1,0,0,2,2,3,3,1,1,4,4
9 - Χαλκιδικής,163 E.T. Δήμου Πολυγύρου,533,320,3,2,5,315,105,16,20,8,17,38,41,1,4,25,0,3,48,2,8,6,27,2,17,1,4,0,0,9,27,3,10,4,1,5,23,0,0,1,17,1,1,0,1,4,3,0,0,2,1,1,0,0,0,0,0,0,0,22,5,10,3,0,0,0,0,1,0,1,0,0,0,1,1,1,0,1,0,0,0,0,0,0,0,1,1,0,0,0,0,2,2,3,2,0,0,2,0,0,0,14,8
9 - Χαλκιδικής,164 E.T. Δήμου Πολυγύρου,522,336,8,3,11,325,106,20,20,3,16,32,49,4,6,21,6,3,43,3,1,1,31,2,23,1,7,1,0,6,30,8,4,4,3,1,21,0,0,0,18,1,3,0,3,10,2,1,0,0,0,0,0,1,1,1,0,0,1,22,0,12,4,0,0,1,1,0,0,0,0,0,0,0,0,1,0,0,0,0,0,0,0,0,0,1,1,0,0,0,0,1,1,3,1,0,0,1,0,1,0,6,3
9 - Χαλκιδικής,165 E.T. Δήμου Πολυγύρου,517,323,9,1,10,313,104,16,18,6,9,49,71,2,12,33,3,18,37,0,1,3,26,5,18,2,3,1,0,6,16,4,4,7,0,1,16,0,0,0,14,1,3,0,3,8,4,0,0,2,0,1,1,1,1,2,1,0,1,9,2,5,2,0,0,0,0,0,0,0,0,0,0,0,0,0,0,0,0,1,0,1,0,2,2,3,2,0,0,1,1,2,0,3,1,0,0,3,2,0,0,11,7
9 - Χαλκιδικής,166 E.T. Δήμου Πολυγύρου,532,311,8,2,10,301,99,19,28,1,9,35,53,6,13,20,1,9,43,2,0,3,33,1,27,2,9,0,1,8,25,7,2,9,0,1,15,1,0,0,8,4,2,2,0,7,5,0,0,1,0,0,0,1,1,2,2,0,0,14,2,10,2,0,0,0,0,0,0,0,0,0,0,0,0,1,0,0,0,0,0,0,0,1,0,1,1,0,0,0,0,1,1,0,0,0,0,0,0,0,0,8,7
9 - Χαλκιδικής,167 E.T. Δήμου Πολυγύρου,535,334,1,0,1,333,123,13,26,2,15,53,56,3,3,31,2,9,50,2,6,4,25,6,22,4,9,1,0,5,18,2,5,5,1,0,23,0,2,0,18,1,2,0,2,5,5,0,0,4,0,0,0,0,0,3,1,0,1,13,0,9,0,0,0,0,0,0,0,0,0,0,0,1,1,1,0,0,0,1,0,0,0,0,0,2,0,0,1,0,0,0,0,0,0,2,1,2,1,0,0,5,3
9 - Χαλκιδικής,168 E.T. Δήμου Πολυγύρου,544,365,4,1,5,360,190,38,83,2,25,34,38,1,6,10,2,13,61,4,8,0,38,8,10,2,2,1,1,1,10,4,1,0,0,2,3,1,0,0,0,1,0,0,0,1,1,0,0,3,1,0,0,14,13,9,0,0,9,4,0,1,1,0,0,1,1,0,0,0,0,0,0,0,0,0,0,0,0,0,0,0,0,0,0,0,0,0,0,0,0,1,0,3,0,2,1,0,0,1,0,9,4
9 - Χαλκιδικής,169 E.T. Δήμου Πολυγύρου,543,374,4,6,10,364,191,38,57,7,16,62,49,3,6,20,2,12,35,0,1,1,20,12,5,0,0,0,0,3,18,1,1,14,0,0,12,4,0,1,0,5,5,0,3,1,1,0,0,0,0,0,0,2,2,1,0,0,1,21,4,11,2,0,0,0,0,1,0,1,0,0,0,0,0,2,1,0,1,1,0,1,0,2,2,2,1,1,0,0,0,1,0,6,4,0,0,2,0,0,0,7,5
9 - Χαλκιδικής,170 E.T. Δήμου Πολυγύρου,553,346,5,2,7,339,158,24,56,1,16,54,40,5,5,16,0,7,35,3,1,2,12,14,8,1,3,0,0,2,31,7,9,6,0,2,6,0,0,0,3,1,8,1,6,1,0,0,0,3,0,0,1,2,2,4,0,0,3,22,2,18,0,0,0,0,0,4,2,2,0,0,0,0,0,2,0,0,2,0,0,0,0,1,0,1,1,0,0,1,1,0,0,2,2,2,1,2,2,0,0,6,6
9 - Χαλκιδικής,171 E.T. Δήμου Πολυγύρου,184,118,6,1,7,111,63,8,25,0,26,3,8,1,2,3,0,0,14,0,5,0,2,5,0,0,0,0,0,0,5,0,2,1,0,2,3,0,0,1,0,1,0,0,0,0,0,0,0,0,0,0,0,0,0,0,0,0,0,9,2,4,0,0,0,0,0,0,0,0,0,0,0,0,0,0,0,0,0,2,1,0,0,0,0,2,1,1,0,1,1,0,0,1,1,0,0,1,0,0,0,2,2
9 - Χαλκιδικής,172 E.T. Δήμου Πολυγύρου,570,367,7,1,8,359,156,47,49,3,16,28,31,2,6,10,2,8,48,3,1,2,32,5,8,3,2,0,0,3,39,13,4,13,1,2,7,1,1,1,0,0,0,0,0,0,0,0,0,0,0,0,0,3,0,7,2,0,3,23,2,17,2,0,0,0,0,2,0,2,0,0,0,0,0,3,0,0,3,2,0,1,0,1,0,2,0,1,0,1,0,2,0,1,1,0,0,2,2,0,0,21,20
9 - Χαλκιδικής,173 E.T. Δήμου Πολυγύρου,557,354,3,2,5,349,134,14,60,5,9,32,47,6,10,14,2,6,61,6,4,6,36,5,17,6,1,2,0,4,39,15,3,10,0,6,5,2,0,1,0,1,3,0,3,0,0,0,0,1,0,0,0,2,1,0,0,0,0,15,6,7,0,0,0,0,0,2,1,1,0,0,0,1,0,4,1,0,3,2,0,0,1,0,0,0,0,0,0,0,0,1,1,1,1,0,0,3,3,0,0,11,10
9 - Χαλκιδικής,174 E.T. Δήμου Πολυγύρου,334,253,1,0,1,252,129,46,44,2,5,25,52,10,7,13,2,17,19,0,1,1,12,2,8,1,4,1,0,0,10,4,4,1,0,1,7,2,2,1,0,0,3,1,0,0,0,0,0,2,0,0,0,0,0,2,0,0,1,9,0,5,1,0,0,0,0,2,0,1,1,0,0,0,0,0,0,0,0,0,0,0,0,2,1,2,1,0,1,0,0,0,0,0,0,1,0,2,1,0,0,2,0
9 - Χαλκιδικής,175 E.T. Δήμου Πολυγύρου,445,302,6,1,7,295,142,17,20,1,59,37,36,1,5,12,0,8,39,2,5,0,21,11,17,4,1,0,0,1,22,5,4,2,0,2,4,0,1,0,0,0,4,0,4,0,0,0,0,2,0,0,0,3,1,3,0,0,1,10,1,6,2,0,0,0,0,0,0,0,0,0,0,0,0,0,0,0,0,1,0,1,0,0,0,2,1,0,1,0,0,1,0,2,0,0,0,0,0,0,0,7,5
9 - Χαλκιδικής,176 E.T. Δήμου Πολυγύρου,386,222,4,1,5,217,69,12,15,1,11,22,55,1,3,16,2,25,35,1,1,0,22,8,17,2,12,2,0,1,7,1,0,4,0,0,6,0,1,0,2,3,0,0,0,0,0,0,0,0,0,0,0,0,0,13,0,0,12,11,2,4,2,0,0,0,0,0,0,0,0,0,0,0,0,0,0,0,0,0,0,0,0,0,0,0,0,0,0,0,0,0,0,1,1,1,1,0,0,0,0,2,1
9 - Χαλκιδικής,177 E.T. Δήμου Πολυγύρου,392,267,1,4,5,262,99,18,35,5,14,23,43,2,2,9,0,20,46,1,1,4,31,9,22,1,17,0,0,0,5,1,1,1,0,0,5,0,1,0,2,0,2,0,2,3,2,0,0,0,0,0,0,1,1,16,1,0,14,7,1,2,0,0,0,0,0,0,0,0,0,0,0,0,0,0,0,0,0,0,0,0,0,1,0,2,0,0,0,0,0,0,0,0,0,3,1,1,0,0,0,6,3
9 - Χαλκιδικής,178 E.T. Δήμου Πολυγύρου,366,253,0,1,1,252,99,19,28,2,9,33,57,3,2,24,1,23,38,2,0,2,22,5,8,1,1,0,1,1,15,1,1,7,0,2,0,0,0,0,0,0,4,1,3,0,0,1,0,0,0,0,0,0,0,8,0,0,8,11,0,3,3,0,0,0,0,1,0,1,0,0,0,0,0,0,0,0,0,0,0,0,0,0,0,1,0,0,0,0,0,1,0,0,0,1,1,0,0,1,1,6,5
9 - Χαλκιδικής,179 E.T. Δήμου Πολυγύρου,532,392,5,0,5,387,186,36,59,0,11,73,67,8,2,14,0,37,47,0,1,5,18,23,13,2,3,0,0,3,11,2,1,4,0,0,13,0,0,1,1,6,2,0,0,0,0,0,0,2,2,0,0,0,0,8,1,0,7,18,2,13,1,0,0,0,0,0,0,0,0,0,0,1,1,0,0,0,0,4,1,1,0,0,0,4,3,0,0,1,0,1,1,1,1,0,0,1,1,0,0,7,5
9 - Χαλκιδικής,180 E.T. Δήμου Πολυγύρου,553,369,4,2,6,363,199,22,64,3,10,90,56,1,3,19,1,29,30,1,0,1,7,20,8,0,1,1,0,4,12,2,0,3,0,0,11,0,2,1,0,7,1,0,1,0,0,0,0,3,0,2,0,1,0,6,0,0,6,13,0,9,2,0,0,0,0,4,2,1,0,0,0,1,0,0,0,0,0,2,1,1,0,0,0,3,1,1,0,0,0,1,1,2,1,1,0,2,1,2,1,5,2
9 - Χαλκιδικής,181 E.T. Δήμου Πολυγύρου,541,370,9,2,11,359,178,29,51,2,18,73,55,2,3,15,1,29,34,0,1,2,15,10,9,0,1,0,0,4,12,3,1,3,0,0,15,0,0,1,4,9,2,0,1,0,0,0,0,3,3,0,0,4,2,7,0,0,5,23,6,9,4,0,0,1,1,1,0,1,0,0,0,0,0,0,0,0,0,1,0,0,0,2,1,1,0,0,0,0,0,0,0,0,0,1,1,0,0,1,1,9,5
9 - Χαλκιδικής,182 E.T. Δήμου Πολυγύρου,547,375,7,3,10,365,160,19,54,2,15,61,65,6,3,14,2,30,44,3,0,1,9,30,10,0,3,0,0,5,9,3,2,2,0,1,12,0,1,2,1,5,2,0,1,2,0,0,0,2,0,1,0,1,0,4,1,0,3,30,3,21,2,0,0,1,1,2,0,1,0,0,0,0,0,2,1,0,1,0,0,0,0,1,1,3,2,0,0,0,0,2,2,3,3,1,0,3,2,1,1,5,4
9 - Χαλκιδικής,183 E.T. Δήμου Πολυγύρου,534,423,4,1,5,418,179,19,59,3,13,73,63,4,1,17,3,31,41,0,5,5,14,17,23,3,9,0,1,6,21,5,0,9,0,1,21,2,3,2,6,3,3,2,1,1,1,0,0,0,0,0,0,1,1,11,1,0,7,25,5,16,2,0,0,1,0,1,0,1,0,0,0,0,0,3,0,0,2,2,1,1,0,1,1,3,1,1,0,1,1,2,2,1,1,0,0,1,1,0,0,13,10
9 - Χαλκιδικής,184 E.T. Δήμου Πολυγύρου,556,371,6,0,6,365,128,15,29,2,17,57,80,3,5,29,2,35,27,0,2,3,7,13,23,3,8,0,2,7,24,8,0,11,0,0,18,2,0,3,1,4,2,0,2,0,0,0,0,3,3,0,0,2,1,11,0,1,9,26,0,18,4,0,0,0,0,1,1,0,0,0,0,0,0,0,0,0,0,0,0,0,0,0,0,4,1,0,0,1,1,4,3,0,0,1,1,3,2,0,0,7,5
9 - Χαλκιδικής,185 E.T. Δήμου Πολυγύρου,544,370,4,4,8,362,151,29,69,1,6,40,68,1,6,23,0,31,25,1,1,0,4,15,17,2,3,0,0,7,13,3,2,5,0,0,17,1,1,3,3,7,2,0,2,0,0,0,0,1,1,0,0,0,0,19,0,2,17,22,2,17,0,0,0,1,1,0,0,0,0,0,0,0,0,0,0,0,0,1,0,0,0,0,0,5,0,0,0,0,0,1,0,6,4,0,0,4,3,2,1,7,5
9 - Χαλκιδικής,186 E.T. Δήμου Πολυγύρου,544,373,3,3,6,367,185,25,57,1,9,81,60,4,3,23,2,19,39,1,0,0,8,24,16,0,5,0,1,4,8,0,0,4,0,0,8,1,1,1,2,3,1,0,0,1,1,0,0,0,0,0,0,1,0,12,0,0,9,12,0,8,2,0,0,0,0,0,0,0,0,0,0,0,0,2,0,1,1,2,0,0,1,1,1,2,2,0,0,0,0,2,1,3,0,0,0,0,0,2,1,10,5
9 - Χαλκιδικής,187 E.T. Δήμου Πολυγύρου,548,387,4,1,5,382,174,20,63,1,10,67,45,3,1,11,1,23,38,1,0,3,10,22,17,0,3,0,0,9,27,6,3,10,0,0,17,1,0,1,2,6,6,0,5,1,1,0,0,3,1,0,0,1,1,12,1,0,10,23,4,7,2,0,0,0,0,0,0,0,0,0,0,0,0,2,0,1,1,0,0,0,0,0,0,2,1,0,1,1,1,0,0,1,0,0,0,3,1,3,3,6,1
9 - Χαλκιδικής,188 E.T. Δήμου Πολυγύρου,611,459,5,2,7,452,227,71,51,1,6,88,49,4,2,6,0,18,42,3,0,6,21,9,3,0,2,0,0,0,39,9,5,18,0,1,9,3,2,0,1,2,6,1,4,4,2,0,0,0,0,0,0,3,3,13,1,1,9,36,3,25,4,0,0,1,1,4,0,3,0,0,0,0,0,1,0,1,0,0,0,0,0,0,0,0,0,0,0,0,0,1,0,6,4,0,0,2,2,1,0,5,3
9 - Χαλκιδικής,189 E.T. Δήμου Σιθωνίας,476,299,6,2,8,291,128,29,15,18,13,38,37,8,4,20,2,0,32,2,1,19,6,0,4,1,0,0,0,2,18,8,4,2,0,1,11,1,4,0,0,6,0,0,0,1,0,0,0,1,0,1,0,2,2,6,2,1,1,14,1,5,2,0,0,1,1,0,0,0,0,0,0,0,0,0,0,0,0,2,0,0,0,2,2,2,2,0,0,1,0,5,4,5,4,1,1,3,2,0,0,15,11
9 - Χαλκιδικής,190 E.T. Δήμου Σιθωνίας,464,306,4,0,4,302,130,46,17,19,8,31,45,1,2,25,1,7,46,0,2,27,13,1,14,3,1,0,5,1,16,2,1,4,1,2,12,0,1,0,0,9,1,0,0,1,0,0,0,1,0,0,0,0,0,5,4,0,0,12,1,7,1,0,0,1,1,0,0,0,0,0,0,0,0,0,0,0,0,0,0,0,0,0,0,2,1,0,0,0,0,5,4,0,0,0,0,3,2,0,0,8,6
9 - Χαλκιδικής,191 E.T. Δήμου Σιθωνίας,480,285,4,1,5,280,119,39,19,12,12,23,37,2,3,26,2,1,24,0,0,13,6,0,11,2,0,1,1,1,15,6,1,2,0,0,20,0,0,1,1,12,0,0,0,1,1,0,0,0,0,0,0,4,3,6,2,2,2,13,1,4,4,0,0,0,0,1,1,0,0,0,0,0,0,0,0,0,0,1,0,0,1,0,0,5,2,0,0,1,0,5,4,2,0,0,0,1,0,1,1,13,7
9 - Χαλκιδικής,192 E.T. Δήμου Σιθωνίας,472,289,9,0,9,280,117,34,15,6,7,45,38,4,3,26,0,2,50,1,2,33,12,1,8,0,0,2,1,1,17,7,2,3,1,0,14,0,8,0,1,3,0,0,0,0,0,0,0,1,0,0,0,0,0,1,0,0,0,3,1,1,1,0,0,0,0,0,0,0,0,0,0,1,0,2,0,0,1,3,1,0,1,1,1,3,0,1,1,0,0,5,4,0,0,0,0,0,0,0,0,16,11
9 - Χαλκιδικής,193 E.T. Δήμου Σιθωνίας,478,301,7,2,9,292,123,36,18,17,10,39,21,2,3,13,2,1,39,1,0,24,12,0,6,3,1,0,1,0,29,8,8,4,0,6,12,0,4,0,0,5,0,0,0,0,0,0,0,0,0,0,0,0,0,4,1,0,1,21,4,12,4,0,0,0,0,0,0,0,0,0,0,2,2,2,0,0,1,1,0,1,0,1,0,2,0,1,1,0,0,8,8,4,3,1,1,1,1,3,1,12,8
9 - Χαλκιδικής,194 E.T. Δήμου Σιθωνίας,451,283,6,3,9,274,107,28,19,14,6,25,40,3,4,18,1,9,31,0,2,20,8,0,4,0,1,0,0,0,29,13,3,4,2,2,18,1,4,0,0,12,1,0,0,0,0,0,0,2,0,1,0,1,1,0,0,0,0,8,0,4,1,0,0,0,0,1,0,0,1,1,1,0,0,3,0,1,2,1,1,0,0,0,0,1,0,0,0,0,0,6,6,1,1,0,0,4,3,0,0,15,11
9 - Χαλκιδικής,195 E.T. Δήμου Σιθωνίας,478,290,7,1,8,282,115,19,15,12,9,51,46,2,3,35,0,3,38,3,1,13,16,4,12,4,3,2,0,0,11,3,1,3,1,0,11,0,1,3,0,4,2,1,1,2,2,0,0,0,0,0,0,5,5,1,0,0,1,15,5,6,1,0,0,0,0,0,0,0,0,0,0,1,1,0,0,0,0,0,0,0,0,0,0,2,2,0,0,0,0,7,7,1,1,0,0,1,1,1,1,11,7
9 - Χαλκιδικής,196 E.T. Δήμου Σιθωνίας,465,271,2,1,3,268,105,27,16,11,12,34,53,1,3,35,1,7,35,1,3,15,11,1,17,5,1,0,3,0,11,3,2,3,0,1,9,0,0,3,0,2,1,0,0,0,0,0,0,2,2,0,0,0,0,1,1,0,0,10,2,6,2,0,0,0,0,1,0,1,0,0,0,1,0,0,0,0,0,1,0,0,0,3,3,3,0,1,2,0,0,1,1,1,0,0,0,2,1,0,0,11,4
9 - Χαλκιδικής,197 E.T. Δήμου Σιθωνίας,473,291,10,3,13,278,110,28,13,16,16,22,48,3,3,27,1,7,40,1,2,9,9,11,20,3,2,0,6,0,8,3,2,1,0,0,10,1,0,5,1,2,1,0,1,5,1,0,0,3,0,2,0,1,0,4,2,1,0,10,2,5,3,0,0,0,0,1,0,1,0,0,0,1,1,1,0,0,0,0,0,0,0,0,0,1,0,0,0,0,0,0,0,4,2,2,2,3,0,1,1,4,2
9 - Χαλκιδικής,198 E.T. Δήμου Σιθωνίας,477,291,5,0,5,286,106,32,19,5,9,37,56,2,2,34,2,11,44,2,4,17,12,5,17,6,1,2,4,0,16,2,2,9,0,0,16,0,0,10,0,4,1,0,1,1,1,0,0,1,0,0,0,2,1,2,0,0,1,10,2,2,4,0,0,0,0,0,0,0,0,1,0,0,0,0,0,0,0,2,0,1,1,0,0,1,0,0,1,1,1,1,1,2,2,2,1,1,0,0,0,3,2
9 - Χαλκιδικής,199 E.T. Δήμου Σιθωνίας,466,292,6,4,10,282,101,28,14,8,9,27,55,7,1,42,1,0,41,0,3,16,11,5,26,5,2,3,6,5,10,5,1,0,0,1,11,0,1,2,0,4,0,0,0,0,0,1,1,2,0,0,0,1,0,2,0,1,0,18,3,10,1,0,0,0,0,0,0,0,0,0,0,0,0,1,1,0,0,1,0,0,0,1,1,1,0,0,0,0,0,2,2,0,0,0,0,0,0,0,0,8,2
9 - Χαλκιδικής,200 E.T. Δήμου Σιθωνίας,436,325,10,2,12,313,106,29,25,4,7,32,53,3,7,23,1,11,33,1,11,3,13,3,7,2,2,0,1,0,30,18,0,11,0,0,4,0,1,1,0,1,4,2,2,0,0,0,0,0,0,0,0,2,1,3,0,0,1,31,7,13,2,0,0,1,1,3,2,1,0,0,0,0,0,1,1,0,0,0,0,0,0,3,1,3,0,1,0,0,0,6,6,6,6,1,0,0,0,3,2,13,8
9 - Χαλκιδικής,201 E.T. Δήμου Σιθωνίας,443,316,8,0,8,308,101,32,29,8,6,19,53,1,2,37,0,10,41,3,12,7,14,3,5,2,0,0,1,1,36,12,5,9,2,1,2,0,1,1,0,0,3,0,1,0,0,0,0,1,1,0,0,2,2,2,0,1,0,36,9,17,3,0,0,0,0,3,2,0,0,0,0,1,0,2,2,0,0,2,0,2,0,1,1,1,0,0,0,3,1,3,1,1,1,0,0,1,0,1,0,7,6
9 - Χαλκιδικής,202 E.T. Δήμου Σιθωνίας,543,326,8,1,9,317,134,42,29,11,5,37,66,3,9,41,0,5,41,2,0,2,21,7,13,1,1,0,6,1,14,5,3,1,0,0,7,0,0,1,0,4,3,1,1,1,1,1,1,0,0,0,0,2,2,1,1,0,0,19,5,5,2,0,0,0,0,1,0,0,0,0,0,0,0,1,0,0,1,0,0,0,0,0,0,2,0,2,0,1,0,2,2,0,0,1,1,1,0,0,0,6,1
9 - Χαλκιδικής,203 E.T. Δήμου Σιθωνίας,556,364,5,1,6,358,133,33,35,18,6,26,64,2,4,49,0,4,55,1,3,12,23,4,14,1,1,1,4,4,21,7,4,2,0,1,8,0,0,2,0,5,0,0,0,2,1,0,0,0,0,0,0,2,1,2,0,0,2,20,5,10,4,0,0,0,0,2,0,0,1,0,0,0,0,2,0,0,1,3,0,0,3,1,1,0,0,0,0,0,0,5,5,2,1,2,2,7,5,1,1,12,7
9 - Χαλκιδικής,204 E.T. Δήμου Σιθωνίας,550,326,12,1,13,313,105,18,25,22,10,23,72,6,6,47,4,5,44,3,3,10,24,3,8,3,0,0,1,1,23,6,8,1,1,4,10,1,0,1,0,7,1,0,1,0,0,1,1,0,0,0,0,2,2,3,2,0,0,12,3,4,3,0,0,0,0,0,0,0,0,0,0,0,0,0,0,0,0,1,0,0,1,4,4,2,0,0,0,1,1,7,7,1,0,1,1,4,2,2,0,9,6
9 - Χαλκιδικής,205 E.T. Δήμου Σιθωνίας,544,357,12,1,13,344,141,43,40,14,14,23,67,6,2,55,0,1,44,3,1,12,21,0,6,1,0,2,1,1,23,10,0,3,1,5,13,2,1,0,1,8,3,2,1,0,0,1,0,1,0,0,0,0,0,2,0,0,2,8,2,5,0,0,0,0,0,3,0,0,3,0,0,0,0,0,0,0,0,3,1,1,0,0,0,12,4,2,2,0,0,1,1,3,2,2,2,1,0,1,1,9,5
9 - Χαλκιδικής,206 E.T. Δήμου Σιθωνίας,546,358,11,1,12,346,131,29,45,17,7,30,52,9,8,28,1,1,50,3,8,5,25,3,18,4,0,1,11,2,29,14,4,3,2,2,8,0,0,1,0,5,2,0,2,1,0,0,0,1,0,0,1,3,1,3,1,1,0,26,2,9,14,0,0,0,0,1,0,0,1,0,0,0,0,3,1,2,0,0,0,0,0,1,0,3,0,2,0,0,0,2,1,0,0,1,1,5,2,1,1,5,3
9 - Χαλκιδικής,207 E.T. Δήμου Σιθωνίας,449,266,7,2,9,257,128,12,20,74,1,15,61,0,2,51,0,2,10,1,2,0,5,0,11,2,0,0,7,0,9,4,0,1,0,2,4,2,0,0,1,0,3,2,0,0,0,0,0,0,0,0,0,0,0,1,1,0,0,6,2,0,1,0,0,0,0,1,0,1,0,0,0,0,0,6,0,1,3,2,0,1,1,1,1,4,2,1,1,0,0,0,0,1,1,0,0,1,1,1,1,7,5
9 - Χαλκιδικής,208 E.T. Δήμου Σιθωνίας,451,274,5,4,9,265,138,7,13,100,5,7,55,0,1,52,1,0,18,2,2,5,9,0,3,0,0,0,2,1,15,5,1,1,0,2,7,2,1,1,2,1,4,2,0,0,0,0,0,0,0,0,0,2,2,0,0,0,0,10,2,7,1,0,0,0,0,0,0,0,0,0,0,0,0,1,0,0,1,3,1,0,0,0,0,2,2,0,0,0,0,4,4,0,0,0,0,0,0,1,1,2,2
9 - Χαλκιδικής,209 E.T. Δήμου Σιθωνίας,465,284,6,4,10,274,125,12,12,83,0,11,56,0,1,54,0,0,20,0,2,2,10,3,10,0,0,0,5,1,15,5,2,0,2,1,5,0,1,0,1,1,3,0,2,2,1,0,0,1,0,0,0,1,0,0,0,0,0,10,3,5,1,0,0,0,0,0,0,0,0,0,0,0,0,3,0,1,2,2,1,0,1,1,1,1,1,0,0,1,1,3,3,1,1,1,1,4,4,3,2,6,5
9 - Χαλκιδικής,210 E.T. Δήμου Σιθωνίας,463,268,5,3,8,260,126,7,11,89,1,13,56,0,1,51,2,0,19,2,4,5,6,0,9,2,0,1,3,1,14,3,3,2,0,3,5,0,0,0,0,4,1,1,0,2,1,0,0,2,1,1,0,1,1,2,0,0,2,5,2,1,2,0,0,0,0,0,0,0,0,1,1,0,0,2,1,0,1,0,0,0,0,0,0,1,0,0,0,2,0,4,4,0,0,0,0,0,0,0,0,8,6
9 - Χαλκιδικής,211 E.T. Δήμου Σιθωνίας,469,269,7,0,7,262,123,3,12,86,3,15,64,1,1,57,0,1,20,1,1,7,6,5,18,1,1,1,10,2,9,4,3,0,0,0,3,1,0,0,0,2,2,0,1,1,1,0,0,0,0,0,0,2,1,1,1,0,0,8,2,3,1,0,0,0,0,1,0,1,0,0,0,0,0,2,1,0,1,0,0,0,0,0,0,1,0,0,1,0,0,2,2,1,1,0,0,0,0,0,0,4,4
9 - Χαλκιδικής,212 E.T. Δήμου Σιθωνίας,449,264,6,2,8,256,94,10,10,65,2,4,73,2,0,66,1,2,22,0,4,3,6,7,7,0,0,2,4,0,15,4,3,3,1,2,5,1,2,1,0,0,1,0,1,0,0,0,0,1,0,1,0,2,2,0,0,0,0,7,1,3,2,0,0,0,0,3,0,1,2,0,0,0,0,5,1,1,3,1,0,1,0,1,1,1,0,1,0,0,0,1,0,1,1,1,1,2,0,2,1,11,8
9 - Χαλκιδικής,213 E.T. Δήμου Σιθωνίας,384,237,7,0,7,230,84,9,27,20,5,16,27,2,2,19,0,2,34,3,0,2,23,2,30,2,1,0,25,0,9,0,3,4,0,1,4,1,2,1,0,0,8,1,6,1,1,0,0,1,0,0,0,2,2,1,0,0,1,5,4,1,0,0,0,0,0,0,0,0,0,0,0,1,0,2,0,2,0,1,0,0,0,0,0,2,0,1,0,2,2,1,1,2,1,1,1,3,2,0,0,9,7
9 - Χαλκιδικής,214 E.T. Δήμου Σιθωνίας,389,265,5,0,5,260,128,13,45,32,6,29,38,1,0,24,1,8,31,2,1,3,20,0,21,2,0,0,18,1,9,2,1,1,0,2,1,1,0,0,0,0,3,1,2,0,0,0,0,2,1,0,0,0,0,2,1,1,0,15,4,6,2,0,0,0,0,1,1,0,0,1,0,0,0,3,1,1,1,0,0,0,0,0,0,0,0,0,0,0,0,0,0,1,1,0,0,0,0,0,0,4,4
9 - Χαλκιδικής,215 E.T. Δήμου Σιθωνίας,387,249,5,0,5,244,110,17,38,25,7,18,25,1,0,16,1,3,39,10,1,4,21,0,27,0,0,0,26,1,11,4,2,3,0,0,3,0,0,1,0,2,5,1,4,0,0,0,0,1,0,0,0,0,0,3,0,1,0,7,1,5,0,0,0,0,0,0,0,0,0,0,0,0,0,1,0,0,0,1,1,0,0,0,0,2,0,1,0,0,0,2,2,3,3,1,1,2,1,0,0,1,1
9 - Χαλκιδικής,Ετερ. Χαλκιδικής (από 42ο Ε.Τ. Νομ. Θεσσαλονικης),396,264,9,4,13,251,103,13,16,17,20,13,61,11,7,25,3,3,17,4,8,1,1,0,19,3,2,4,4,2,15,6,2,2,1,2,5,0,0,2,1,0,0,0,0,0,0,0,0,0,0,0,0,3,1,2,0,0,0,11,3,4,0,0,0,0,0,0,0,0,0,0,0,0,0,0,0,0,0,1,0,0,0,0,0,1,0,1,0,0,0,2,1,1,1,0,0,0,0,0,0,10,9
9 - Χαλκιδικής,Ετερ. Χαλκιδικής (από Εφετείο Θεσσαλονίκης),43,34,0,0,0,34,18,1,1,1,7,2,8,0,0,5,0,0,2,0,0,0,1,0,1,0,0,0,0,0,1,1,0,0,0,0,0,0,0,0,0,0,0,0,0,0,0,0,0,0,0,0,0,0,0,0,0,0,0,3,1,1,1,0,0,0,0,0,0,0,0,0,0,0,0,0,0,0,0,0,0,0,0,0,0,0,0,0,0,0,0,0,0,0,0,0,0,0,0,0,0,1,0
9 - Χαλκιδικής,Ε.Τ.  ΑΓΡΟΤΙΚΟΥ ΚΑΤΑΣΤΗΜΑΤΟΣ ΚΡΑΤΗΣΗΣ ΚΑΣΣΑΝΔΡΑΣ,65,63,14,0,14,49,5,0,0,0,1,0,37,7,5,8,0,1,0,0,0,0,0,0,1,0,0,0,0,1,1,0,0,0,0,0,0,0,0,0,0,0,0,0,0,0,0,0,0,1,0,0,0,0,0,1,0,0,1,1,0,0,0,0,0,0,0,0,0,0,0,0,0,0,0,0,0,0,0,0,0,0,0,0,0,0,0,0,0,0,0,0,0,0,0,0,0,0,0,0,0,2,0
9 - Χαλκιδικής,Ετερ. Χαλκιδικής (από 165ο Ε.Τ. Νομ. Αττικης-Αθηνών),241,163,0,0,0,163,64,16,9,3,10,17,53,3,9,23,2,2,10,1,1,0,2,2,18,2,0,4,1,1,2,0,1,1,0,0,4,1,0,2,0,0,0,0,0,0,0,0,0,2,1,1,0,0,0,1,0,0,0,4,2,2,0,0,0,0,0,0,0,0,0,0,0,0,0,0,0,0,0,1,0,0,0,0,0,1,0,0,0,0,0,0,0,1,1,0,0,0,0,0,0,2,1
Σύνολο,,103713,66600,1405,374,1779,64821,25878,6478,5567,1471,3747,6392,9895,1350,1367,3806,712,1203,9106,807,808,549,5605,623,2975,706,337,450,214,417,4402,1684,466,917,98,327,1755,301,197,222,265,260,678,113,471,166,86,25,12,261,98,66,9,407,269,718,232,74,250,3495,593,1856,418,0,0,69,45,178,60,70,19,19,10,54,29,289,59,41,146,301,71,67,45,156,99,439,156,62,96,105,72,382,262,379,252,139,88,415,237,228,143,1907,1215
