ΠΕΡΙΦΕΡΕΙΑ,ΕΚΛΟΓΙΚΟ ΤΜΗΜΑ,ΕΓΓΕΓΡΑΜΜΕΝΟΙ,ΨΗΦΙΣΑΝΤΕΣ,ΑΚΥΡΑ,ΛΕΥΚΑ,ΑΚΥΡΑ & ΛΕΥΚΑ,ΕΓΚΥΡΑ,Νέα Δημοκρατία,ΑΜΕΤ ΟΓΛΟΥ ΧΟΥΜΕΪΡΑ του Φεχμή,ΝΤΕΛΗ ΓΙΟΥΣΟΥΦ του Χουσεΐν,ΣΑΛΤΟΥΡΟΣ ΔΗΜΗΤΡΙΟΣ του Παναγιώτη,ΤΣΙΑΚΙΡΟΓΛΟΥ ΜΑΡΙΑ (ΜΑΙΡΗ) του Σωτηρίου,ΤΣΙΛΙΓΓΙΡΗΣ ΣΠΥΡΙΔΩΝ (ΣΠΥΡΟΣ) του Γεωργίου,ΣΥΡΙΖΑ,ΓΙΑΝΝΑΚΙΔΗΣ ΕΥΣΤΑΘΙΟΣ του Αλέξανδρου,ΖΕΪΜΠΕΚ ΧΟΥΣΕΪΝ του Χασάν,ΚΥΝΗΓΟΠΟΥΛΟΥ ΑΘΗΝΑ του Απόστολου,ΣΤΟΓΙΑΝΝΙΔΗΣ ΓΡΗΓΟΡΙΟΣ του Κωνσταντίνου,ΤΖΑΜΠΑΖΗ ΜΑΡΙΑ του Ηλία,ΠΑΣΟΚ-Κίνημα Αλλαγής,ΒΟΥΡΒΟΥΚΕΛΗΣ ΟΔΥΣΣΕΑΣ του Νικολάου,ΚΑΡΑΛΙΔΗΣ ΦΩΤΙΟΣ του Γεωργίου,ΜΠΑΡΑΝ ΜΠΟΥΡΧΑΝ του Νετζαντή,ΝΤΕΛΗ ΙΜΠΡΑΗΜ ΜΠΕΡΗΜ του Χαμδή,ΠΑΡΧΑΡΙΔΟΥ (ΚΟΥΤΣΟΥΜΠΑ) ΕΡΣΑΪΑ (ΕΡΣΗ) του Παύλου,Κ.Κ.Ε.,ΒΑΚΙΡΤΖΗΣ ΕΥΑΓΓΕΛΟΣ (ΜΠΑΚΕΡΟ) του Χρήστου,ΜΑΞΟΥΜ ΜΠΙΡΓΚΙΟΥΛ του Ισμέτ,ΜΑΧΑΙΡΙΔΟΥ ΠΑΡΑΣΚΕΥΗ (ΒΟΥΛΑ) του Βίκτορα,ΡΟΪΔΟΥ ΠΑΝΑΓΙΩΤΑ (ΓΙΩΤΑ) του Ιωάννη,ΦΩΤΙΑΔΗΣ ΧΑΡΑΛΑΜΠΟΣ (ΜΠΑΜΠΗΣ) του Πολύκαρπου,Ελληνική Λύση - Κ. Βελόπουλος,ΚΑΣΤΗ ΚΑΛΛΙΟΠΗ του Ιωάννη,ΚΟΥΤΕΛΙΔΗΣ ΚΩΝΣΤΑΝΤΙΝΟΣ του Θεοδώρου,ΜΥΛΩΝΑΣ ΓΕΩΡΓΙΟΣ του Ανέστη,ΠΑΥΛΙΔΟΥ ΕΥΔΟΚΙΑ του Αποστόλου,ΤΡΑΜΠΑ ΤΖΕΜΑΛΗ του Σαμπρή,ΜέΡΑ25-ΣΥΜΜΑΧΙΑ ΓΙΑ ΤΗ ΡΗΞΗ,ΚΟΣΜΙΔΗΣ ΝΙΚΟΣ του Αντωνίου,ΜΟΥΣΑ ΓΚΙΟΚΜΕΝ του Τζεμήλ,ΠΑΠΑΔΟΥΔΗΣ ΑΝΤΩΝΙΟΣ του Χριστόφορου,ΠΑΣΣΑ-ΖΟΥΝΧΙΑ ΑΝΝΟΥΛΑ (ΑΝΝΑ) του Ιωάννη,ΤΣΑΜΠΑΖΗ ΖΑΦΕΙΡΩ (ΗΡΩ) του Ιωάννη,ΕΝΩΝΩ ΣΥΜΜΑΧΙΑ ΕΛΕΥΘΕΡΙΑΣ,ΚΡΑΝΙΤΗΣ ΙΩΑΝΝΗΣ του Δημοσθένη,Κ.Κ.Ε. (μ-λ),ΑΣΒΕΣΤΟΠΟΥΛΟΣ ΚΩΝΣΤΑΝΤΙΝΟΣ του Ευσταθίου,ΜΑΡΚΟΓΛΟΥ ΙΩΑΝΝΑ του Μιττάκου,ΝΟΥΡΗ ΟΓΛΟΥ ΝΤΑΜΛΑ του Γιουξέλ,ΧΑΤΖΗΣΑΒΒΑΣ ΣΤΕΦΑΝΟΣ του Αποστόλου,Ο.Κ.Δ.Ε.,ΝΤΟΥΡΟΥ ΕΛΕΥΘΕΡΙΑ του Θωμά,ΑΝΤ.ΑΡ.ΣΥ.Α.,ΑΛΕΞΟΠΟΥΛΟΥ ΒΑΣΙΛΙΚΗ του Ευαγγέλου,ΠΡΟΔΡΟΜΙΔΗΣ ΝΙΚΟΛΑΟΣ του Γεωργίου,ΣΑΡΙΔΑΚΗΣ ΜΑΤΘΑΙΟΣ του Τζαννή,Κίνημα 21,ΜΠΕΧΛΗ ΜΑΙΡΗ του Αθανασίου,ΕΘΝΙΚΗ ΔΗΜΙΟΥΡΓΙΑ,ΓΑΛΑΝΟΠΟΥΛΟΣ ΓΕΩΡΓΙΟΣ του Δημητρίου,ΜΠΑΝΑ ΖΩΗ του Γεωργίου,ΞΗΡΟΜΕΡΙΤΗ ΜΑΡΙΑ του Ιωάννη,ΝΙΚΗ,ΓΕΩΡΓΙΑΔΗΣ ΔΗΜΟΣΘΕΝΗΣ του Δημητρίου,ΠΑΠΑΧΑΤΖΗΣ ΝΙΚΟΛΑΟΣ του Σεβαστού,ΦΡΑΓΚΟΥ ΔΕΣΠΟΙΝΑ του Γεωργίου,κοινωνία αξιών,ΒΑΛΛΗΣ ΚΩΝΣΤΑΝΤΙΝΟΣ του Δημοσθένους,ΒΟΡΕΙΑ ΛΕΓΚΑ - ΚΡΑΜΑ,ΜΑΥΡΙΔΟΥ ΣΟΦΙΑ του Δημητρίου,ΣΑΧΙΝΙΔΗΣ ΑΝΕΣΤΗΣ του Παναγιώτη,Ο.Α.Κ.Κ.Ε.,ΧΡΗΣΤΟΥ ΕΥΑΓΓΕΛΟΣ του Παναγιώτη,Μ-Λ Κ.Κ.Ε.,ΠΑΠΑΔΟΠΟΥΛΟΥ ΑΝΝΑ του Παναγιώτη,Ελλήνων Συνέλευσις,ΣΙΜΙΤΑΣ ΑΔΑΜΑΝΤΙΟΣ του Χρήστου,ΤΟΤΙΕΦ ΕΙΡΗΝΗ του Σέργιου,ΧΑΣΑΠΗΣ ΕΥΣΤΡΑΤΙΟΣ του Δημητρίου,Ένωση Κεντρώων,ΑΧΜΕΤ ΕΡΓΗΝ του Αλή,ΚΑΤΣΑΝΟΥ ΕΛΕΥΘΕΡΙΑ του Χαρίλαου,ΛΥΣΙΜΑΧΟΥ - ΜΕΝΤΕΣΙΔΟΥ ΔΕΣΠΟΙΝΑ του Ιωάννη,ΠΑΝΤΑΖΟΠΟΥΛΟΣ ΑΠΟΣΤΟΛΟΣ του Θεοδώρου,ΤΩΡΑ ΟΛΟΙ ΜΑΖΙ (Τ.ΟΛ.ΜΑ),ΜΠΑΛΤΑΤΖΗΣ ΓΕΩΡΓΙΟΣ του Ανδρέα,ΣΥΜΜΑΧΙΑ ΑΝΑΤΡΟΠΗΣ,ΚΟΤΣΙΚΟΠΟΥΛΟΣ ΧΑΡΑΛΑΜΠΟΣ του Γεωργίου,ΠΟΛΙΤΙΚΗ ΠΡΩΤΟΒΟΥΛΙΑ ,ΟΤΑΜΠΑΣΙΔΟΥ ΔΙΑΜΑΝΤΟΥΛΑ του Αθανασίου,ΕΛΕΥΘΕΡΟΙ ΞΑΝΑ,ΤΣΙΒΙΛΗΣ ΠΑΝΑΓΙΩΤΗΣ του Νικολάου,ΠΝΟΗ ΔΗΜΟΚΡΑΤΙΑΣ,ΤΣΟΡΜΠΑΤΖΟΓΛΟΥ ΜΑΡΙΑ του Κωνσταντίνου,ΠΡΑΣΙΝΟ ΚΙΝΗΜΑ,ΠΑΣΧΟΥ ΑΝΝΑ του Παναγιώτη,Οικολόγοι Πράσινοι,ΜΠΑΚΑΣ ΦΩΤΙΟΣ του Αθανασίου,ΕΑΝ...,ΛΑΜΨΙΔΗΣ ΓΑΒΡΙΗΛ του Θεοκλήτου,ΕΝΟΤΗΤΑ - ΑΛΗΘΕΙΑ ΕΝ.Α,ΣΚΛΗΝΟΣ ΙΩΑΝΝΗΣ του Ρίζου,Πλεύση Ελευθερίας - Ζωή Κωνστ.,ΛΑΥΡΕΝΤΙΑΔΗΣ ΓΙΑΝΝΗΣ του Πέτρου
3 - Ξάνθης,1 E.T. Δήμου Αβδήρων,532,300,10,1,11,289,115,1,3,26,25,55,31,13,9,2,3,2,77,42,17,0,0,17,8,4,0,1,1,1,17,3,7,3,1,2,0,0,0,0,0,0,2,1,1,0,0,0,0,0,0,1,1,0,0,4,4,3,1,1,0,18,12,0,2,0,0,0,0,0,0,0,0,0,0,0,0,0,2,0,2,0,0,0,0,3,3,2,0,0,0,0,0,1,0,1,0,0,0,1,1,2,1
3 - Ξάνθης,2 E.T. Δήμου Αβδήρων,522,262,7,2,9,253,121,1,4,26,25,62,38,15,1,2,6,7,46,24,9,3,0,9,4,0,0,0,1,1,12,2,1,3,2,1,4,1,0,0,0,2,0,0,0,0,0,0,0,0,0,1,0,0,0,0,0,1,0,0,1,7,4,0,0,0,0,1,1,0,0,0,0,0,1,0,1,0,1,0,1,0,0,0,0,1,1,0,0,2,1,0,0,3,2,2,0,2,1,0,0,6,2
3 - Ξάνθης,3 E.T. Δήμου Αβδήρων,537,260,1,0,1,259,103,0,0,25,17,53,40,20,4,2,1,5,48,18,20,1,0,5,4,1,0,0,1,1,13,0,3,7,1,1,8,1,0,6,0,1,0,0,1,0,1,0,0,1,1,1,0,0,0,1,1,4,1,2,0,7,3,0,1,1,1,1,1,0,0,0,0,0,0,0,0,0,2,1,1,0,0,4,3,5,5,0,0,1,1,1,1,2,1,2,1,2,2,1,0,6,4
3 - Ξάνθης,4 E.T. Δήμου Αβδήρων,528,274,2,1,3,271,138,0,2,27,22,83,32,21,1,5,0,1,43,27,2,2,0,11,5,2,0,0,0,1,9,0,2,4,0,1,7,1,0,2,1,2,1,1,0,0,0,0,0,0,0,2,1,0,0,2,1,2,0,2,0,8,5,0,2,1,1,1,0,1,0,0,1,0,1,0,0,0,0,0,0,0,0,0,0,7,5,0,0,1,1,0,0,0,0,3,2,1,1,0,0,6,4
3 - Ξάνθης,5 E.T. Δήμου Αβδήρων,279,133,4,0,4,129,76,1,1,10,13,46,11,5,3,0,2,0,5,2,0,0,0,1,6,0,0,1,3,1,9,1,3,1,1,1,0,0,0,0,0,0,0,0,0,0,0,0,0,0,0,0,0,0,0,3,1,2,1,0,0,9,7,0,1,0,0,0,0,0,0,0,0,0,0,0,0,0,0,0,0,0,0,0,0,1,0,0,0,1,1,1,1,0,0,0,0,2,2,0,0,3,3
3 - Ξάνθης,6 E.T. Δήμου Αβδήρων,477,234,5,2,7,227,92,2,0,19,19,47,27,16,0,0,1,8,36,6,19,0,0,7,6,2,0,2,0,0,11,4,2,4,1,0,9,1,0,3,1,1,1,1,1,0,1,0,0,0,0,2,1,0,0,0,0,4,2,2,0,15,10,0,4,1,1,0,0,0,0,0,0,0,0,0,0,0,2,0,0,0,1,0,0,2,1,0,0,3,1,0,0,1,1,0,0,1,1,2,0,11,6
3 - Ξάνθης,7 E.T. Δήμου Αβδήρων,477,267,12,2,14,253,109,1,1,16,32,54,33,19,0,2,5,3,35,9,13,0,0,8,9,2,0,0,5,1,19,5,2,6,1,0,4,1,0,0,0,0,0,0,0,0,0,0,0,0,0,1,0,0,0,0,0,4,4,0,0,21,17,2,2,0,0,1,1,0,0,0,0,0,0,0,0,0,2,0,0,1,0,1,0,3,0,0,0,0,0,1,1,1,0,1,1,0,0,0,0,8,5
3 - Ξάνθης,8 E.T. Δήμου Αβδήρων,373,214,2,2,4,210,92,0,0,20,11,55,16,10,0,0,0,1,70,1,65,0,0,2,6,2,0,3,1,0,4,0,1,2,0,0,3,0,0,3,0,0,1,1,1,1,0,0,0,0,0,0,0,0,0,2,2,5,0,0,2,2,0,0,1,0,0,0,0,0,0,0,0,0,0,0,0,0,1,0,0,0,0,0,0,1,1,1,1,1,0,1,1,0,0,0,0,1,0,0,0,2,1
3 - Ξάνθης,9 E.T. Δήμου Αβδήρων,357,228,6,1,7,221,113,1,0,24,14,69,18,11,0,0,4,2,41,4,34,0,0,2,3,0,0,2,1,0,8,1,2,2,0,0,6,2,0,1,1,0,1,1,1,0,0,0,1,0,0,0,0,0,0,1,0,0,0,0,0,9,6,0,0,0,0,0,0,0,0,0,0,0,0,0,0,0,1,0,0,0,1,0,0,5,4,1,1,2,0,0,0,0,0,1,0,0,0,2,1,8,6
3 - Ξάνθης,10 E.T. Δήμου Αβδήρων,384,243,7,2,9,234,116,1,0,21,36,54,28,16,0,5,2,5,34,7,15,5,1,2,7,1,0,1,3,1,11,1,2,1,0,1,2,0,0,0,1,1,4,2,0,0,0,0,0,0,0,0,0,0,0,0,0,4,2,0,0,10,10,0,0,0,0,0,0,0,0,0,0,0,1,0,0,0,2,0,1,0,1,0,0,0,0,1,0,4,4,2,2,2,2,0,0,2,2,1,1,3,1
3 - Ξάνθης,11 E.T. Δήμου Αβδήρων,377,239,3,2,5,234,136,1,0,15,28,81,39,23,1,1,4,8,16,3,5,0,0,6,5,0,0,1,2,0,17,3,2,3,0,0,5,1,0,1,1,0,0,0,0,0,0,0,0,0,0,0,0,0,0,2,0,1,0,0,0,7,6,0,1,0,0,0,0,0,0,0,0,0,0,0,0,0,0,0,0,0,0,1,1,0,0,1,0,0,0,0,0,1,0,1,0,2,1,0,0,0,0
3 - Ξάνθης,12 E.T. Δήμου Αβδήρων,216,138,0,1,1,137,71,0,0,14,20,33,9,1,0,0,3,4,19,2,9,1,0,6,0,0,0,0,0,0,15,2,4,2,2,0,4,0,0,2,0,2,0,0,0,0,0,0,0,0,0,0,0,0,0,3,2,0,0,0,0,12,4,1,1,0,0,1,1,0,0,0,0,0,0,0,0,0,0,0,0,0,0,0,0,1,1,0,0,0,0,0,0,0,0,0,0,0,0,0,0,2,0
3 - Ξάνθης,13 E.T. Δήμου Αβδήρων,382,249,3,2,5,244,103,0,0,34,8,54,29,15,0,0,1,8,52,5,27,0,0,14,11,0,1,1,1,5,9,2,1,3,1,0,4,3,0,1,0,0,4,1,0,0,0,0,0,1,1,0,0,0,0,0,0,3,0,0,1,6,3,0,1,0,0,2,0,1,0,0,0,0,0,0,0,0,0,0,0,0,0,1,1,2,0,0,0,0,0,2,1,1,1,1,1,1,1,1,1,11,5
3 - Ξάνθης,14 E.T. Δήμου Αβδήρων,560,204,3,0,3,201,97,0,17,6,19,49,49,10,11,18,1,0,28,1,12,5,0,5,3,1,0,2,0,0,4,0,4,0,0,0,2,2,0,0,0,0,0,0,0,0,0,0,0,0,0,0,0,0,0,4,1,0,0,0,0,3,2,0,1,0,0,0,0,0,0,0,0,0,1,0,0,0,0,0,0,0,0,0,0,2,2,0,0,3,2,2,2,0,0,1,1,0,0,1,1,1,1
3 - Ξάνθης,15 E.T. Δήμου Αβδήρων,563,252,6,2,8,244,67,1,7,13,16,30,62,16,12,32,1,0,39,9,20,3,0,6,29,1,0,27,1,0,16,5,4,4,1,1,2,0,0,2,0,0,1,0,1,0,0,0,1,0,0,0,0,0,0,1,1,2,0,1,1,8,6,0,0,0,0,0,0,0,0,0,0,0,1,0,1,0,2,0,1,0,1,0,0,2,1,0,0,1,1,2,2,3,3,0,0,1,0,1,0,3,2
3 - Ξάνθης,16 E.T. Δήμου Αβδήρων,568,195,4,1,5,190,67,3,8,9,12,29,51,12,11,18,3,2,30,5,10,13,0,2,17,0,2,11,3,0,3,0,1,0,0,0,4,1,0,0,0,1,0,0,0,0,0,0,0,0,0,0,0,0,0,0,0,0,0,0,0,11,6,0,0,0,0,0,0,0,0,0,0,0,0,0,0,0,0,0,0,0,0,2,2,0,0,0,0,0,0,0,0,1,1,1,1,0,0,0,0,3,2
3 - Ξάνθης,17 E.T. Δήμου Αβδήρων,547,230,10,0,10,220,71,0,2,10,26,30,50,12,19,15,1,1,29,7,9,8,1,4,21,2,0,18,0,1,13,1,1,4,1,3,4,0,0,2,0,1,1,1,1,1,0,0,0,0,0,0,0,0,0,1,1,2,0,2,0,15,10,2,2,0,0,5,0,5,0,0,0,0,0,0,0,0,0,0,0,0,0,1,1,1,1,0,0,0,0,0,0,0,0,1,1,1,1,0,0,3,1
3 - Ξάνθης,18 E.T. Δήμου Αβδήρων,573,223,4,1,5,218,89,2,8,9,18,49,51,12,15,11,2,2,29,4,6,8,2,7,19,0,2,14,0,0,13,3,3,2,2,0,2,1,0,0,0,0,0,0,0,0,0,0,0,0,0,1,1,0,0,0,0,0,0,0,0,5,1,0,0,0,0,0,0,0,0,0,0,0,0,0,0,0,0,0,0,0,0,0,0,0,0,0,0,0,0,1,0,0,0,1,0,0,0,0,0,7,3
3 - Ξάνθης,19 E.T. Δήμου Αβδήρων,558,173,7,0,7,166,72,0,9,13,6,39,44,6,24,12,1,0,22,4,6,9,0,2,5,0,0,4,1,0,4,1,1,2,0,0,1,1,0,0,0,0,0,0,1,0,0,0,1,1,0,0,0,0,0,3,2,0,0,0,0,6,6,0,0,0,0,0,0,0,0,0,2,1,0,0,0,0,2,1,1,0,0,0,0,1,1,0,0,0,0,1,0,0,0,0,0,0,0,0,0,1,1
3 - Ξάνθης,20 E.T. Δήμου Αβδήρων,555,293,12,0,12,281,150,1,7,11,40,89,53,21,17,5,3,6,31,5,7,9,4,2,4,0,0,1,2,0,8,1,3,1,1,0,1,0,0,0,1,0,1,1,2,0,0,1,1,0,0,1,1,0,0,2,1,0,0,0,0,6,6,0,0,0,0,1,0,0,0,0,0,0,1,1,0,0,0,0,0,0,0,0,0,1,0,0,0,2,1,7,5,0,0,1,1,0,0,4,2,5,2
3 - Ξάνθης,21 E.T. Δήμου Αβδήρων,546,239,5,2,7,232,124,1,8,13,19,75,49,14,23,0,3,5,26,5,3,14,3,1,4,0,0,0,1,1,12,0,1,2,1,0,1,1,0,0,0,0,1,1,0,0,0,0,0,0,0,0,0,0,0,3,1,2,0,0,0,6,4,0,1,0,0,0,0,0,0,0,0,0,0,0,0,0,0,0,0,0,0,0,0,0,0,0,0,1,1,0,0,0,0,1,0,0,0,0,0,2,2
3 - Ξάνθης,22 E.T. Δήμου Αβδήρων,480,222,3,1,4,218,98,1,0,17,17,60,24,10,10,1,0,2,21,1,4,0,2,14,14,3,0,2,3,2,16,2,6,4,3,0,6,1,1,1,0,2,0,0,0,0,0,0,0,0,0,2,1,0,0,5,1,3,1,1,0,10,6,0,3,0,0,1,0,0,0,0,0,0,1,0,1,0,1,0,0,0,0,0,0,2,1,0,0,3,3,0,0,1,0,3,2,1,1,0,0,6,3
3 - Ξάνθης,23 E.T. Δήμου Αβδήρων,487,255,3,0,3,252,138,0,2,28,27,77,18,9,3,0,2,4,27,3,3,0,1,20,6,2,0,1,2,0,18,1,3,9,0,0,4,2,0,2,0,0,2,2,0,0,0,0,0,0,0,1,1,0,0,8,6,2,1,1,0,7,4,0,2,1,0,2,1,1,0,0,1,1,0,0,0,0,2,0,0,0,2,0,0,2,1,0,0,0,0,0,0,0,0,5,4,1,1,0,0,7,7
3 - Ξάνθης,24 E.T. Δήμου Αβδήρων,469,202,6,0,6,196,88,1,3,14,21,47,30,11,5,2,3,8,20,3,7,1,0,8,6,2,0,1,0,0,15,2,3,7,1,0,3,1,0,0,0,2,1,1,0,0,0,0,0,0,0,1,0,0,0,1,1,1,0,0,0,5,4,1,0,0,0,0,0,0,0,0,1,0,1,0,0,1,2,1,0,0,0,0,0,5,3,1,1,1,1,3,2,1,1,1,0,0,0,0,0,9,7
3 - Ξάνθης,25 E.T. Δήμου Αβδήρων,367,209,2,0,2,207,85,0,1,21,25,37,37,26,0,6,1,4,25,3,7,0,0,15,2,1,0,0,1,0,37,4,6,20,1,0,2,1,0,0,0,0,0,0,0,0,0,0,0,0,0,0,0,0,0,1,1,3,1,1,1,2,2,0,0,0,0,1,0,1,0,0,1,1,0,0,0,0,1,1,0,0,0,3,3,0,0,2,2,0,0,1,0,0,0,1,1,0,0,0,0,3,3
3 - Ξάνθης,26 E.T. Δήμου Αβδήρων,333,166,3,0,3,163,50,0,0,12,17,18,27,13,2,0,2,3,29,0,5,3,0,17,6,1,2,0,1,1,15,1,1,8,2,0,3,2,0,0,0,0,0,0,0,0,0,0,0,0,0,1,1,0,0,2,2,4,1,3,0,7,7,0,0,0,0,1,0,1,0,0,0,0,0,0,0,0,2,0,0,0,1,0,0,2,0,0,0,3,2,1,1,2,1,1,1,2,1,0,0,5,2
3 - Ξάνθης,27 E.T. Δήμου Αβδήρων,321,191,4,0,4,187,56,0,0,14,19,15,26,13,1,1,3,1,30,0,3,1,0,26,10,3,0,0,1,1,21,1,2,10,7,0,4,1,0,2,0,1,3,1,3,0,1,0,1,0,0,1,0,0,0,3,3,3,0,3,0,7,7,0,0,0,0,3,1,2,1,1,0,0,1,0,1,0,0,0,0,0,0,1,0,1,1,0,0,1,1,0,0,0,0,2,2,0,0,1,1,9,6
3 - Ξάνθης,28 E.T. Δήμου Αβδήρων,389,220,5,4,9,211,41,6,13,0,7,13,120,4,94,0,3,3,36,1,3,31,1,0,4,0,2,0,0,0,5,1,0,4,0,0,1,0,0,0,0,0,0,0,0,0,0,0,0,0,0,2,0,0,0,0,0,0,0,0,0,0,0,0,0,0,0,0,0,0,0,0,1,0,0,0,0,0,0,0,0,0,0,0,0,1,1,0,0,0,0,0,0,0,0,0,0,0,0,0,0,0,0
3 - Ξάνθης,29 E.T. Δήμου Αβδήρων,370,150,7,1,8,142,36,7,8,2,4,9,68,9,51,2,3,1,34,0,0,29,2,0,0,0,0,0,0,0,1,1,0,0,0,0,0,0,0,0,0,0,1,1,0,0,0,0,0,1,0,0,0,0,0,0,0,0,0,0,0,0,0,0,0,0,0,0,0,0,0,0,0,0,0,0,0,0,0,0,0,0,0,0,0,0,0,0,0,0,0,0,0,0,0,0,0,0,0,0,0,1,0
3 - Ξάνθης,30 E.T. Δήμου Αβδήρων,329,183,5,0,5,178,57,0,9,4,21,18,48,13,30,0,0,2,33,2,3,16,3,9,12,1,0,2,0,4,7,1,0,5,1,0,2,0,0,2,0,0,2,2,2,0,0,2,0,0,0,1,0,0,1,1,0,0,0,0,0,7,6,0,0,0,0,0,0,0,0,0,0,0,0,0,0,0,0,0,0,0,0,0,0,0,0,0,0,0,0,1,1,1,0,0,0,1,1,0,0,3,2
3 - Ξάνθης,31 E.T. Δήμου Αβδήρων,315,157,2,0,2,155,67,1,19,2,18,25,50,11,37,0,0,0,15,2,0,3,8,2,6,1,1,1,0,1,3,0,0,1,1,0,2,1,0,0,0,0,3,3,0,0,0,0,0,0,0,0,0,0,0,0,0,0,0,0,0,4,3,0,0,0,0,2,0,2,0,0,0,0,0,0,0,0,0,0,0,0,0,0,0,2,2,0,0,1,1,0,0,0,0,0,0,0,0,0,0,0,0
3 - Ξάνθης,32 E.T. Δήμου Αβδήρων,489,291,6,3,9,282,105,0,0,18,20,57,35,18,0,1,5,7,27,5,1,0,0,18,24,6,0,9,4,4,16,2,3,5,1,0,3,0,0,2,0,0,3,0,1,1,0,0,0,0,0,0,0,0,0,3,1,8,2,2,0,14,12,0,1,0,0,0,0,0,0,0,0,0,3,0,3,0,3,0,0,0,2,0,0,8,4,1,1,4,1,4,3,0,0,10,9,3,2,0,0,7,3
3 - Ξάνθης,33 E.T. Δήμου Αβδήρων,494,283,9,0,9,274,102,0,1,25,26,42,32,17,1,1,8,2,37,2,9,2,0,21,18,3,0,4,5,4,26,1,4,10,5,1,7,2,0,0,2,2,6,6,1,0,0,0,0,0,0,2,2,0,0,1,1,3,2,1,0,8,6,0,1,0,0,0,0,0,0,0,0,0,1,0,1,0,1,0,0,0,1,0,0,8,3,0,0,2,1,1,1,1,0,3,2,1,1,1,1,12,7
3 - Ξάνθης,34 E.T. Δήμου Αβδήρων,344,171,9,0,9,162,70,2,15,9,5,37,38,2,26,0,5,3,33,1,3,8,3,18,8,0,0,5,1,1,2,0,0,1,0,0,2,0,0,0,0,0,1,1,2,0,0,2,0,0,0,0,0,0,0,0,0,2,0,1,0,0,0,0,0,0,0,0,0,0,0,0,0,0,0,0,0,0,0,0,0,0,0,1,0,0,0,0,0,1,0,2,1,0,0,0,0,0,0,0,0,0,0
3 - Ξάνθης,35 E.T. Δήμου Αβδήρων,342,159,5,0,5,154,56,2,7,11,10,25,42,7,28,0,2,4,28,0,4,5,10,9,3,1,1,0,0,1,12,4,0,5,1,0,0,0,0,0,0,0,4,3,0,0,0,0,0,0,0,0,0,0,0,0,0,1,1,0,0,1,0,0,1,0,0,0,0,0,0,0,0,0,1,0,0,0,0,0,0,0,0,0,0,0,0,0,0,1,0,0,0,0,0,0,0,1,1,2,0,2,0
3 - Ξάνθης,36 E.T. Δήμου Αβδήρων,429,201,2,1,3,198,94,2,2,20,18,50,35,8,6,1,7,2,38,8,17,2,0,6,0,0,0,0,0,0,8,2,0,1,2,0,2,0,0,0,0,0,5,2,0,0,0,0,0,1,0,0,0,0,0,0,0,0,0,0,0,7,4,2,1,0,0,0,0,0,0,0,0,0,0,0,0,0,0,0,0,0,0,3,3,2,1,0,0,0,0,2,1,0,0,1,1,0,0,0,0,0,0
3 - Ξάνθης,37 E.T. Δήμου Αβδήρων,411,199,4,0,4,195,96,4,2,10,12,58,39,24,1,1,8,3,27,5,18,0,0,3,9,0,0,1,1,2,9,1,0,3,1,0,1,1,0,0,0,0,1,1,0,0,0,0,0,0,0,0,0,0,0,1,1,2,0,1,1,4,3,1,0,0,0,0,0,0,0,0,0,0,0,0,0,0,0,0,0,0,0,0,0,2,1,0,0,0,0,0,0,0,0,1,1,0,0,1,0,2,1
3 - Ξάνθης,38 E.T. Δήμου Αβδήρων,496,268,7,2,9,259,112,0,0,18,37,51,38,12,1,0,21,2,54,7,34,0,1,11,3,1,0,1,0,1,15,4,5,5,0,0,2,0,0,0,0,1,6,6,0,0,0,0,0,0,0,1,0,0,1,5,5,1,1,0,0,9,7,0,1,0,0,0,0,0,0,0,0,0,0,0,0,0,1,0,0,1,0,0,0,2,2,0,0,1,1,0,0,0,0,2,2,1,1,0,0,6,6
3 - Ξάνθης,39 E.T. Δήμου Αβδήρων,422,235,4,1,5,230,106,0,3,6,32,61,37,22,0,1,2,8,23,4,4,1,2,11,3,2,0,0,1,0,25,1,6,14,1,0,1,1,0,0,0,0,1,0,0,0,0,0,0,0,0,0,0,0,0,1,1,2,1,1,0,10,8,0,0,0,0,2,1,0,0,0,0,0,1,1,0,0,0,0,0,0,0,0,0,6,6,0,0,1,0,0,0,0,0,1,1,2,1,0,0,8,5
3 - Ξάνθης,40 E.T. Δήμου Αβδήρων,406,220,8,2,10,210,82,0,1,9,15,56,35,24,2,1,5,2,19,2,7,0,0,9,7,3,0,1,0,0,32,2,8,9,7,0,6,3,0,1,0,1,0,0,5,1,0,1,1,0,0,0,0,0,0,2,2,0,0,0,0,12,7,1,2,0,0,0,0,0,0,0,0,0,1,1,0,0,0,0,0,0,0,1,1,4,4,0,0,0,0,0,0,1,1,2,2,0,0,0,0,1,1
3 - Ξάνθης,41 E.T. Δήμου Αβδήρων,315,166,8,4,12,154,46,2,7,0,0,36,74,7,61,0,0,3,21,0,0,19,1,1,2,0,0,1,1,0,1,0,0,0,0,0,1,0,1,0,0,0,0,0,1,0,0,1,0,0,0,0,0,0,0,0,0,1,0,0,0,1,0,0,0,0,0,0,0,0,0,0,1,0,0,0,0,0,0,0,0,0,0,0,0,0,0,0,0,0,0,1,0,0,0,2,1,0,0,0,0,2,0
3 - Ξάνθης,42 E.T. Δήμου Αβδήρων,372,218,2,3,5,213,93,1,7,24,32,23,26,7,0,0,11,5,37,4,11,0,0,19,3,0,0,1,0,1,11,1,0,7,0,0,5,4,0,0,0,0,3,1,0,0,0,0,0,0,0,0,0,0,0,4,2,2,2,0,0,9,8,0,1,0,0,0,0,0,0,0,0,0,1,0,0,0,0,0,0,0,0,0,0,2,1,0,0,0,0,3,1,2,1,2,2,1,1,0,0,9,2
3 - Ξάνθης,43 E.T. Δήμου Αβδήρων,337,214,3,1,4,210,95,0,2,11,32,44,18,2,2,1,8,3,43,8,23,2,0,7,4,1,0,1,1,0,17,1,7,2,3,0,3,0,0,0,0,1,1,1,3,1,1,0,1,0,0,0,0,0,0,2,1,1,1,0,0,12,12,0,0,1,1,0,0,0,0,0,0,0,0,0,0,0,0,0,0,0,0,1,1,0,0,0,0,0,0,3,3,2,1,1,1,1,1,0,0,2,1
3 - Ξάνθης,44 E.T. Δήμου Αβδήρων,454,259,2,1,3,256,130,0,1,34,53,30,35,12,1,2,9,2,45,1,36,1,0,5,4,1,0,0,2,0,11,2,2,4,1,0,5,3,0,1,0,0,2,2,0,0,0,0,0,0,0,0,0,0,0,3,1,2,1,1,0,8,4,0,3,0,0,0,0,0,0,0,0,0,0,0,0,0,0,0,0,0,0,1,1,1,1,1,1,1,0,0,0,1,1,2,2,0,0,0,0,4,2
3 - Ξάνθης,45 E.T. Δήμου Αβδήρων,466,245,2,4,6,239,99,0,5,27,37,24,46,11,11,0,14,6,41,3,29,5,0,3,4,2,0,2,0,0,9,0,2,1,0,0,8,0,0,4,1,1,4,4,1,1,0,0,0,0,0,0,0,0,0,5,5,1,1,0,0,11,9,0,1,0,0,0,0,0,0,0,0,0,0,0,0,0,0,0,0,0,0,0,0,7,7,0,0,0,0,1,1,0,0,1,1,0,0,1,1,0,0
3 - Ξάνθης,46 E.T. Δήμου Αβδήρων,512,333,9,2,11,322,184,1,5,34,41,94,30,12,0,2,3,4,47,14,17,0,0,13,13,7,0,1,2,1,11,1,1,7,1,0,3,0,0,3,0,0,0,0,1,0,0,0,0,0,0,2,1,0,1,4,4,6,1,4,0,10,7,0,1,0,0,0,0,0,0,0,0,0,0,0,0,0,0,0,0,0,0,1,1,4,1,0,0,0,0,0,0,0,0,4,2,0,0,0,0,2,2
3 - Ξάνθης,47 E.T. Δήμου Αβδήρων,458,237,3,3,6,231,87,4,12,14,17,38,67,11,47,2,2,0,40,1,1,19,10,9,1,0,0,0,1,0,0,0,0,0,0,0,7,1,5,0,0,1,2,1,0,0,0,0,0,0,0,1,0,0,0,0,0,2,2,0,0,4,3,0,1,1,0,1,1,0,0,0,0,0,0,0,0,0,2,1,0,1,0,0,0,3,1,0,0,2,1,0,0,1,1,1,1,0,0,0,0,9,6
3 - Ξάνθης,48 E.T. Δήμου Αβδήρων,466,242,8,7,15,227,81,6,18,16,10,25,63,7,48,0,2,1,47,2,4,23,9,6,3,0,0,0,1,0,7,1,3,2,0,0,13,1,12,0,0,0,3,3,1,0,0,1,0,0,0,0,0,0,0,2,0,0,0,0,0,2,2,0,0,0,0,0,0,0,0,0,0,0,0,0,0,0,1,0,0,0,1,0,0,1,0,0,0,0,0,0,0,0,0,0,0,0,0,0,0,3,1
3 - Ξάνθης,49 E.T. Δήμου Αβδήρων,434,186,4,1,5,181,58,6,14,7,8,19,60,4,47,1,1,0,42,4,2,29,4,2,1,0,0,0,1,0,5,2,1,2,0,0,3,0,2,0,0,0,0,0,0,0,0,0,0,0,0,0,0,0,0,1,1,0,0,0,0,0,0,0,0,1,0,0,0,0,0,0,0,0,0,0,0,0,1,0,0,0,0,0,0,0,0,1,1,1,1,1,1,0,0,1,0,1,1,0,0,4,1
3 - Ξάνθης,50 E.T. Δήμου Αβδήρων,484,202,9,1,10,192,21,4,6,2,2,6,103,8,78,0,4,1,50,3,0,34,11,0,6,0,5,0,0,0,1,0,0,1,0,0,2,0,1,0,0,0,1,1,1,0,0,1,0,0,0,0,0,0,0,1,0,0,0,0,0,0,0,0,0,0,0,0,0,0,1,0,1,0,0,0,0,0,0,0,0,0,0,0,0,0,0,0,0,0,0,0,0,1,0,2,0,0,0,0,0,1,0
3 - Ξάνθης,51 E.T. Δήμου Αβδήρων,476,272,8,3,11,261,49,10,12,3,3,19,146,7,116,1,6,1,56,4,3,28,20,0,2,0,2,0,0,0,3,0,0,0,0,3,2,0,1,0,0,1,1,1,0,0,0,0,0,1,0,0,0,0,0,0,0,0,0,0,0,0,0,0,0,0,0,0,0,0,0,0,0,0,0,0,0,0,0,0,0,0,0,0,0,0,0,0,0,0,0,0,0,0,0,0,0,1,0,0,0,0,0
3 - Ξάνθης,52 E.T. Δήμου Αβδήρων,459,265,15,1,16,249,50,6,18,0,4,19,119,14,79,0,7,4,70,11,1,35,19,0,2,0,1,0,0,0,1,1,0,0,0,0,1,0,1,0,0,0,3,2,1,0,0,0,0,0,0,0,0,0,0,0,0,1,0,1,0,0,0,0,0,0,0,0,0,0,0,0,1,0,0,0,0,0,0,0,0,0,0,0,0,0,0,0,0,0,0,0,0,0,0,0,0,0,0,0,0,0,0
3 - Ξάνθης,53 E.T. Δήμου Αβδήρων,490,243,7,0,7,236,45,13,6,0,2,17,149,5,123,1,0,1,37,2,0,19,13,0,2,0,2,0,0,0,0,0,0,0,0,0,0,0,0,0,0,0,3,3,0,0,0,0,0,0,0,0,0,0,0,0,0,0,0,0,0,0,0,0,0,0,0,0,0,0,0,0,0,0,0,0,0,0,0,0,0,0,0,0,0,0,0,0,0,0,0,0,0,0,0,0,0,0,0,0,0,0,0
3 - Ξάνθης,54 E.T. Δήμου Αβδήρων,531,249,15,4,19,230,29,7,4,1,1,16,120,10,84,0,2,3,75,2,5,38,21,1,0,0,0,0,0,0,0,0,0,0,0,0,0,0,0,0,0,0,0,0,2,1,0,1,0,0,0,0,0,0,0,0,0,0,0,0,0,0,0,0,0,0,0,0,0,0,0,0,0,0,0,0,0,0,0,0,0,0,0,0,0,0,0,0,0,0,0,3,0,1,0,0,0,0,0,0,0,0,0
3 - Ξάνθης,55 E.T. Δήμου Αβδήρων,404,182,4,0,4,178,53,42,2,0,0,9,79,3,73,1,0,0,44,4,0,34,6,0,0,0,0,0,0,0,0,0,0,0,0,0,1,0,1,0,0,0,0,0,0,0,0,0,0,0,0,0,0,0,0,0,0,0,0,0,0,0,0,0,0,0,0,0,0,0,0,0,0,0,0,0,0,0,0,0,0,0,0,1,0,0,0,0,0,0,0,0,0,0,0,0,0,0,0,0,0,0,0
3 - Ξάνθης,56 E.T. Δήμου Αβδήρων,211,143,4,4,8,135,10,6,3,0,0,0,70,2,65,0,0,0,48,0,0,43,5,0,2,0,0,0,0,0,0,0,0,0,0,0,1,0,0,0,0,1,0,0,0,0,0,0,0,0,0,0,0,0,0,0,0,0,0,0,0,0,0,0,0,0,0,0,0,0,0,0,0,0,0,0,0,0,0,0,0,0,0,0,0,0,0,0,0,0,0,1,1,0,0,1,0,1,1,1,1,0,0
3 - Ξάνθης,57 E.T. Δήμου Αβδήρων,496,296,1,0,1,295,135,17,36,6,29,43,80,19,46,0,0,6,59,2,18,22,9,7,4,1,1,0,1,1,5,0,1,2,0,1,2,0,1,0,0,1,2,2,0,0,0,0,0,0,0,0,0,0,0,0,0,0,0,0,0,1,1,0,0,0,0,0,0,0,0,0,1,0,0,0,0,0,0,0,0,0,0,0,0,1,1,0,0,0,0,1,0,0,0,1,0,2,1,0,0,1,1
3 - Ξάνθης,58 E.T. Δήμου Αβδήρων,487,261,6,0,6,255,110,13,15,11,29,37,52,10,31,0,2,3,49,0,9,18,12,8,6,0,1,0,2,2,10,0,2,6,2,0,2,0,0,0,1,0,1,0,0,0,0,0,0,0,0,0,0,0,0,2,2,5,1,4,0,8,7,0,0,0,0,0,0,0,0,0,1,0,0,0,0,0,0,0,0,0,0,1,1,1,1,1,1,1,1,0,0,1,0,1,0,1,0,0,0,2,0
3 - Ξάνθης,59 E.T. Δήμου Αβδήρων,546,259,8,5,13,246,50,16,17,0,5,11,84,10,65,0,3,0,104,4,3,74,18,2,2,0,2,0,0,0,0,0,0,0,0,0,2,0,2,0,0,0,0,0,0,0,0,0,0,0,0,1,1,0,0,0,0,0,0,0,0,0,0,0,0,0,0,0,0,0,0,0,2,0,0,0,0,0,0,0,0,0,0,0,0,0,0,0,0,0,0,0,0,0,0,0,0,0,0,0,0,1,1
3 - Ξάνθης,60 E.T. Δήμου Αβδήρων,557,274,9,1,10,264,58,11,28,1,8,8,93,8,74,0,7,1,106,2,5,86,12,0,3,0,2,0,0,0,0,0,0,0,0,0,1,0,1,0,0,0,0,0,2,0,0,2,0,0,0,0,0,0,0,0,0,0,0,0,0,0,0,0,0,0,0,0,0,0,0,0,0,0,0,0,0,0,0,0,0,0,0,0,0,0,0,0,0,0,0,0,0,0,0,1,1,0,0,0,0,0,0
3 - Ξάνθης,61 E.T. Δήμου Αβδήρων,484,296,5,0,5,291,69,27,11,1,6,21,148,5,133,0,1,0,65,0,3,47,11,3,1,0,0,0,0,1,1,0,0,0,1,0,1,0,0,0,1,0,6,6,0,0,0,0,0,0,0,0,0,0,0,0,0,0,0,0,0,0,0,0,0,0,0,0,0,0,0,0,0,0,0,0,0,0,0,0,0,0,0,0,0,0,0,0,0,0,0,0,0,0,0,0,0,0,0,0,0,0,0
3 - Ξάνθης,62 E.T. Δήμου Αβδήρων,486,282,7,2,9,273,60,21,21,6,1,8,136,5,114,1,9,0,61,1,5,40,12,0,0,0,0,0,0,0,1,0,0,0,0,1,6,0,5,0,0,0,4,4,1,0,0,1,0,0,0,0,0,0,0,0,0,0,0,0,0,1,0,0,0,0,0,0,0,0,0,0,0,0,0,0,0,0,0,0,0,0,0,0,0,0,0,0,0,1,0,0,0,1,0,0,0,0,0,0,0,1,1
3 - Ξάνθης,63 E.T. Δήμου Αβδήρων,411,152,7,2,9,143,18,6,7,0,0,4,61,0,55,0,0,0,51,0,4,38,9,0,11,0,9,0,0,0,0,0,0,0,0,0,1,0,1,0,0,0,0,0,1,0,0,0,0,0,0,0,0,0,0,0,0,0,0,0,0,0,0,0,0,0,0,0,0,0,0,0,0,0,0,0,0,0,0,0,0,0,0,0,0,0,0,0,0,0,0,0,0,0,0,0,0,0,0,0,0,0,0
3 - Ξάνθης,64 E.T. Δήμου Μύκης,563,234,5,1,6,228,34,5,14,7,0,8,103,0,97,0,1,1,69,0,0,52,16,1,11,0,7,0,0,2,4,0,0,0,0,1,2,0,1,0,0,0,2,2,0,0,0,0,0,0,0,0,0,0,0,0,0,0,0,0,0,0,0,0,0,0,0,0,0,0,0,0,0,0,0,0,0,0,0,0,0,0,0,0,0,0,0,0,0,0,0,1,0,0,0,0,0,0,0,1,0,1,0
3 - Ξάνθης,65 E.T. Δήμου Μύκης,546,213,5,4,9,204,45,2,6,24,0,12,83,0,74,0,3,1,63,1,0,43,17,1,2,0,1,0,0,0,1,0,0,0,0,0,5,0,4,0,0,0,0,0,1,0,0,0,0,0,0,1,0,0,0,0,0,0,0,0,0,0,0,0,0,0,0,0,0,0,0,0,0,0,0,0,0,0,0,0,0,0,0,0,0,0,0,0,0,0,0,0,0,1,0,0,0,0,0,0,0,2,0
3 - Ξάνθης,66 E.T. Δήμου Μύκης,586,192,21,3,24,168,56,1,27,8,2,18,47,0,42,0,1,0,47,0,0,25,20,0,10,0,1,0,0,6,0,0,0,0,0,0,4,0,4,0,0,0,0,0,1,0,0,1,0,0,0,0,0,0,0,0,0,0,0,0,0,0,0,0,0,0,0,0,0,0,0,0,0,0,0,0,0,0,0,0,0,0,0,1,0,0,0,0,0,0,0,0,0,0,0,2,1,0,0,0,0,0,0
3 - Ξάνθης,67 E.T. Δήμου Μύκης,353,139,2,0,2,137,24,5,7,1,1,9,83,2,80,0,0,0,23,3,0,15,5,0,3,2,1,0,0,0,2,0,0,0,0,2,0,0,0,0,0,0,0,0,2,0,0,2,0,0,0,0,0,0,0,0,0,0,0,0,0,0,0,0,0,0,0,0,0,0,0,0,0,0,0,0,0,0,0,0,0,0,0,0,0,0,0,0,0,0,0,0,0,0,0,0,0,0,0,0,0,0,0
3 - Ξάνθης,68 E.T. Δήμου Μύκης,344,130,3,0,3,127,36,5,16,1,1,11,49,1,46,0,0,0,29,0,0,12,13,0,6,3,3,0,0,0,0,0,0,0,0,0,1,0,0,0,0,0,0,0,0,0,0,0,0,0,0,0,0,0,0,0,0,1,0,1,0,0,0,0,0,0,0,0,0,0,0,0,0,0,1,0,0,0,1,1,0,0,0,1,0,0,0,0,0,0,0,1,0,0,0,0,0,1,0,0,0,0,0
3 - Ξάνθης,69 E.T. Δήμου Μύκης,369,182,2,2,4,178,108,17,69,1,2,17,33,0,31,1,0,1,33,5,1,20,7,0,1,0,0,0,0,0,0,0,0,0,0,0,1,0,1,0,0,0,0,0,0,0,0,0,0,0,0,0,0,0,0,0,0,0,0,0,0,0,0,0,0,0,0,0,0,0,0,0,0,0,0,0,0,0,0,0,0,0,0,0,0,0,0,0,0,0,0,0,0,1,1,1,0,0,0,0,0,0,0
3 - Ξάνθης,70 E.T. Δήμου Μύκης,360,172,10,1,11,161,73,10,50,0,1,11,53,1,49,0,1,1,32,1,3,21,7,0,1,1,0,0,0,0,0,0,0,0,0,0,1,1,0,0,0,0,0,0,1,0,0,1,0,0,0,0,0,0,0,0,0,0,0,0,0,0,0,0,0,0,0,0,0,0,0,0,0,0,0,0,0,0,0,0,0,0,0,0,0,0,0,0,0,0,0,0,0,0,0,0,0,0,0,0,0,0,0
3 - Ξάνθης,71 E.T. Δήμου Μύκης,210,109,3,0,3,106,45,0,20,0,0,23,40,1,32,0,1,1,17,1,1,9,5,1,3,0,0,0,0,2,0,0,0,0,0,0,0,0,0,0,0,0,0,0,0,0,0,0,0,0,0,0,0,0,0,0,0,0,0,0,0,0,0,0,0,0,0,0,0,0,0,0,1,0,0,0,0,0,0,0,0,0,0,0,0,0,0,0,0,0,0,0,0,0,0,0,0,0,0,0,0,0,0
3 - Ξάνθης,72 E.T. Δήμου Μύκης,469,279,12,3,15,264,194,5,176,4,0,4,37,1,28,0,3,0,21,0,0,18,3,0,1,0,0,0,0,0,7,0,0,0,0,7,1,0,1,0,0,0,0,0,0,0,0,0,0,0,0,0,0,0,0,0,0,0,0,0,0,0,0,0,0,0,0,0,0,0,0,0,0,0,1,0,0,0,0,0,0,0,0,0,0,0,0,0,0,1,0,0,0,0,0,0,0,0,0,0,0,1,0
3 - Ξάνθης,73 E.T. Δήμου Μύκης,471,247,8,5,13,234,144,1,141,1,1,0,52,0,47,0,0,1,24,1,0,18,5,0,0,0,0,0,0,0,11,0,0,0,0,11,1,0,1,0,0,0,0,0,0,0,0,0,0,0,0,0,0,0,0,0,0,0,0,0,0,1,0,0,0,0,0,0,0,0,0,0,0,0,0,0,0,0,0,0,0,0,0,0,0,0,0,0,0,0,0,1,1,0,0,0,0,0,0,0,0,0,0
3 - Ξάνθης,74 E.T. Δήμου Μύκης,445,295,4,0,4,291,50,7,16,10,0,14,142,25,91,2,0,4,84,1,3,47,31,0,7,0,1,0,0,0,0,0,0,0,0,0,2,0,0,0,0,0,0,0,0,0,0,0,0,0,0,0,0,0,0,0,0,0,0,0,0,2,2,0,0,0,0,0,0,0,0,0,0,0,0,0,0,0,2,1,0,0,0,0,0,0,0,0,0,0,0,1,0,0,0,0,0,0,0,0,0,1,0
3 - Ξάνθης,75 E.T. Δήμου Μύκης,458,300,3,2,5,295,78,5,29,7,2,29,120,18,82,0,3,5,67,4,0,43,18,0,8,3,1,1,0,0,2,0,0,1,0,0,5,0,4,0,0,0,0,0,0,0,0,0,0,1,0,1,0,0,0,1,0,2,0,1,0,1,1,0,0,0,0,0,0,0,0,0,0,0,0,0,0,0,0,0,0,0,0,0,0,1,0,0,0,1,0,0,0,1,0,1,0,2,0,0,0,3,0
3 - Ξάνθης,76 E.T. Δήμου Μύκης,446,287,2,0,2,285,70,17,18,11,4,20,128,20,74,1,4,5,71,1,3,39,24,0,1,0,0,0,0,0,0,0,0,0,0,0,2,0,0,0,0,0,0,0,0,0,0,0,0,0,0,0,0,0,0,0,0,0,0,0,0,5,4,0,1,1,0,1,0,0,0,0,0,0,0,0,0,0,1,1,0,0,0,0,0,1,0,0,0,0,0,0,0,1,0,1,0,0,0,0,0,2,0
3 - Ξάνθης,77 E.T. Δήμου Μύκης,472,232,3,0,3,229,53,7,14,1,0,27,94,0,87,0,2,1,72,0,0,65,6,0,0,0,0,0,0,0,3,0,0,1,1,1,2,0,2,0,0,0,2,2,0,0,0,0,0,0,0,0,0,0,0,0,0,0,0,0,0,2,2,0,0,1,1,0,0,0,0,0,0,0,0,0,0,0,0,0,0,0,0,0,0,0,0,0,0,0,0,0,0,0,0,0,0,0,0,0,0,0,0
3 - Ξάνθης,78 E.T. Δήμου Μύκης,467,206,1,0,1,205,35,5,9,1,1,17,99,5,88,0,1,0,63,2,3,44,14,0,1,0,1,0,0,0,5,0,0,0,0,5,1,0,1,0,0,0,0,0,0,0,0,0,0,0,0,1,0,0,1,0,0,0,0,0,0,0,0,0,0,0,0,0,0,0,0,0,0,0,0,0,0,0,0,0,0,0,0,0,0,0,0,0,0,0,0,0,0,0,0,0,0,0,0,0,0,0,0
3 - Ξάνθης,79 E.T. Δήμου Μύκης,475,211,9,0,9,202,32,2,9,4,0,17,101,2,97,0,1,1,67,0,1,47,18,0,0,0,0,0,0,0,0,0,0,0,0,0,1,0,1,0,0,0,1,1,0,0,0,0,0,0,0,0,0,0,0,0,0,0,0,0,0,0,0,0,0,0,0,0,0,0,0,0,0,0,0,0,0,0,0,0,0,0,0,0,0,0,0,0,0,0,0,0,0,0,0,0,0,0,0,0,0,0,0
3 - Ξάνθης,80 E.T. Δήμου Μύκης,454,226,3,0,3,223,37,7,15,1,2,11,118,3,101,0,2,0,66,0,4,47,14,1,2,0,0,1,0,1,0,0,0,0,0,0,0,0,0,0,0,0,0,0,0,0,0,0,0,0,0,0,0,0,0,0,0,0,0,0,0,0,0,0,0,0,0,0,0,0,0,0,0,0,0,0,0,0,0,0,0,0,0,0,0,0,0,0,0,0,0,0,0,0,0,0,0,0,0,0,0,0,0
3 - Ξάνθης,81 E.T. Δήμου Μύκης,485,263,7,1,8,255,52,6,28,1,0,16,125,1,114,0,2,2,65,0,2,42,20,0,0,0,0,0,0,0,6,0,0,0,0,6,0,0,0,0,0,0,4,4,0,0,0,0,0,0,0,0,0,0,0,0,0,0,0,0,0,3,3,0,0,0,0,0,0,0,0,0,0,0,0,0,0,0,0,0,0,0,0,0,0,0,0,0,0,0,0,0,0,0,0,0,0,0,0,0,0,0,0
3 - Ξάνθης,82 E.T. Δήμου Μύκης,501,246,5,3,8,238,60,7,21,1,3,26,103,5,92,0,0,1,62,0,1,45,15,0,0,0,0,0,0,0,4,0,0,0,0,4,2,0,1,0,0,1,7,7,0,0,0,0,0,0,0,0,0,0,0,0,0,0,0,0,0,0,0,0,0,0,0,0,0,0,0,0,0,0,0,0,0,0,0,0,0,0,0,0,0,0,0,0,0,0,0,0,0,0,0,0,0,0,0,0,0,0,0
3 - Ξάνθης,83 E.T. Δήμου Μύκης,461,212,3,3,6,206,39,4,16,0,0,19,115,0,111,0,0,0,50,1,9,27,8,0,0,0,0,0,0,0,1,0,0,1,0,0,0,0,0,0,0,0,0,0,0,0,0,0,0,0,0,0,0,0,0,0,0,1,0,0,0,0,0,0,0,0,0,0,0,0,0,0,0,0,0,0,0,0,0,0,0,0,0,0,0,0,0,0,0,0,0,0,0,0,0,0,0,0,0,0,0,0,0
3 - Ξάνθης,84 E.T. Δήμου Μύκης,440,194,6,2,8,186,40,3,16,0,0,21,91,1,88,0,0,0,51,0,11,28,12,0,0,0,0,0,0,0,0,0,0,0,0,0,0,0,0,0,0,0,1,1,1,0,0,1,0,0,0,0,0,0,0,0,0,1,0,0,0,0,0,0,0,0,0,0,0,0,0,0,0,0,0,0,0,0,0,0,0,0,0,0,0,0,0,0,0,0,0,0,0,0,0,1,1,0,0,0,0,0,0
3 - Ξάνθης,85 E.T. Δήμου Μύκης,252,207,1,0,1,206,80,6,23,19,15,13,76,43,26,0,0,0,44,2,1,28,11,0,1,0,1,0,0,0,2,0,0,0,0,1,1,0,0,0,0,1,0,0,1,0,0,1,0,0,0,0,0,0,0,0,0,0,0,0,0,0,0,0,0,0,0,0,0,0,0,0,0,0,0,0,0,0,0,0,0,0,0,0,0,0,0,0,0,1,0,0,0,0,0,0,0,0,0,0,0,0,0
3 - Ξάνθης,86 E.T. Δήμου Μύκης,317,260,10,0,10,250,82,2,60,3,3,10,116,33,61,0,0,0,42,1,3,13,18,0,3,0,0,0,0,0,1,0,0,1,0,0,3,0,0,1,0,0,0,0,0,0,0,0,0,0,0,0,0,0,0,0,0,0,0,0,0,0,0,0,0,1,0,0,0,0,0,0,1,0,0,0,0,0,0,0,0,0,0,0,0,0,0,0,0,0,0,0,0,0,0,0,0,0,0,0,0,1,0
3 - Ξάνθης,87 E.T. Δήμου Μύκης,518,315,9,3,12,303,117,14,25,37,9,26,98,12,68,0,0,2,63,4,10,29,19,0,7,1,5,0,1,0,7,0,0,2,0,2,0,0,0,0,0,0,2,2,0,0,0,0,0,1,0,0,0,0,0,0,0,1,1,0,0,4,1,0,0,0,0,1,0,0,0,0,0,0,0,0,0,0,0,0,0,0,0,0,0,0,0,0,0,0,0,0,0,1,0,1,1,0,0,0,0,0,0
3 - Ξάνθης,88 E.T. Δήμου Μύκης,528,273,7,4,11,262,88,6,21,26,6,22,103,10,74,0,1,2,63,1,15,24,18,0,5,0,4,0,0,0,0,0,0,0,0,0,1,0,0,0,0,0,0,0,0,0,0,0,0,0,0,0,0,0,0,0,0,0,0,0,0,0,0,0,0,0,0,0,0,0,0,0,1,0,0,0,0,0,0,0,0,0,0,0,0,0,0,0,0,0,0,1,1,0,0,0,0,0,0,0,0,0,0
3 - Ξάνθης,89 E.T. Δήμου Μύκης,505,284,19,1,20,264,104,5,43,24,4,24,77,6,61,0,0,1,66,0,12,29,18,0,8,0,7,0,0,0,0,0,0,0,0,0,4,1,0,0,0,2,1,1,0,0,0,0,0,0,0,0,0,0,0,0,0,0,0,0,0,0,0,0,0,0,0,0,0,0,1,0,1,0,0,0,0,0,0,0,0,0,0,0,0,0,0,1,0,1,0,0,0,0,0,0,0,0,0,0,0,0,0
3 - Ξάνθης,90 E.T. Δήμου Μύκης,400,327,10,1,11,316,120,7,35,9,7,58,91,19,58,0,0,0,94,0,2,53,21,5,0,0,0,0,0,0,0,0,0,0,0,0,3,0,0,1,0,0,2,0,1,0,1,0,0,0,0,2,0,0,0,0,0,0,0,0,0,0,0,0,0,0,0,0,0,0,0,0,0,0,0,0,0,0,0,0,0,0,0,0,0,0,0,0,0,2,1,0,0,0,0,1,0,0,0,0,0,0,0
3 - Ξάνθης,91 E.T. Δήμου Μύκης,496,287,5,4,9,278,31,2,15,8,0,5,48,4,40,2,0,2,183,0,0,12,168,0,12,0,9,0,0,3,1,0,1,0,0,0,2,0,1,0,0,1,0,0,0,0,0,0,0,0,0,0,0,0,0,0,0,0,0,0,0,0,0,0,0,0,0,0,0,0,0,0,1,0,0,0,0,0,0,0,0,0,0,0,0,0,0,0,0,0,0,0,0,0,0,0,0,0,0,0,0,0,0
3 - Ξάνθης,92 E.T. Δήμου Μύκης,512,307,4,2,6,301,20,4,9,1,1,5,62,2,55,0,0,1,203,0,1,21,181,0,11,0,6,0,0,0,1,0,0,0,0,0,0,0,0,0,0,0,0,0,1,0,0,0,0,0,0,0,0,0,0,2,0,0,0,0,0,0,0,0,0,0,0,0,0,0,1,0,0,0,0,0,0,0,0,0,0,0,0,0,0,0,0,0,0,0,0,0,0,0,0,0,0,0,0,0,0,0,0
3 - Ξάνθης,93 E.T. Δήμου Μύκης,521,319,4,2,6,313,45,5,21,7,1,8,64,4,50,2,0,1,190,1,4,6,173,0,4,0,3,0,0,0,3,0,3,0,0,0,0,0,0,0,0,0,0,0,0,0,0,0,0,0,0,0,0,0,0,3,0,1,0,1,0,0,0,0,0,0,0,0,0,0,0,0,0,0,0,0,0,0,0,0,0,0,0,0,0,0,0,0,0,0,0,0,0,1,0,1,0,0,0,0,0,1,0
3 - Ξάνθης,94 E.T. Δήμου Μύκης,505,304,7,2,9,295,36,3,27,2,0,2,58,3,52,0,0,0,185,0,1,5,172,0,8,0,7,0,0,0,3,0,1,0,0,1,1,0,1,0,0,0,0,0,0,0,0,0,0,0,0,0,0,0,0,1,0,0,0,0,0,0,0,0,0,1,0,0,0,0,0,0,1,0,0,0,0,0,0,0,0,0,0,0,0,0,0,0,0,1,1,0,0,0,0,0,0,0,0,0,0,0,0
3 - Ξάνθης,95 E.T. Δήμου Μύκης,515,333,9,1,10,323,35,5,27,0,0,3,50,0,44,0,0,0,229,0,0,23,202,0,4,1,3,0,0,0,2,0,0,0,0,0,0,0,0,0,0,0,0,0,0,0,0,0,0,0,0,0,0,0,0,0,0,0,0,0,0,0,0,0,0,0,0,0,0,0,0,0,0,0,0,0,0,0,0,0,0,0,0,0,0,0,0,1,0,0,0,1,0,0,0,0,0,0,0,0,0,1,0
3 - Ξάνθης,96 E.T. Δήμου Μύκης,279,234,3,1,4,230,119,8,50,28,0,31,50,20,19,0,0,0,49,0,3,36,9,1,4,0,2,0,0,2,3,0,0,2,0,1,3,0,2,0,0,1,0,0,0,0,0,0,0,0,0,0,0,0,0,0,0,0,0,0,0,0,0,0,0,0,0,0,0,0,0,0,0,0,0,0,0,0,0,0,0,0,0,0,0,0,0,0,0,0,0,0,0,0,0,0,0,0,0,0,0,2,0
3 - Ξάνθης,97 E.T. Δήμου Μύκης,274,223,7,0,7,216,110,2,40,7,2,56,71,26,30,1,0,4,31,0,2,18,9,0,3,0,0,0,0,0,0,0,0,0,0,0,0,0,0,0,0,0,0,0,0,0,0,0,0,0,0,0,0,0,0,0,0,0,0,0,0,1,0,0,0,0,0,0,0,0,0,0,0,0,0,0,0,0,0,0,0,0,0,0,0,0,0,0,0,0,0,0,0,0,0,0,0,0,0,0,0,0,0
3 - Ξάνθης,98 E.T. Δήμου Μύκης,426,320,2,0,2,318,165,3,43,23,0,90,112,17,84,0,3,1,35,0,1,20,12,0,2,0,0,1,0,0,0,0,0,0,0,0,2,0,0,0,0,0,0,0,0,0,0,0,0,0,0,1,1,0,0,0,0,0,0,0,0,0,0,0,0,0,0,0,0,0,0,0,0,0,0,0,0,0,0,0,0,0,0,0,0,0,0,0,0,0,0,0,0,0,0,0,0,0,0,0,0,1,0
3 - Ξάνθης,99 E.T. Δήμου Μύκης,439,339,3,0,3,336,182,8,50,43,2,79,96,6,85,1,0,2,54,0,2,17,33,1,1,0,1,0,0,0,1,0,0,1,0,0,0,0,0,0,0,0,0,0,1,0,1,0,0,0,0,0,0,0,0,0,0,0,0,0,0,0,0,0,0,0,0,0,0,0,0,0,0,0,0,0,0,0,0,0,0,0,0,0,0,0,0,0,0,0,0,0,0,0,0,0,0,0,0,0,0,1,1
3 - Ξάνθης,100 E.T. Δήμου Μύκης,443,333,1,3,4,329,151,4,32,30,0,81,107,21,76,1,0,0,64,1,14,19,25,0,2,0,0,1,0,0,0,0,0,0,0,0,2,0,2,0,0,0,0,0,1,0,0,0,0,0,0,0,0,0,0,0,0,0,0,0,0,0,0,0,0,0,0,0,0,0,0,0,1,1,1,0,0,0,0,0,0,0,0,0,0,0,0,0,0,0,0,0,0,0,0,0,0,0,0,0,0,0,0
3 - Ξάνθης,101 E.T. Δήμου Μύκης,588,420,11,4,15,405,133,13,52,13,2,40,157,39,83,3,2,3,86,0,6,38,34,0,4,0,1,1,0,1,3,0,0,1,0,0,4,1,1,1,0,0,1,1,7,1,0,1,4,1,0,0,0,0,0,3,0,0,0,0,0,0,0,0,0,0,0,0,0,0,0,0,0,0,0,0,0,0,0,0,0,0,0,1,0,1,0,0,0,0,0,1,0,1,0,0,0,1,0,0,0,1,0
3 - Ξάνθης,102 E.T. Δήμου Μύκης,606,402,9,9,18,384,117,5,49,10,4,45,167,48,96,0,0,2,82,0,0,37,31,3,5,0,0,0,0,1,3,0,0,0,0,2,3,0,1,2,0,0,0,0,0,0,0,0,0,0,0,2,0,0,2,0,0,0,0,0,0,0,0,0,0,0,0,1,0,0,2,0,1,0,0,0,0,0,0,0,0,0,0,0,0,0,0,1,0,0,0,0,0,0,0,0,0,0,0,0,0,0,0
3 - Ξάνθης,103 E.T. Δήμου Μύκης,276,207,2,0,2,205,36,5,16,7,3,5,73,14,48,0,0,3,93,1,1,49,29,3,1,0,1,0,0,0,0,0,0,0,0,0,2,0,1,0,0,0,0,0,0,0,0,0,0,0,0,0,0,0,0,0,0,0,0,0,0,0,0,0,0,0,0,0,0,0,0,0,0,0,0,0,0,0,0,0,0,0,0,0,0,0,0,0,0,0,0,0,0,0,0,0,0,0,0,0,0,0,0
3 - Ξάνθης,104 E.T. Δήμου Μύκης,414,248,3,2,5,243,84,12,46,5,11,7,99,1,93,0,0,0,54,0,0,40,12,0,0,0,0,0,0,0,1,0,0,1,0,0,2,0,1,0,0,0,1,0,1,0,0,1,0,0,0,0,0,0,0,0,0,0,0,0,0,0,0,0,0,0,0,0,0,0,0,0,0,0,0,0,0,0,0,0,0,0,0,0,0,0,0,0,0,0,0,1,0,0,0,0,0,0,0,0,0,0,0
3 - Ξάνθης,105 E.T. Δήμου Μύκης,423,260,11,4,15,245,77,10,46,9,4,8,102,3,96,0,0,0,57,0,0,35,19,2,1,0,0,0,0,0,0,0,0,0,0,0,0,0,0,0,0,0,2,0,1,0,0,0,0,1,0,0,0,0,0,0,0,0,0,0,0,1,0,0,0,0,0,0,0,0,0,0,0,0,0,0,0,0,1,0,0,0,0,0,0,0,0,0,0,0,0,0,0,0,0,1,0,0,0,0,0,1,0
3 - Ξάνθης,106 E.T. Δήμου Μύκης,401,238,11,3,14,224,65,11,40,5,2,3,110,3,95,0,0,2,37,1,0,24,12,0,2,1,1,0,0,0,1,0,0,0,0,0,0,0,0,0,0,0,4,1,2,0,0,2,0,0,0,1,0,0,0,0,0,0,0,0,0,0,0,0,0,0,0,0,0,0,0,0,0,0,0,0,0,0,1,0,0,0,0,0,0,0,0,0,0,0,0,0,0,0,0,0,0,0,0,0,0,1,0
3 - Ξάνθης,107 E.T. Δήμου Μύκης,255,164,10,1,11,153,41,8,20,2,1,7,55,6,44,0,1,0,43,0,0,34,7,1,8,0,2,0,0,3,1,0,0,0,0,1,2,0,1,0,0,0,1,0,0,0,0,0,0,0,0,0,0,0,0,0,0,0,0,0,0,0,0,0,0,0,0,0,0,0,0,0,0,0,0,0,0,0,2,1,0,0,0,0,0,0,0,0,0,0,0,0,0,0,0,0,0,0,0,0,0,0,0
3 - Ξάνθης,108 E.T. Δήμου Μύκης,496,199,7,0,7,192,50,6,27,0,7,9,84,3,73,2,1,1,55,0,0,20,34,0,1,1,0,0,0,0,0,0,0,0,0,0,0,0,0,0,0,0,0,0,1,1,0,0,0,0,0,0,0,0,0,0,0,0,0,0,0,0,0,0,0,0,0,0,0,0,0,0,0,0,0,0,0,0,0,0,0,0,0,0,0,0,0,0,0,0,0,0,0,0,0,1,1,0,0,0,0,0,0
3 - Ξάνθης,109 E.T. Δήμου Μύκης,514,227,6,0,6,221,48,9,17,1,1,17,110,14,74,1,0,2,55,0,0,16,37,0,1,0,0,0,0,0,0,0,0,0,0,0,2,0,2,0,0,0,1,1,2,0,0,2,0,0,0,0,0,0,0,0,0,0,0,0,0,1,0,0,0,0,0,0,0,0,0,0,0,0,0,0,0,0,0,0,0,0,0,0,0,0,0,0,0,0,0,1,1,0,0,0,0,0,0,0,0,0,0
3 - Ξάνθης,110 E.T. Δήμου Ξάνθης,490,293,16,1,17,276,94,0,0,20,23,49,65,29,4,2,15,6,32,5,18,0,0,9,14,5,0,1,3,1,25,2,6,9,2,0,6,2,0,2,1,1,1,1,0,0,0,0,0,0,0,1,0,0,1,2,0,4,1,1,0,10,7,1,2,1,0,0,0,0,0,0,0,0,0,0,0,0,1,0,1,0,0,0,0,5,3,0,0,3,1,2,1,1,1,2,1,4,0,0,0,3,2
3 - Ξάνθης,111 E.T. Δήμου Ξάνθης,471,265,14,0,14,251,99,0,0,31,15,48,44,29,2,2,4,4,26,8,2,2,1,12,10,2,0,1,1,4,27,2,5,12,3,0,3,0,0,1,0,2,0,0,2,2,0,0,0,0,0,1,0,0,1,0,0,3,1,0,1,10,9,0,1,0,0,1,1,0,0,0,1,1,1,0,1,0,0,0,0,0,0,0,0,6,6,1,1,0,0,3,2,1,0,2,0,1,0,1,1,8,8
3 - Ξάνθης,112 E.T. Δήμου Ξάνθης,485,268,7,3,10,258,87,1,0,17,18,43,42,27,0,0,6,6,30,6,6,7,0,7,12,4,1,1,3,1,33,3,5,16,2,0,11,4,0,3,0,1,4,3,1,0,0,0,0,0,0,0,0,0,0,1,1,1,0,1,0,14,7,0,3,0,0,1,1,0,0,0,1,0,0,0,0,0,0,0,0,0,0,1,1,2,0,1,0,2,2,1,0,0,0,4,1,2,1,1,1,6,6
3 - Ξάνθης,113 E.T. Δήμου Ξάνθης,480,293,3,4,7,286,83,0,0,22,5,46,41,25,2,1,5,6,24,6,10,0,0,7,18,3,4,1,0,8,32,2,8,17,2,0,10,5,0,0,0,3,9,8,1,0,0,0,1,0,0,1,1,0,0,5,4,1,0,1,0,20,14,0,2,1,0,1,1,0,0,0,2,1,3,1,2,0,1,0,0,0,0,2,1,10,7,3,2,0,0,1,0,2,1,5,3,1,1,0,0,9,8
3 - Ξάνθης,114 E.T. Δήμου Ξάνθης,475,279,11,1,12,267,94,1,0,19,25,41,51,28,2,0,1,12,26,6,6,1,1,10,12,2,0,0,2,4,31,3,4,13,4,0,10,3,0,1,0,2,2,2,0,0,0,0,0,1,0,0,0,0,0,1,1,3,1,2,0,10,5,2,0,0,0,1,0,0,0,0,0,0,1,0,0,1,0,0,0,0,0,3,2,5,3,1,1,1,0,1,1,1,1,1,1,1,0,3,1,7,3
3 - Ξάνθης,115 E.T. Δήμου Ξάνθης,470,267,12,2,14,253,80,0,0,15,13,48,60,25,12,1,9,8,32,3,4,7,0,17,7,1,0,2,1,3,25,3,3,12,5,0,9,4,0,2,0,2,3,3,0,0,0,0,0,1,0,0,0,0,0,2,1,2,0,1,1,10,8,1,1,0,0,0,0,0,0,0,0,0,0,0,0,0,0,0,0,0,0,2,1,2,0,0,0,2,2,2,2,3,2,2,0,2,2,0,0,7,5
3 - Ξάνθης,116 E.T. Δήμου Ξάνθης,541,337,10,3,13,324,81,11,16,4,13,27,152,18,60,2,29,30,49,1,0,29,17,0,12,0,8,2,0,1,6,1,1,0,1,1,0,0,0,0,0,0,2,1,2,0,0,0,0,1,0,0,0,0,0,0,0,2,0,0,0,4,4,0,0,0,0,1,0,0,0,0,1,0,0,0,0,0,0,0,0,0,0,0,0,1,0,0,0,0,0,1,1,0,0,4,2,0,0,3,2,2,2
3 - Ξάνθης,117 E.T. Δήμου Ξάνθης,521,296,10,4,14,282,65,7,22,4,11,19,145,21,66,1,14,28,48,3,3,29,10,1,8,2,4,0,0,1,6,1,0,3,0,0,0,0,0,0,0,0,3,3,0,0,0,0,0,0,0,0,0,0,0,0,0,1,0,1,0,0,0,0,0,0,0,0,0,0,0,0,1,1,0,0,0,0,0,0,0,0,0,0,0,0,0,0,0,1,0,0,0,0,0,1,1,0,0,1,0,2,2
3 - Ξάνθης,118 E.T. Δήμου Ξάνθης,522,326,16,2,18,308,78,5,17,11,19,24,132,35,38,0,17,29,49,3,8,25,10,1,11,3,2,0,0,5,6,1,1,2,1,0,10,3,5,0,0,0,6,6,0,0,0,0,0,0,0,2,0,0,1,1,0,2,1,0,0,3,2,0,1,0,0,0,0,0,0,0,0,0,0,0,0,0,0,0,0,0,0,1,0,1,0,0,0,0,0,1,0,1,0,0,0,0,0,0,0,4,1
3 - Ξάνθης,119 E.T. Δήμου Ξάνθης,497,289,6,4,10,279,56,2,10,7,10,22,138,22,77,0,8,15,41,1,1,22,8,2,17,0,12,0,0,1,1,0,0,0,0,0,4,1,3,0,0,0,4,2,0,0,0,0,0,2,0,2,1,0,0,0,0,0,0,0,0,1,1,0,0,0,0,0,0,0,1,0,1,0,2,0,0,0,2,1,0,0,0,1,0,0,0,0,0,1,0,1,1,1,0,1,0,0,0,1,0,1,1
3 - Ξάνθης,120 E.T. Δήμου Ξάνθης,534,355,17,3,20,335,97,6,18,17,8,45,161,10,97,3,22,22,47,0,3,34,6,0,16,2,9,0,0,1,1,0,0,0,0,0,2,0,2,0,0,0,1,1,1,0,0,1,0,0,0,3,1,0,2,0,0,2,0,2,0,0,0,0,0,0,0,0,0,0,0,0,0,0,0,0,0,0,0,0,0,0,0,1,1,0,0,0,0,0,0,0,0,0,0,0,0,0,0,1,0,2,1
3 - Ξάνθης,121 E.T. Δήμου Ξάνθης,508,270,6,3,9,261,60,6,23,3,8,17,115,6,67,1,8,24,54,2,5,26,14,2,7,0,4,0,0,0,2,0,0,2,0,0,4,2,1,0,0,0,3,3,1,0,0,0,1,1,0,2,1,0,0,1,1,1,0,1,0,4,2,0,1,0,0,0,0,0,0,0,0,0,1,0,1,0,0,0,0,0,0,1,0,0,0,1,1,1,1,0,0,0,0,0,0,0,0,0,0,2,2
3 - Ξάνθης,122 E.T. Δήμου Ξάνθης,519,297,14,3,17,280,49,5,11,3,9,19,153,17,62,1,19,43,52,7,2,32,6,1,9,0,7,0,1,0,1,0,0,0,1,0,4,1,2,0,0,0,3,3,0,0,0,0,0,0,0,0,0,0,0,0,0,1,0,0,1,1,1,0,0,1,0,0,0,0,0,0,0,0,0,0,0,0,0,0,0,0,0,0,0,0,0,0,0,0,0,1,0,0,0,2,2,0,0,0,0,3,3
3 - Ξάνθης,123 E.T. Δήμου Ξάνθης,562,313,23,4,27,286,56,8,18,5,11,14,127,13,67,1,24,12,72,3,1,54,10,2,12,0,8,0,0,1,4,0,1,2,0,0,3,0,1,0,2,0,0,0,0,0,0,0,0,0,0,0,0,0,0,0,0,3,0,2,0,2,2,0,0,0,0,0,0,0,0,0,0,0,0,0,0,0,1,1,0,0,0,1,1,0,0,0,0,0,0,0,0,0,0,4,4,0,0,0,0,1,1
3 - Ξάνθης,124 E.T. Δήμου Ξάνθης,527,260,8,2,10,250,76,2,7,23,23,14,82,20,32,2,2,6,30,2,4,4,1,13,7,3,0,0,0,1,11,0,1,3,0,0,9,2,0,2,0,0,0,0,1,0,0,1,0,0,0,1,0,0,1,5,0,0,0,0,0,11,9,0,0,0,0,0,0,0,0,0,0,0,0,0,0,0,5,3,1,0,1,1,1,0,0,0,0,1,1,2,1,0,0,3,1,0,0,0,0,5,3
3 - Ξάνθης,125 E.T. Δήμου Ξάνθης,541,206,1,0,1,205,58,1,4,15,25,10,76,29,19,0,4,11,21,4,7,3,0,6,7,2,1,1,0,1,11,0,3,5,2,0,5,0,0,3,0,2,1,1,1,0,0,1,0,0,0,0,0,0,0,0,0,1,1,0,0,6,5,0,0,0,0,0,0,0,0,0,0,0,1,0,1,0,9,9,0,0,0,0,0,2,1,0,0,1,1,0,0,0,0,1,1,0,0,0,0,4,3
3 - Ξάνθης,126 E.T. Δήμου Ξάνθης,539,256,11,2,13,243,63,6,4,16,16,17,116,19,46,0,2,19,23,2,2,12,4,1,1,0,1,0,0,0,7,5,0,0,1,0,2,1,0,0,0,0,2,1,1,0,0,1,0,0,0,0,0,0,0,1,1,2,0,1,0,6,3,1,0,1,1,0,0,0,0,0,0,0,0,0,0,0,13,13,0,0,0,0,0,0,0,0,0,0,0,1,1,0,0,2,2,1,1,0,0,1,0
3 - Ξάνθης,127 E.T. Δήμου Ξάνθης,536,348,8,0,8,340,146,1,5,42,43,40,67,35,5,2,7,10,37,4,12,4,0,15,13,4,0,0,0,4,16,4,2,7,1,0,12,4,0,0,0,3,1,1,1,0,0,0,0,0,0,1,0,0,1,4,2,6,2,3,0,9,7,0,0,1,1,1,0,1,0,0,0,0,0,0,0,0,0,0,0,0,0,0,0,1,0,0,0,3,3,4,4,1,0,2,1,1,0,3,3,10,4
3 - Ξάνθης,128 E.T. Δήμου Ξάνθης,537,259,18,1,19,240,104,1,9,20,25,39,69,20,19,3,4,11,22,4,4,4,0,7,9,3,0,1,0,1,5,0,1,2,0,0,7,4,0,2,0,1,0,0,0,0,0,0,0,0,0,4,4,0,0,2,2,3,2,0,0,7,4,2,1,0,0,0,0,0,0,0,0,0,0,0,0,0,1,1,0,0,0,0,0,0,0,0,0,1,1,0,0,0,0,1,0,1,0,0,0,4,1
3 - Ξάνθης,129 E.T. Δήμου Ξάνθης,534,317,7,0,7,310,109,1,4,40,34,25,74,21,28,3,4,5,47,4,8,17,5,10,8,4,0,0,1,2,10,3,1,1,2,0,12,1,0,5,1,3,2,2,2,1,1,0,0,0,0,0,0,0,0,2,2,6,2,1,0,8,6,0,0,1,0,0,0,0,0,0,1,1,1,1,0,0,0,0,0,0,0,0,0,3,3,0,0,2,2,5,3,2,2,3,2,0,0,0,0,12,4
3 - Ξάνθης,130 E.T. Δήμου Ξάνθης,535,343,5,1,6,337,138,3,13,45,35,29,67,17,34,2,3,4,41,8,7,10,5,8,18,4,1,2,1,6,24,3,3,15,1,0,11,4,0,0,1,1,2,1,1,1,0,0,0,0,0,0,0,0,0,0,0,6,1,5,0,6,6,0,0,0,0,0,0,0,0,0,0,0,0,0,0,0,2,2,0,0,0,1,1,2,2,0,0,0,0,3,0,1,0,0,0,1,1,1,1,12,9
3 - Ξάνθης,131 E.T. Δήμου Ξάνθης,539,243,18,2,20,223,68,7,12,16,12,18,91,23,40,1,6,5,29,1,0,22,2,2,2,0,0,1,0,0,4,0,0,2,0,1,4,1,0,0,1,0,1,1,0,0,0,0,0,0,0,0,0,0,0,1,0,0,0,0,0,2,0,0,1,0,0,1,0,0,0,0,0,0,0,0,0,0,3,3,0,0,0,0,0,0,0,1,1,0,0,2,2,1,1,4,2,1,1,1,1,7,3
3 - Ξάνθης,132 E.T. Δήμου Ξάνθης,529,340,2,0,2,338,131,5,10,30,43,41,87,17,37,2,7,12,38,6,9,9,0,11,10,3,2,0,0,1,10,1,2,3,0,1,14,4,0,0,1,3,0,0,1,1,0,0,0,1,1,3,2,0,0,0,0,6,3,2,0,13,6,0,2,0,0,0,0,0,0,0,1,1,0,0,0,0,0,0,0,0,0,0,0,4,2,1,1,1,1,4,1,0,0,4,1,1,1,1,0,7,4
3 - Ξάνθης,133 E.T. Δήμου Ξάνθης,527,301,5,5,10,291,114,0,0,0,0,0,83,25,21,4,3,10,39,5,12,7,5,6,6,2,0,0,0,2,13,3,1,4,3,0,5,1,0,1,0,1,1,1,1,0,0,0,0,0,0,0,0,0,0,4,4,2,0,0,0,7,6,0,1,1,0,0,0,0,0,0,0,0,0,0,0,0,1,1,0,0,0,0,0,0,0,0,0,1,1,1,1,2,0,1,0,0,0,3,3,6,4
3 - Ξάνθης,134 E.T. Δήμου Ξάνθης,545,282,7,1,8,274,89,3,10,15,27,29,94,23,37,3,11,6,19,3,4,2,1,6,10,3,1,0,1,2,9,2,1,2,2,0,8,3,0,0,0,3,4,2,1,0,0,1,0,0,0,1,1,0,0,2,0,3,0,1,0,8,4,0,1,0,0,0,0,0,0,0,0,0,0,0,0,0,3,3,0,0,0,2,2,2,1,0,0,3,2,3,2,2,1,0,0,1,1,2,0,8,2
3 - Ξάνθης,135 E.T. Δήμου Ξάνθης,544,355,1,3,4,351,159,1,3,29,58,57,68,34,6,4,3,8,42,11,11,2,0,16,12,5,0,0,1,4,18,0,4,10,1,0,10,1,0,1,0,2,0,0,3,0,1,0,0,0,0,1,1,0,0,5,2,3,2,0,0,10,8,1,0,0,0,0,0,0,1,1,0,0,0,0,0,0,1,0,0,0,0,0,0,3,2,1,1,0,0,2,2,1,0,2,2,0,0,0,0,9,3
3 - Ξάνθης,136 E.T. Δήμου Ξάνθης,546,220,10,1,11,209,62,0,8,21,9,20,82,9,34,2,13,12,18,1,3,1,1,7,4,2,0,0,1,1,11,3,3,2,1,0,10,2,2,0,0,3,2,1,0,0,0,0,0,0,0,0,0,0,0,0,0,0,0,0,0,5,5,0,0,1,0,0,0,0,0,0,0,0,0,0,0,0,8,7,0,0,1,0,0,0,0,0,0,0,0,0,0,0,0,0,0,0,0,2,1,4,3
3 - Ξάνθης,137 E.T. Δήμου Ξάνθης,553,252,3,4,7,245,65,5,7,19,18,13,97,16,40,2,10,7,35,10,4,13,4,3,7,1,1,1,1,1,8,1,1,5,0,0,4,1,1,0,0,1,0,0,2,0,0,2,0,0,0,0,0,0,0,2,1,2,1,0,0,10,9,0,0,0,0,0,0,0,0,0,0,0,0,0,0,0,4,3,0,1,0,0,0,1,0,0,0,0,0,1,1,2,2,1,0,1,1,0,0,3,1
3 - Ξάνθης,138 E.T. Δήμου Ξάνθης,554,258,7,0,7,251,91,5,5,13,29,29,80,10,41,2,5,6,20,1,6,5,0,7,8,3,2,0,0,1,8,1,0,4,1,0,9,3,3,0,0,0,1,0,1,0,0,0,1,0,0,0,0,0,0,1,1,3,0,1,0,13,10,0,1,0,0,0,0,0,0,0,0,0,1,0,0,0,5,3,1,0,0,0,0,2,2,0,0,0,0,1,1,0,0,3,3,1,1,0,0,3,1
3 - Ξάνθης,139 E.T. Δήμου Ξάνθης,541,249,6,4,10,239,78,6,6,20,25,17,72,19,31,5,6,4,31,1,8,12,4,6,14,3,0,3,0,6,10,2,1,4,1,0,4,1,0,0,0,3,0,0,2,0,0,1,0,0,0,0,0,0,0,5,5,2,0,1,0,7,6,0,0,1,0,0,0,0,0,0,0,0,0,0,0,0,3,2,1,0,0,0,0,1,0,0,0,2,2,1,1,0,0,1,1,0,0,0,0,5,2
3 - Ξάνθης,140 E.T. Δήμου Ξάνθης,518,253,8,2,10,243,68,3,5,14,15,27,81,25,34,3,7,5,34,8,6,9,3,8,8,2,0,1,2,0,15,0,1,4,3,2,3,1,0,0,1,0,1,0,0,0,0,0,0,0,0,2,0,0,0,1,1,5,0,1,0,11,9,1,1,0,0,0,0,0,1,0,1,0,1,1,0,0,0,0,0,0,0,1,1,2,1,0,0,1,1,0,0,1,0,1,1,1,0,1,1,3,3
3 - Ξάνθης,141 E.T. Δήμου Ξάνθης,531,314,8,4,12,302,125,2,4,33,33,49,49,21,6,3,9,6,32,5,8,8,1,9,20,8,0,0,5,3,14,0,4,6,3,0,10,3,0,1,1,2,3,2,1,0,0,0,0,0,0,2,0,1,1,2,1,3,2,1,0,8,6,0,0,0,0,1,0,1,0,0,1,1,1,0,0,0,0,0,0,0,0,1,1,4,0,1,0,2,2,3,0,0,0,4,2,0,0,5,3,10,5
3 - Ξάνθης,142 E.T. Δήμου Ξάνθης,542,200,1,0,1,199,47,1,2,16,11,14,81,22,20,2,3,14,29,12,6,8,0,1,5,1,2,0,0,1,6,1,1,3,0,0,5,1,0,1,0,1,0,0,0,0,0,0,0,0,0,4,0,3,0,2,0,2,0,2,0,6,6,0,0,0,0,1,0,1,0,0,0,0,0,0,0,0,4,3,0,0,1,0,0,0,0,0,0,1,0,4,3,1,0,0,0,0,0,0,0,1,1
3 - Ξάνθης,143 E.T. Δήμου Ξάνθης,544,218,18,1,19,199,45,5,5,5,10,16,81,24,33,4,3,4,35,3,2,18,2,8,7,0,0,0,1,1,8,1,1,3,1,0,4,3,0,0,0,0,0,0,3,0,0,3,0,0,0,0,0,0,0,1,0,1,0,0,1,4,2,0,2,0,0,0,0,0,0,0,0,0,0,0,0,0,3,3,0,0,0,0,0,0,0,1,1,1,1,1,0,0,0,0,0,0,0,1,0,3,2
3 - Ξάνθης,144 E.T. Δήμου Ξάνθης,537,216,12,1,13,203,49,2,6,14,16,4,81,19,40,1,0,9,25,3,4,9,3,3,5,1,0,0,0,0,9,0,2,4,2,0,4,0,1,0,0,1,0,0,2,0,0,2,0,0,0,0,0,0,0,1,0,0,0,0,0,5,2,1,0,0,0,0,0,0,0,0,0,0,0,0,0,0,5,5,0,0,0,1,0,2,0,2,1,1,0,0,0,0,0,1,0,1,1,3,2,6,4
3 - Ξάνθης,145 E.T. Δήμου Ξάνθης,548,305,6,0,6,299,109,6,10,34,28,30,86,19,32,2,16,5,36,4,6,9,7,7,10,1,1,0,1,3,17,1,1,11,1,0,9,1,0,1,1,4,0,0,1,1,0,0,0,0,0,0,0,0,0,0,0,1,0,1,0,8,7,0,1,0,0,3,1,2,0,0,0,0,0,0,0,0,2,1,0,0,1,0,0,3,2,0,0,1,1,1,1,1,1,2,1,0,0,0,0,9,5
3 - Ξάνθης,146 E.T. Δήμου Ξάνθης,554,293,5,2,7,286,94,7,4,18,29,31,88,15,38,4,6,14,41,1,1,22,4,12,6,0,0,0,0,2,15,1,5,6,1,0,4,2,1,0,1,0,0,0,0,0,0,0,0,0,0,2,1,0,0,1,0,4,0,2,0,9,8,0,0,0,0,0,0,0,0,0,0,0,2,0,1,0,1,1,0,0,0,0,0,1,1,0,0,0,0,1,1,0,0,1,1,0,0,2,0,14,7
3 - Ξάνθης,147 E.T. Δήμου Ξάνθης,540,312,10,3,13,299,116,1,9,26,28,46,61,21,20,4,7,3,36,12,9,2,4,5,9,3,2,0,3,1,15,0,0,8,3,1,18,5,0,1,0,5,1,1,0,0,0,0,0,0,0,0,0,0,0,1,1,6,1,2,0,14,13,0,1,0,0,0,0,0,0,0,0,0,1,0,0,0,2,1,1,0,0,0,0,2,1,1,1,1,1,3,3,1,1,2,0,1,0,0,0,8,5
3 - Ξάνθης,148 E.T. Δήμου Ξάνθης,536,277,4,1,5,272,86,6,11,10,33,19,90,25,48,1,3,5,24,2,5,5,2,9,14,2,1,0,0,3,7,1,2,0,2,0,7,2,1,1,0,1,0,0,1,0,1,0,0,0,0,2,1,0,0,1,0,3,1,0,0,17,15,0,0,0,0,0,0,0,0,0,0,0,0,0,0,0,4,4,0,0,0,1,0,1,1,0,0,0,0,2,0,0,0,4,2,1,0,1,1,6,4
3 - Ξάνθης,149 E.T. Δήμου Ξάνθης,536,245,3,2,5,240,76,8,7,23,19,14,87,23,46,0,5,7,30,6,3,11,2,8,4,0,3,0,0,1,3,0,1,0,1,0,4,0,1,0,0,1,1,0,3,0,0,3,0,0,0,0,0,0,0,1,1,3,0,1,0,16,13,0,1,0,0,0,0,0,0,0,0,0,0,0,0,0,1,0,0,0,0,0,0,1,1,0,0,3,3,0,0,1,0,0,0,0,0,1,0,5,4
3 - Ξάνθης,150 E.T. Δήμου Ξάνθης,430,288,13,2,15,273,106,2,14,20,25,29,78,19,32,1,3,4,27,2,8,7,1,7,11,3,2,0,2,1,10,1,0,2,2,0,2,1,0,1,0,0,1,0,0,0,0,0,0,0,0,3,0,0,0,3,1,2,0,1,0,10,6,1,0,0,0,0,0,0,0,0,0,0,0,0,0,0,7,7,0,0,0,1,0,1,1,1,0,1,1,1,0,3,0,1,1,2,2,1,1,1,1
3 - Ξάνθης,151 E.T. Δήμου Ξάνθης,537,210,9,1,10,200,66,1,7,21,7,24,47,21,7,2,3,2,20,6,3,4,0,7,10,2,0,1,1,2,6,0,2,2,2,0,5,2,0,0,2,0,0,0,2,0,2,0,0,0,0,0,0,0,0,1,0,6,3,0,0,18,15,0,1,0,0,0,0,0,0,0,1,0,1,0,0,0,0,0,0,0,0,2,1,1,0,0,0,0,0,0,0,1,1,0,0,0,0,1,1,12,7
3 - Ξάνθης,152 E.T. Δήμου Ξάνθης,544,149,6,1,7,142,49,2,2,11,18,14,36,8,13,1,3,5,14,2,3,3,0,6,14,2,1,1,0,6,9,0,2,5,2,0,3,1,0,0,0,1,0,0,0,0,0,0,0,0,0,1,1,0,0,2,2,0,0,0,0,4,3,0,1,1,1,1,1,0,0,0,0,0,0,0,0,0,2,2,0,0,0,0,0,0,0,0,0,0,0,0,0,0,0,0,0,1,0,0,0,5,4
3 - Ξάνθης,153 E.T. Δήμου Ξάνθης,538,219,8,0,8,211,62,5,2,12,24,14,57,19,12,3,5,8,31,6,5,12,2,5,10,4,0,1,0,3,13,0,3,3,4,0,3,2,1,0,0,0,0,0,2,1,0,0,0,0,0,0,0,0,0,2,2,1,1,0,0,6,5,0,0,0,0,0,0,0,0,0,0,0,0,0,0,0,9,9,0,0,0,1,1,0,0,0,0,1,0,2,1,1,1,2,2,0,0,0,0,8,5
3 - Ξάνθης,154 E.T. Δήμου Ξάνθης,508,267,6,2,8,259,101,0,1,27,36,32,51,15,1,2,17,8,29,8,7,2,1,11,14,3,1,0,3,2,15,1,5,3,2,0,8,3,0,2,1,0,1,1,1,1,0,0,0,1,0,0,0,0,0,0,0,6,2,3,0,4,4,0,0,0,0,0,0,0,0,0,1,0,1,1,0,0,1,0,0,1,0,0,0,1,1,1,1,2,1,1,1,3,2,3,2,2,1,0,0,12,5
3 - Ξάνθης,155 E.T. Δήμου Ξάνθης,526,220,2,2,4,216,76,0,0,16,23,31,64,27,15,1,10,7,23,4,5,2,1,8,5,1,1,1,1,0,11,0,4,4,1,0,7,2,0,3,0,0,0,0,2,0,0,1,0,0,0,0,0,0,0,2,2,1,0,1,0,2,0,0,2,0,0,0,0,0,0,0,0,0,1,0,1,0,0,0,0,0,0,0,0,5,5,0,0,0,0,2,1,1,0,0,0,0,0,2,1,12,9
3 - Ξάνθης,156 E.T. Δήμου Ξάνθης,536,283,12,1,13,270,118,1,5,20,46,35,49,26,2,2,8,5,29,8,14,0,0,4,9,3,1,0,3,0,15,2,1,7,2,0,5,1,0,0,0,1,1,1,3,0,0,0,2,0,0,0,0,0,0,5,5,1,0,1,0,8,7,0,0,0,0,0,0,0,0,0,0,0,0,0,0,0,2,0,0,1,0,1,1,4,3,0,0,4,2,4,4,0,0,4,2,1,1,1,1,6,5
3 - Ξάνθης,157 E.T. Δήμου Ξάνθης,527,241,4,2,6,235,97,1,3,23,33,34,45,29,0,2,3,8,27,4,8,0,0,15,9,2,3,0,2,1,12,0,2,7,2,0,7,2,0,2,1,2,1,0,1,1,0,0,0,0,0,1,0,0,0,3,2,2,1,1,0,11,10,0,0,0,0,0,0,0,0,0,0,0,1,1,0,0,2,0,1,0,1,0,0,1,1,0,0,3,2,0,0,1,1,4,4,0,0,0,0,7,6
3 - Ξάνθης,158 E.T. Δήμου Ξάνθης,534,195,10,1,11,184,51,7,3,7,7,23,63,21,15,1,6,4,28,1,7,15,0,5,6,1,0,0,2,1,11,0,4,4,2,0,3,1,0,0,0,1,0,0,0,0,0,0,0,0,0,0,0,0,0,3,2,1,0,0,0,2,2,0,0,0,0,3,1,2,0,0,0,0,1,0,0,0,1,0,0,0,0,0,0,1,0,0,0,0,0,1,1,1,0,2,2,0,0,1,0,5,1
3 - Ξάνθης,159 E.T. Δήμου Ξάνθης,552,284,5,2,7,277,113,1,4,23,35,39,58,19,10,3,8,10,15,2,3,5,0,3,6,1,0,2,1,0,19,2,4,6,2,0,9,3,0,1,0,3,3,3,4,4,0,0,0,0,0,0,0,0,0,1,0,7,3,1,1,17,15,0,1,0,0,0,0,0,0,0,0,0,1,0,1,0,1,0,0,0,0,0,0,2,2,0,0,5,4,0,0,0,0,1,1,1,1,0,0,14,8
3 - Ξάνθης,160 E.T. Δήμου Ξάνθης,557,254,6,2,8,246,102,1,1,24,25,43,52,21,8,1,6,7,31,5,5,1,0,18,8,0,1,2,0,3,12,1,0,9,0,0,5,2,0,2,0,0,0,0,0,0,0,0,0,0,0,1,0,0,0,0,0,2,0,0,1,12,10,0,1,1,0,0,0,0,0,0,0,0,2,1,0,0,0,0,0,0,0,2,1,5,3,3,2,0,0,0,0,1,1,2,0,1,0,3,2,1,0
3 - Ξάνθης,161 E.T. Δήμου Ξάνθης,531,259,3,0,3,256,98,0,4,23,32,31,51,26,9,2,6,1,18,3,2,1,1,9,19,7,0,5,2,1,14,1,3,3,0,0,11,5,0,0,0,1,2,0,3,3,0,0,0,0,0,0,0,0,0,1,0,2,1,1,0,14,11,1,0,0,0,1,0,1,0,0,0,0,1,0,1,0,0,0,0,0,0,2,2,6,5,0,0,0,0,0,0,2,1,4,1,0,0,2,2,5,4
3 - Ξάνθης,162 E.T. Δήμου Ξάνθης,534,318,3,1,4,314,133,1,1,43,36,50,59,22,3,2,14,8,20,3,8,0,0,8,14,3,0,1,1,5,24,3,3,10,4,0,9,4,0,0,0,3,3,2,0,0,0,0,0,0,0,0,0,0,0,2,2,4,2,0,0,21,18,0,1,0,0,0,0,0,0,0,0,0,0,0,0,0,1,0,0,0,1,0,0,3,1,0,0,6,5,0,0,1,1,1,1,2,2,0,0,11,8
3 - Ξάνθης,163 E.T. Δήμου Ξάνθης,553,232,7,0,7,225,67,0,1,14,13,35,57,26,8,0,8,7,29,4,4,2,2,13,10,1,1,2,3,0,19,0,4,6,4,0,7,3,1,0,0,3,2,2,1,0,0,0,1,0,0,3,0,0,0,2,2,5,1,2,1,11,6,2,2,0,0,3,3,0,0,0,0,0,0,0,0,0,0,0,0,0,0,1,1,1,0,0,0,0,0,0,0,0,0,0,0,1,1,0,0,6,4
3 - Ξάνθης,164 E.T. Δήμου Ξάνθης,547,216,9,1,10,206,78,2,6,17,19,29,55,24,14,0,3,6,14,4,1,6,0,1,6,2,0,1,1,0,16,5,5,3,0,0,11,7,0,0,0,3,0,0,0,0,0,0,0,0,0,1,1,0,0,2,2,1,0,1,0,4,4,0,0,0,0,3,1,1,0,0,0,0,0,0,0,0,1,1,0,0,0,0,0,1,0,0,0,1,1,0,0,1,1,2,0,1,0,3,2,5,5
3 - Ξάνθης,165 E.T. Δήμου Ξάνθης,544,175,4,1,5,170,55,3,3,17,11,18,66,14,29,2,6,10,13,3,4,2,0,3,3,0,0,0,0,2,6,1,1,4,0,0,1,1,0,0,0,0,0,0,1,0,0,0,0,0,0,0,0,0,0,2,2,5,1,1,1,7,5,1,0,0,0,0,0,0,0,0,0,0,0,0,0,0,1,1,0,0,0,2,0,2,0,0,0,0,0,0,0,0,0,1,1,0,0,3,1,2,2
3 - Ξάνθης,166 E.T. Δήμου Ξάνθης,544,228,10,0,10,218,87,4,4,17,28,25,53,17,10,0,9,9,16,3,0,6,1,4,5,1,0,0,0,0,20,1,1,8,2,0,2,0,0,1,0,0,2,1,2,1,0,0,0,0,0,0,0,0,0,0,0,1,0,0,0,11,10,0,1,1,1,0,0,0,0,0,1,0,1,0,0,0,1,0,0,0,0,0,0,3,2,0,0,1,1,3,2,1,0,2,0,2,1,0,0,3,2
3 - Ξάνθης,167 E.T. Δήμου Ξάνθης,535,161,5,0,5,156,57,0,2,24,7,21,47,19,10,0,6,6,21,1,7,4,1,8,3,1,0,0,1,0,6,0,2,3,0,0,4,2,0,1,0,0,0,0,0,0,0,0,0,0,0,0,0,0,0,4,3,0,0,0,0,3,3,0,0,0,0,0,0,0,0,0,0,0,0,0,0,0,0,0,0,0,0,2,1,2,2,0,0,1,0,0,0,2,1,2,1,0,0,1,0,1,0
3 - Ξάνθης,168 E.T. Δήμου Ξάνθης,532,302,4,2,6,296,113,0,1,28,37,43,42,23,1,0,12,3,39,10,5,0,0,22,16,6,1,1,3,3,29,1,7,12,3,1,12,4,0,2,2,1,1,1,1,0,0,0,0,1,0,0,0,0,1,0,0,5,0,2,1,9,8,1,0,0,0,3,1,1,0,0,0,0,0,0,0,0,3,0,0,1,1,1,1,1,1,0,0,3,2,2,2,2,2,7,4,1,1,0,0,5,3
3 - Ξάνθης,169 E.T. Δήμου Ξάνθης,546,273,15,1,16,257,112,1,3,26,33,37,38,24,1,2,3,6,21,5,4,1,1,6,7,2,1,0,1,1,21,1,2,11,3,1,3,1,0,0,0,1,1,1,0,0,0,0,0,0,0,1,1,0,0,4,2,1,0,1,0,14,12,0,0,0,0,4,1,3,0,0,0,0,0,0,0,0,0,0,0,0,0,3,1,7,6,0,0,1,0,3,2,1,1,2,1,0,0,2,1,11,6
3 - Ξάνθης,170 E.T. Δήμου Ξάνθης,539,147,3,1,4,143,43,3,4,12,3,16,57,9,32,0,6,1,14,1,2,2,5,2,4,1,0,0,1,0,5,1,1,2,0,0,2,0,1,0,1,0,0,0,3,0,0,2,0,0,0,1,0,0,0,1,1,0,0,0,0,3,2,1,0,0,0,0,0,0,0,0,0,0,1,0,0,0,2,2,0,0,0,0,0,1,1,1,1,2,1,0,0,0,0,1,1,0,0,0,0,2,1
3 - Ξάνθης,171 E.T. Δήμου Ξάνθης,531,166,12,2,14,152,42,1,8,9,13,10,64,23,19,4,3,8,13,1,1,7,0,3,1,0,0,0,0,0,7,1,1,2,1,0,6,2,0,0,3,1,2,1,0,0,0,0,0,0,0,0,0,0,0,0,0,0,0,0,0,3,2,0,0,0,0,2,2,0,0,0,0,0,1,1,0,0,2,2,0,0,0,1,1,0,0,0,0,1,1,0,0,1,1,3,1,1,1,1,1,1,1
3 - Ξάνθης,172 E.T. Δήμου Ξάνθης,539,185,7,0,7,178,50,1,0,15,14,17,62,20,12,1,2,13,23,3,5,8,0,5,6,2,0,2,1,1,12,0,1,5,1,0,3,1,1,0,0,0,2,2,0,0,0,0,0,1,0,0,0,0,0,0,0,3,1,0,1,2,2,0,0,0,0,1,1,0,0,0,0,0,2,1,1,0,1,1,0,0,0,0,0,0,0,0,0,1,1,0,0,0,0,2,2,0,0,0,0,7,4
3 - Ξάνθης,173 E.T. Δήμου Ξάνθης,539,254,13,2,15,239,83,0,3,31,22,27,47,16,8,3,6,11,30,2,10,6,1,10,8,2,0,2,0,1,20,1,0,11,5,0,7,4,0,1,0,1,1,1,2,0,0,0,0,0,0,3,1,0,1,2,2,7,1,4,0,11,9,0,0,1,1,1,1,0,0,0,0,0,0,0,0,0,1,0,1,0,0,0,0,1,1,0,0,3,2,0,0,2,2,2,1,0,0,2,0,5,1
3 - Ξάνθης,174 E.T. Δήμου Ξάνθης,548,231,4,0,4,227,77,3,5,18,15,27,64,13,15,1,5,17,21,4,8,3,0,5,3,0,0,0,0,1,20,2,4,10,0,0,8,5,0,0,1,0,3,2,1,0,0,0,0,0,0,1,0,0,0,1,1,0,0,0,0,13,10,0,1,0,0,1,1,0,0,0,0,0,2,0,2,0,2,2,0,0,0,0,0,0,0,0,0,0,0,0,0,0,0,1,0,0,0,0,0,9,4
3 - Ξάνθης,175 E.T. Δήμου Ξάνθης,535,217,2,0,2,215,70,0,0,19,29,20,58,33,6,1,2,9,22,3,5,4,1,7,9,4,0,1,1,1,11,5,2,2,1,0,5,2,0,0,1,2,3,3,2,0,0,2,0,0,0,1,0,0,0,3,3,3,1,1,1,14,10,0,2,0,0,2,2,0,0,0,1,1,0,0,0,0,0,0,0,0,0,1,1,1,0,0,0,0,0,0,0,0,0,1,1,1,0,1,1,6,3
3 - Ξάνθης,176 E.T. Δήμου Ξάνθης,515,184,5,0,5,179,59,0,3,22,14,11,48,12,17,0,5,8,22,8,2,3,0,9,12,3,1,2,0,3,11,0,4,3,0,0,5,1,1,1,2,0,0,0,2,0,0,1,1,0,0,0,0,0,0,0,0,1,1,0,0,7,7,0,0,0,0,0,0,0,0,0,1,0,0,0,0,0,1,1,0,0,0,1,0,3,2,0,0,0,0,0,0,2,2,3,2,0,0,0,0,1,0
3 - Ξάνθης,177 E.T. Δήμου Ξάνθης,540,199,6,1,7,192,66,1,3,20,19,17,57,14,17,0,5,8,23,4,9,2,1,3,3,0,0,0,0,3,9,0,2,4,2,0,3,0,0,0,0,0,0,0,1,0,1,0,0,0,0,0,0,0,0,0,0,2,0,2,0,13,11,0,1,0,0,0,0,0,0,0,0,0,0,0,0,0,0,0,0,0,0,1,1,2,2,0,0,1,1,1,1,0,0,3,0,3,2,1,0,3,0
3 - Ξάνθης,178 E.T. Δήμου Ξάνθης,477,178,8,3,11,167,60,1,3,12,17,22,49,8,15,0,14,3,20,3,3,7,2,3,4,3,0,1,0,0,7,0,2,3,0,0,4,2,0,0,0,1,1,0,1,0,0,1,0,0,0,0,0,0,0,3,3,2,0,2,0,8,6,1,1,0,0,0,0,0,0,0,0,0,0,0,0,0,0,0,0,0,0,0,0,1,0,1,0,2,2,0,0,0,0,1,1,0,0,0,0,3,2
3 - Ξάνθης,179 E.T. Δήμου Ξάνθης,541,292,9,3,12,280,98,2,2,30,31,26,52,24,12,2,2,9,43,4,5,5,0,26,15,4,0,2,4,2,24,2,6,8,2,0,9,2,0,1,1,4,0,0,1,0,0,1,0,0,0,4,2,0,0,0,0,6,0,4,0,9,8,0,0,0,0,0,0,0,0,0,0,0,0,0,0,0,1,0,0,0,1,0,0,1,0,0,0,3,2,4,3,0,0,2,1,1,1,0,0,7,3
3 - Ξάνθης,180 E.T. Δήμου Ξάνθης,544,323,5,3,8,315,130,0,0,44,35,41,55,21,8,5,4,7,44,12,6,7,2,17,10,3,0,2,1,1,18,1,2,9,3,0,6,0,0,0,2,4,1,1,2,0,1,0,0,0,0,0,0,0,0,1,0,1,1,0,0,22,16,1,1,2,1,0,0,0,0,0,0,0,1,0,1,0,1,0,0,0,0,0,0,2,2,0,0,1,1,1,1,6,4,3,2,2,2,1,0,5,3
3 - Ξάνθης,181 E.T. Δήμου Ξάνθης,517,339,6,0,6,333,144,1,0,30,45,57,56,22,0,4,11,10,31,5,10,2,1,11,20,7,0,2,3,1,19,5,3,5,2,0,18,5,0,1,4,2,1,0,2,1,0,0,1,0,0,2,1,1,0,0,0,6,0,3,0,13,13,0,0,0,0,1,1,0,0,0,1,1,0,0,0,0,0,0,0,0,0,0,0,4,2,0,0,0,0,0,0,2,2,0,0,2,2,0,0,11,4
3 - Ξάνθης,182 E.T. Δήμου Ξάνθης,532,322,2,3,5,317,144,1,3,38,45,44,52,25,9,1,0,2,33,5,8,4,3,12,14,0,0,1,5,4,19,1,2,7,2,0,8,2,0,1,3,2,0,0,0,0,0,0,0,0,0,1,0,0,0,2,1,6,1,2,2,15,12,3,0,2,0,1,0,0,0,0,0,0,0,0,0,0,0,0,0,0,0,0,0,3,0,0,0,0,0,6,5,0,0,1,1,2,0,1,0,7,4
3 - Ξάνθης,183 E.T. Δήμου Ξάνθης,527,351,7,1,8,343,141,2,2,47,29,50,44,23,1,1,6,8,45,5,23,3,1,11,19,5,0,2,3,4,24,4,2,10,2,0,14,4,0,2,1,2,0,0,3,0,1,0,2,0,0,2,1,0,0,1,0,8,3,3,1,13,13,0,0,1,0,1,1,0,0,0,0,0,0,0,0,0,0,0,0,0,0,2,1,4,3,1,0,1,1,0,0,0,0,3,2,0,0,3,3,13,9
3 - Ξάνθης,184 E.T. Δήμου Ξάνθης,541,341,2,0,2,339,149,0,3,42,42,50,45,24,1,2,2,7,47,10,16,2,1,15,16,2,0,3,1,2,17,5,3,3,0,0,5,0,0,0,2,1,1,1,4,0,0,0,4,0,0,3,1,0,2,1,1,8,0,6,0,10,7,0,2,0,0,1,0,0,0,0,0,0,0,0,0,0,1,0,0,0,0,2,1,4,4,1,0,2,2,8,5,0,0,3,2,1,1,1,1,9,7
3 - Ξάνθης,185 E.T. Δήμου Ξάνθης,529,318,1,4,5,313,132,1,7,35,28,48,67,25,12,2,6,10,36,5,9,10,1,10,10,2,0,1,1,2,16,0,3,8,2,0,8,1,0,1,1,2,2,2,0,0,0,0,0,1,0,1,1,0,0,2,0,2,0,2,0,14,11,1,0,0,0,1,0,0,0,0,0,0,1,0,0,0,2,0,0,0,1,0,0,6,5,0,0,2,2,1,0,2,0,1,1,0,0,0,0,6,3
3 - Ξάνθης,186 E.T. Δήμου Ξάνθης,535,337,7,0,7,330,118,2,3,38,28,42,70,23,16,8,5,13,42,11,13,3,1,12,19,10,0,1,2,4,13,3,3,4,2,0,11,3,1,2,1,2,1,0,0,0,0,0,0,0,0,3,1,0,0,3,2,4,0,4,0,12,9,0,1,0,0,0,0,0,0,0,0,0,0,0,0,0,1,0,0,0,0,1,0,2,2,1,1,2,2,6,3,1,1,7,3,1,1,2,2,10,10
3 - Ξάνθης,187 E.T. Δήμου Ξάνθης,536,347,6,0,6,341,164,1,4,46,39,61,41,18,4,3,7,4,38,5,17,4,1,9,10,3,0,0,1,2,11,3,1,3,1,0,10,2,0,2,2,2,2,2,2,1,0,0,1,0,0,1,0,0,0,4,4,8,0,6,1,13,11,0,1,0,0,0,0,0,0,0,0,0,2,0,1,1,2,0,0,0,2,5,5,2,0,1,1,4,3,3,2,1,1,2,1,2,2,2,2,11,8
3 - Ξάνθης,188 E.T. Δήμου Ξάνθης,538,322,13,0,13,309,130,3,9,33,31,43,53,22,8,2,9,1,43,7,12,9,2,12,10,2,0,1,3,0,14,1,0,9,2,0,11,2,0,1,1,3,0,0,1,1,0,0,0,0,0,0,0,0,0,2,2,8,1,5,0,14,14,0,0,1,0,0,0,0,0,0,0,0,4,1,1,2,1,0,0,0,1,0,0,6,6,0,0,1,1,0,0,1,0,1,1,1,0,1,1,6,3
3 - Ξάνθης,189 E.T. Δήμου Ξάνθης,541,333,8,5,13,320,154,1,1,24,38,80,58,15,6,4,10,14,33,10,9,2,1,10,14,3,0,3,3,2,10,0,1,5,0,0,7,1,0,2,1,3,1,0,1,0,0,0,1,0,0,2,1,0,0,4,3,3,0,2,0,17,14,1,1,1,0,0,0,0,0,0,0,0,0,0,0,0,0,0,0,0,0,0,0,5,5,0,0,1,1,1,1,1,1,1,0,0,0,0,0,6,3
3 - Ξάνθης,190 E.T. Δήμου Ξάνθης,540,377,7,5,12,365,175,2,2,60,45,50,67,37,3,3,16,4,35,5,12,1,0,17,13,3,0,2,1,2,14,1,3,3,2,0,9,5,1,1,1,1,0,0,1,0,0,0,1,0,0,3,2,0,0,3,2,4,1,3,0,12,9,1,1,0,0,0,0,0,0,0,0,0,0,0,0,0,0,0,0,0,0,0,0,4,3,0,0,0,0,1,1,0,0,3,3,3,2,1,1,17,11
3 - Ξάνθης,191 E.T. Δήμου Ξάνθης,506,279,3,1,4,275,97,2,2,19,33,37,36,17,2,1,3,9,50,3,12,14,1,14,9,3,0,2,1,2,14,2,1,7,0,0,7,3,0,1,0,2,2,1,2,1,0,0,1,0,0,0,0,0,0,3,2,6,2,2,0,30,26,0,1,0,0,0,0,0,0,0,0,0,1,0,1,0,2,0,0,0,0,1,0,4,3,0,0,1,0,1,0,0,0,4,2,2,1,1,0,2,2
3 - Ξάνθης,192 E.T. Δήμου Ξάνθης,537,304,9,2,11,293,95,1,5,24,25,37,75,19,26,4,7,10,49,4,10,19,2,10,13,1,0,2,4,2,12,0,0,7,3,0,12,1,3,0,2,3,1,1,1,0,0,0,0,0,0,1,1,0,0,1,0,3,1,2,0,15,11,0,4,0,0,1,0,1,0,0,0,0,0,0,0,0,1,0,0,0,1,0,0,0,0,0,0,2,1,0,0,2,1,1,0,1,0,0,0,7,4
3 - Ξάνθης,193 E.T. Δήμου Ξάνθης,550,353,11,3,14,339,155,1,1,38,54,49,54,29,7,1,4,5,36,10,10,0,0,13,11,2,1,1,1,2,21,1,4,9,2,0,9,1,1,1,0,2,1,0,1,0,0,0,0,0,0,0,0,0,0,0,0,6,2,3,0,21,16,0,3,0,0,0,0,0,0,0,0,0,0,0,0,0,0,0,0,0,0,2,2,2,2,0,0,5,2,0,0,0,0,2,0,1,0,1,0,11,7
3 - Ξάνθης,194 E.T. Δήμου Ξάνθης,541,328,10,3,13,315,125,0,3,28,44,46,56,19,5,3,16,7,58,11,11,9,1,25,12,3,1,0,5,0,17,2,3,3,7,1,6,3,0,1,0,0,4,3,3,0,1,0,0,0,0,0,0,0,0,1,1,5,1,3,0,11,9,0,2,0,0,1,1,0,0,0,0,0,0,0,0,0,1,0,0,0,0,3,3,1,0,0,0,1,1,1,0,2,2,2,1,0,0,0,0,5,2
3 - Ξάνθης,195 E.T. Δήμου Ξάνθης,531,372,1,3,4,368,171,0,0,38,57,70,61,24,1,4,12,17,30,5,6,0,0,15,23,4,0,3,5,6,19,1,5,7,4,1,11,3,0,1,0,5,1,1,1,0,1,0,0,0,0,2,1,0,0,4,2,4,1,1,1,17,12,0,3,0,0,1,0,1,0,0,0,0,0,0,0,0,2,0,0,0,1,0,0,4,2,0,0,1,1,2,1,1,1,5,5,2,2,0,0,6,6
3 - Ξάνθης,196 E.T. Δήμου Ξάνθης,534,359,10,1,11,348,142,1,3,34,49,44,62,32,2,2,9,6,47,12,13,2,0,14,12,2,1,2,2,3,16,2,3,6,3,0,13,5,0,1,3,1,1,1,1,1,0,0,0,0,0,1,0,0,1,1,1,4,1,3,0,31,28,2,0,0,0,1,1,0,0,0,0,0,0,0,0,0,0,0,0,0,0,0,0,3,2,0,0,0,0,1,1,0,0,3,2,0,0,0,0,9,7
3 - Ξάνθης,197 E.T. Δήμου Ξάνθης,542,329,5,2,7,322,123,1,5,21,38,45,62,18,10,3,12,8,41,9,13,4,2,9,10,4,1,1,4,0,20,2,0,11,2,0,6,1,0,1,0,2,0,0,1,1,0,0,0,0,0,1,0,0,1,3,2,0,0,0,0,23,18,0,2,0,0,0,0,0,0,0,0,0,2,2,0,0,3,1,2,0,0,1,1,5,5,0,0,0,0,3,3,2,1,4,3,0,0,0,0,12,5
3 - Ξάνθης,198 E.T. Δήμου Ξάνθης,552,298,4,2,6,292,122,1,6,25,35,40,47,18,4,3,7,3,43,3,10,13,0,12,6,1,0,0,1,2,15,3,2,8,1,0,6,0,1,1,2,1,2,1,1,0,0,1,0,0,0,1,0,0,1,2,2,6,0,4,0,14,11,0,0,0,0,0,0,0,0,0,0,0,0,0,0,0,2,0,1,0,0,0,0,2,2,0,0,2,2,4,2,1,1,7,6,1,1,2,1,6,2
3 - Ξάνθης,199 E.T. Δήμου Ξάνθης,538,334,15,4,19,315,139,3,2,33,50,43,46,20,2,5,3,10,50,9,18,3,0,14,10,1,0,1,2,1,12,0,2,5,1,0,8,3,0,2,0,0,1,1,0,0,0,0,0,0,0,3,1,0,0,2,2,0,0,0,0,21,19,0,0,0,0,0,0,0,0,0,0,0,0,0,0,0,1,0,0,0,1,1,0,3,1,0,0,1,1,1,1,1,1,2,2,0,0,0,0,13,10
3 - Ξάνθης,200 E.T. Δήμου Ξάνθης,547,380,8,4,12,368,153,0,1,30,65,47,59,22,6,2,8,12,43,4,17,6,1,15,7,3,1,0,0,1,23,2,4,6,5,0,13,2,0,2,0,5,2,0,2,0,0,1,0,0,0,1,1,0,0,3,3,6,3,1,0,24,19,0,2,0,0,0,0,0,0,0,0,0,0,0,0,0,0,0,0,0,0,3,2,5,1,0,0,2,2,2,2,0,0,3,2,1,1,4,1,12,8
3 - Ξάνθης,201 E.T. Δήμου Ξάνθης,538,336,2,4,6,330,137,5,3,24,33,54,46,21,5,2,6,6,53,7,15,4,1,22,25,6,0,2,4,5,17,5,2,2,3,0,9,2,0,2,0,2,3,2,0,0,0,0,0,0,0,1,1,0,0,3,0,6,1,4,0,12,8,0,1,0,0,0,0,0,0,0,0,0,0,0,0,0,0,0,0,0,0,0,0,8,4,0,0,0,0,1,1,2,0,3,2,0,0,0,0,4,1
3 - Ξάνθης,202 E.T. Δήμου Ξάνθης,540,352,3,1,4,348,133,3,1,41,36,38,71,30,11,4,6,5,40,8,4,14,1,10,22,5,0,2,1,10,23,0,3,14,2,0,8,1,0,2,1,0,0,0,5,0,0,4,1,0,0,0,0,0,0,2,1,4,0,3,0,16,7,2,4,0,0,0,0,0,0,0,0,0,0,0,0,0,2,0,1,1,0,3,2,7,3,0,0,0,0,1,0,0,0,2,1,1,1,1,0,7,3
3 - Ξάνθης,203 E.T. Δήμου Ξάνθης,542,345,6,2,8,337,148,3,2,35,41,53,72,31,12,2,13,8,35,9,10,5,0,8,6,1,1,2,0,0,10,0,1,3,1,0,8,2,1,0,1,1,0,0,4,0,0,1,2,0,0,1,0,1,0,1,1,3,2,0,0,16,9,1,2,0,0,0,0,0,0,0,0,0,0,0,0,0,2,0,0,1,0,2,2,4,2,0,0,0,0,3,2,1,1,6,3,0,0,0,0,15,9
3 - Ξάνθης,204 E.T. Δήμου Ξάνθης,455,187,9,1,10,177,46,6,28,0,7,3,70,0,55,0,2,7,56,0,3,48,3,0,1,0,0,0,0,0,2,0,1,0,1,0,0,0,0,0,0,0,1,0,0,0,0,0,0,0,0,0,0,0,0,0,0,0,0,0,0,0,0,0,0,0,0,0,0,0,0,0,0,0,0,0,0,0,0,0,0,0,0,0,0,0,0,0,0,0,0,0,0,1,0,0,0,0,0,0,0,0,0
3 - Ξάνθης,205 E.T. Δήμου Ξάνθης,469,177,5,6,11,166,42,4,22,2,3,9,63,4,52,2,1,1,48,0,8,37,0,0,2,1,1,0,0,0,1,0,0,0,0,0,2,0,0,0,0,2,1,0,2,0,0,2,0,0,0,0,0,0,0,0,0,0,0,0,0,1,0,0,0,0,0,0,0,0,0,0,0,0,0,0,0,0,0,0,0,0,0,1,0,0,0,0,0,1,0,0,0,2,0,0,0,0,0,0,0,0,0
3 - Ξάνθης,206 E.T. Δήμου Ξάνθης,315,137,3,2,5,132,65,1,0,20,17,17,22,8,0,8,2,0,19,1,6,0,0,9,4,1,0,1,1,1,3,0,1,0,0,0,1,0,0,0,0,0,0,0,0,0,0,0,0,0,0,0,0,0,0,2,2,0,0,0,0,6,3,0,0,0,0,0,0,0,0,0,0,0,0,0,0,0,0,0,0,0,0,2,2,0,0,0,0,1,1,2,2,0,0,2,1,3,2,0,0,0,0
3 - Ξάνθης,207 E.T. Δήμου Ξάνθης,313,128,1,0,1,127,52,2,0,14,20,14,25,10,0,7,3,3,15,0,10,0,0,5,3,0,0,0,0,3,12,1,0,5,1,0,4,1,0,0,0,0,2,2,0,0,0,0,0,0,0,2,1,0,0,0,0,0,0,0,0,5,4,0,1,0,0,0,0,0,0,0,0,0,0,0,0,0,0,0,0,0,0,0,0,0,0,0,0,1,1,1,1,0,0,1,1,0,0,0,0,4,3
3 - Ξάνθης,208 E.T. Δήμου Ξάνθης,296,139,5,1,6,133,47,0,6,15,12,12,36,27,0,1,3,0,18,6,3,0,0,8,5,0,0,1,2,1,12,0,4,6,1,0,2,0,0,1,0,1,6,5,0,0,0,0,0,0,0,0,0,0,0,0,0,2,0,2,0,0,0,0,0,0,0,0,0,0,0,0,0,0,0,0,0,0,1,0,1,0,0,3,3,0,0,0,0,0,0,0,0,0,0,1,1,0,0,0,0,0,0
3 - Ξάνθης,209 E.T. Δήμου Ξάνθης,294,127,0,0,0,127,43,1,2,17,9,12,25,21,0,2,1,0,25,2,13,0,0,9,9,1,0,0,0,8,5,1,2,2,0,0,1,0,0,0,0,0,2,1,0,0,0,0,0,0,0,0,0,0,0,1,1,3,2,0,0,4,3,0,1,0,0,0,0,0,0,0,0,0,0,0,0,0,0,0,0,0,0,0,0,1,0,0,0,1,0,0,0,2,1,0,0,1,1,0,0,4,4
3 - Ξάνθης,210 E.T. Δήμου Ξάνθης,369,117,5,0,5,112,39,0,1,26,5,5,26,21,2,1,1,1,13,0,2,0,0,11,0,0,0,0,0,0,9,0,0,5,4,0,1,0,0,1,0,0,1,0,0,0,0,0,0,0,0,1,0,0,0,1,1,2,0,1,1,4,2,1,1,1,1,0,0,0,0,0,0,0,2,1,1,0,1,0,0,1,0,1,1,2,2,1,1,0,0,0,0,0,0,1,1,1,1,1,0,4,3
3 - Ξάνθης,211 E.T. Δήμου Ξάνθης,385,149,0,0,0,149,72,1,6,24,18,21,28,21,1,1,0,3,11,2,1,0,0,7,0,0,0,0,0,0,12,1,5,3,0,0,3,1,0,1,1,0,2,1,0,0,0,0,0,0,0,1,0,0,0,4,2,0,0,0,0,6,3,0,0,0,0,1,0,0,0,0,0,0,0,0,0,0,2,0,0,0,1,0,0,0,0,0,0,0,0,0,0,0,0,2,2,0,0,1,1,4,3
3 - Ξάνθης,212 E.T. Δήμου Ξάνθης,397,150,0,0,0,150,76,0,0,13,25,35,19,9,0,5,1,4,9,0,4,0,0,5,1,0,0,0,0,1,15,4,6,3,1,0,5,1,0,0,0,4,0,0,0,0,0,0,0,0,0,2,1,0,1,4,4,2,1,1,0,7,2,0,1,0,0,0,0,0,0,0,0,0,0,0,0,0,0,0,0,0,0,1,1,1,1,0,0,0,0,1,1,0,0,1,0,0,0,1,0,5,1
3 - Ξάνθης,213 E.T. Δήμου Ξάνθης,391,148,2,0,2,146,71,0,1,28,17,19,20,16,0,1,1,0,16,1,9,0,0,5,5,1,0,2,2,0,18,0,2,7,4,0,5,4,0,0,0,1,1,0,0,0,0,0,0,0,0,1,0,0,0,0,0,0,0,0,0,3,3,0,0,0,0,0,0,0,0,0,0,0,0,0,0,0,0,0,0,0,0,1,0,0,0,0,0,0,0,1,0,0,0,0,0,2,0,0,0,2,2
3 - Ξάνθης,214 E.T. Δήμου Ξάνθης,449,115,1,1,2,113,47,0,0,1,18,26,14,10,0,0,0,0,19,4,10,0,0,4,1,0,0,0,0,0,11,5,3,1,0,1,2,2,0,0,0,0,3,3,0,0,0,0,0,0,0,0,0,0,0,0,0,1,0,1,0,10,8,0,1,0,0,0,0,0,0,0,0,0,0,0,0,0,2,0,1,0,1,0,0,0,0,0,0,0,0,0,0,0,0,2,2,0,0,0,0,1,1
3 - Ξάνθης,215 E.T. Δήμου Ξάνθης,427,190,0,2,2,188,95,1,3,28,21,35,20,8,0,2,2,3,17,1,7,0,0,5,5,1,0,3,0,1,18,0,14,2,0,0,7,0,0,0,3,2,1,1,1,1,0,0,0,0,0,0,0,0,0,0,0,0,0,0,0,6,3,1,0,0,0,0,0,0,0,0,0,0,1,0,0,1,1,0,0,0,1,3,1,4,3,0,0,3,2,3,1,0,0,0,0,2,2,0,0,1,0
3 - Ξάνθης,216 E.T. Δήμου Ξάνθης,421,190,1,2,3,187,87,1,4,22,24,29,25,12,0,2,1,4,22,0,12,0,1,8,11,5,0,0,1,3,12,1,6,3,1,0,4,0,0,0,3,0,0,0,1,0,0,0,1,0,0,2,2,0,0,0,0,1,0,1,0,6,4,0,1,0,0,0,0,0,0,0,0,0,0,0,0,0,1,0,0,0,0,1,0,0,0,1,1,0,0,0,0,1,1,0,0,1,0,0,0,11,7
3 - Ξάνθης,217 E.T. Δήμου Ξάνθης,443,200,3,3,6,194,80,0,0,37,18,22,22,14,1,1,0,5,31,2,5,2,1,18,4,1,0,1,1,1,19,2,11,3,0,0,7,3,0,0,1,2,3,1,0,0,0,0,0,0,0,1,1,0,0,0,0,1,0,0,0,10,4,0,2,0,0,0,0,0,0,0,0,0,0,0,0,0,0,0,0,0,0,0,0,2,0,0,0,0,0,0,0,0,0,1,1,0,0,1,1,12,6
3 - Ξάνθης,218 E.T. Δήμου Τοπείρου,467,239,6,0,6,233,36,4,5,8,5,14,138,25,41,0,6,60,42,6,2,31,1,1,1,1,0,0,0,0,1,0,0,1,0,0,4,0,0,4,0,0,0,0,1,0,1,0,0,0,0,0,0,0,0,2,1,1,1,0,0,0,0,0,0,0,0,0,0,0,1,0,0,0,1,0,0,0,0,0,0,0,0,0,0,0,0,0,0,0,0,1,0,0,0,3,2,1,1,0,0,0,0
3 - Ξάνθης,219 E.T. Δήμου Τοπείρου,463,247,10,3,13,234,41,8,12,6,3,11,124,21,52,0,8,33,47,4,1,37,0,4,1,0,0,0,0,0,1,0,0,1,0,0,3,0,0,3,0,0,3,3,1,0,0,0,0,0,0,0,0,0,0,1,0,0,0,0,0,1,1,0,0,0,0,6,0,6,0,0,0,0,0,0,0,0,1,0,0,0,0,0,0,0,0,0,0,0,0,1,1,0,0,0,0,0,0,1,0,2,0
3 - Ξάνθης,220 E.T. Δήμου Τοπείρου,545,304,11,5,16,288,124,9,6,14,22,67,85,8,48,1,2,12,45,10,3,25,1,3,5,0,0,0,4,0,7,0,1,4,1,0,9,0,0,9,0,0,0,0,0,0,0,0,0,0,0,0,0,0,0,1,1,1,0,0,0,1,1,0,0,0,0,0,0,0,0,0,0,0,1,0,0,1,1,0,1,0,0,0,0,1,0,2,1,2,2,0,0,0,0,2,0,0,0,0,0,1,1
3 - Ξάνθης,221 E.T. Δήμου Τοπείρου,655,288,8,1,9,279,158,13,5,23,6,102,46,8,13,1,3,12,29,1,4,21,0,1,9,0,0,0,8,0,3,0,0,1,1,0,6,0,1,3,0,1,2,1,1,0,0,1,0,0,0,0,0,0,0,0,0,1,1,0,0,10,7,0,3,1,1,0,0,0,0,0,0,0,0,0,0,0,0,0,0,0,0,0,0,2,2,0,0,0,0,1,1,1,1,0,0,1,1,0,0,8,3
3 - Ξάνθης,222 E.T. Δήμου Τοπείρου,410,199,11,3,14,185,16,1,3,2,1,9,94,10,57,0,16,1,72,6,2,59,2,2,0,0,0,0,0,0,0,0,0,0,0,0,0,0,0,0,0,0,0,0,0,0,0,0,0,0,0,0,0,0,0,0,0,0,0,0,0,0,0,0,0,0,0,0,0,0,0,0,0,0,0,0,0,0,0,0,0,0,0,0,0,0,0,0,0,0,0,0,0,0,0,1,1,0,0,1,1,1,0
3 - Ξάνθης,223 E.T. Δήμου Τοπείρου,396,207,6,2,8,199,25,4,7,3,2,9,78,14,44,0,6,6,93,19,0,65,4,5,1,0,0,0,0,0,0,0,0,0,0,0,0,0,0,0,0,0,0,0,0,0,0,0,0,0,0,0,0,0,0,0,0,1,0,0,0,0,0,0,0,0,0,0,0,0,0,0,0,0,0,0,0,0,1,0,0,0,0,0,0,0,0,0,0,0,0,0,0,0,0,0,0,0,0,0,0,0,0
3 - Ξάνθης,224 E.T. Δήμου Τοπείρου,330,156,8,1,9,147,38,8,3,1,0,26,62,15,34,1,5,1,44,3,1,35,3,1,1,1,0,0,0,0,0,0,0,0,0,0,0,0,0,0,0,0,0,0,1,0,0,1,0,0,0,0,0,0,0,0,0,1,0,1,0,0,0,0,0,0,0,0,0,0,0,0,0,0,0,0,0,0,0,0,0,0,0,0,0,0,0,0,0,0,0,0,0,0,0,0,0,0,0,0,0,0,0
3 - Ξάνθης,225 E.T. Δήμου Τοπείρου,347,166,4,2,6,160,39,7,2,2,1,25,63,11,44,0,3,0,52,2,0,42,4,3,1,0,1,0,0,0,0,0,0,0,0,0,3,0,3,0,0,0,0,0,0,0,0,0,0,0,0,0,0,0,0,0,0,2,0,2,0,0,0,0,0,0,0,0,0,0,0,0,0,0,0,0,0,0,0,0,0,0,0,0,0,0,0,0,0,0,0,0,0,0,0,0,0,0,0,0,0,0,0
3 - Ξάνθης,226 E.T. Δήμου Τοπείρου,533,307,3,1,4,303,127,15,6,11,9,85,57,10,45,0,1,0,95,2,2,88,0,3,1,0,0,0,0,0,4,0,2,0,0,0,5,2,0,2,0,0,1,1,0,0,0,0,0,0,0,0,0,0,0,1,1,5,3,1,1,3,1,0,1,0,0,0,0,0,0,0,1,0,0,0,0,0,0,0,0,0,0,0,0,0,0,0,0,0,0,0,0,0,0,0,0,0,0,0,0,3,0
3 - Ξάνθης,227 E.T. Δήμου Τοπείρου,522,212,3,2,5,207,45,10,9,1,1,23,89,15,60,0,5,4,66,1,1,54,6,1,0,0,0,0,0,0,0,0,0,0,0,0,1,0,0,1,0,0,0,0,4,0,0,0,0,0,0,1,1,0,0,0,0,0,0,0,0,0,0,0,0,0,0,0,0,0,0,0,0,0,0,0,0,0,0,0,0,0,0,0,0,0,0,0,0,0,0,0,0,0,0,0,0,0,0,0,0,1,1
3 - Ξάνθης,228 E.T. Δήμου Τοπείρου,556,224,8,0,8,216,32,12,3,5,1,11,113,23,66,0,11,3,65,0,0,61,4,0,0,0,0,0,0,0,0,0,0,0,0,0,5,0,0,5,0,0,0,0,0,0,0,0,0,0,0,0,0,0,0,0,0,1,0,0,0,0,0,0,0,0,0,0,0,0,0,0,0,0,0,0,0,0,0,0,0,0,0,0,0,0,0,0,0,0,0,0,0,0,0,0,0,0,0,0,0,0,0
3 - Ξάνθης,229 E.T. Δήμου Τοπείρου,280,152,5,0,5,147,39,14,6,0,0,0,48,1,46,0,0,0,53,14,0,30,5,3,2,0,0,0,1,0,0,0,0,0,0,0,0,0,0,0,0,0,0,0,1,1,0,0,0,2,2,1,1,0,0,0,0,1,0,0,0,0,0,0,0,0,0,0,0,0,0,0,0,0,0,0,0,0,0,0,0,0,0,0,0,0,0,0,0,0,0,0,0,0,0,0,0,0,0,0,0,0,0
3 - Ξάνθης,230 E.T. Δήμου Τοπείρου,486,308,5,3,8,300,75,29,9,3,1,30,54,6,37,0,1,1,164,8,0,134,20,1,2,0,0,0,1,0,1,0,0,0,0,0,0,0,0,0,0,0,0,0,1,0,0,1,0,0,0,0,0,0,0,0,0,0,0,0,0,0,0,0,0,0,0,0,0,0,0,0,0,0,0,0,0,0,0,0,0,0,0,0,0,0,0,0,0,0,0,0,0,1,1,2,0,0,0,0,0,0,0
3 - Ξάνθης,231 E.T. Δήμου Τοπείρου,557,321,6,1,7,314,110,0,0,38,22,42,53,39,1,0,7,1,56,7,32,0,0,15,11,3,0,3,2,3,20,3,2,6,2,0,8,3,3,1,0,0,1,1,0,0,0,0,0,0,0,1,0,0,0,2,2,2,2,0,0,21,9,1,8,0,0,0,0,0,1,1,2,1,2,1,0,1,1,0,0,1,0,5,4,5,5,0,0,1,0,0,0,0,0,4,3,0,0,0,0,8,5
3 - Ξάνθης,232 E.T. Δήμου Τοπείρου,538,308,20,1,21,287,84,1,1,27,20,33,49,36,0,1,9,3,56,6,34,7,0,9,7,5,0,0,1,0,14,2,6,4,1,0,7,4,0,1,0,2,1,1,0,0,0,0,0,0,0,1,1,0,0,3,3,9,3,5,1,21,12,5,4,0,0,0,0,0,2,2,0,0,1,0,1,0,2,0,2,0,0,3,3,8,8,1,1,3,3,1,1,1,1,1,1,1,1,0,0,11,11
3 - Ξάνθης,233 E.T. Δήμου Τοπείρου,485,313,0,1,1,312,141,0,2,23,31,78,28,14,0,2,10,1,80,19,32,2,0,23,10,4,0,0,1,1,16,2,1,7,3,0,7,1,0,1,0,3,1,1,0,0,0,0,0,0,0,1,0,0,0,1,1,3,0,0,0,12,9,0,1,0,0,0,0,0,0,0,0,0,0,0,0,0,0,0,0,0,0,0,0,3,1,0,0,0,0,1,0,0,0,1,1,4,3,0,0,3,2
3 - Ξάνθης,234 E.T. Δήμου Τοπείρου,439,253,1,0,1,252,128,0,1,9,38,77,29,19,0,1,7,2,13,4,1,0,0,7,15,3,0,2,7,2,19,3,2,9,1,0,2,1,0,1,0,0,1,1,0,0,0,0,0,0,0,0,0,0,0,2,2,4,0,4,0,15,14,0,1,0,0,1,0,1,0,0,0,0,0,0,0,0,2,0,1,1,0,0,0,2,1,0,0,1,0,0,0,2,2,1,1,0,0,1,0,14,13
3 - Ξάνθης,235 E.T. Δήμου Τοπείρου,386,184,2,1,3,181,75,0,1,11,17,39,30,12,0,2,8,4,23,3,11,5,0,4,1,0,0,0,0,1,17,1,3,8,1,0,0,0,0,0,0,0,7,6,1,0,1,0,0,0,0,0,0,0,0,4,3,2,2,0,0,4,3,0,0,0,0,1,0,0,1,0,2,0,0,0,0,0,0,0,0,0,0,0,0,3,3,0,0,0,0,1,1,2,1,1,0,2,2,0,0,4,4
3 - Ξάνθης,236 E.T. Δήμου Τοπείρου,387,129,6,1,7,122,45,0,2,6,6,28,16,4,1,0,9,0,22,2,5,5,7,2,1,0,0,1,0,0,8,0,2,3,1,0,5,2,1,1,0,1,6,6,2,1,0,0,0,0,0,0,0,0,0,0,0,0,0,0,0,7,2,0,2,0,0,2,0,2,0,0,0,0,0,0,0,0,2,0,0,1,0,0,0,1,1,0,0,0,0,0,0,1,1,2,0,1,1,0,0,1,1
3 - Ξάνθης,237 E.T. Δήμου Τοπείρου,524,295,1,3,4,291,112,0,1,27,13,58,44,27,3,1,3,5,42,20,15,0,0,5,7,2,0,3,1,1,30,6,7,5,1,0,3,2,0,0,0,1,4,2,1,0,0,0,0,0,0,0,0,0,0,2,0,2,0,0,1,12,9,1,1,0,0,0,0,0,1,0,0,0,0,0,0,0,2,0,0,2,0,2,2,8,6,1,0,2,2,0,0,1,1,3,1,2,1,3,1,7,2
3 - Ξάνθης,238 E.T. Δήμου Τοπείρου,521,292,3,1,4,288,127,0,0,35,13,72,44,30,1,2,4,5,54,19,14,0,1,19,9,0,0,4,5,0,16,4,2,4,2,0,8,3,0,3,0,0,5,5,2,1,0,0,0,0,0,0,0,0,0,1,1,0,0,0,0,8,5,0,0,1,1,0,0,0,0,0,0,0,1,1,0,0,0,0,0,0,0,3,2,1,1,0,0,2,2,0,0,0,0,0,0,1,1,0,0,5,4
3 - Ξάνθης,239 E.T. Δήμου Τοπείρου,457,240,6,3,9,231,73,21,19,3,0,29,57,2,47,0,1,1,90,25,0,60,0,0,3,0,1,0,2,0,1,0,0,0,0,0,0,0,0,0,0,0,0,0,2,0,0,1,0,1,0,0,0,0,0,0,0,1,0,0,0,0,0,0,0,0,0,0,0,0,0,0,0,0,0,0,0,0,0,0,0,0,0,0,0,0,0,0,0,1,0,0,0,1,0,0,0,0,0,0,0,1,0
3 - Ξάνθης,240 E.T. Δήμου Τοπείρου,429,194,6,1,7,187,64,0,0,18,13,30,31,16,1,0,7,3,52,6,31,0,0,15,5,3,0,1,0,1,14,0,4,9,0,0,1,1,0,0,0,0,0,0,0,0,0,0,0,0,0,0,0,0,0,0,0,0,0,0,0,4,1,0,2,0,0,0,0,0,0,0,1,1,0,0,0,0,2,0,0,0,2,3,2,3,2,0,0,0,0,0,0,1,1,1,1,0,0,2,1,3,1
3 - Ξάνθης,241 E.T. Δήμου Τοπείρου,493,271,9,1,10,261,93,3,4,17,15,51,32,6,17,0,2,3,42,7,12,16,0,4,4,2,0,1,0,1,8,0,2,3,1,0,43,0,0,42,0,1,3,2,0,0,0,0,0,0,0,2,0,0,0,2,0,1,0,0,0,17,16,0,0,0,0,1,1,0,0,0,0,0,1,1,0,0,0,0,0,0,0,1,0,0,0,1,1,0,0,0,0,1,0,4,4,2,2,1,0,2,1
3 - Ξάνθης,242 E.T. Δήμου Τοπείρου,484,327,8,2,10,317,113,1,1,17,30,57,26,11,5,0,3,1,35,7,10,3,2,11,6,2,0,2,0,0,24,6,5,6,1,0,33,0,0,29,0,0,5,5,0,0,0,0,0,0,0,0,0,0,0,3,2,3,1,0,0,35,28,0,2,2,1,0,0,0,0,0,0,0,2,1,0,1,0,0,0,0,0,4,1,1,0,0,0,2,1,7,4,3,3,4,3,1,1,1,1,7,6
3 - Ξάνθης,243 E.T. Δήμου Τοπείρου,448,240,5,1,6,234,67,5,16,17,7,19,47,11,25,1,6,1,60,15,13,26,1,0,1,0,0,1,0,0,17,1,8,3,1,0,7,1,0,5,0,1,1,1,0,0,0,0,0,0,0,0,0,0,0,1,1,1,1,0,0,16,13,0,2,0,0,1,0,1,0,0,0,0,0,0,0,0,0,0,0,0,0,1,1,0,0,0,0,1,0,0,0,0,0,3,1,3,3,1,0,6,3
3 - Ξάνθης,244 E.T. Δήμου Τοπείρου,577,391,7,0,7,384,165,0,0,22,49,82,42,27,0,2,1,4,88,16,38,3,0,21,12,4,0,0,3,5,14,2,2,1,0,0,8,1,0,3,0,1,0,0,0,0,0,0,0,0,0,1,1,0,0,1,1,8,1,6,1,21,13,0,3,1,0,1,1,0,0,0,0,0,1,1,0,0,0,0,0,0,0,2,0,3,2,1,1,1,0,3,1,0,0,4,2,1,0,2,0,4,3
3 - Ξάνθης,245 E.T. Δήμου Τοπείρου,438,301,3,6,9,292,129,2,3,15,25,75,59,20,14,2,13,8,69,4,7,3,0,54,6,3,0,0,2,0,8,1,1,2,1,0,1,0,0,0,0,0,0,0,1,0,0,0,0,0,0,0,0,0,0,0,0,5,3,2,0,8,4,0,2,0,0,0,0,0,0,0,0,0,0,0,0,0,0,0,0,0,0,0,0,0,0,0,0,0,0,4,4,0,0,1,1,0,0,0,0,1,1
3 - Ξάνθης,246 E.T. Δήμου Τοπείρου,450,334,5,3,8,326,152,5,1,8,26,105,54,12,10,4,14,2,67,12,8,8,0,37,8,1,1,0,3,2,10,2,1,3,0,0,9,0,1,3,0,0,1,1,1,0,0,0,0,0,0,0,0,0,0,0,0,1,0,0,1,4,2,0,2,0,0,0,0,0,0,0,0,0,0,0,0,0,0,0,0,0,0,0,0,10,9,1,0,1,1,1,0,0,0,0,0,1,1,2,2,3,2
3 - Ξάνθης,247 E.T. Δήμου Τοπείρου,444,285,3,3,6,279,130,3,3,3,17,100,56,11,33,1,2,4,64,12,5,15,0,29,7,1,0,1,2,0,3,0,0,1,0,0,2,0,2,0,0,0,1,1,0,0,0,0,0,0,0,0,0,0,0,5,2,3,1,1,0,5,3,1,1,0,0,0,0,0,0,0,0,0,0,0,0,0,0,0,0,0,0,0,0,0,0,0,0,0,0,0,0,0,0,0,0,0,0,0,0,3,2
3 - Ξάνθης,248 E.T. Δήμου Τοπείρου,532,278,4,1,5,273,149,9,4,4,7,122,39,9,20,0,4,2,71,3,1,53,4,6,2,0,0,0,2,0,1,0,0,0,0,0,0,0,0,0,0,0,0,0,0,0,0,0,0,1,1,1,0,0,0,1,0,2,0,2,0,3,1,0,1,0,0,0,0,0,0,0,0,0,0,0,0,0,0,0,0,0,0,0,0,0,0,0,0,1,1,1,1,0,0,0,0,0,0,1,0,0,0
3 - Ξάνθης,249 E.T. Δήμου Τοπείρου,513,335,8,3,11,324,139,1,0,31,26,69,49,15,8,2,11,6,45,2,24,0,1,16,9,0,0,0,1,4,23,4,2,7,4,0,7,2,0,1,1,1,2,2,0,0,0,0,0,0,0,1,0,0,0,3,3,6,3,3,0,16,11,0,3,1,0,0,0,0,0,0,0,0,0,0,0,0,0,0,0,0,0,1,0,4,0,0,0,0,0,2,1,1,1,1,0,3,3,0,0,11,7
3 - Ξάνθης,250 E.T. Δήμου Τοπείρου,520,342,2,1,3,339,137,1,0,21,31,80,37,20,3,5,1,2,75,11,36,0,0,24,9,3,0,0,4,0,27,4,1,10,5,0,5,2,0,1,0,0,2,2,2,1,0,0,1,0,0,0,0,0,0,1,1,3,1,1,0,10,6,0,1,1,1,3,0,3,0,0,0,0,1,0,1,0,2,0,1,0,0,0,0,1,1,2,2,2,2,0,0,1,0,4,3,6,5,4,3,4,2
3 - Ξάνθης,251 E.T. Δήμου Τοπείρου,308,186,1,0,1,185,89,0,0,23,24,39,14,6,0,2,2,2,34,14,10,1,0,6,3,0,0,0,0,3,13,1,2,6,2,0,4,1,0,0,1,0,0,0,3,3,0,0,0,0,0,0,0,0,0,6,6,2,0,1,0,6,3,0,1,0,0,0,0,0,0,0,1,0,1,0,0,0,1,0,0,0,0,2,1,1,1,0,0,1,1,0,0,0,0,2,2,1,0,0,0,1,1
3 - Ξάνθης,252 E.T. Δήμου Τοπείρου,320,169,2,1,3,166,82,0,0,22,12,44,11,8,0,1,1,1,30,5,12,0,0,11,4,2,0,0,1,1,17,4,2,4,4,0,3,0,0,0,0,1,2,2,0,0,0,0,0,0,0,0,0,0,0,1,0,1,0,0,0,1,0,0,1,0,0,0,0,0,0,0,0,0,0,0,0,0,1,0,1,0,0,2,2,3,3,0,0,1,1,2,2,0,0,0,0,1,0,0,0,4,3
3 - Ξάνθης,Ετερ. Ξάνθης (από 30ο Ε.Τ. Νομ. Θεσσαλονικης),236,162,6,1,7,155,59,0,0,10,17,24,38,9,0,7,4,10,14,4,5,0,0,3,7,3,0,0,2,0,11,0,3,1,2,1,6,2,0,0,0,0,0,0,0,0,0,0,0,0,0,1,0,0,1,2,2,0,0,0,0,4,1,0,1,0,0,1,0,1,0,0,0,0,0,0,0,0,1,0,0,0,0,0,0,4,4,0,0,1,1,0,0,0,0,0,0,0,0,0,0,6,4
3 - Ξάνθης,Ετερ. Ξάνθης (από Εφετείο Θεσσαλονίκης),45,28,0,0,0,28,7,0,0,1,2,2,11,1,3,4,1,0,4,1,2,0,1,0,3,0,1,0,0,2,2,0,0,0,0,0,0,0,0,0,0,0,0,0,0,0,0,0,0,0,0,0,0,0,0,0,0,0,0,0,0,1,1,0,0,0,0,0,0,0,0,0,0,0,0,0,0,0,0,0,0,0,0,0,0,0,0,0,0,0,0,0,0,0,0,0,0,0,0,0,0,0,0
3 - Ξάνθης,Ετερ. Ξάνθης (από 138ο Ε.Τ. Νομ. Αττικης-Αθηνών),476,326,1,1,2,324,146,3,0,27,60,52,79,23,1,10,10,16,25,2,3,0,0,15,23,2,2,0,3,3,11,1,5,0,4,0,14,4,1,1,0,3,0,0,2,0,1,0,1,1,0,5,0,0,0,1,0,4,0,0,0,5,0,0,0,0,0,0,0,0,0,0,0,0,0,0,0,0,0,0,0,0,0,0,0,2,0,0,0,1,0,1,0,0,0,0,0,0,0,0,0,4,1
Σύνολο,,120564,63750,1597,409,2006,61744,22160,971,2650,4126,4458,8584,16388,3902,7686,449,1177,1330,11274,1133,1866,3922,2087,1718,1756,353,209,237,240,292,2485,264,449,889,266,74,1187,283,118,243,75,189,318,240,206,40,19,62,35,26,6,147,55,6,23,315,205,478,120,201,29,1724,1275,50,161,39,16,93,33,43,15,5,46,14,78,20,27,9,220,108,26,15,31,138,90,400,262,53,34,193,132,224,143,143,82,337,204,151,101,130,69,1020,605
